event_id,timestamp,machine_id,machine_type,operator_id,shift_type,event_type,speed_kmh,worker_distance_m,engine_temp_c,weather,seatbelt_status,risk_level,response_time_sec,resolved,fuel_rate_lph,acceleration_events
SYNTH010316,2025-06-25 17:07:09,EXC002,Excavator,OP1036,day,overspeed,17.52,9.1,93.5,Cloudy,Unfastened,HIGH,10.0,True,19.57,8
SYNTH010169,2025-06-24 04:17:54,DZR001,Dozer,OP1020,night,high_fuel,4.02,21.8,101.4,Windy,Fastened,LOW,1.2,True,33.67,4
EVT00097,2025-12-10 09:00:00,GRD003,Grader,OP1019,day,proximity_breach,7.09,2.1,85.8,Cloudy,Fastened,HIGH,5.0,False,9.75,4
SYNTH010062,2025-06-23 01:31:30,EXC005,Excavator,OP1027,night,erratic_accel,15.76,15.2,92.8,Windy,Fastened,HIGH,5.7,False,15.02,14
SYNTH010409,2025-06-26 16:26:17,GRD001,Grader,OP1005,day,proximity_breach,3.35,0.7,87.1,Sunny,Fastened,HIGH,14.8,True,9.52,1
SYNTH010170,2025-06-24 04:38:47,GRD002,Grader,OP1058,night,high_fuel,5.99,20.7,92.4,Rainy,Fastened,MEDIUM,6.4,True,24.25,5
EVT00382,2025-09-23 16:56:00,EXC005,Excavator,OP1044,day,normal,4.63,1.3,82.9,Windy,Unfastened,MEDIUM,3.4,True,9.34,1
SYNTH010432,2025-06-26 22:06:35,EXC004,Excavator,OP1028,night,proximity_breach,7.64,2.6,81.7,Rainy,Fastened,HIGH,3.2,False,11.9,2
EVT00157,2026-05-05 22:38:00,EXC005,Excavator,OP1025,night,normal,5.87,22.3,88.7,Cloudy,Unfastened,LOW,1.5,True,6.27,1
EVT00631,2025-05-14 10:48:00,BCK004,Backhoe,OP1021,day,overspeed,11.36,21.5,82.2,Sunny,Unfastened,LOW,7.3,True,18.77,5
EVT00527,2026-08-11 17:58:00,GRD002,Grader,OP1027,day,normal,4.93,3.6,81.1,Sunny,Unfastened,MEDIUM,9.9,True,7.67,0
SYNTH010354,2025-06-26 02:31:42,LDR001,Loader,OP1018,night,temp_spike,3.62,24.2,124.7,Sunny,Fastened,MEDIUM,12.5,True,13.58,0
EVT00310,2025-10-03 20:48:00,LDR002,Loader,OP1009,night,proximity_breach,9.32,1.3,93.3,Cloudy,Fastened,HIGH,1.9,True,8.64,1
SYNTH010258,2025-06-25 02:41:50,BCK003,Backhoe,OP1024,night,high_fuel,5.02,11.6,86.3,Windy,Fastened,MEDIUM,5.5,True,24.77,3
SYNTH010013,2025-06-22 13:17:24,EXC005,Excavator,OP1049,day,erratic_accel,11.82,11.3,99.0,Cloudy,Unfastened,HIGH,13.2,False,19.94,7
EVT00271,2026-06-18 12:00:00,LDR002,Loader,OP1050,day,temp_spike,3.46,9.6,109.3,Rainy,Fastened,MEDIUM,7.0,True,17.25,2
SYNTH010346,2025-06-26 00:32:44,EXC004,Excavator,OP1012,night,temp_spike,3.15,12.9,111.1,Rainy,Fastened,HIGH,9.2,False,11.21,0
EVT00478,2025-11-20 15:10:00,EXC002,Excavator,OP1029,day,proximity_breach,7.44,1.7,89.5,Sunny,Fastened,HIGH,7.1,True,7.27,2
EVT00209,2025-04-11 08:32:00,EXC002,Excavator,OP1053,day,normal,6.94,28.8,86.3,Windy,Unfastened,LOW,13.0,True,9.75,1
EVT00299,2026-06-18 16:36:00,LDR002,Loader,OP1050,day,normal,5.4,27.9,84.2,Rainy,Unfastened,LOW,10.2,True,6.8,2
SYNTH010133,2025-06-23 19:25:31,GRD003,Grader,OP1058,day,high_fuel,5.6,22.2,91.2,Windy,Fastened,LOW,2.8,False,28.63,3
EVT00632,2025-05-14 10:52:00,BCK004,Backhoe,OP1021,day,overspeed,11.89,13.5,91.8,Sunny,Unfastened,LOW,2.5,True,18.49,7
SYNTH010149,2025-06-23 23:20:58,EXC004,Excavator,OP1052,night,high_fuel,4.02,14.6,90.9,Windy,Unfastened,MEDIUM,5.1,False,26.9,4
EVT00159,2026-05-05 23:42:00,EXC005,Excavator,OP1025,night,normal,6.87,33.5,91.6,Cloudy,Unfastened,LOW,12.6,True,9.24,0
EVT00486,2025-11-20 16:08:00,EXC002,Excavator,OP1029,day,normal,6.44,16.1,89.0,Sunny,Unfastened,LOW,13.1,False,9.66,0
SYNTH010309,2025-06-25 15:17:41,DZR003,Dozer,OP1030,day,overspeed,16.39,21.6,101.2,Cloudy,Unfastened,MEDIUM,2.5,False,14.48,4
SYNTH010040,2025-06-22 20:10:48,GRD002,Grader,OP1016,night,erratic_accel,10.68,9.3,86.6,Cloudy,Fastened,HIGH,10.3,True,18.61,6
EVT00600,2025-01-28 02:24:00,EXC007,Excavator,OP1003,night,normal,5.4,6.4,87.1,Sunny,Unfastened,MEDIUM,2.9,False,6.72,0
EVT00334,2025-10-03 23:32:00,LDR002,Loader,OP1009,night,normal,5.4,18.7,91.6,Cloudy,Unfastened,LOW,6.2,True,5.44,2
SYNTH010337,2025-06-25 22:22:12,LDR001,Loader,OP1040,night,temp_spike,4.59,22.4,120.6,Cloudy,Unfastened,HIGH,4.7,True,10.77,1
EVT00433,2025-07-22 03:34:00,GRD003,Grader,OP1056,night,normal,5.63,15.5,86.1,Rainy,Unfastened,LOW,9.9,False,8.97,2
EVT00179,2026-05-06 02:10:00,EXC005,Excavator,OP1025,night,proximity_breach,5.78,1.9,88.2,Cloudy,Fastened,HIGH,1.0,True,10.36,4
SYNTH010082,2025-06-23 06:39:15,EXC004,Excavator,OP1002,day,erratic_accel,4.78,12.9,100.0,Sunny,Unfastened,MEDIUM,12.2,True,17.07,7
SYNTH010139,2025-06-23 20:45:44,DZR002,Dozer,OP1049,night,high_fuel,7.65,19.0,89.6,Sunny,Fastened,MEDIUM,8.4,True,27.51,2
EVT00057,2025-12-17 08:28:00,EXC006,Excavator,OP1045,day,temp_spike,5.71,27.8,106.0,Windy,Fastened,MEDIUM,7.7,True,13.42,1
EVT00389,2025-07-21 19:38:00,GRD003,Grader,OP1056,night,normal,4.35,9.5,94.4,Rainy,Unfastened,LOW,10.2,False,9.45,0
SYNTH010461,2025-06-27 05:20:41,DZR001,Dozer,OP1010,night,proximity_breach,3.9,1.7,93.9,Cloudy,Fastened,HIGH,2.2,True,6.4,1
SYNTH010102,2025-06-23 11:33:42,GRD001,Grader,OP1045,day,erratic_accel,12.62,21.2,95.9,Sunny,Unfastened,HIGH,1.6,False,15.31,9
SYNTH010201,2025-06-24 12:25:35,LDR003,Loader,OP1043,day,high_fuel,4.06,25.5,102.7,Cloudy,Fastened,MEDIUM,5.0,False,34.96,5
EVT00495,2026-08-11 06:44:00,GRD002,Grader,OP1027,day,normal,8.09,26.2,87.0,Sunny,Unfastened,LOW,4.7,True,9.19,0
EVT00087,2025-12-10 06:18:00,GRD003,Grader,OP1019,day,normal,5.24,0.5,66.1,Cloudy,Fastened,HIGH,3.1,False,7.51,1
EVT00045,2025-03-10 17:12:00,DZR004,Dozer,OP1035,day,normal,4.53,16.5,88.2,Sunny,Unfastened,LOW,5.8,True,9.63,1
SYNTH010105,2025-06-23 12:26:53,BCK004,Backhoe,OP1002,day,erratic_accel,4.14,12.2,86.5,Sunny,Unfastened,HIGH,13.7,False,14.94,14
EVT00089,2025-12-10 06:42:00,GRD003,Grader,OP1019,day,normal,6.25,13.7,89.7,Cloudy,Unfastened,LOW,4.4,False,8.17,1
EVT00356,2025-09-23 07:22:00,EXC005,Excavator,OP1044,day,normal,7.49,21.9,88.8,Windy,Unfastened,LOW,9.1,True,9.48,2
EVT00546,2026-09-07 11:20:00,LDR001,Loader,OP1034,day,normal,8.02,13.8,85.1,Windy,Unfastened,LOW,6.3,True,6.02,2
EVT00549,2026-09-07 12:28:00,LDR001,Loader,OP1034,day,normal,7.89,1.1,86.0,Windy,Fastened,HIGH,9.7,True,8.68,0
SYNTH010343,2025-06-25 23:46:36,LDR003,Loader,OP1046,night,temp_spike,2.93,15.6,114.6,Rainy,Unfastened,HIGH,4.9,True,15.61,3
SYNTH010401,2025-06-26 14:21:29,GRD001,Grader,OP1033,day,temp_spike,4.44,11.5,118.8,Foggy,Unfastened,MEDIUM,7.7,True,14.53,0
EVT00523,2026-08-11 15:26:00,GRD002,Grader,OP1027,day,normal,6.52,20.2,90.1,Sunny,Unfastened,LOW,7.9,True,5.95,0
EVT00290,2026-06-18 14:28:00,LDR002,Loader,OP1050,day,normal,4.98,18.3,84.7,Rainy,Unfastened,LOW,3.8,True,7.27,0
SYNTH010255,2025-06-25 01:52:56,BCK001,Backhoe,OP1040,night,high_fuel,3.64,18.0,85.8,Windy,Fastened,MEDIUM,8.8,True,22.02,5
EVT00535,2026-09-07 08:12:00,LDR001,Loader,OP1034,day,normal,6.89,1.8,88.4,Windy,Fastened,HIGH,8.1,True,9.33,0
EVT00479,2025-11-20 15:12:00,EXC002,Excavator,OP1029,day,proximity_breach,5.81,0.6,90.9,Sunny,Unfastened,HIGH,9.3,True,8.4,2
EVT00071,2025-12-17 11:30:00,EXC006,Excavator,OP1045,day,normal,4.86,22.5,89.0,Windy,Unfastened,LOW,8.2,False,5.61,0
EVT00052,2025-12-17 06:32:00,EXC006,Excavator,OP1045,day,normal,3.26,23.4,86.0,Windy,Unfastened,LOW,3.1,True,6.91,2
EVT00623,2025-05-14 08:22:00,BCK004,Backhoe,OP1021,day,normal,3.73,9.5,83.1,Sunny,Unfastened,LOW,15.5,True,6.56,2
SYNTH010189,2025-06-24 09:21:05,LDR002,Loader,OP1015,day,high_fuel,5.79,20.5,87.7,Cloudy,Unfastened,MEDIUM,10.2,False,24.08,3
EVT00332,2025-10-03 23:10:00,LDR002,Loader,OP1009,night,normal,6.15,0.5,93.0,Cloudy,Fastened,HIGH,6.7,True,7.6,0
EVT00248,2025-04-11 17:44:00,EXC002,Excavator,OP1053,day,normal,6.36,13.1,87.7,Windy,Unfastened,LOW,9.8,True,5.46,0
SYNTH010425,2025-06-26 20:26:50,DZR001,Dozer,OP1037,night,proximity_breach,7.55,1.1,85.8,Sunny,Fastened,HIGH,13.4,True,12.18,4
EVT00355,2025-09-23 07:12:00,EXC005,Excavator,OP1044,day,normal,2.97,14.6,82.9,Windy,Unfastened,LOW,7.5,False,7.0,0
SYNTH010123,2025-06-23 16:48:51,BCK002,Backhoe,OP1053,day,erratic_accel,14.11,14.3,84.8,Foggy,Unfastened,MEDIUM,6.0,True,14.11,6
SYNTH010294,2025-06-25 11:32:23,BCK002,Backhoe,OP1016,day,overspeed,20.12,19.0,100.9,Windy,Unfastened,HIGH,12.8,True,21.65,8
EVT00335,2025-10-03 23:50:00,LDR002,Loader,OP1009,night,normal,4.68,14.7,87.8,Cloudy,Unfastened,LOW,2.1,True,7.02,2
EVT00537,2026-09-07 08:50:00,LDR001,Loader,OP1034,day,normal,7.71,0.5,83.1,Windy,Fastened,HIGH,7.2,False,6.16,2
SYNTH010220,2025-06-24 17:01:42,LDR003,Loader,OP1056,day,high_fuel,5.21,14.7,91.9,Sunny,Unfastened,LOW,6.2,False,20.93,2
SYNTH010344,2025-06-26 00:02:27,GRD003,Grader,OP1057,night,temp_spike,3.18,13.3,112.0,Cloudy,Unfastened,HIGH,14.8,True,15.74,0
EVT00505,2026-08-11 09:44:00,GRD002,Grader,OP1027,day,normal,7.32,0.6,87.2,Sunny,Fastened,HIGH,6.2,True,7.4,2
SYNTH010264,2025-06-25 04:11:13,BCK004,Backhoe,OP1023,night,high_fuel,6.95,15.7,96.6,Sunny,Unfastened,LOW,1.9,True,27.59,3
SYNTH010248,2025-06-25 00:09:52,BCK004,Backhoe,OP1055,night,high_fuel,3.5,20.9,95.5,Windy,Fastened,MEDIUM,7.9,True,29.78,2
EVT00129,2025-12-10 13:18:00,GRD003,Grader,OP1019,day,proximity_breach,8.22,2.5,86.5,Cloudy,Fastened,HIGH,5.4,True,7.23,4
SYNTH010312,2025-06-25 16:06:02,GRD003,Grader,OP1034,day,overspeed,15.77,11.7,95.9,Cloudy,Fastened,MEDIUM,3.7,True,20.64,8
EVT00193,2026-05-06 05:06:00,EXC005,Excavator,OP1025,night,normal,4.51,0.8,89.6,Cloudy,Unfastened,MEDIUM,10.3,True,6.2,1
EVT00293,2026-06-18 14:48:00,LDR002,Loader,OP1050,day,normal,2.25,18.3,84.3,Rainy,Unfastened,LOW,4.7,True,9.58,1
EVT00032,2025-03-10 14:10:00,DZR004,Dozer,OP1035,day,normal,4.92,30.4,88.2,Sunny,Unfastened,LOW,4.3,True,5.44,2
SYNTH010221,2025-06-24 17:16:48,LDR003,Loader,OP1014,day,high_fuel,5.24,26.4,88.8,Rainy,Unfastened,LOW,10.1,True,22.66,5
EVT00232,2025-04-11 13:36:00,EXC002,Excavator,OP1053,day,normal,5.91,14.1,88.3,Windy,Unfastened,LOW,12.2,True,7.74,0
EVT00589,2025-01-27 22:38:00,EXC007,Excavator,OP1003,night,normal,4.85,13.0,82.1,Sunny,Unfastened,LOW,12.5,True,6.78,0
EVT00102,2025-12-10 09:10:00,GRD003,Grader,OP1019,day,proximity_breach,7.36,1.2,88.0,Cloudy,Fastened,HIGH,2.5,False,7.54,2
EVT00309,2025-10-03 20:46:00,LDR002,Loader,OP1009,night,proximity_breach,8.1,1.7,81.5,Cloudy,Fastened,HIGH,6.8,True,7.15,4
EVT00650,2025-05-14 15:36:00,BCK004,Backhoe,OP1021,day,normal,5.51,15.5,89.5,Sunny,Unfastened,LOW,2.7,True,7.09,2
SYNTH010092,2025-06-23 09:05:03,DZR001,Dozer,OP1014,day,erratic_accel,15.02,9.8,98.9,Cloudy,Fastened,MEDIUM,11.6,False,13.16,12
EVT00114,2025-12-10 11:42:00,GRD003,Grader,OP1019,day,normal,3.62,11.6,82.5,Cloudy,Unfastened,LOW,5.6,True,9.49,0
SYNTH010405,2025-06-26 15:26:32,DZR004,Dozer,OP1003,day,temp_spike,3.23,20.2,123.3,Cloudy,Fastened,HIGH,5.6,True,17.9,2
EVT00110,2025-12-10 09:34:00,GRD003,Grader,OP1019,day,normal,5.13,20.1,91.4,Cloudy,Unfastened,LOW,11.4,True,7.71,1
SYNTH010168,2025-06-24 04:00:05,DZR002,Dozer,OP1054,night,high_fuel,4.64,26.0,86.7,Sunny,Fastened,LOW,7.1,False,23.44,4
SYNTH010156,2025-06-24 01:10:20,EXC005,Excavator,OP1017,night,high_fuel,3.15,10.9,87.8,Windy,Fastened,MEDIUM,13.0,True,30.91,4
EVT00462,2025-11-20 13:50:00,EXC002,Excavator,OP1029,day,normal,5.93,0.5,85.9,Sunny,Fastened,HIGH,16.5,True,5.76,0
SYNTH010254,2025-06-25 01:36:18,GRD002,Grader,OP1016,night,high_fuel,7.97,20.9,91.2,Foggy,Fastened,MEDIUM,14.2,True,20.02,4
SYNTH010085,2025-06-23 07:18:45,GRD003,Grader,OP1030,day,erratic_accel,11.38,6.4,99.4,Windy,Unfastened,MEDIUM,6.8,False,19.01,7
EVT00526,2026-08-11 16:54:00,GRD002,Grader,OP1027,day,erratic_accel,5.18,14.1,87.1,Sunny,Unfastened,LOW,8.0,True,17.08,7
SYNTH010086,2025-06-23 07:41:45,LDR002,Loader,OP1059,day,erratic_accel,5.95,5.2,92.3,Sunny,Fastened,HIGH,12.5,True,16.41,8
EVT00630,2025-05-14 10:42:00,BCK004,Backhoe,OP1021,day,overspeed,14.22,19.7,86.6,Sunny,Unfastened,LOW,7.3,True,19.16,8
EVT00011,2025-03-10 09:00:00,DZR004,Dozer,OP1035,day,normal,6.43,10.1,82.0,Sunny,Unfastened,LOW,1.0,False,7.62,0
SYNTH010305,2025-06-25 14:18:41,DZR004,Dozer,OP1018,day,overspeed,12.73,17.6,99.2,Rainy,Unfastened,MEDIUM,1.5,False,15.86,4
EVT00297,2026-06-18 16:08:00,LDR002,Loader,OP1050,day,temp_spike,4.29,8.2,110.2,Rainy,Fastened,MEDIUM,13.0,True,13.11,3
SYNTH010099,2025-06-23 10:56:39,LDR002,Loader,OP1029,day,erratic_accel,9.68,15.6,90.3,Foggy,Fastened,HIGH,9.3,True,20.69,6
EVT00245,2025-04-11 17:10:00,EXC002,Excavator,OP1053,day,normal,4.29,16.7,87.1,Windy,Unfastened,LOW,1.0,True,6.6,1
EVT00363,2025-09-23 10:32:00,EXC005,Excavator,OP1044,day,normal,4.57,22.3,85.2,Windy,Unfastened,LOW,3.5,False,7.3,1
EVT00221,2025-04-11 11:00:00,EXC002,Excavator,OP1053,day,normal,7.24,26.8,93.4,Windy,Unfastened,LOW,12.9,False,5.35,2
EVT00175,2026-05-06 02:02:00,EXC005,Excavator,OP1025,night,proximity_breach,6.16,0.5,86.9,Cloudy,Fastened,HIGH,1.3,True,11.76,2
EVT00568,2025-01-27 19:28:00,EXC007,Excavator,OP1003,night,normal,5.53,23.2,90.4,Sunny,Unfastened,LOW,7.9,True,7.63,0
SYNTH010073,2025-06-23 04:23:24,BCK001,Backhoe,OP1030,night,erratic_accel,13.98,9.6,91.4,Foggy,Fastened,MEDIUM,1.8,False,15.03,10
SYNTH010263,2025-06-25 03:51:21,BCK001,Backhoe,OP1053,night,high_fuel,4.58,11.0,100.3,Sunny,Fastened,MEDIUM,9.8,False,30.14,3
EVT00573,2025-01-27 20:44:00,EXC007,Excavator,OP1003,night,normal,5.05,1.5,83.4,Sunny,Fastened,HIGH,9.6,True,5.34,0
EVT00210,2025-04-11 08:34:00,EXC002,Excavator,OP1053,day,normal,7.43,0.9,87.1,Windy,Unfastened,HIGH,10.5,True,6.3,1
SYNTH010058,2025-06-23 00:30:27,EXC002,Excavator,OP1060,night,erratic_accel,13.37,19.0,90.9,Cloudy,Unfastened,HIGH,4.2,False,17.06,8
SYNTH010234,2025-06-24 20:32:38,DZR003,Dozer,OP1008,night,high_fuel,3.25,18.4,92.6,Foggy,Unfastened,MEDIUM,2.3,True,20.65,2
EVT00381,2025-09-23 16:36:00,EXC005,Excavator,OP1044,day,normal,3.54,17.7,86.7,Windy,Unfastened,LOW,10.8,True,7.66,0
EVT00050,2025-12-17 06:02:00,EXC006,Excavator,OP1045,day,normal,3.63,23.4,25.8,Windy,Unfastened,LOW,12.2,True,8.65,1
EVT00108,2025-12-10 09:22:00,GRD003,Grader,OP1019,day,proximity_breach,9.11,1.0,89.1,Cloudy,Fastened,HIGH,6.2,False,10.73,1
EVT00060,2025-12-17 08:36:00,EXC006,Excavator,OP1045,day,temp_spike,8.48,20.3,110.6,Windy,Fastened,MEDIUM,7.2,True,13.8,0
EVT00550,2026-09-07 12:54:00,LDR001,Loader,OP1034,day,normal,3.0,7.1,81.9,Windy,Unfastened,MEDIUM,1.0,True,5.13,0
SYNTH010132,2025-06-23 19:04:32,EXC005,Excavator,OP1024,day,high_fuel,7.19,22.8,104.0,Cloudy,Unfastened,MEDIUM,6.7,True,28.93,5
SYNTH010126,2025-06-23 17:36:59,DZR003,Dozer,OP1008,day,erratic_accel,4.05,9.2,96.3,Foggy,Unfastened,MEDIUM,2.8,True,20.8,9
EVT00494,2026-08-11 06:38:00,GRD002,Grader,OP1027,day,normal,7.68,5.2,91.8,Sunny,Unfastened,MEDIUM,9.6,False,5.83,1
EVT00635,2025-05-14 11:40:00,BCK004,Backhoe,OP1021,day,temp_spike,6.12,12.0,108.2,Sunny,Fastened,MEDIUM,9.0,True,15.8,3
EVT00596,2025-01-28 01:36:00,EXC007,Excavator,OP1003,night,normal,5.6,31.3,91.9,Sunny,Unfastened,LOW,5.0,False,9.21,0
SYNTH010374,2025-06-26 07:41:11,BCK001,Backhoe,OP1054,day,temp_spike,5.2,13.8,129.9,Cloudy,Unfastened,MEDIUM,10.2,False,10.6,0
EVT00571,2025-01-27 20:26:00,EXC007,Excavator,OP1003,night,normal,4.03,21.2,85.5,Sunny,Unfastened,LOW,5.2,True,7.65,1
EVT00024,2025-03-10 11:46:00,DZR004,Dozer,OP1035,day,erratic_accel,6.27,18.3,89.9,Sunny,Unfastened,LOW,5.3,True,13.31,6
SYNTH010246,2025-06-24 23:30:59,BCK001,Backhoe,OP1004,night,high_fuel,4.35,11.5,104.9,Rainy,Unfastened,MEDIUM,14.7,False,29.89,2
SYNTH010226,2025-06-24 18:30:54,EXC005,Excavator,OP1037,day,high_fuel,3.59,27.7,89.3,Sunny,Fastened,MEDIUM,10.8,True,32.95,5
SYNTH010128,2025-06-23 18:08:33,EXC005,Excavator,OP1013,day,erratic_accel,6.19,9.7,82.9,Windy,Unfastened,HIGH,2.5,False,18.8,6
EVT00244,2025-04-11 16:52:00,EXC002,Excavator,OP1053,day,normal,5.07,27.9,86.1,Windy,Unfastened,LOW,16.1,True,9.53,0
EVT00584,2025-01-27 22:22:00,EXC007,Excavator,OP1003,night,proximity_breach,7.28,1.7,91.3,Sunny,Fastened,HIGH,11.7,True,6.33,4
EVT00543,2026-09-07 10:40:00,LDR001,Loader,OP1034,day,overspeed,16.13,21.0,85.8,Windy,Unfastened,LOW,5.9,False,18.83,8
SYNTH010078,2025-06-23 05:41:46,DZR001,Dozer,OP1018,night,erratic_accel,5.74,17.3,84.2,Sunny,Fastened,MEDIUM,14.6,True,16.15,14
SYNTH010154,2025-06-24 00:36:32,BCK003,Backhoe,OP1010,night,high_fuel,3.1,14.8,95.4,Sunny,Unfastened,MEDIUM,4.7,True,24.45,2
EVT00084,2025-12-17 17:12:00,EXC006,Excavator,OP1045,day,normal,8.74,17.7,84.7,Windy,Unfastened,LOW,4.4,True,8.56,0
EVT00437,2025-07-22 05:20:00,GRD003,Grader,OP1056,night,normal,4.21,20.9,89.6,Rainy,Unfastened,LOW,8.1,False,9.69,2
EVT00425,2025-07-22 01:52:00,GRD003,Grader,OP1056,night,erratic_accel,3.7,18.5,85.9,Rainy,Unfastened,LOW,3.9,True,13.47,7
SYNTH010457,2025-06-27 04:15:38,BCK001,Backhoe,OP1029,night,proximity_breach,4.98,2.7,88.1,Foggy,Unfastened,HIGH,9.1,True,8.49,4
EVT00291,2026-06-18 14:34:00,LDR002,Loader,OP1050,day,normal,3.47,18.0,85.6,Rainy,Unfastened,LOW,1.0,True,8.48,2
EVT00430,2025-07-22 02:42:00,GRD003,Grader,OP1056,night,normal,2.76,20.5,83.9,Rainy,Unfastened,LOW,4.3,False,8.41,0
EVT00536,2026-09-07 08:34:00,LDR001,Loader,OP1034,day,normal,5.29,44.9,87.0,Windy,Unfastened,LOW,3.5,True,7.76,2
SYNTH010232,2025-06-24 20:06:36,BCK004,Backhoe,OP1032,night,high_fuel,7.7,10.8,91.4,Foggy,Fastened,MEDIUM,4.6,True,25.32,2
EVT00077,2025-12-17 13:56:00,EXC006,Excavator,OP1045,day,normal,4.3,33.8,86.8,Windy,Unfastened,LOW,8.3,True,7.09,0
SYNTH010256,2025-06-25 02:05:31,DZR001,Dozer,OP1044,night,high_fuel,6.25,11.9,93.0,Cloudy,Fastened,MEDIUM,11.0,True,23.82,3
EVT00139,2025-12-10 16:30:00,GRD003,Grader,OP1019,day,normal,9.63,11.7,83.9,Cloudy,Unfastened,LOW,3.1,True,7.51,2
EVT00399,2025-07-21 22:08:00,GRD003,Grader,OP1056,night,temp_spike,3.21,20.5,108.7,Rainy,Fastened,MEDIUM,5.3,True,13.99,1
SYNTH010252,2025-06-25 01:03:06,EXC001,Excavator,OP1020,night,high_fuel,5.41,24.0,98.5,Windy,Unfastened,MEDIUM,5.1,True,34.48,2
EVT00448,2025-11-20 09:52:00,EXC002,Excavator,OP1029,day,normal,8.4,29.0,86.9,Sunny,Unfastened,LOW,3.2,True,8.57,2
SYNTH010240,2025-06-24 22:00:25,EXC004,Excavator,OP1018,night,high_fuel,3.25,10.7,96.5,Rainy,Fastened,MEDIUM,11.2,False,31.72,4
EVT00142,2025-12-10 17:24:00,GRD003,Grader,OP1019,day,normal,3.79,8.7,84.7,Cloudy,Unfastened,LOW,1.0,True,7.86,0
EVT00454,2025-11-20 11:32:00,EXC002,Excavator,OP1029,day,normal,6.97,5.8,89.5,Sunny,Unfastened,MEDIUM,11.7,False,9.53,2
EVT00287,2026-06-18 13:26:00,LDR002,Loader,OP1050,day,normal,2.6,9.3,87.8,Rainy,Unfastened,LOW,9.3,True,8.48,0
EVT00292,2026-06-18 14:42:00,LDR002,Loader,OP1050,day,normal,5.49,21.2,81.8,Rainy,Unfastened,LOW,11.6,True,9.51,0
EVT00140,2025-12-10 16:34:00,GRD003,Grader,OP1019,day,normal,6.52,2.1,89.3,Cloudy,Fastened,HIGH,7.7,True,7.46,0
SYNTH010148,2025-06-23 23:08:37,LDR001,Loader,OP1056,night,high_fuel,5.9,19.3,100.2,Cloudy,Unfastened,MEDIUM,14.3,False,26.29,5
EVT00561,2026-09-07 17:20:00,LDR001,Loader,OP1034,day,normal,9.15,20.9,85.0,Windy,Unfastened,LOW,3.5,False,9.34,2
SYNTH010334,2025-06-25 21:32:50,GRD001,Grader,OP1024,night,overspeed,16.75,18.3,100.0,Windy,Unfastened,MEDIUM,8.1,False,14.5,4
SYNTH010296,2025-06-25 12:01:45,EXC004,Excavator,OP1024,day,overspeed,12.98,19.5,91.6,Sunny,Unfastened,MEDIUM,4.4,True,14.51,5
EVT00328,2025-10-03 21:44:00,LDR002,Loader,OP1009,night,normal,5.16,3.4,91.3,Cloudy,Unfastened,MEDIUM,4.4,False,8.36,1
SYNTH010106,2025-06-23 12:40:08,DZR002,Dozer,OP1054,day,erratic_accel,14.22,11.9,81.7,Sunny,Unfastened,HIGH,12.0,True,20.19,8
SYNTH010398,2025-06-26 13:37:15,DZR004,Dozer,OP1039,day,temp_spike,6.55,10.6,118.8,Windy,Fastened,MEDIUM,4.3,True,15.89,3
SYNTH010443,2025-06-27 00:48:21,GRD003,Grader,OP1050,night,proximity_breach,5.99,2.1,90.4,Sunny,Fastened,MEDIUM,7.2,True,11.94,4
EVT00552,2026-09-07 13:24:00,LDR001,Loader,OP1034,day,normal,3.69,20.2,80.6,Windy,Unfastened,LOW,6.9,True,7.11,1
EVT00199,2025-04-11 06:32:00,EXC002,Excavator,OP1053,day,normal,3.16,12.0,87.6,Windy,Unfastened,LOW,6.4,False,6.78,0
EVT00440,2025-11-20 07:52:00,EXC002,Excavator,OP1029,day,normal,7.26,18.2,83.5,Sunny,Unfastened,LOW,6.3,False,5.7,0
SYNTH010207,2025-06-24 13:56:54,EXC003,Excavator,OP1017,day,high_fuel,7.31,15.6,95.8,Foggy,Fastened,LOW,14.2,True,27.84,2
SYNTH010231,2025-06-24 19:52:25,BCK004,Backhoe,OP1004,day,high_fuel,5.81,22.9,86.4,Windy,Unfastened,MEDIUM,11.8,True,30.4,4
SYNTH010117,2025-06-23 15:23:42,BCK002,Backhoe,OP1053,day,erratic_accel,15.77,11.9,98.2,Windy,Unfastened,MEDIUM,3.8,True,20.69,6
SYNTH010419,2025-06-26 18:48:25,LDR002,Loader,OP1055,day,proximity_breach,6.95,0.9,90.6,Foggy,Unfastened,MEDIUM,3.8,False,8.47,2
SYNTH010064,2025-06-23 02:11:01,DZR004,Dozer,OP1018,night,erratic_accel,11.63,8.8,101.5,Windy,Unfastened,HIGH,14.8,False,13.39,7
EVT00487,2025-11-20 16:12:00,EXC002,Excavator,OP1029,day,normal,4.61,27.5,86.4,Sunny,Unfastened,LOW,16.3,False,9.61,2
EVT00079,2025-12-17 14:56:00,EXC006,Excavator,OP1045,day,normal,6.45,2.0,96.4,Windy,Fastened,HIGH,5.7,True,6.69,2
SYNTH010251,2025-06-25 00:46:34,GRD002,Grader,OP1022,night,high_fuel,3.61,22.6,87.3,Rainy,Unfastened,LOW,14.0,True,26.98,2
EVT00606,2025-01-28 03:26:00,EXC007,Excavator,OP1003,night,normal,2.09,19.8,89.5,Sunny,Unfastened,LOW,5.2,False,6.36,1
SYNTH010324,2025-06-25 19:02:26,BCK002,Backhoe,OP1007,day,overspeed,16.85,5.5,92.6,Cloudy,Fastened,HIGH,11.0,False,17.42,8
EVT00428,2025-07-22 02:18:00,GRD003,Grader,OP1056,night,normal,5.16,4.5,83.6,Rainy,Unfastened,MEDIUM,5.0,True,6.61,1
EVT00200,2025-04-11 06:40:00,EXC002,Excavator,OP1053,day,normal,5.15,0.5,88.4,Windy,Fastened,HIGH,7.8,True,5.6,0
SYNTH010074,2025-06-23 04:35:46,GRD001,Grader,OP1021,night,erratic_accel,9.5,13.2,82.9,Windy,Unfastened,HIGH,8.0,True,19.57,11
EVT00040,2025-03-10 15:48:00,DZR004,Dozer,OP1035,day,normal,6.95,30.3,87.6,Sunny,Unfastened,LOW,6.0,True,9.93,0
EVT00031,2025-03-10 14:04:00,DZR004,Dozer,OP1035,day,normal,5.76,15.1,84.6,Sunny,Unfastened,LOW,7.7,True,8.64,2
SYNTH010188,2025-06-24 09:10:40,GRD002,Grader,OP1037,day,high_fuel,5.71,23.6,91.1,Foggy,Fastened,LOW,9.2,True,29.0,3
EVT00137,2025-12-10 15:46:00,GRD003,Grader,OP1019,day,normal,6.06,14.6,82.3,Cloudy,Unfastened,LOW,7.5,True,7.43,2
EVT00055,2025-12-17 07:20:00,EXC006,Excavator,OP1045,day,normal,5.3,7.4,83.6,Windy,Unfastened,MEDIUM,4.5,False,8.85,2
SYNTH010434,2025-06-26 22:40:07,LDR001,Loader,OP1044,night,proximity_breach,6.79,2.5,86.7,Sunny,Fastened,HIGH,7.2,True,6.72,4
SYNTH010266,2025-06-25 04:41:17,EXC001,Excavator,OP1022,night,high_fuel,3.68,13.6,88.6,Sunny,Unfastened,MEDIUM,6.6,True,21.9,2
SYNTH010436,2025-06-26 23:05:18,BCK004,Backhoe,OP1043,night,proximity_breach,7.42,0.7,87.6,Foggy,Fastened,HIGH,8.4,False,8.53,3
SYNTH010458,2025-06-27 04:37:52,GRD001,Grader,OP1055,night,proximity_breach,5.94,1.8,78.1,Windy,Fastened,HIGH,14.6,False,6.42,1
EVT00532,2026-09-07 07:14:00,LDR001,Loader,OP1034,day,normal,6.85,8.6,90.1,Windy,Unfastened,LOW,6.2,True,6.35,1
SYNTH010198,2025-06-24 11:38:17,GRD003,Grader,OP1025,day,high_fuel,6.24,15.0,88.1,Windy,Fastened,LOW,10.9,True,30.02,2
EVT00004,2025-03-10 08:06:00,DZR004,Dozer,OP1035,day,normal,5.38,17.1,91.9,Sunny,Unfastened,LOW,10.1,True,5.78,2
EVT00345,2025-10-04 02:22:00,LDR002,Loader,OP1009,night,normal,5.77,22.4,86.2,Cloudy,Unfastened,LOW,14.0,False,6.98,2
SYNTH010089,2025-06-23 08:23:52,DZR004,Dozer,OP1034,day,erratic_accel,7.9,16.7,81.5,Sunny,Fastened,MEDIUM,12.7,True,18.79,9
SYNTH010435,2025-06-26 22:50:25,DZR002,Dozer,OP1056,night,proximity_breach,8.21,2.9,90.2,Windy,Fastened,MEDIUM,5.1,True,10.92,2
SYNTH010057,2025-06-23 00:19:44,DZR001,Dozer,OP1038,night,erratic_accel,8.71,21.3,82.9,Sunny,Unfastened,HIGH,14.2,False,13.69,6
SYNTH010467,2025-06-27 06:51:39,GRD002,Grader,OP1016,day,proximity_breach,4.83,2.7,90.8,Cloudy,Fastened,HIGH,1.2,True,8.46,3
SYNTH010279,2025-06-25 07:56:36,EXC003,Excavator,OP1006,day,overspeed,19.29,10.4,92.9,Foggy,Fastened,MEDIUM,1.7,True,15.66,4
EVT00276,2026-06-18 12:14:00,LDR002,Loader,OP1050,day,temp_spike,4.98,16.3,116.8,Rainy,Fastened,MEDIUM,5.7,True,16.58,2
EVT00364,2025-09-23 10:56:00,EXC005,Excavator,OP1044,day,normal,4.77,11.4,87.5,Windy,Unfastened,LOW,4.9,False,9.47,0
EVT00059,2025-12-17 08:34:00,EXC006,Excavator,OP1045,day,temp_spike,0.98,16.6,108.7,Windy,Fastened,MEDIUM,5.4,True,10.25,2
SYNTH010208,2025-06-24 14:06:42,DZR003,Dozer,OP1038,day,high_fuel,7.19,16.5,102.2,Rainy,Unfastened,MEDIUM,7.4,False,21.89,2
EVT00347,2025-10-04 02:40:00,LDR002,Loader,OP1009,night,normal,8.26,14.3,86.5,Cloudy,Unfastened,LOW,4.7,False,9.75,1
EVT00064,2025-12-17 09:28:00,EXC006,Excavator,OP1045,day,normal,5.11,25.3,88.2,Windy,Unfastened,LOW,4.3,True,6.02,0
SYNTH010052,2025-06-22 23:01:49,LDR003,Loader,OP1051,night,erratic_accel,10.77,8.3,84.7,Cloudy,Fastened,HIGH,5.2,True,14.54,10
SYNTH010047,2025-06-22 21:52:18,EXC001,Excavator,OP1012,night,erratic_accel,13.38,17.0,80.8,Sunny,Unfastened,MEDIUM,5.8,True,16.12,14
EVT00502,2026-08-11 08:46:00,GRD002,Grader,OP1027,day,normal,5.78,0.5,92.1,Sunny,Fastened,HIGH,1.5,True,6.99,0
EVT00101,2025-12-10 09:08:00,GRD003,Grader,OP1019,day,proximity_breach,8.8,2.6,85.8,Cloudy,Fastened,HIGH,5.8,True,10.14,3
EVT00169,2026-05-06 01:50:00,EXC005,Excavator,OP1025,night,proximity_breach,7.67,1.4,88.0,Cloudy,Fastened,HIGH,6.3,True,6.66,3
EVT00555,2026-09-07 15:36:00,LDR001,Loader,OP1034,day,normal,8.62,34.5,85.5,Windy,Unfastened,LOW,10.5,True,9.13,2
EVT00446,2025-11-20 09:42:00,EXC002,Excavator,OP1029,day,normal,3.65,26.6,86.6,Sunny,Unfastened,LOW,3.1,False,7.94,1
EVT00266,2026-06-18 11:40:00,LDR002,Loader,OP1050,day,normal,3.35,13.2,83.0,Rainy,Unfastened,LOW,8.8,True,9.74,0
EVT00540,2026-09-07 09:32:00,LDR001,Loader,OP1034,day,normal,5.47,20.2,86.2,Windy,Unfastened,LOW,12.1,False,5.89,0
SYNTH010328,2025-06-25 20:01:00,GRD003,Grader,OP1007,night,overspeed,20.48,8.1,93.6,Rainy,Fastened,MEDIUM,12.0,True,15.12,8
EVT00211,2025-04-11 08:36:00,EXC002,Excavator,OP1053,day,normal,5.25,1.6,84.8,Windy,Fastened,HIGH,5.9,True,8.13,1
EVT00594,2025-01-28 01:16:00,EXC007,Excavator,OP1003,night,normal,6.77,42.3,84.3,Sunny,Unfastened,LOW,6.8,True,6.35,2
EVT00219,2025-04-11 10:50:00,EXC002,Excavator,OP1053,day,normal,5.6,10.9,84.8,Windy,Unfastened,LOW,7.1,True,9.1,1
SYNTH010083,2025-06-23 06:50:17,BCK003,Backhoe,OP1011,day,erratic_accel,6.45,13.9,86.3,Windy,Unfastened,MEDIUM,4.9,True,18.78,13
SYNTH010069,2025-06-23 03:25:38,LDR002,Loader,OP1035,night,erratic_accel,5.65,16.3,80.0,Foggy,Unfastened,HIGH,3.3,True,16.49,6
SYNTH010269,2025-06-25 05:15:57,LDR002,Loader,OP1011,night,overspeed,19.91,20.6,92.2,Rainy,Fastened,MEDIUM,10.5,True,21.9,4
EVT00067,2025-12-17 10:26:00,EXC006,Excavator,OP1045,day,normal,3.96,18.5,88.2,Windy,Unfastened,LOW,1.5,False,8.12,1
EVT00320,2025-10-03 21:12:00,LDR002,Loader,OP1009,night,proximity_breach,4.17,0.3,86.5,Cloudy,Unfastened,MEDIUM,4.5,True,13.0,2
EVT00068,2025-12-17 10:32:00,EXC006,Excavator,OP1045,day,normal,6.58,25.0,83.5,Windy,Unfastened,LOW,5.8,True,8.17,1
SYNTH010014,2025-06-22 13:37:30,LDR003,Loader,OP1044,day,erratic_accel,4.39,20.7,93.6,Sunny,Unfastened,MEDIUM,9.5,True,18.03,14
EVT00426,2025-07-22 02:10:00,GRD003,Grader,OP1056,night,normal,5.07,28.5,84.6,Rainy,Unfastened,LOW,8.4,True,7.27,0
EVT00013,2025-03-10 09:16:00,DZR004,Dozer,OP1035,day,normal,4.2,26.3,87.4,Sunny,Unfastened,LOW,10.2,True,7.0,2
EVT00372,2025-09-23 13:04:00,EXC005,Excavator,OP1044,day,normal,2.92,11.8,91.4,Windy,Unfastened,LOW,10.9,True,5.42,2
EVT00562,2026-09-07 17:44:00,LDR001,Loader,OP1034,day,normal,5.68,22.3,88.6,Windy,Unfastened,LOW,12.5,True,9.47,0
SYNTH010349,2025-06-26 01:25:29,GRD003,Grader,OP1058,night,temp_spike,6.13,17.5,101.6,Windy,Fastened,MEDIUM,5.1,True,16.86,1
EVT00410,2025-07-21 22:32:00,GRD003,Grader,OP1056,night,temp_spike,4.08,26.9,113.6,Rainy,Fastened,MEDIUM,2.2,False,13.18,3
SYNTH010113,2025-06-23 14:23:07,GRD002,Grader,OP1021,day,erratic_accel,15.6,14.5,87.6,Windy,Unfastened,MEDIUM,3.1,False,14.87,6
SYNTH010449,2025-06-27 02:18:12,DZR003,Dozer,OP1020,night,proximity_breach,7.92,2.6,84.1,Cloudy,Fastened,HIGH,11.2,True,9.14,2
SYNTH010213,2025-06-24 15:26:20,BCK001,Backhoe,OP1008,day,high_fuel,4.04,14.3,103.2,Foggy,Fastened,LOW,10.8,True,31.41,4
EVT00185,2026-05-06 02:24:00,EXC005,Excavator,OP1025,night,proximity_breach,7.62,1.4,89.8,Cloudy,Fastened,HIGH,4.5,True,8.26,1
SYNTH010387,2025-06-26 10:52:21,EXC001,Excavator,OP1032,day,temp_spike,6.84,15.7,128.4,Windy,Fastened,HIGH,2.0,False,12.69,2
SYNTH010463,2025-06-27 05:53:18,LDR002,Loader,OP1042,night,proximity_breach,8.2,1.5,91.9,Sunny,Fastened,MEDIUM,10.0,True,12.35,3
EVT00629,2025-05-14 10:30:00,BCK004,Backhoe,OP1021,day,overspeed,13.73,10.0,87.5,Sunny,Unfastened,LOW,14.2,True,16.55,4
EVT00395,2025-07-21 21:44:00,GRD003,Grader,OP1056,night,normal,4.23,23.8,90.3,Rainy,Unfastened,LOW,13.5,True,7.82,1
SYNTH010187,2025-06-24 08:46:41,EXC004,Excavator,OP1037,day,high_fuel,4.04,22.8,92.7,Windy,Unfastened,MEDIUM,11.5,False,31.38,4
SYNTH010157,2025-06-24 01:21:35,GRD003,Grader,OP1017,night,high_fuel,4.9,12.9,100.7,Windy,Fastened,MEDIUM,1.4,False,20.17,3
EVT00337,2025-10-04 00:16:00,LDR002,Loader,OP1009,night,normal,6.25,9.8,85.9,Cloudy,Unfastened,LOW,8.3,True,8.92,1
SYNTH010385,2025-06-26 10:26:42,EXC003,Excavator,OP1036,day,temp_spike,6.56,10.5,119.4,Sunny,Fastened,MEDIUM,11.6,True,13.58,2
EVT00278,2026-06-18 12:18:00,LDR002,Loader,OP1050,day,temp_spike,2.51,7.4,110.7,Rainy,Fastened,MEDIUM,3.5,True,11.9,0
SYNTH010067,2025-06-23 02:47:26,EXC002,Excavator,OP1010,night,erratic_accel,12.91,18.9,93.5,Rainy,Unfastened,HIGH,8.8,True,19.85,11
SYNTH010144,2025-06-23 22:04:17,EXC004,Excavator,OP1028,night,high_fuel,4.14,21.4,89.4,Windy,Unfastened,MEDIUM,8.2,False,23.81,4
SYNTH010098,2025-06-23 10:33:15,LDR002,Loader,OP1027,day,erratic_accel,12.92,13.6,94.0,Sunny,Fastened,MEDIUM,1.6,True,21.17,8
SYNTH010012,2025-06-22 13:01:48,DZR002,Dozer,OP1028,day,erratic_accel,12.78,20.5,98.9,Windy,Unfastened,MEDIUM,4.8,False,16.68,11
EVT00274,2026-06-18 12:08:00,LDR002,Loader,OP1050,day,temp_spike,1.7,13.1,106.3,Rainy,Unfastened,MEDIUM,6.4,True,14.57,3
EVT00450,2025-11-20 10:40:00,EXC002,Excavator,OP1029,day,normal,5.69,7.9,90.1,Sunny,Unfastened,MEDIUM,15.9,True,8.74,2
EVT00238,2025-04-11 15:20:00,EXC002,Excavator,OP1053,day,normal,4.64,28.2,91.0,Windy,Unfastened,LOW,14.3,True,8.75,0
EVT00333,2025-10-03 23:28:00,LDR002,Loader,OP1009,night,normal,6.05,11.4,91.3,Cloudy,Unfastened,LOW,6.0,False,7.76,0
EVT00452,2025-11-20 10:56:00,EXC002,Excavator,OP1029,day,normal,5.1,9.5,83.8,Sunny,Unfastened,LOW,12.2,True,9.5,2
EVT00003,2025-03-10 07:56:00,DZR004,Dozer,OP1035,day,normal,4.11,17.8,88.9,Sunny,Unfastened,LOW,6.4,True,7.98,1
EVT00007,2025-03-10 08:30:00,DZR004,Dozer,OP1035,day,normal,3.58,26.7,89.6,Sunny,Unfastened,LOW,8.0,True,5.1,1
EVT00603,2025-01-28 02:56:00,EXC007,Excavator,OP1003,night,normal,5.6,2.3,84.9,Sunny,Fastened,HIGH,13.0,True,7.3,2
EVT00261,2026-06-18 08:32:00,LDR002,Loader,OP1050,day,normal,5.45,2.1,86.7,Rainy,Fastened,HIGH,9.6,False,6.98,2
SYNTH010233,2025-06-24 20:15:50,EXC005,Excavator,OP1047,night,high_fuel,4.44,20.0,85.6,Windy,Unfastened,MEDIUM,8.8,True,27.54,4
EVT00353,2025-09-23 06:14:00,EXC005,Excavator,OP1044,day,normal,5.73,16.2,64.0,Windy,Unfastened,LOW,9.4,False,5.38,0
EVT00434,2025-07-22 04:06:00,GRD003,Grader,OP1056,night,normal,4.43,17.3,86.4,Rainy,Unfastened,LOW,3.5,False,9.65,1
EVT00616,2025-05-14 06:24:00,BCK004,Backhoe,OP1021,day,normal,6.67,3.9,84.9,Sunny,Unfastened,MEDIUM,8.2,False,9.9,1
SYNTH010260,2025-06-25 03:09:21,BCK001,Backhoe,OP1013,night,high_fuel,3.13,15.1,93.9,Foggy,Fastened,MEDIUM,4.2,True,27.85,4
EVT00216,2025-04-11 09:50:00,EXC002,Excavator,OP1053,day,normal,3.63,21.0,86.9,Windy,Unfastened,LOW,4.9,False,7.87,0
EVT00524,2026-08-11 15:32:00,GRD002,Grader,OP1027,day,normal,6.85,16.2,85.7,Sunny,Unfastened,LOW,8.8,True,6.89,2
EVT00436,2025-07-22 04:22:00,GRD003,Grader,OP1056,night,normal,3.53,4.5,88.4,Rainy,Unfastened,MEDIUM,1.9,True,5.62,2
EVT00463,2025-11-20 13:52:00,EXC002,Excavator,OP1029,day,normal,4.66,24.3,83.2,Sunny,Unfastened,LOW,6.2,True,8.53,2
EVT00275,2026-06-18 12:12:00,LDR002,Loader,OP1050,day,temp_spike,1.43,23.6,110.7,Rainy,Fastened,MEDIUM,7.1,True,10.95,0
SYNTH010300,2025-06-25 13:07:20,LDR003,Loader,OP1054,day,overspeed,20.86,5.8,104.2,Rainy,Fastened,MEDIUM,4.8,True,21.54,3
SYNTH010024,2025-06-22 16:02:09,LDR002,Loader,OP1044,day,erratic_accel,8.47,13.7,89.1,Foggy,Unfastened,HIGH,13.2,True,17.63,14
EVT00391,2025-07-21 20:20:00,GRD003,Grader,OP1056,night,normal,4.35,30.3,81.8,Rainy,Unfastened,LOW,4.5,False,8.24,1
EVT00637,2025-05-14 11:44:00,BCK004,Backhoe,OP1021,day,temp_spike,5.02,8.3,109.5,Sunny,Fastened,MEDIUM,11.0,True,14.32,0
SYNTH010389,2025-06-26 11:16:29,EXC002,Excavator,OP1018,day,temp_spike,4.69,19.5,120.5,Foggy,Fastened,HIGH,7.4,False,14.56,0
SYNTH010271,2025-06-25 05:46:02,DZR002,Dozer,OP1055,night,overspeed,14.27,14.6,92.0,Rainy,Fastened,MEDIUM,6.3,True,18.8,5
EVT00343,2025-10-04 01:52:00,LDR002,Loader,OP1009,night,normal,5.92,9.2,88.0,Cloudy,Unfastened,LOW,9.4,True,8.63,0
EVT00257,2026-06-18 07:40:00,LDR002,Loader,OP1050,day,normal,3.96,19.2,85.5,Rainy,Unfastened,LOW,6.7,True,9.84,0
EVT00026,2025-03-10 12:58:00,DZR004,Dozer,OP1035,day,normal,9.63,0.5,94.0,Sunny,Fastened,HIGH,7.9,True,7.13,1
EVT00295,2026-06-18 15:42:00,LDR002,Loader,OP1050,day,normal,3.45,15.3,91.5,Rainy,Unfastened,LOW,9.7,True,7.28,0
EVT00048,2025-03-10 17:24:00,DZR004,Dozer,OP1035,day,normal,6.69,17.5,85.8,Sunny,Unfastened,LOW,6.3,True,5.48,2
EVT00107,2025-12-10 09:20:00,GRD003,Grader,OP1019,day,proximity_breach,5.6,0.9,91.9,Cloudy,Fastened,HIGH,4.0,True,12.56,1
EVT00056,2025-12-17 08:20:00,EXC006,Excavator,OP1045,day,normal,4.31,16.7,85.8,Windy,Unfastened,LOW,7.7,True,5.2,2
EVT00553,2026-09-07 14:24:00,LDR001,Loader,OP1034,day,normal,6.45,1.3,86.7,Windy,Fastened,HIGH,9.7,False,9.55,0
EVT00214,2025-04-11 09:26:00,EXC002,Excavator,OP1053,day,normal,4.47,16.5,89.9,Windy,Unfastened,LOW,1.0,True,9.72,2
EVT00121,2025-12-10 13:00:00,GRD003,Grader,OP1019,day,proximity_breach,9.1,1.8,89.9,Cloudy,Fastened,HIGH,3.1,True,12.55,4
EVT00466,2025-11-20 14:44:00,EXC002,Excavator,OP1029,day,proximity_breach,9.55,0.3,89.0,Sunny,Fastened,HIGH,10.5,True,11.34,3
EVT00307,2025-10-03 19:32:00,LDR002,Loader,OP1009,night,normal,6.42,13.6,88.7,Cloudy,Unfastened,LOW,7.0,True,5.41,1
EVT00073,2025-12-17 12:14:00,EXC006,Excavator,OP1045,day,normal,6.22,6.6,86.6,Windy,Unfastened,MEDIUM,10.2,True,6.36,2
SYNTH010423,2025-06-26 19:46:18,LDR002,Loader,OP1029,day,proximity_breach,3.83,2.3,79.6,Rainy,Fastened,MEDIUM,14.2,True,9.78,1
SYNTH010358,2025-06-26 03:37:20,DZR003,Dozer,OP1017,night,temp_spike,6.26,21.9,100.4,Sunny,Unfastened,HIGH,5.7,True,16.37,0
SYNTH010366,2025-06-26 05:34:18,GRD002,Grader,OP1056,night,temp_spike,4.53,21.2,125.7,Foggy,Fastened,MEDIUM,3.6,True,15.09,1
EVT00421,2025-07-22 00:24:00,GRD003,Grader,OP1056,night,normal,5.21,18.3,82.3,Rainy,Unfastened,LOW,12.1,True,8.54,1
EVT00651,2025-05-14 15:52:00,BCK004,Backhoe,OP1021,day,normal,6.94,4.9,84.6,Sunny,Unfastened,MEDIUM,6.8,True,7.61,0
EVT00465,2025-11-20 14:26:00,EXC002,Excavator,OP1029,day,normal,6.71,1.9,88.6,Sunny,Fastened,HIGH,3.8,False,6.02,1
EVT00322,2025-10-03 21:16:00,LDR002,Loader,OP1009,night,proximity_breach,7.74,2.5,90.9,Cloudy,Fastened,HIGH,9.5,True,11.38,1
EVT00368,2025-09-23 11:54:00,EXC005,Excavator,OP1044,day,high_fuel,8.33,23.8,82.8,Windy,Unfastened,LOW,2.7,True,30.32,5
SYNTH010147,2025-06-23 22:56:01,EXC002,Excavator,OP1052,night,high_fuel,3.14,25.1,100.0,Foggy,Unfastened,MEDIUM,3.5,False,24.24,2
EVT00539,2026-09-07 09:18:00,LDR001,Loader,OP1034,day,normal,6.39,6.6,83.8,Windy,Unfastened,MEDIUM,7.1,False,6.7,0
SYNTH010219,2025-06-24 16:51:04,GRD003,Grader,OP1022,day,high_fuel,4.39,15.1,104.3,Windy,Unfastened,MEDIUM,10.9,True,34.85,3
EVT00405,2025-07-21 22:22:00,GRD003,Grader,OP1056,night,temp_spike,5.21,6.6,111.3,Rainy,Fastened,MEDIUM,5.1,True,16.45,3
EVT00595,2025-01-28 01:18:00,EXC007,Excavator,OP1003,night,normal,4.21,25.2,82.7,Sunny,Unfastened,LOW,10.6,True,6.31,2
EVT00324,2025-10-03 21:20:00,LDR002,Loader,OP1009,night,proximity_breach,6.93,2.3,89.3,Cloudy,Fastened,HIGH,10.0,True,7.73,2
SYNTH010049,2025-06-22 22:22:32,EXC002,Excavator,OP1030,night,erratic_accel,14.54,19.8,97.7,Windy,Unfastened,MEDIUM,1.3,True,15.01,9
EVT00061,2025-12-17 08:38:00,EXC006,Excavator,OP1045,day,temp_spike,2.22,35.5,106.5,Windy,Fastened,MEDIUM,8.5,False,14.07,1
EVT00483,2025-11-20 15:34:00,EXC002,Excavator,OP1029,day,high_fuel,7.05,0.5,85.6,Sunny,Fastened,HIGH,10.1,False,22.09,3
EVT00093,2025-12-10 08:52:00,GRD003,Grader,OP1019,day,proximity_breach,6.91,2.0,87.0,Cloudy,Unfastened,HIGH,7.0,True,11.33,3
SYNTH010355,2025-06-26 02:45:46,GRD002,Grader,OP1020,night,temp_spike,3.58,9.5,109.1,Cloudy,Fastened,MEDIUM,13.7,True,16.49,2
EVT00300,2026-06-18 16:54:00,LDR002,Loader,OP1050,day,normal,3.69,24.5,88.9,Rainy,Unfastened,LOW,4.3,True,8.49,0
SYNTH010155,2025-06-24 00:51:43,BCK001,Backhoe,OP1049,night,high_fuel,5.57,19.2,92.4,Sunny,Unfastened,MEDIUM,10.8,True,26.93,2
EVT00281,2026-06-18 12:28:00,LDR002,Loader,OP1050,day,temp_spike,5.89,23.1,112.3,Rainy,Fastened,MEDIUM,6.5,True,11.79,1
EVT00319,2025-10-03 21:10:00,LDR002,Loader,OP1009,night,proximity_breach,6.62,2.3,88.2,Cloudy,Fastened,HIGH,8.9,True,10.84,1
EVT00542,2026-09-07 10:06:00,LDR001,Loader,OP1034,day,normal,6.77,2.6,85.6,Windy,Fastened,HIGH,8.1,True,9.03,1
EVT00360,2025-09-23 09:32:00,EXC005,Excavator,OP1044,day,normal,7.96,19.1,85.1,Windy,Unfastened,LOW,8.3,True,6.73,1
EVT00183,2026-05-06 02:18:00,EXC005,Excavator,OP1025,night,proximity_breach,6.73,1.5,84.2,Cloudy,Fastened,HIGH,8.8,False,11.08,1
EVT00559,2026-09-07 16:34:00,LDR001,Loader,OP1034,day,normal,5.01,5.0,90.9,Windy,Unfastened,MEDIUM,1.8,False,6.47,1
EVT00329,2025-10-03 22:18:00,LDR002,Loader,OP1009,night,normal,7.04,22.1,89.2,Cloudy,Unfastened,LOW,11.5,True,6.79,2
EVT00111,2025-12-10 09:36:00,GRD003,Grader,OP1019,day,normal,4.7,15.8,90.3,Cloudy,Unfastened,LOW,4.2,True,6.29,1
EVT00424,2025-07-22 01:34:00,GRD003,Grader,OP1056,night,erratic_accel,5.24,2.6,81.4,Rainy,Fastened,HIGH,8.6,True,15.89,8
EVT00617,2025-05-14 06:30:00,BCK004,Backhoe,OP1021,day,normal,6.05,2.6,88.3,Sunny,Fastened,HIGH,11.1,True,7.45,2
EVT00590,2025-01-27 23:16:00,EXC007,Excavator,OP1003,night,normal,6.07,17.2,86.9,Sunny,Unfastened,LOW,2.4,True,8.61,2
EVT00508,2026-08-11 10:52:00,GRD002,Grader,OP1027,day,normal,9.5,24.2,85.0,Sunny,Unfastened,LOW,7.0,True,5.7,0
EVT00406,2025-07-21 22:24:00,GRD003,Grader,OP1056,night,temp_spike,4.4,19.8,104.0,Rainy,Unfastened,MEDIUM,7.7,True,17.17,2
EVT00597,2025-01-28 01:56:00,EXC007,Excavator,OP1003,night,normal,4.21,21.1,85.9,Sunny,Unfastened,LOW,9.0,False,7.48,0
EVT00262,2026-06-18 08:58:00,LDR002,Loader,OP1050,day,normal,4.25,19.6,87.0,Rainy,Unfastened,LOW,6.7,True,8.53,0
EVT00362,2025-09-23 10:30:00,EXC005,Excavator,OP1044,day,normal,3.83,14.1,84.6,Windy,Unfastened,LOW,8.0,True,7.74,0
SYNTH010426,2025-06-26 20:33:49,GRD002,Grader,OP1023,night,proximity_breach,6.55,1.6,79.9,Windy,Fastened,HIGH,5.2,True,7.02,1
EVT00582,2025-01-27 22:18:00,EXC007,Excavator,OP1003,night,proximity_breach,8.98,0.5,86.8,Sunny,Fastened,HIGH,8.2,True,8.93,4
SYNTH010249,2025-06-25 00:22:13,EXC002,Excavator,OP1004,night,high_fuel,3.51,12.3,104.6,Cloudy,Fastened,MEDIUM,10.5,True,29.05,5
EVT00138,2025-12-10 16:06:00,GRD003,Grader,OP1019,day,normal,6.4,1.4,89.4,Cloudy,Fastened,HIGH,7.1,True,7.17,0
EVT00615,2025-01-28 05:58:00,EXC007,Excavator,OP1003,night,normal,6.18,0.5,90.8,Sunny,Fastened,HIGH,3.4,True,8.46,1
SYNTH010180,2025-06-24 07:08:08,DZR003,Dozer,OP1040,day,high_fuel,6.51,13.1,95.0,Cloudy,Fastened,MEDIUM,9.8,True,21.73,2
SYNTH010273,2025-06-25 06:20:20,EXC001,Excavator,OP1021,day,overspeed,16.14,21.3,95.8,Windy,Fastened,MEDIUM,7.7,True,20.56,7
EVT00567,2025-01-27 19:24:00,EXC007,Excavator,OP1003,night,normal,7.84,24.0,85.3,Sunny,Unfastened,LOW,4.2,True,9.17,1
SYNTH010034,2025-06-22 18:34:45,LDR002,Loader,OP1021,day,erratic_accel,8.57,14.3,93.1,Sunny,Fastened,HIGH,2.0,True,19.01,7
SYNTH010007,2025-06-22 11:56:32,GRD003,Grader,OP1057,day,erratic_accel,4.35,19.0,82.8,Cloudy,Unfastened,HIGH,3.3,False,20.49,12
EVT00030,2025-03-10 13:30:00,DZR004,Dozer,OP1035,day,normal,2.09,9.7,92.1,Sunny,Unfastened,LOW,7.3,True,6.98,1
EVT00166,2026-05-06 00:54:00,EXC005,Excavator,OP1025,night,normal,6.42,14.5,85.0,Cloudy,Unfastened,LOW,5.5,False,5.97,1
EVT00249,2025-04-11 17:50:00,EXC002,Excavator,OP1053,day,normal,6.4,25.0,87.1,Windy,Unfastened,LOW,8.7,False,7.77,0
EVT00308,2025-10-03 19:34:00,LDR002,Loader,OP1009,night,normal,5.39,12.3,87.5,Cloudy,Unfastened,LOW,5.0,True,9.33,0
EVT00412,2025-07-21 22:36:00,GRD003,Grader,OP1056,night,temp_spike,3.53,7.1,111.4,Rainy,Fastened,MEDIUM,15.0,True,16.54,0
EVT00498,2026-08-11 07:46:00,GRD002,Grader,OP1027,day,normal,5.46,16.8,84.2,Sunny,Unfastened,LOW,8.8,True,7.0,0
EVT00352,2025-09-23 06:10:00,EXC005,Excavator,OP1044,day,normal,7.17,12.4,55.7,Windy,Unfastened,LOW,8.4,True,8.17,2
SYNTH010351,2025-06-26 01:47:08,EXC001,Excavator,OP1005,night,temp_spike,4.25,12.3,110.6,Cloudy,Fastened,HIGH,2.7,False,15.09,1
SYNTH010136,2025-06-23 20:02:44,BCK001,Backhoe,OP1034,night,high_fuel,6.02,18.5,86.2,Windy,Unfastened,MEDIUM,14.4,False,31.78,5
SYNTH010392,2025-06-26 12:03:15,EXC001,Excavator,OP1029,day,temp_spike,5.17,20.3,107.7,Rainy,Fastened,MEDIUM,7.4,True,17.19,2
EVT00431,2025-07-22 02:50:00,GRD003,Grader,OP1056,night,normal,3.14,30.3,87.7,Rainy,Unfastened,LOW,2.6,True,5.58,2
SYNTH010042,2025-06-22 20:33:17,DZR002,Dozer,OP1007,night,erratic_accel,12.34,11.9,89.4,Sunny,Fastened,HIGH,5.8,False,18.43,11
EVT00599,2025-01-28 02:22:00,EXC007,Excavator,OP1003,night,normal,3.17,14.7,87.0,Sunny,Unfastened,LOW,3.8,True,8.85,0
EVT00066,2025-12-17 09:50:00,EXC006,Excavator,OP1045,day,normal,6.41,26.1,83.2,Windy,Unfastened,LOW,11.0,True,8.47,1
SYNTH010293,2025-06-25 11:23:45,EXC001,Excavator,OP1039,day,overspeed,18.32,17.3,92.3,Cloudy,Fastened,HIGH,5.4,True,17.19,6
SYNTH010364,2025-06-26 05:05:31,EXC005,Excavator,OP1003,night,temp_spike,6.69,19.5,103.6,Foggy,Fastened,HIGH,4.6,False,10.72,3
EVT00528,2026-09-07 06:34:00,LDR001,Loader,OP1034,day,normal,2.23,19.6,87.6,Windy,Unfastened,LOW,2.1,True,7.0,1
EVT00255,2026-06-18 07:00:00,LDR002,Loader,OP1050,day,normal,5.3,21.2,86.2,Rainy,Unfastened,LOW,6.7,False,8.69,0
SYNTH010174,2025-06-24 05:33:07,EXC001,Excavator,OP1038,night,high_fuel,3.56,19.3,100.7,Windy,Fastened,MEDIUM,13.3,False,30.28,4
EVT00313,2025-10-03 20:54:00,LDR002,Loader,OP1009,night,proximity_breach,7.1,1.1,90.9,Cloudy,Fastened,HIGH,9.8,True,11.25,1
SYNTH010348,2025-06-26 01:05:19,GRD003,Grader,OP1016,night,temp_spike,4.38,14.6,129.0,Sunny,Fastened,MEDIUM,13.1,True,10.55,2
EVT00222,2025-04-11 11:02:00,EXC002,Excavator,OP1053,day,normal,6.75,1.7,87.6,Windy,Fastened,HIGH,7.2,True,6.89,0
EVT00236,2025-04-11 14:28:00,EXC002,Excavator,OP1053,day,normal,5.41,15.6,86.1,Windy,Unfastened,LOW,2.5,False,9.65,0
EVT00458,2025-11-20 12:54:00,EXC002,Excavator,OP1029,day,normal,2.29,30.5,89.0,Sunny,Unfastened,LOW,4.9,True,5.7,2
EVT00621,2025-05-14 07:50:00,BCK004,Backhoe,OP1021,day,normal,7.17,22.6,83.6,Sunny,Unfastened,LOW,12.8,True,10.0,1
EVT00306,2025-10-03 19:30:00,LDR002,Loader,OP1009,night,normal,7.35,0.9,92.1,Cloudy,Fastened,HIGH,6.1,True,8.07,1
EVT00378,2025-09-23 15:46:00,EXC005,Excavator,OP1044,day,high_fuel,5.33,21.6,83.5,Windy,Unfastened,LOW,6.4,False,22.22,4
SYNTH010016,2025-06-22 14:09:05,BCK001,Backhoe,OP1060,day,erratic_accel,13.36,5.7,90.6,Sunny,Fastened,HIGH,9.0,True,17.34,9
SYNTH010412,2025-06-26 17:09:38,GRD001,Grader,OP1003,day,proximity_breach,7.36,2.8,81.5,Sunny,Fastened,MEDIUM,8.7,True,6.63,4
EVT00250,2025-04-11 17:52:00,EXC002,Excavator,OP1053,day,normal,6.73,16.1,90.9,Windy,Unfastened,LOW,6.2,False,8.76,2
SYNTH010228,2025-06-24 19:08:18,LDR001,Loader,OP1055,day,high_fuel,4.09,27.8,96.5,Sunny,Unfastened,MEDIUM,13.6,True,21.15,4
EVT00515,2026-08-11 12:42:00,GRD002,Grader,OP1027,day,normal,6.43,41.5,87.7,Sunny,Unfastened,LOW,1.1,True,9.81,0
EVT00072,2025-12-17 12:06:00,EXC006,Excavator,OP1045,day,normal,7.89,32.2,89.1,Windy,Unfastened,LOW,5.6,True,6.59,0
EVT00095,2025-12-10 08:56:00,GRD003,Grader,OP1019,day,proximity_breach,4.05,2.7,86.6,Cloudy,Unfastened,MEDIUM,6.0,True,8.57,4
EVT00443,2025-11-20 09:34:00,EXC002,Excavator,OP1029,day,normal,4.79,25.4,85.1,Sunny,Unfastened,LOW,2.1,True,9.07,2
EVT00034,2025-03-10 14:24:00,DZR004,Dozer,OP1035,day,normal,6.53,19.5,79.9,Sunny,Unfastened,LOW,4.0,False,6.63,0
SYNTH010091,2025-06-23 08:55:29,BCK001,Backhoe,OP1027,day,erratic_accel,10.73,6.9,89.8,Windy,Unfastened,HIGH,2.8,True,20.22,9
EVT00260,2026-06-18 08:10:00,LDR002,Loader,OP1050,day,normal,4.61,0.5,93.0,Rainy,Unfastened,MEDIUM,6.9,True,7.13,1
EVT00205,2025-04-11 07:44:00,EXC002,Excavator,OP1053,day,normal,5.71,23.3,87.2,Windy,Unfastened,LOW,12.8,True,8.82,0
EVT00482,2025-11-20 15:30:00,EXC002,Excavator,OP1029,day,high_fuel,5.6,12.2,88.3,Sunny,Unfastened,LOW,4.8,False,22.3,2
SYNTH010063,2025-06-23 01:50:16,BCK002,Backhoe,OP1025,night,erratic_accel,5.96,9.7,100.4,Windy,Fastened,MEDIUM,10.0,True,20.34,12
SYNTH010377,2025-06-26 08:26:10,LDR002,Loader,OP1047,day,temp_spike,6.86,14.1,114.3,Rainy,Fastened,HIGH,11.0,True,12.53,1
EVT00366,2025-09-23 11:40:00,EXC005,Excavator,OP1044,day,high_fuel,3.8,12.4,92.6,Windy,Unfastened,LOW,1.0,True,24.82,3
EVT00078,2025-12-17 14:18:00,EXC006,Excavator,OP1045,day,normal,3.34,20.1,88.1,Windy,Unfastened,LOW,7.4,True,8.46,1
EVT00085,2025-12-17 17:18:00,EXC006,Excavator,OP1045,day,normal,3.85,12.4,91.6,Windy,Unfastened,LOW,11.6,True,6.42,0
EVT00429,2025-07-22 02:22:00,GRD003,Grader,OP1056,night,normal,3.56,19.1,83.9,Rainy,Unfastened,LOW,11.0,True,5.44,2
EVT00083,2025-12-17 17:06:00,EXC006,Excavator,OP1045,day,overspeed,15.57,28.7,88.5,Windy,Unfastened,LOW,2.6,True,15.98,4
SYNTH010411,2025-06-26 16:47:31,DZR004,Dozer,OP1041,day,proximity_breach,4.05,2.1,80.9,Foggy,Fastened,MEDIUM,2.2,True,11.34,2
EVT00534,2026-09-07 08:00:00,LDR001,Loader,OP1034,day,normal,3.31,26.5,87.1,Windy,Unfastened,LOW,6.1,False,5.13,1
SYNTH010046,2025-06-22 21:41:07,LDR003,Loader,OP1045,night,erratic_accel,5.44,21.6,80.4,Windy,Unfastened,HIGH,8.6,False,17.69,11
SYNTH010153,2025-06-24 00:24:48,DZR004,Dozer,OP1014,night,high_fuel,3.63,16.1,105.0,Windy,Unfastened,LOW,11.7,True,22.24,5
SYNTH010158,2025-06-24 01:40:07,DZR002,Dozer,OP1055,night,high_fuel,4.17,22.7,101.3,Sunny,Fastened,MEDIUM,8.6,True,24.63,5
EVT00449,2025-11-20 10:12:00,EXC002,Excavator,OP1029,day,normal,2.39,5.6,83.7,Sunny,Unfastened,MEDIUM,11.2,True,8.12,0
EVT00645,2025-05-14 12:56:00,BCK004,Backhoe,OP1021,day,normal,7.73,12.0,81.5,Sunny,Unfastened,LOW,10.7,True,6.75,1
EVT00351,2025-10-04 04:58:00,LDR002,Loader,OP1009,night,normal,3.29,18.7,88.1,Cloudy,Unfastened,LOW,15.6,True,6.74,1
EVT00414,2025-07-21 22:40:00,GRD003,Grader,OP1056,night,temp_spike,1.68,13.7,108.8,Rainy,Fastened,MEDIUM,2.6,True,15.35,0
EVT00006,2025-03-10 08:28:00,DZR004,Dozer,OP1035,day,normal,6.34,14.5,83.5,Sunny,Unfastened,LOW,7.4,True,8.01,2
EVT00311,2025-10-03 20:50:00,LDR002,Loader,OP1009,night,proximity_breach,10.0,2.8,80.0,Cloudy,Fastened,HIGH,6.6,False,9.36,3
EVT00569,2025-01-27 19:40:00,EXC007,Excavator,OP1003,night,normal,4.13,19.2,91.3,Sunny,Unfastened,LOW,10.5,True,8.46,0
EVT00105,2025-12-10 09:16:00,GRD003,Grader,OP1019,day,proximity_breach,7.1,1.7,86.0,Cloudy,Fastened,HIGH,2.3,False,7.22,1
EVT00098,2025-12-10 09:02:00,GRD003,Grader,OP1019,day,proximity_breach,6.87,2.6,85.3,Cloudy,Fastened,HIGH,10.0,False,11.59,1
SYNTH010218,2025-06-24 16:34:08,BCK003,Backhoe,OP1049,day,high_fuel,4.66,15.3,85.8,Windy,Fastened,MEDIUM,10.5,True,32.72,4
SYNTH010138,2025-06-23 20:39:44,BCK001,Backhoe,OP1040,night,high_fuel,7.53,12.9,97.9,Sunny,Fastened,MEDIUM,5.7,True,28.08,4
EVT00315,2025-10-03 21:02:00,LDR002,Loader,OP1009,night,proximity_breach,8.77,1.9,88.2,Cloudy,Fastened,HIGH,6.4,True,9.98,1
EVT00529,2026-09-07 06:36:00,LDR001,Loader,OP1034,day,normal,6.84,1.9,93.3,Windy,Fastened,HIGH,10.4,True,8.83,0
EVT00585,2025-01-27 22:24:00,EXC007,Excavator,OP1003,night,proximity_breach,5.48,2.7,87.3,Sunny,Fastened,HIGH,11.8,True,12.71,1
EVT00063,2025-12-17 09:18:00,EXC006,Excavator,OP1045,day,normal,3.8,28.7,86.1,Windy,Unfastened,LOW,7.8,True,7.05,2
EVT00282,2026-06-18 12:30:00,LDR002,Loader,OP1050,day,temp_spike,6.1,15.2,111.3,Rainy,Fastened,MEDIUM,8.4,True,16.42,0
SYNTH010329,2025-06-25 20:15:29,DZR002,Dozer,OP1021,night,overspeed,20.37,17.0,103.6,Foggy,Fastened,MEDIUM,14.3,True,21.44,6
EVT00267,2026-06-18 11:46:00,LDR002,Loader,OP1050,day,normal,4.89,12.6,85.7,Rainy,Unfastened,LOW,6.8,True,7.96,1
SYNTH010272,2025-06-25 06:09:01,EXC004,Excavator,OP1058,day,overspeed,16.43,5.8,101.4,Windy,Fastened,HIGH,5.9,False,18.44,6
EVT00239,2025-04-11 15:30:00,EXC002,Excavator,OP1053,day,normal,4.89,27.8,89.3,Windy,Unfastened,LOW,6.4,False,6.19,1
SYNTH010019,2025-06-22 14:54:37,EXC004,Excavator,OP1047,day,erratic_accel,13.78,6.4,99.7,Windy,Unfastened,HIGH,12.0,True,13.37,7
EVT00146,2026-05-05 20:08:00,EXC005,Excavator,OP1025,night,normal,5.27,0.5,90.8,Cloudy,Fastened,HIGH,8.8,True,9.77,0
SYNTH010394,2025-06-26 12:31:00,LDR001,Loader,OP1034,day,temp_spike,5.98,10.3,129.3,Sunny,Unfastened,MEDIUM,5.2,True,12.17,2
SYNTH010391,2025-06-26 11:50:09,LDR001,Loader,OP1055,day,temp_spike,2.39,17.7,103.0,Rainy,Fastened,MEDIUM,13.2,True,12.02,3
SYNTH010418,2025-06-26 18:35:22,LDR003,Loader,OP1050,day,proximity_breach,5.3,1.1,81.1,Cloudy,Fastened,MEDIUM,3.9,True,6.15,3
EVT00119,2025-12-10 12:56:00,GRD003,Grader,OP1019,day,proximity_breach,7.47,1.4,91.7,Cloudy,Fastened,HIGH,6.0,False,8.83,1
SYNTH010061,2025-06-23 01:18:32,LDR001,Loader,OP1040,night,erratic_accel,11.5,11.5,84.5,Sunny,Fastened,MEDIUM,11.8,True,17.77,7
EVT00530,2026-09-07 07:06:00,LDR001,Loader,OP1034,day,normal,5.81,23.3,84.7,Windy,Unfastened,LOW,6.1,True,6.67,2
EVT00251,2025-04-11 17:58:00,EXC002,Excavator,OP1053,day,normal,5.34,21.9,89.4,Windy,Unfastened,LOW,12.8,False,8.91,2
SYNTH010173,2025-06-24 05:24:53,LDR002,Loader,OP1022,night,high_fuel,6.93,20.8,89.0,Foggy,Fastened,LOW,14.0,True,31.47,3
EVT00286,2026-06-18 13:24:00,LDR002,Loader,OP1050,day,normal,4.18,17.9,92.6,Rainy,Unfastened,LOW,7.7,True,9.6,2
EVT00491,2026-08-11 06:14:00,GRD002,Grader,OP1027,day,normal,6.62,0.5,61.0,Sunny,Fastened,HIGH,5.8,True,9.67,1
EVT00010,2025-03-10 08:52:00,DZR004,Dozer,OP1035,day,normal,5.81,1.5,89.9,Sunny,Fastened,HIGH,12.0,True,8.09,1
SYNTH010406,2025-06-26 15:38:13,LDR003,Loader,OP1046,day,proximity_breach,8.92,2.0,78.7,Rainy,Unfastened,MEDIUM,2.5,True,8.1,4
EVT00480,2025-11-20 15:14:00,EXC002,Excavator,OP1029,day,proximity_breach,5.69,1.8,83.4,Sunny,Fastened,HIGH,6.8,True,8.81,3
EVT00197,2025-04-11 06:22:00,EXC002,Excavator,OP1053,day,normal,6.4,0.5,80.1,Windy,Fastened,HIGH,9.9,True,7.18,0
SYNTH010101,2025-06-23 11:25:33,GRD003,Grader,OP1055,day,erratic_accel,14.49,13.4,95.4,Cloudy,Fastened,HIGH,6.9,True,21.17,10
EVT00371,2025-09-23 12:38:00,EXC005,Excavator,OP1044,day,normal,5.17,5.9,85.6,Windy,Unfastened,MEDIUM,6.9,True,6.38,0
EVT00082,2025-12-17 16:30:00,EXC006,Excavator,OP1045,day,overspeed,14.78,27.2,84.8,Windy,Unfastened,LOW,7.4,True,21.77,6
EVT00390,2025-07-21 19:56:00,GRD003,Grader,OP1056,night,normal,6.7,2.5,84.8,Rainy,Fastened,HIGH,1.0,True,8.4,2
EVT00544,2026-09-07 10:42:00,LDR001,Loader,OP1034,day,overspeed,10.35,14.4,83.7,Windy,Unfastened,LOW,4.9,False,20.64,6
SYNTH010020,2025-06-22 15:07:48,LDR003,Loader,OP1025,day,erratic_accel,14.46,8.7,101.5,Windy,Unfastened,HIGH,7.1,True,14.46,11
SYNTH010119,2025-06-23 15:52:35,EXC002,Excavator,OP1021,day,erratic_accel,8.3,18.7,86.1,Sunny,Fastened,MEDIUM,3.8,False,13.81,12
EVT00579,2025-01-27 22:10:00,EXC007,Excavator,OP1003,night,proximity_breach,6.02,2.1,88.7,Sunny,Fastened,HIGH,5.0,False,7.76,1
EVT00598,2025-01-28 02:18:00,EXC007,Excavator,OP1003,night,normal,4.67,16.2,85.8,Sunny,Unfastened,LOW,6.3,True,5.77,0
EVT00240,2025-04-11 15:52:00,EXC002,Excavator,OP1053,day,normal,2.01,24.8,88.4,Windy,Unfastened,LOW,4.5,True,9.51,1
SYNTH010003,2025-06-22 10:53:21,EXC002,Excavator,OP1024,day,erratic_accel,14.77,12.9,93.7,Foggy,Unfastened,HIGH,13.5,False,17.12,13
EVT00212,2025-04-11 08:46:00,EXC002,Excavator,OP1053,day,normal,3.01,17.9,83.1,Windy,Unfastened,LOW,8.2,False,7.51,0
SYNTH010087,2025-06-23 07:48:33,GRD001,Grader,OP1038,day,erratic_accel,10.49,17.1,86.9,Cloudy,Fastened,HIGH,6.0,True,20.45,10
SYNTH010235,2025-06-24 20:53:46,GRD003,Grader,OP1043,night,high_fuel,7.47,21.8,85.2,Rainy,Fastened,MEDIUM,8.0,True,23.74,3
EVT00145,2026-05-05 20:02:00,EXC005,Excavator,OP1025,night,normal,6.22,0.5,81.1,Cloudy,Fastened,HIGH,4.2,True,9.42,0
SYNTH010302,2025-06-25 13:30:45,DZR002,Dozer,OP1027,day,overspeed,14.5,6.2,98.3,Foggy,Fastened,HIGH,6.7,False,21.16,4
EVT00592,2025-01-28 00:06:00,EXC007,Excavator,OP1003,night,normal,3.97,12.6,89.5,Sunny,Unfastened,LOW,6.2,True,8.32,1
EVT00228,2025-04-11 12:58:00,EXC002,Excavator,OP1053,day,normal,7.61,21.0,76.7,Windy,Unfastened,LOW,4.0,True,7.48,1
SYNTH010384,2025-06-26 10:11:29,DZR003,Dozer,OP1052,day,temp_spike,6.77,11.6,123.7,Cloudy,Unfastened,HIGH,9.7,True,13.87,3
SYNTH010299,2025-06-25 12:48:41,GRD001,Grader,OP1017,day,overspeed,16.61,19.1,101.6,Windy,Fastened,HIGH,7.6,True,21.38,3
SYNTH010422,2025-06-26 19:32:24,BCK001,Backhoe,OP1029,day,proximity_breach,6.78,0.5,78.3,Windy,Fastened,HIGH,14.1,True,11.61,3
SYNTH010327,2025-06-25 19:45:49,GRD002,Grader,OP1036,day,overspeed,13.19,10.6,101.3,Foggy,Fastened,MEDIUM,7.6,False,16.72,5
EVT00178,2026-05-06 02:08:00,EXC005,Excavator,OP1025,night,proximity_breach,6.93,2.6,79.7,Cloudy,Unfastened,HIGH,11.0,True,7.9,4
SYNTH010430,2025-06-26 21:36:38,LDR001,Loader,OP1031,night,proximity_breach,5.69,2.9,80.7,Windy,Fastened,HIGH,6.5,True,7.51,2
SYNTH010361,2025-06-26 04:21:10,EXC005,Excavator,OP1030,night,temp_spike,6.48,24.4,113.3,Windy,Fastened,HIGH,4.7,True,11.84,2
EVT00136,2025-12-10 15:22:00,GRD003,Grader,OP1019,day,normal,5.99,4.5,82.3,Cloudy,Unfastened,MEDIUM,6.0,True,9.87,0
EVT00644,2025-05-14 12:36:00,BCK004,Backhoe,OP1021,day,normal,2.77,19.9,84.2,Sunny,Unfastened,LOW,7.4,True,5.35,1
SYNTH010289,2025-06-25 10:23:40,BCK003,Backhoe,OP1010,day,overspeed,17.18,8.6,90.7,Windy,Unfastened,HIGH,10.1,True,20.39,6
EVT00531,2026-09-07 07:12:00,LDR001,Loader,OP1034,day,normal,6.56,11.9,90.8,Windy,Unfastened,LOW,9.7,True,9.73,1
SYNTH010464,2025-06-27 06:04:53,GRD001,Grader,OP1002,day,proximity_breach,8.29,2.4,86.4,Cloudy,Fastened,HIGH,11.1,True,12.25,2
EVT00008,2025-03-10 08:34:00,DZR004,Dozer,OP1035,day,normal,7.14,24.7,90.3,Sunny,Unfastened,LOW,8.4,True,8.61,1
EVT00459,2025-11-20 13:04:00,EXC002,Excavator,OP1029,day,normal,7.98,15.3,90.1,Sunny,Unfastened,LOW,3.1,True,9.39,0
EVT00156,2026-05-05 22:16:00,EXC005,Excavator,OP1025,night,normal,5.75,2.8,86.7,Cloudy,Fastened,HIGH,10.4,True,9.95,1
SYNTH010077,2025-06-23 05:19:55,GRD002,Grader,OP1007,night,erratic_accel,5.04,9.0,96.1,Cloudy,Fastened,HIGH,8.8,False,13.47,13
EVT00358,2025-09-23 07:36:00,EXC005,Excavator,OP1044,day,normal,7.34,20.0,83.6,Windy,Unfastened,LOW,2.6,False,8.01,2
SYNTH010011,2025-06-22 12:48:17,EXC002,Excavator,OP1029,day,erratic_accel,15.33,6.7,98.8,Foggy,Fastened,MEDIUM,11.8,True,14.18,8
EVT00224,2025-04-11 11:28:00,EXC002,Excavator,OP1053,day,normal,7.57,13.4,85.3,Windy,Unfastened,LOW,10.9,True,6.68,1
EVT00330,2025-10-03 22:20:00,LDR002,Loader,OP1009,night,normal,7.83,18.6,82.8,Cloudy,Unfastened,LOW,7.0,True,8.36,1
EVT00622,2025-05-14 08:06:00,BCK004,Backhoe,OP1021,day,normal,2.07,9.3,84.0,Sunny,Unfastened,LOW,4.9,True,7.84,1
EVT00468,2025-11-20 14:48:00,EXC002,Excavator,OP1029,day,proximity_breach,6.98,2.6,83.7,Sunny,Fastened,HIGH,5.9,True,11.75,3
EVT00558,2026-09-07 16:28:00,LDR001,Loader,OP1034,day,normal,5.56,13.1,90.5,Windy,Unfastened,LOW,1.2,False,6.81,0
SYNTH010373,2025-06-26 07:18:47,GRD003,Grader,OP1045,day,temp_spike,2.25,12.4,104.1,Foggy,Fastened,MEDIUM,14.2,True,16.68,1
SYNTH010238,2025-06-24 21:40:38,EXC003,Excavator,OP1005,night,high_fuel,4.54,19.8,93.3,Windy,Fastened,LOW,6.9,False,33.47,2
SYNTH010050,2025-06-22 22:39:52,EXC002,Excavator,OP1025,night,erratic_accel,9.75,10.3,93.3,Sunny,Unfastened,MEDIUM,8.0,True,14.32,10
SYNTH010118,2025-06-23 15:33:34,DZR001,Dozer,OP1008,day,erratic_accel,4.75,20.0,89.9,Foggy,Unfastened,MEDIUM,7.7,True,19.5,11
SYNTH010134,2025-06-23 19:39:41,BCK003,Backhoe,OP1034,day,high_fuel,3.91,17.8,91.6,Sunny,Fastened,MEDIUM,8.3,True,25.58,5
EVT00520,2026-08-11 14:36:00,GRD002,Grader,OP1027,day,normal,4.41,3.4,86.6,Sunny,Unfastened,MEDIUM,10.0,True,6.99,2
SYNTH010066,2025-06-23 02:40:28,GRD002,Grader,OP1047,night,erratic_accel,14.53,12.4,83.5,Rainy,Unfastened,MEDIUM,11.4,False,15.5,8
SYNTH010429,2025-06-26 21:16:49,EXC002,Excavator,OP1034,night,proximity_breach,5.53,1.4,91.8,Windy,Fastened,HIGH,14.4,True,8.48,1
SYNTH010053,2025-06-22 23:18:38,DZR004,Dozer,OP1051,night,erratic_accel,6.13,16.8,93.6,Windy,Unfastened,HIGH,12.4,True,15.76,9
SYNTH010331,2025-06-25 20:53:43,LDR002,Loader,OP1002,night,overspeed,13.21,17.3,88.7,Foggy,Fastened,MEDIUM,9.4,True,18.23,5
EVT00653,2025-05-14 16:12:00,BCK004,Backhoe,OP1021,day,normal,5.27,32.0,83.4,Sunny,Unfastened,LOW,7.9,True,7.34,1
SYNTH010414,2025-06-26 17:31:09,EXC004,Excavator,OP1005,day,proximity_breach,4.65,2.2,92.9,Sunny,Fastened,HIGH,6.9,True,8.02,3
EVT00441,2025-11-20 08:14:00,EXC002,Excavator,OP1029,day,normal,3.7,15.1,86.0,Sunny,Unfastened,LOW,1.0,True,8.75,1
SYNTH010072,2025-06-23 04:07:42,LDR002,Loader,OP1017,night,erratic_accel,11.65,13.4,83.9,Windy,Unfastened,HIGH,14.3,True,18.09,7
SYNTH010223,2025-06-24 17:47:17,DZR002,Dozer,OP1030,day,high_fuel,7.7,20.9,102.3,Windy,Fastened,MEDIUM,11.3,True,24.32,4
SYNTH010285,2025-06-25 09:19:56,GRD001,Grader,OP1021,day,overspeed,19.35,15.4,94.8,Windy,Fastened,HIGH,6.9,True,18.11,3
EVT00164,2026-05-06 00:34:00,EXC005,Excavator,OP1025,night,normal,5.03,12.7,80.2,Cloudy,Unfastened,LOW,5.4,True,5.41,2
EVT00229,2025-04-11 13:04:00,EXC002,Excavator,OP1053,day,normal,3.78,16.5,88.2,Windy,Unfastened,LOW,9.4,True,8.48,0
SYNTH010393,2025-06-26 12:25:25,BCK003,Backhoe,OP1042,day,temp_spike,2.54,8.3,127.3,Windy,Unfastened,HIGH,12.3,True,13.31,0
SYNTH010250,2025-06-25 00:30:00,EXC004,Excavator,OP1020,night,high_fuel,4.38,23.8,89.5,Windy,Unfastened,LOW,5.5,True,29.78,4
EVT00213,2025-04-11 08:52:00,EXC002,Excavator,OP1053,day,normal,5.36,2.6,88.0,Windy,Fastened,HIGH,10.7,True,8.42,2
SYNTH010292,2025-06-25 11:07:26,LDR003,Loader,OP1039,day,overspeed,12.84,11.6,92.5,Foggy,Unfastened,MEDIUM,3.1,True,14.44,7
EVT00080,2025-12-17 15:38:00,EXC006,Excavator,OP1045,day,normal,4.85,29.3,80.9,Windy,Unfastened,LOW,6.4,True,5.84,0
EVT00149,2026-05-05 21:24:00,EXC005,Excavator,OP1025,night,normal,5.6,27.1,81.6,Cloudy,Unfastened,LOW,8.1,False,5.38,0
EVT00303,2025-10-03 18:08:00,LDR002,Loader,OP1009,night,normal,5.17,23.2,44.8,Cloudy,Unfastened,LOW,5.9,True,5.67,2
SYNTH010370,2025-06-26 06:31:35,DZR004,Dozer,OP1017,day,temp_spike,4.28,10.8,109.1,Rainy,Fastened,MEDIUM,2.6,True,16.67,0
SYNTH010456,2025-06-27 04:08:21,DZR001,Dozer,OP1001,night,proximity_breach,6.52,0.7,85.5,Sunny,Fastened,HIGH,9.2,True,11.33,2
EVT00627,2025-05-14 10:10:00,BCK004,Backhoe,OP1021,day,normal,3.93,0.5,87.4,Sunny,Unfastened,MEDIUM,7.6,True,7.37,1
SYNTH010070,2025-06-23 03:37:42,LDR001,Loader,OP1024,night,erratic_accel,5.25,8.8,95.5,Rainy,Fastened,MEDIUM,4.8,False,17.48,8
EVT00044,2025-03-10 16:58:00,DZR004,Dozer,OP1035,day,normal,3.99,25.1,87.8,Sunny,Unfastened,LOW,11.1,True,8.86,0
EVT00507,2026-08-11 10:40:00,GRD002,Grader,OP1027,day,normal,4.19,17.0,88.8,Sunny,Unfastened,LOW,1.0,True,5.16,2
EVT00134,2025-12-10 14:18:00,GRD003,Grader,OP1019,day,normal,4.91,21.4,88.1,Cloudy,Unfastened,LOW,8.9,True,6.84,2
SYNTH010025,2025-06-22 16:16:08,LDR002,Loader,OP1017,day,erratic_accel,8.69,21.5,85.7,Foggy,Unfastened,MEDIUM,11.8,True,21.73,8
EVT00533,2026-09-07 07:46:00,LDR001,Loader,OP1034,day,normal,7.16,14.5,82.2,Windy,Unfastened,LOW,11.9,True,7.63,0
EVT00619,2025-05-14 06:46:00,BCK004,Backhoe,OP1021,day,normal,6.43,24.9,91.7,Sunny,Unfastened,LOW,8.8,True,9.72,2
EVT00312,2025-10-03 20:52:00,LDR002,Loader,OP1009,night,proximity_breach,9.69,2.6,90.8,Cloudy,Fastened,HIGH,7.6,True,7.05,1
EVT00409,2025-07-21 22:30:00,GRD003,Grader,OP1056,night,temp_spike,3.58,36.1,102.3,Rainy,Unfastened,MEDIUM,1.0,True,17.98,1
EVT00586,2025-01-27 22:26:00,EXC007,Excavator,OP1003,night,proximity_breach,5.39,1.7,82.4,Sunny,Fastened,HIGH,4.6,True,6.58,4
SYNTH010104,2025-06-23 12:10:39,EXC002,Excavator,OP1013,day,erratic_accel,4.12,15.8,100.1,Sunny,Unfastened,MEDIUM,11.1,True,21.12,11
EVT00588,2025-01-27 22:32:00,EXC007,Excavator,OP1003,night,normal,8.33,10.6,83.2,Sunny,Unfastened,LOW,6.8,False,6.95,2
SYNTH010318,2025-06-25 17:38:42,BCK002,Backhoe,OP1048,day,overspeed,14.41,11.6,86.6,Sunny,Fastened,MEDIUM,13.8,True,17.87,8
SYNTH010359,2025-06-26 03:47:15,LDR001,Loader,OP1045,night,temp_spike,4.52,12.4,100.3,Windy,Fastened,MEDIUM,12.8,True,15.66,2
SYNTH010277,2025-06-25 07:17:02,DZR002,Dozer,OP1017,day,overspeed,19.96,17.9,98.6,Windy,Unfastened,MEDIUM,14.9,True,21.59,4
EVT00001,2025-03-10 06:22:00,DZR004,Dozer,OP1035,day,normal,3.88,11.8,80.6,Sunny,Unfastened,LOW,4.0,False,6.87,0
EVT00423,2025-07-22 01:00:00,GRD003,Grader,OP1056,night,erratic_accel,3.86,10.1,86.1,Rainy,Unfastened,LOW,5.8,True,17.55,9
EVT00361,2025-09-23 10:24:00,EXC005,Excavator,OP1044,day,normal,7.54,15.7,85.2,Windy,Unfastened,LOW,8.8,True,5.89,0
EVT00383,2025-09-23 17:28:00,EXC005,Excavator,OP1044,day,normal,6.12,17.5,87.7,Windy,Unfastened,LOW,3.9,True,7.66,2
EVT00317,2025-10-03 21:06:00,LDR002,Loader,OP1009,night,proximity_breach,7.36,2.5,84.5,Cloudy,Fastened,HIGH,22.0,True,6.94,1
SYNTH010310,2025-06-25 15:33:50,DZR002,Dozer,OP1025,day,overspeed,20.44,20.6,99.4,Cloudy,Unfastened,HIGH,13.7,True,20.57,7
EVT00476,2025-11-20 15:06:00,EXC002,Excavator,OP1029,day,proximity_breach,7.69,2.1,86.2,Sunny,Fastened,HIGH,10.7,True,9.8,3
SYNTH010222,2025-06-24 17:39:05,GRD003,Grader,OP1016,day,high_fuel,6.92,18.3,102.3,Windy,Unfastened,MEDIUM,13.0,True,31.36,5
SYNTH010021,2025-06-22 15:17:44,EXC003,Excavator,OP1032,day,erratic_accel,10.51,13.4,81.8,Cloudy,Fastened,HIGH,1.4,True,17.16,10
EVT00514,2026-08-11 12:38:00,GRD002,Grader,OP1027,day,normal,6.66,6.5,88.8,Sunny,Unfastened,MEDIUM,4.8,True,7.58,0
SYNTH010345,2025-06-26 00:24:37,LDR002,Loader,OP1003,night,temp_spike,5.2,22.5,122.2,Sunny,Unfastened,MEDIUM,11.6,True,14.87,0
SYNTH010446,2025-06-27 01:34:02,LDR003,Loader,OP1056,night,proximity_breach,6.05,0.7,94.1,Sunny,Unfastened,HIGH,11.1,False,12.17,4
EVT00141,2025-12-10 17:14:00,GRD003,Grader,OP1019,day,normal,7.63,1.9,85.6,Cloudy,Fastened,HIGH,1.6,True,6.15,2
EVT00173,2026-05-06 01:58:00,EXC005,Excavator,OP1025,night,proximity_breach,11.4,1.9,85.0,Cloudy,Unfastened,HIGH,8.5,True,10.14,2
EVT00451,2025-11-20 10:46:00,EXC002,Excavator,OP1029,day,normal,8.22,26.0,84.2,Sunny,Unfastened,LOW,5.9,True,7.89,0
EVT00126,2025-12-10 13:12:00,GRD003,Grader,OP1019,day,proximity_breach,9.15,2.3,89.1,Cloudy,Fastened,HIGH,10.7,True,7.13,2
SYNTH010332,2025-06-25 21:08:44,LDR001,Loader,OP1021,night,overspeed,20.05,8.2,86.7,Windy,Unfastened,HIGH,4.9,True,16.78,6
EVT00091,2025-12-10 08:48:00,GRD003,Grader,OP1019,day,proximity_breach,8.0,1.4,86.3,Cloudy,Fastened,HIGH,10.1,True,12.9,4
SYNTH010433,2025-06-26 22:25:21,LDR002,Loader,OP1059,night,proximity_breach,5.12,2.0,84.0,Sunny,Fastened,HIGH,12.7,False,11.43,2
EVT00182,2026-05-06 02:16:00,EXC005,Excavator,OP1025,night,proximity_breach,5.88,2.2,91.9,Cloudy,Fastened,HIGH,4.4,True,10.9,4
SYNTH010060,2025-06-23 01:04:11,EXC004,Excavator,OP1015,night,erratic_accel,15.31,18.3,87.8,Rainy,Unfastened,MEDIUM,10.2,False,15.39,11
SYNTH010210,2025-06-24 14:33:20,LDR001,Loader,OP1028,day,high_fuel,5.45,17.3,103.1,Foggy,Fastened,LOW,8.8,True,31.78,5
EVT00252,2026-06-18 06:00:00,LDR002,Loader,OP1050,day,normal,3.93,27.2,40.2,Rainy,Unfastened,LOW,9.4,True,5.46,1
EVT00070,2025-12-17 10:58:00,EXC006,Excavator,OP1045,day,normal,6.95,23.0,81.7,Windy,Unfastened,LOW,11.2,True,9.42,1
EVT00132,2025-12-10 13:40:00,GRD003,Grader,OP1019,day,normal,7.44,31.7,83.4,Cloudy,Unfastened,LOW,5.6,True,8.6,0
EVT00301,2026-06-18 16:56:00,LDR002,Loader,OP1050,day,normal,4.14,18.5,87.3,Rainy,Unfastened,LOW,1.0,True,6.4,0
EVT00583,2025-01-27 22:20:00,EXC007,Excavator,OP1003,night,proximity_breach,6.59,2.6,86.1,Sunny,Fastened,HIGH,4.5,True,11.4,2
EVT00327,2025-10-03 21:28:00,LDR002,Loader,OP1009,night,proximity_breach,7.46,1.3,84.9,Cloudy,Fastened,HIGH,6.0,True,7.45,1
SYNTH010402,2025-06-26 14:38:37,EXC002,Excavator,OP1027,day,temp_spike,5.6,18.5,102.5,Foggy,Unfastened,HIGH,12.6,True,13.89,3
EVT00500,2026-08-11 08:16:00,GRD002,Grader,OP1027,day,normal,4.84,7.2,86.6,Sunny,Unfastened,MEDIUM,12.2,False,9.01,0
SYNTH010162,2025-06-24 02:39:25,DZR001,Dozer,OP1007,night,high_fuel,6.16,13.6,93.4,Foggy,Unfastened,MEDIUM,4.9,True,26.48,2
SYNTH010142,2025-06-23 21:30:52,BCK003,Backhoe,OP1054,night,high_fuel,3.07,10.3,101.6,Foggy,Fastened,MEDIUM,14.4,True,34.66,4
EVT00496,2026-08-11 06:50:00,GRD002,Grader,OP1027,day,normal,5.63,19.5,85.9,Sunny,Unfastened,LOW,12.6,True,9.35,2
EVT00339,2025-10-04 00:44:00,LDR002,Loader,OP1009,night,normal,5.1,1.8,81.3,Cloudy,Fastened,HIGH,9.7,True,9.52,1
SYNTH010178,2025-06-24 06:38:53,GRD001,Grader,OP1021,day,high_fuel,6.59,23.2,95.3,Sunny,Fastened,LOW,13.3,True,29.52,4
EVT00165,2026-05-06 00:50:00,EXC005,Excavator,OP1025,night,normal,6.87,12.5,87.7,Cloudy,Unfastened,LOW,3.5,False,7.51,0
EVT00029,2025-03-10 13:28:00,DZR004,Dozer,OP1035,day,normal,3.4,15.3,82.6,Sunny,Unfastened,LOW,9.6,False,8.88,1
EVT00517,2026-08-11 13:16:00,GRD002,Grader,OP1027,day,normal,6.24,17.6,88.7,Sunny,Unfastened,LOW,1.0,False,5.43,0
EVT00194,2026-05-06 05:24:00,EXC005,Excavator,OP1025,night,normal,5.38,16.4,88.4,Cloudy,Unfastened,LOW,6.4,True,8.57,0
SYNTH010023,2025-06-22 15:54:30,EXC002,Excavator,OP1039,day,erratic_accel,7.32,15.1,100.1,Windy,Fastened,MEDIUM,9.8,True,14.18,13
EVT00170,2026-05-06 01:52:00,EXC005,Excavator,OP1025,night,proximity_breach,8.28,1.5,84.0,Cloudy,Fastened,HIGH,6.3,True,10.7,3
EVT00618,2025-05-14 06:42:00,BCK004,Backhoe,OP1021,day,normal,6.1,0.5,86.7,Sunny,Unfastened,HIGH,13.0,True,8.47,0
EVT00174,2026-05-06 02:00:00,EXC005,Excavator,OP1025,night,proximity_breach,7.41,2.0,83.1,Cloudy,Fastened,HIGH,1.0,False,7.75,2
EVT00519,2026-08-11 14:30:00,GRD002,Grader,OP1027,day,normal,4.98,14.1,87.3,Sunny,Unfastened,LOW,3.9,False,7.98,0
SYNTH010323,2025-06-25 18:53:56,LDR001,Loader,OP1001,day,overspeed,12.51,11.8,98.5,Rainy,Unfastened,MEDIUM,6.0,True,15.49,3
SYNTH010241,2025-06-24 22:19:22,EXC004,Excavator,OP1004,night,high_fuel,7.87,19.8,90.5,Cloudy,Unfastened,MEDIUM,2.8,True,22.92,5
EVT00492,2026-08-11 06:26:00,GRD002,Grader,OP1027,day,normal,4.27,8.4,85.1,Sunny,Unfastened,LOW,4.6,True,9.55,0
EVT00074,2025-12-17 12:38:00,EXC006,Excavator,OP1045,day,normal,7.41,15.5,85.2,Windy,Unfastened,LOW,9.6,True,7.14,0
SYNTH010194,2025-06-24 10:41:32,GRD001,Grader,OP1011,day,high_fuel,4.8,24.1,96.3,Windy,Fastened,MEDIUM,1.2,True,33.75,2
EVT00235,2025-04-11 14:24:00,EXC002,Excavator,OP1053,day,normal,6.1,10.7,91.7,Windy,Unfastened,LOW,6.0,True,6.25,2
EVT00215,2025-04-11 09:38:00,EXC002,Excavator,OP1053,day,normal,6.61,10.2,84.6,Windy,Unfastened,LOW,1.0,True,9.0,1
SYNTH010166,2025-06-24 03:30:01,BCK004,Backhoe,OP1004,night,high_fuel,7.73,11.9,88.1,Cloudy,Fastened,MEDIUM,13.4,True,28.81,3
EVT00133,2025-12-10 13:52:00,GRD003,Grader,OP1019,day,normal,8.22,21.0,89.4,Cloudy,Unfastened,LOW,4.0,False,7.71,2
SYNTH010035,2025-06-22 18:51:30,DZR003,Dozer,OP1008,day,erratic_accel,10.23,13.1,80.6,Rainy,Unfastened,MEDIUM,6.6,True,17.8,12
SYNTH010160,2025-06-24 02:09:59,BCK002,Backhoe,OP1019,night,high_fuel,6.14,14.5,88.3,Sunny,Fastened,MEDIUM,5.3,True,29.32,2
EVT00186,2026-05-06 02:26:00,EXC005,Excavator,OP1025,night,proximity_breach,7.25,1.2,89.5,Cloudy,Fastened,HIGH,5.2,True,8.79,3
EVT00042,2025-03-10 16:24:00,DZR004,Dozer,OP1035,day,normal,4.78,24.8,89.9,Sunny,Unfastened,LOW,7.5,True,9.08,0
EVT00109,2025-12-10 09:24:00,GRD003,Grader,OP1019,day,proximity_breach,6.94,0.6,95.7,Cloudy,Fastened,HIGH,2.3,True,6.79,3
SYNTH010265,2025-06-25 04:20:59,BCK002,Backhoe,OP1003,night,high_fuel,5.26,16.4,93.0,Sunny,Fastened,MEDIUM,6.4,True,26.63,5
SYNTH010096,2025-06-23 10:10:54,GRD001,Grader,OP1004,day,erratic_accel,14.42,6.1,101.0,Foggy,Unfastened,HIGH,5.4,True,19.96,14
SYNTH010211,2025-06-24 14:49:24,BCK002,Backhoe,OP1059,day,high_fuel,4.69,23.1,96.5,Foggy,Fastened,LOW,1.4,True,27.8,5
EVT00484,2025-11-20 15:36:00,EXC002,Excavator,OP1029,day,high_fuel,3.44,26.1,91.8,Sunny,Unfastened,LOW,9.5,False,29.17,4
EVT00469,2025-11-20 14:50:00,EXC002,Excavator,OP1029,day,proximity_breach,7.31,0.5,82.4,Sunny,Fastened,HIGH,9.3,True,8.65,1
EVT00025,2025-03-10 12:14:00,DZR004,Dozer,OP1035,day,normal,3.4,19.2,90.5,Sunny,Unfastened,LOW,6.9,True,6.29,1
EVT00576,2025-01-27 22:04:00,EXC007,Excavator,OP1003,night,proximity_breach,7.92,1.7,90.7,Sunny,Fastened,HIGH,1.0,False,6.08,1
EVT00591,2025-01-27 23:36:00,EXC007,Excavator,OP1003,night,normal,7.23,17.5,85.9,Sunny,Unfastened,LOW,4.7,True,9.75,2
SYNTH010068,2025-06-23 03:00:07,LDR001,Loader,OP1057,night,erratic_accel,15.5,11.3,87.2,Cloudy,Unfastened,HIGH,13.3,False,16.31,9
SYNTH010205,2025-06-24 13:17:02,GRD001,Grader,OP1004,day,high_fuel,3.73,16.2,102.3,Rainy,Unfastened,MEDIUM,7.7,False,24.55,5
EVT00367,2025-09-23 11:50:00,EXC005,Excavator,OP1044,day,high_fuel,2.39,18.9,87.4,Windy,Unfastened,LOW,6.1,False,31.99,2
SYNTH010257,2025-06-25 02:24:52,GRD003,Grader,OP1005,night,high_fuel,5.57,11.5,96.0,Rainy,Fastened,LOW,6.5,True,22.07,5
SYNTH010282,2025-06-25 08:40:40,GRD002,Grader,OP1035,day,overspeed,16.6,16.5,97.4,Windy,Unfastened,HIGH,2.9,True,17.17,8
EVT00384,2025-09-23 17:48:00,EXC005,Excavator,OP1044,day,normal,4.14,27.8,88.6,Windy,Unfastened,LOW,9.5,True,5.52,2
EVT00455,2025-11-20 11:50:00,EXC002,Excavator,OP1029,day,normal,6.34,7.7,86.8,Sunny,Unfastened,MEDIUM,1.0,True,7.71,1
EVT00265,2026-06-18 11:32:00,LDR002,Loader,OP1050,day,normal,3.37,26.5,89.6,Rainy,Unfastened,LOW,9.8,True,6.85,0
SYNTH010006,2025-06-22 11:37:54,BCK004,Backhoe,OP1033,day,erratic_accel,5.89,7.7,87.3,Foggy,Unfastened,MEDIUM,10.5,True,19.77,12
SYNTH010193,2025-06-24 10:23:58,EXC002,Excavator,OP1033,day,high_fuel,5.88,11.2,86.9,Windy,Unfastened,MEDIUM,15.0,True,20.61,2
EVT00445,2025-11-20 09:38:00,EXC002,Excavator,OP1029,day,normal,4.88,20.5,87.1,Sunny,Unfastened,LOW,7.6,True,6.79,0
EVT00396,2025-07-21 22:02:00,GRD003,Grader,OP1056,night,temp_spike,3.88,14.0,115.6,Rainy,Fastened,MEDIUM,4.9,True,12.27,1
EVT00177,2026-05-06 02:06:00,EXC005,Excavator,OP1025,night,proximity_breach,6.54,2.1,86.3,Cloudy,Fastened,HIGH,6.0,True,9.66,1
EVT00019,2025-03-10 10:56:00,DZR004,Dozer,OP1035,day,normal,6.76,28.1,86.6,Sunny,Unfastened,LOW,8.4,True,5.33,0
EVT00614,2025-01-28 05:46:00,EXC007,Excavator,OP1003,night,normal,7.96,30.5,86.9,Sunny,Unfastened,LOW,5.0,True,8.8,0
SYNTH010054,2025-06-22 23:35:06,LDR002,Loader,OP1037,night,erratic_accel,14.64,12.6,84.3,Cloudy,Unfastened,HIGH,11.3,False,13.1,7
EVT00062,2025-12-17 08:42:00,EXC006,Excavator,OP1045,day,temp_spike,7.7,12.1,105.5,Windy,Fastened,MEDIUM,5.2,True,11.11,2
EVT00273,2026-06-18 12:04:00,LDR002,Loader,OP1050,day,temp_spike,4.07,0.5,120.7,Rainy,Unfastened,MEDIUM,5.0,True,10.09,3
SYNTH010400,2025-06-26 14:05:04,EXC005,Excavator,OP1041,day,temp_spike,2.73,22.9,108.1,Rainy,Unfastened,MEDIUM,7.2,True,14.63,0
EVT00279,2026-06-18 12:22:00,LDR002,Loader,OP1050,day,temp_spike,5.35,17.8,111.2,Rainy,Fastened,MEDIUM,5.9,True,13.0,0
SYNTH010076,2025-06-23 05:02:59,LDR002,Loader,OP1016,night,erratic_accel,8.45,12.3,98.6,Windy,Unfastened,MEDIUM,1.5,True,21.16,14
EVT00369,2025-09-23 12:06:00,EXC005,Excavator,OP1044,day,high_fuel,5.93,16.5,82.9,Windy,Unfastened,LOW,9.7,True,33.1,4
SYNTH010114,2025-06-23 14:33:36,BCK004,Backhoe,OP1022,day,erratic_accel,10.83,15.6,84.4,Foggy,Unfastened,MEDIUM,7.7,True,15.05,10
SYNTH010059,2025-06-23 00:50:19,GRD001,Grader,OP1008,night,erratic_accel,4.5,6.4,95.8,Foggy,Fastened,HIGH,2.5,True,17.58,13
SYNTH010183,2025-06-24 07:46:31,DZR003,Dozer,OP1054,day,high_fuel,6.96,18.1,88.7,Rainy,Unfastened,MEDIUM,1.2,True,29.72,3
EVT00548,2026-09-07 12:04:00,LDR001,Loader,OP1034,day,normal,4.64,8.9,86.7,Windy,Unfastened,LOW,5.6,True,5.07,2
SYNTH010107,2025-06-23 12:51:57,BCK004,Backhoe,OP1041,day,erratic_accel,9.17,10.4,92.8,Rainy,Unfastened,HIGH,10.9,True,16.37,13
SYNTH010127,2025-06-23 17:55:42,LDR002,Loader,OP1013,day,erratic_accel,9.07,11.4,100.6,Cloudy,Unfastened,MEDIUM,10.6,True,16.49,14
EVT00457,2025-11-20 12:08:00,EXC002,Excavator,OP1029,day,normal,4.16,25.7,86.5,Sunny,Unfastened,LOW,8.6,False,8.65,1
EVT00394,2025-07-21 21:40:00,GRD003,Grader,OP1056,night,normal,3.39,38.0,85.3,Rainy,Unfastened,LOW,6.7,False,8.73,0
SYNTH010135,2025-06-23 19:52:45,BCK001,Backhoe,OP1007,day,high_fuel,7.4,22.2,95.9,Sunny,Unfastened,LOW,5.1,True,22.28,5
SYNTH010179,2025-06-24 06:51:13,LDR002,Loader,OP1028,day,high_fuel,4.56,13.0,89.9,Cloudy,Fastened,LOW,9.6,True,26.24,3
EVT00376,2025-09-23 14:36:00,EXC005,Excavator,OP1044,day,normal,4.45,6.0,89.6,Windy,Unfastened,MEDIUM,6.1,True,7.66,1
EVT00413,2025-07-21 22:38:00,GRD003,Grader,OP1056,night,temp_spike,4.29,13.5,106.4,Rainy,Fastened,MEDIUM,7.2,True,13.93,1
EVT00075,2025-12-17 12:52:00,EXC006,Excavator,OP1045,day,normal,5.51,2.3,87.6,Windy,Fastened,HIGH,12.3,True,9.3,2
SYNTH010396,2025-06-26 13:01:26,DZR004,Dozer,OP1044,day,temp_spike,5.93,12.1,109.2,Foggy,Unfastened,HIGH,10.9,True,11.39,0
EVT00501,2026-08-11 08:20:00,GRD002,Grader,OP1027,day,normal,6.35,17.0,84.3,Sunny,Unfastened,LOW,8.6,True,8.02,2
SYNTH010041,2025-06-22 20:17:00,EXC005,Excavator,OP1035,night,erratic_accel,14.43,13.0,91.8,Foggy,Fastened,HIGH,8.7,True,16.52,14
EVT00115,2025-12-10 12:02:00,GRD003,Grader,OP1019,day,normal,6.07,5.3,85.2,Cloudy,Unfastened,MEDIUM,13.8,False,9.41,2
EVT00418,2025-07-21 23:58:00,GRD003,Grader,OP1056,night,erratic_accel,4.06,18.5,89.9,Rainy,Unfastened,LOW,7.0,False,14.68,11
EVT00602,2025-01-28 02:52:00,EXC007,Excavator,OP1003,night,normal,6.1,1.5,84.9,Sunny,Fastened,HIGH,3.9,True,8.44,1
EVT00605,2025-01-28 03:20:00,EXC007,Excavator,OP1003,night,normal,6.72,20.5,84.9,Sunny,Unfastened,LOW,3.8,True,5.01,2
EVT00090,2025-12-10 07:20:00,GRD003,Grader,OP1019,day,normal,7.37,19.3,82.7,Cloudy,Unfastened,LOW,6.7,True,5.72,1
SYNTH010420,2025-06-26 19:03:22,BCK003,Backhoe,OP1032,day,proximity_breach,4.25,1.6,79.4,Foggy,Fastened,MEDIUM,5.5,True,6.89,1
EVT00499,2026-08-11 07:58:00,GRD002,Grader,OP1027,day,normal,2.91,9.9,88.6,Sunny,Unfastened,LOW,9.2,True,8.72,1
SYNTH010103,2025-06-23 11:52:57,DZR003,Dozer,OP1037,day,erratic_accel,5.45,12.1,96.5,Sunny,Unfastened,MEDIUM,6.0,False,19.02,14
SYNTH010110,2025-06-23 13:34:36,BCK001,Backhoe,OP1027,day,erratic_accel,6.51,20.7,89.1,Cloudy,Fastened,HIGH,11.6,True,15.6,10
SYNTH010108,2025-06-23 13:07:44,LDR001,Loader,OP1037,day,erratic_accel,14.68,10.9,83.4,Foggy,Unfastened,MEDIUM,9.9,True,13.65,6
EVT00012,2025-03-10 09:08:00,DZR004,Dozer,OP1035,day,normal,4.75,5.7,89.2,Sunny,Unfastened,MEDIUM,5.5,True,6.46,2
EVT00397,2025-07-21 22:04:00,GRD003,Grader,OP1056,night,temp_spike,4.07,9.3,110.1,Rainy,Unfastened,MEDIUM,10.2,True,17.2,3
SYNTH010440,2025-06-27 00:03:17,LDR003,Loader,OP1011,night,proximity_breach,7.89,1.0,95.0,Windy,Fastened,HIGH,11.9,True,9.13,1
SYNTH010325,2025-06-25 19:26:32,DZR004,Dozer,OP1033,day,overspeed,19.07,9.3,93.9,Rainy,Fastened,HIGH,1.8,True,16.86,7
EVT00043,2025-03-10 16:50:00,DZR004,Dozer,OP1035,day,normal,8.5,7.4,86.0,Sunny,Unfastened,MEDIUM,7.0,False,8.56,2
EVT00168,2026-05-06 01:34:00,EXC005,Excavator,OP1025,night,normal,5.03,0.5,89.2,Cloudy,Fastened,HIGH,6.3,True,6.69,1
EVT00417,2025-07-21 23:20:00,GRD003,Grader,OP1056,night,normal,4.42,8.3,85.6,Rainy,Unfastened,LOW,7.6,True,9.19,0
EVT00577,2025-01-27 22:06:00,EXC007,Excavator,OP1003,night,proximity_breach,7.21,0.8,87.7,Sunny,Fastened,HIGH,11.7,True,7.85,3
SYNTH010281,2025-06-25 08:22:34,LDR001,Loader,OP1043,day,overspeed,21.78,8.1,101.0,Rainy,Unfastened,HIGH,12.7,False,20.93,3
SYNTH010415,2025-06-26 17:50:26,EXC002,Excavator,OP1053,day,proximity_breach,3.74,1.7,91.8,Sunny,Fastened,MEDIUM,6.1,True,9.7,2
EVT00427,2025-07-22 02:14:00,GRD003,Grader,OP1056,night,normal,5.66,31.6,88.2,Rainy,Unfastened,LOW,2.8,True,5.32,1
EVT00545,2026-09-07 11:18:00,LDR001,Loader,OP1034,day,normal,3.83,26.6,84.0,Windy,Unfastened,LOW,5.4,True,9.72,1
SYNTH010397,2025-06-26 13:21:00,EXC005,Excavator,OP1006,day,temp_spike,4.91,13.1,101.0,Sunny,Unfastened,MEDIUM,5.8,True,17.13,3
SYNTH010447,2025-06-27 01:51:44,GRD002,Grader,OP1005,night,proximity_breach,5.65,2.9,92.9,Cloudy,Fastened,HIGH,3.8,True,13.0,2
SYNTH010195,2025-06-24 10:55:02,LDR003,Loader,OP1043,day,high_fuel,3.03,26.9,93.3,Foggy,Unfastened,MEDIUM,9.1,False,31.35,4
SYNTH010111,2025-06-23 13:49:26,EXC005,Excavator,OP1060,day,erratic_accel,7.77,20.1,93.3,Windy,Unfastened,MEDIUM,2.2,True,14.36,6
EVT00258,2026-06-18 07:44:00,LDR002,Loader,OP1050,day,normal,2.43,24.1,87.1,Rainy,Unfastened,LOW,8.9,False,8.81,0
EVT00336,2025-10-04 00:00:00,LDR002,Loader,OP1009,night,normal,5.56,2.6,87.4,Cloudy,Fastened,HIGH,6.4,True,5.14,2
EVT00016,2025-03-10 10:02:00,DZR004,Dozer,OP1035,day,normal,8.15,18.9,86.7,Sunny,Unfastened,LOW,9.6,True,9.92,0
SYNTH010129,2025-06-23 18:26:28,GRD002,Grader,OP1028,day,high_fuel,7.33,18.6,87.2,Cloudy,Unfastened,MEDIUM,11.7,True,32.33,4
EVT00325,2025-10-03 21:24:00,LDR002,Loader,OP1009,night,proximity_breach,9.29,2.8,84.6,Cloudy,Fastened,HIGH,14.5,True,7.44,1
SYNTH010290,2025-06-25 10:33:59,DZR004,Dozer,OP1057,day,overspeed,20.86,12.8,96.3,Rainy,Fastened,HIGH,15.0,True,16.3,5
SYNTH010283,2025-06-25 08:56:23,LDR003,Loader,OP1021,day,overspeed,16.34,7.2,93.2,Cloudy,Unfastened,MEDIUM,9.2,False,16.8,3
EVT00223,2025-04-11 11:26:00,EXC002,Excavator,OP1053,day,normal,4.47,9.6,87.1,Windy,Unfastened,LOW,8.0,False,5.47,2
EVT00180,2026-05-06 02:12:00,EXC005,Excavator,OP1025,night,proximity_breach,7.96,2.0,87.5,Cloudy,Fastened,HIGH,2.5,True,11.89,4
EVT00100,2025-12-10 09:06:00,GRD003,Grader,OP1019,day,proximity_breach,8.26,1.0,86.0,Cloudy,Fastened,HIGH,6.4,True,10.87,3
EVT00522,2026-08-11 15:22:00,GRD002,Grader,OP1027,day,normal,5.2,2.2,87.2,Sunny,Fastened,HIGH,12.1,True,6.75,1
EVT00023,2025-03-10 11:28:00,DZR004,Dozer,OP1035,day,erratic_accel,3.41,14.0,82.6,Sunny,Unfastened,LOW,12.2,False,18.49,13
EVT00357,2025-09-23 07:26:00,EXC005,Excavator,OP1044,day,normal,6.22,19.3,87.1,Windy,Unfastened,LOW,13.7,True,7.58,1
SYNTH010176,2025-06-24 06:04:15,GRD002,Grader,OP1042,day,high_fuel,4.36,14.2,91.4,Foggy,Unfastened,MEDIUM,8.7,True,22.91,3
SYNTH010388,2025-06-26 11:05:04,DZR004,Dozer,OP1001,day,temp_spike,2.54,15.2,113.6,Foggy,Fastened,MEDIUM,2.4,True,17.39,0
EVT00612,2025-01-28 05:30:00,EXC007,Excavator,OP1003,night,normal,5.8,21.0,89.5,Sunny,Unfastened,LOW,3.3,True,9.79,2
SYNTH010417,2025-06-26 18:20:50,BCK004,Backhoe,OP1020,day,proximity_breach,6.9,2.9,91.1,Cloudy,Unfastened,HIGH,1.5,True,9.81,4
EVT00341,2025-10-04 01:02:00,LDR002,Loader,OP1009,night,normal,3.62,20.3,83.7,Cloudy,Unfastened,LOW,8.5,False,8.18,2
EVT00432,2025-07-22 03:20:00,GRD003,Grader,OP1056,night,normal,4.15,16.6,85.2,Rainy,Unfastened,LOW,1.3,True,7.36,2
SYNTH010297,2025-06-25 12:20:20,GRD002,Grader,OP1048,day,overspeed,15.29,16.3,100.0,Cloudy,Fastened,HIGH,13.0,True,19.64,8
EVT00218,2025-04-11 10:42:00,EXC002,Excavator,OP1053,day,normal,4.74,22.7,84.8,Windy,Unfastened,LOW,5.3,True,9.1,2
EVT00204,2025-04-11 07:40:00,EXC002,Excavator,OP1053,day,normal,4.58,27.5,89.9,Windy,Unfastened,LOW,12.3,True,7.37,1
SYNTH010131,2025-06-23 18:53:11,LDR001,Loader,OP1054,day,high_fuel,4.0,26.0,90.7,Cloudy,Unfastened,MEDIUM,2.6,True,24.01,2
EVT00094,2025-12-10 08:54:00,GRD003,Grader,OP1019,day,proximity_breach,7.45,2.1,92.3,Cloudy,Fastened,HIGH,11.8,True,7.7,2
SYNTH010039,2025-06-22 19:45:31,DZR004,Dozer,OP1042,day,erratic_accel,5.35,5.0,94.0,Foggy,Unfastened,HIGH,12.1,True,14.57,14
EVT00069,2025-12-17 10:40:00,EXC006,Excavator,OP1045,day,normal,5.47,8.7,83.4,Windy,Unfastened,LOW,11.4,True,7.28,1
SYNTH010427,2025-06-26 20:52:39,EXC003,Excavator,OP1024,night,proximity_breach,4.7,2.6,81.6,Windy,Fastened,HIGH,6.6,False,10.55,3
EVT00285,2026-06-18 12:54:00,LDR002,Loader,OP1050,day,normal,3.29,15.0,90.9,Rainy,Unfastened,LOW,6.9,True,7.64,2
SYNTH010336,2025-06-25 22:04:09,BCK002,Backhoe,OP1018,night,overspeed,15.32,10.4,87.1,Windy,Fastened,MEDIUM,6.7,False,20.95,4
EVT00435,2025-07-22 04:20:00,GRD003,Grader,OP1056,night,normal,5.62,21.4,82.4,Rainy,Unfastened,LOW,9.0,True,8.73,1
SYNTH010038,2025-06-22 19:31:27,GRD002,Grader,OP1011,day,erratic_accel,5.48,19.6,97.6,Sunny,Unfastened,HIGH,13.8,True,13.78,11
EVT00154,2026-05-05 22:08:00,EXC005,Excavator,OP1025,night,normal,6.9,12.1,85.3,Cloudy,Unfastened,LOW,11.8,True,8.48,1
EVT00076,2025-12-17 13:42:00,EXC006,Excavator,OP1045,day,normal,6.14,1.6,87.3,Windy,Fastened,HIGH,6.7,True,5.82,2
SYNTH010253,2025-06-25 01:21:55,LDR001,Loader,OP1039,night,high_fuel,5.5,11.2,86.8,Rainy,Unfastened,MEDIUM,13.8,True,22.15,5
EVT00581,2025-01-27 22:16:00,EXC007,Excavator,OP1003,night,proximity_breach,6.12,0.7,85.4,Sunny,Unfastened,HIGH,1.1,True,10.01,1
EVT00447,2025-11-20 09:44:00,EXC002,Excavator,OP1029,day,normal,4.41,18.9,90.0,Sunny,Unfastened,LOW,7.1,False,9.08,2
EVT00189,2026-05-06 03:26:00,EXC005,Excavator,OP1025,night,normal,6.73,14.3,87.8,Cloudy,Unfastened,LOW,8.8,True,9.81,2
EVT00272,2026-06-18 12:02:00,LDR002,Loader,OP1050,day,temp_spike,0.78,15.9,109.0,Rainy,Fastened,MEDIUM,3.9,True,13.48,0
EVT00237,2025-04-11 15:12:00,EXC002,Excavator,OP1053,day,normal,8.18,13.2,87.7,Windy,Unfastened,LOW,1.6,True,6.19,2
EVT00488,2025-11-20 17:16:00,EXC002,Excavator,OP1029,day,normal,7.45,17.5,83.3,Sunny,Unfastened,LOW,14.0,True,5.76,2
SYNTH010431,2025-06-26 21:53:53,EXC003,Excavator,OP1048,night,proximity_breach,5.91,0.8,81.2,Sunny,Fastened,MEDIUM,7.5,True,8.36,4
EVT00560,2026-09-07 16:56:00,LDR001,Loader,OP1034,day,normal,5.06,21.9,88.6,Windy,Unfastened,LOW,3.6,False,8.82,0
EVT00118,2025-12-10 12:54:00,GRD003,Grader,OP1019,day,proximity_breach,6.42,2.3,85.5,Cloudy,Fastened,HIGH,4.1,True,12.28,4
SYNTH010261,2025-06-25 03:18:20,EXC003,Excavator,OP1009,night,high_fuel,3.43,11.0,87.1,Windy,Unfastened,LOW,5.1,False,27.85,4
SYNTH010352,2025-06-26 02:00:15,GRD001,Grader,OP1005,night,temp_spike,2.1,11.2,112.4,Cloudy,Fastened,MEDIUM,8.9,True,14.88,1
EVT00513,2026-08-11 12:28:00,GRD002,Grader,OP1027,day,normal,6.36,0.5,86.0,Sunny,Fastened,HIGH,4.2,True,5.07,0
EVT00634,2025-05-14 11:38:00,BCK004,Backhoe,OP1021,day,temp_spike,5.44,4.1,110.3,Sunny,Fastened,MEDIUM,8.8,False,14.24,1
SYNTH010028,2025-06-22 17:02:09,BCK002,Backhoe,OP1059,day,erratic_accel,7.79,13.6,80.9,Rainy,Fastened,MEDIUM,7.7,True,13.16,14
SYNTH010214,2025-06-24 15:41:59,DZR002,Dozer,OP1032,day,high_fuel,4.88,22.7,94.5,Cloudy,Fastened,MEDIUM,1.6,True,23.4,4
SYNTH010084,2025-06-23 07:05:22,EXC002,Excavator,OP1006,day,erratic_accel,13.52,10.4,98.9,Cloudy,Fastened,HIGH,8.1,True,13.3,13
EVT00127,2025-12-10 13:14:00,GRD003,Grader,OP1019,day,proximity_breach,9.52,1.1,87.0,Cloudy,Fastened,HIGH,4.5,True,9.4,3
EVT00117,2025-12-10 12:52:00,GRD003,Grader,OP1019,day,proximity_breach,5.9,2.2,83.7,Cloudy,Unfastened,HIGH,5.8,True,10.9,4
EVT00474,2025-11-20 15:02:00,EXC002,Excavator,OP1029,day,proximity_breach,7.97,0.8,84.0,Sunny,Fastened,HIGH,7.7,True,11.04,3
SYNTH010204,2025-06-24 13:09:06,BCK001,Backhoe,OP1040,day,high_fuel,3.57,10.2,88.1,Cloudy,Unfastened,LOW,2.8,True,25.33,2
EVT00058,2025-12-17 08:32:00,EXC006,Excavator,OP1045,day,temp_spike,4.44,19.8,108.0,Windy,Fastened,MEDIUM,13.6,True,13.51,2
EVT00604,2025-01-28 03:06:00,EXC007,Excavator,OP1003,night,normal,8.47,12.9,89.4,Sunny,Unfastened,LOW,10.1,True,9.1,0
SYNTH010339,2025-06-25 22:56:33,BCK004,Backhoe,OP1013,night,temp_spike,6.3,19.8,100.3,Rainy,Unfastened,HIGH,5.8,True,15.97,0
SYNTH010002,2025-06-22 10:32:14,EXC001,Excavator,OP1003,day,erratic_accel,13.91,18.6,93.9,Sunny,Unfastened,MEDIUM,9.4,True,15.34,8
SYNTH010130,2025-06-23 18:37:53,EXC001,Excavator,OP1011,day,high_fuel,6.65,21.7,100.9,Foggy,Fastened,LOW,2.9,True,31.08,5
SYNTH010145,2025-06-23 22:20:46,DZR001,Dozer,OP1013,night,high_fuel,3.0,26.2,88.1,Cloudy,Fastened,MEDIUM,7.9,True,27.22,4
EVT00106,2025-12-10 09:18:00,GRD003,Grader,OP1019,day,proximity_breach,7.53,0.3,83.9,Cloudy,Unfastened,HIGH,3.7,True,8.78,3
EVT00636,2025-05-14 11:42:00,BCK004,Backhoe,OP1021,day,temp_spike,7.72,6.0,114.4,Sunny,Fastened,MEDIUM,3.2,True,14.58,3
EVT00370,2025-09-23 12:08:00,EXC005,Excavator,OP1044,day,normal,6.3,1.6,88.5,Windy,Fastened,HIGH,5.5,True,6.89,0
EVT00269,2026-06-18 11:56:00,LDR002,Loader,OP1050,day,temp_spike,3.99,20.1,108.3,Rainy,Fastened,MEDIUM,3.7,True,16.22,1
SYNTH010001,2025-06-22 10:22:21,BCK002,Backhoe,OP1025,day,erratic_accel,12.92,6.1,88.8,Foggy,Unfastened,MEDIUM,12.6,True,13.42,14
EVT00047,2025-03-10 17:18:00,DZR004,Dozer,OP1035,day,normal,7.5,18.0,89.8,Sunny,Unfastened,LOW,1.0,False,9.25,1
EVT00350,2025-10-04 04:42:00,LDR002,Loader,OP1009,night,normal,2.96,5.4,88.7,Cloudy,Unfastened,MEDIUM,4.3,False,9.9,0
EVT00196,2025-04-11 06:04:00,EXC002,Excavator,OP1053,day,normal,6.01,18.5,39.0,Windy,Unfastened,LOW,3.7,True,8.69,2
EVT00103,2025-12-10 09:12:00,GRD003,Grader,OP1019,day,proximity_breach,9.22,1.3,87.2,Cloudy,Fastened,HIGH,2.5,True,9.58,3
EVT00005,2025-03-10 08:08:00,DZR004,Dozer,OP1035,day,normal,7.96,22.6,85.2,Sunny,Unfastened,LOW,2.7,True,7.3,0
SYNTH010326,2025-06-25 19:31:39,DZR002,Dozer,OP1002,day,overspeed,13.53,17.4,97.0,Windy,Unfastened,HIGH,13.0,True,16.48,6
SYNTH010448,2025-06-27 02:03:27,DZR003,Dozer,OP1044,night,proximity_breach,8.89,3.0,85.3,Sunny,Fastened,HIGH,10.6,False,10.84,2
SYNTH010259,2025-06-25 02:52:06,GRD002,Grader,OP1048,night,high_fuel,3.67,21.4,87.6,Cloudy,Fastened,MEDIUM,11.5,False,27.5,3
EVT00264,2026-06-18 10:10:00,LDR002,Loader,OP1050,day,normal,3.35,7.8,84.6,Rainy,Unfastened,MEDIUM,5.6,True,9.93,0
SYNTH010380,2025-06-26 09:06:19,EXC001,Excavator,OP1009,day,temp_spike,2.46,20.9,117.5,Windy,Fastened,HIGH,6.6,False,13.17,0
EVT00444,2025-11-20 09:36:00,EXC002,Excavator,OP1029,day,normal,5.5,15.2,81.8,Sunny,Unfastened,LOW,11.5,True,8.17,1
SYNTH010185,2025-06-24 08:21:42,LDR001,Loader,OP1029,day,high_fuel,5.23,11.3,99.6,Cloudy,Unfastened,MEDIUM,7.5,True,29.85,4
SYNTH010350,2025-06-26 01:32:06,GRD002,Grader,OP1036,night,temp_spike,3.49,21.3,114.1,Sunny,Fastened,MEDIUM,6.3,False,10.06,3
SYNTH010287,2025-06-25 09:49:53,DZR004,Dozer,OP1045,day,overspeed,14.54,15.9,90.5,Sunny,Fastened,MEDIUM,5.4,True,20.47,3
EVT00305,2025-10-03 19:22:00,LDR002,Loader,OP1009,night,normal,7.24,10.6,90.6,Cloudy,Unfastened,LOW,5.4,False,7.08,0
EVT00342,2025-10-04 01:32:00,LDR002,Loader,OP1009,night,normal,8.3,1.0,89.4,Cloudy,Fastened,HIGH,11.3,True,7.19,2
SYNTH010190,2025-06-24 09:37:38,DZR003,Dozer,OP1003,day,high_fuel,6.18,15.8,90.4,Windy,Fastened,LOW,4.9,True,32.36,3
EVT00314,2025-10-03 20:56:00,LDR002,Loader,OP1009,night,proximity_breach,8.26,1.1,88.4,Cloudy,Fastened,HIGH,7.5,True,12.79,3
EVT00150,2026-05-05 21:32:00,EXC005,Excavator,OP1025,night,erratic_accel,4.65,4.1,89.8,Cloudy,Unfastened,MEDIUM,11.2,True,16.47,12
EVT00125,2025-12-10 13:10:00,GRD003,Grader,OP1019,day,proximity_breach,6.59,1.5,84.7,Cloudy,Fastened,HIGH,11.0,True,12.82,2
SYNTH010315,2025-06-25 16:54:12,GRD002,Grader,OP1003,day,overspeed,13.92,7.5,103.8,Cloudy,Unfastened,HIGH,13.9,False,18.49,6
SYNTH010357,2025-06-26 03:19:52,DZR003,Dozer,OP1045,night,temp_spike,2.28,10.2,101.7,Windy,Unfastened,HIGH,4.8,True,12.36,1
SYNTH010043,2025-06-22 20:45:57,EXC005,Excavator,OP1040,night,erratic_accel,11.74,15.1,88.8,Sunny,Unfastened,HIGH,9.6,True,20.49,10
SYNTH010010,2025-06-22 12:40:27,BCK002,Backhoe,OP1047,day,erratic_accel,15.63,17.7,82.9,Foggy,Unfastened,MEDIUM,5.5,True,19.93,12
EVT00051,2025-12-17 06:06:00,EXC006,Excavator,OP1045,day,normal,4.47,8.9,36.4,Windy,Unfastened,LOW,6.5,False,9.44,0
EVT00354,2025-09-23 06:38:00,EXC005,Excavator,OP1044,day,normal,2.26,16.9,90.9,Windy,Unfastened,LOW,1.3,False,7.3,2
SYNTH010424,2025-06-26 20:00:23,LDR003,Loader,OP1021,night,proximity_breach,8.22,3.0,89.3,Foggy,Fastened,HIGH,11.2,False,6.43,4
EVT00143,2026-05-05 18:08:00,EXC005,Excavator,OP1025,night,normal,3.69,7.5,51.1,Cloudy,Unfastened,MEDIUM,6.0,False,5.22,1
EVT00471,2025-11-20 14:56:00,EXC002,Excavator,OP1029,day,proximity_breach,6.84,2.5,83.5,Sunny,Fastened,HIGH,7.5,True,9.52,4
EVT00654,2025-05-14 16:38:00,BCK004,Backhoe,OP1021,day,normal,4.13,28.5,86.8,Sunny,Unfastened,LOW,4.8,True,9.26,1
EVT00400,2025-07-21 22:10:00,GRD003,Grader,OP1056,night,temp_spike,4.95,20.7,111.2,Rainy,Fastened,MEDIUM,7.9,False,14.85,0
SYNTH010381,2025-06-26 09:17:26,LDR002,Loader,OP1053,day,temp_spike,3.63,13.9,117.9,Foggy,Unfastened,MEDIUM,4.6,False,15.72,0
EVT00321,2025-10-03 21:14:00,LDR002,Loader,OP1009,night,proximity_breach,9.41,1.3,88.2,Cloudy,Fastened,HIGH,12.4,True,12.39,3
EVT00020,2025-03-10 11:04:00,DZR004,Dozer,OP1035,day,erratic_accel,5.15,17.0,88.7,Sunny,Unfastened,LOW,8.2,True,21.69,7
SYNTH010030,2025-06-22 17:38:46,GRD001,Grader,OP1029,day,erratic_accel,9.33,19.8,83.9,Rainy,Fastened,HIGH,14.7,True,13.16,7
SYNTH010342,2025-06-25 23:35:06,GRD003,Grader,OP1016,night,temp_spike,6.04,13.4,100.3,Rainy,Fastened,MEDIUM,2.2,True,17.31,1
SYNTH010319,2025-06-25 17:56:06,DZR004,Dozer,OP1053,day,overspeed,17.7,14.9,99.3,Foggy,Fastened,HIGH,13.4,True,18.28,4
SYNTH010410,2025-06-26 16:30:10,EXC001,Excavator,OP1002,day,proximity_breach,7.66,2.5,78.2,Foggy,Fastened,HIGH,8.0,True,10.79,2
EVT00408,2025-07-21 22:28:00,GRD003,Grader,OP1056,night,temp_spike,4.95,14.6,108.6,Rainy,Fastened,MEDIUM,4.9,True,13.28,3
EVT00538,2026-09-07 09:10:00,LDR001,Loader,OP1034,day,normal,5.86,14.3,83.4,Windy,Unfastened,LOW,12.7,True,7.53,1
SYNTH010333,2025-06-25 21:23:41,DZR001,Dozer,OP1038,night,overspeed,12.37,13.1,91.7,Rainy,Unfastened,HIGH,9.7,True,16.6,7
SYNTH010120,2025-06-23 16:04:06,BCK001,Backhoe,OP1037,day,erratic_accel,12.89,7.4,96.6,Foggy,Unfastened,MEDIUM,12.8,True,13.8,14
EVT00039,2025-03-10 15:20:00,DZR004,Dozer,OP1035,day,normal,6.29,19.8,91.0,Sunny,Unfastened,LOW,6.5,True,5.83,0
EVT00176,2026-05-06 02:04:00,EXC005,Excavator,OP1025,night,proximity_breach,7.78,1.3,83.2,Cloudy,Fastened,HIGH,4.4,True,9.76,1
EVT00246,2025-04-11 17:36:00,EXC002,Excavator,OP1053,day,normal,5.67,0.5,81.6,Windy,Fastened,HIGH,6.8,False,8.38,2
SYNTH010365,2025-06-26 05:17:33,DZR004,Dozer,OP1005,night,temp_spike,5.61,8.1,115.3,Foggy,Unfastened,HIGH,14.7,False,16.4,0
SYNTH010437,2025-06-26 23:18:13,LDR002,Loader,OP1009,night,proximity_breach,5.4,0.8,87.6,Rainy,Fastened,HIGH,1.4,True,9.57,1
SYNTH010278,2025-06-25 07:36:39,GRD003,Grader,OP1018,day,overspeed,18.72,7.9,86.1,Cloudy,Unfastened,MEDIUM,10.1,True,14.18,3
EVT00490,2025-11-20 17:54:00,EXC002,Excavator,OP1029,day,normal,4.04,26.6,88.7,Sunny,Unfastened,LOW,5.7,True,5.39,1
EVT00155,2026-05-05 22:10:00,EXC005,Excavator,OP1025,night,normal,3.97,10.5,92.7,Cloudy,Unfastened,LOW,7.5,True,5.49,2
EVT00639,2025-05-14 11:54:00,BCK004,Backhoe,OP1021,day,erratic_accel,9.16,2.6,88.1,Sunny,Unfastened,HIGH,7.1,True,17.68,7
SYNTH010008,2025-06-22 12:07:24,EXC005,Excavator,OP1049,day,erratic_accel,10.72,7.0,88.3,Foggy,Fastened,HIGH,5.0,True,16.89,7
EVT00288,2026-06-18 13:52:00,LDR002,Loader,OP1050,day,normal,3.88,26.7,87.8,Rainy,Unfastened,LOW,8.5,True,7.62,0
EVT00626,2025-05-14 09:58:00,BCK004,Backhoe,OP1021,day,normal,3.8,20.7,85.7,Sunny,Unfastened,LOW,15.2,True,7.11,0
SYNTH010031,2025-06-22 17:55:25,DZR002,Dozer,OP1040,day,erratic_accel,13.22,6.9,97.5,Windy,Fastened,MEDIUM,4.0,True,16.54,10
SYNTH010100,2025-06-23 11:01:17,BCK004,Backhoe,OP1026,day,erratic_accel,9.55,12.5,84.8,Rainy,Unfastened,HIGH,6.6,True,18.55,13
EVT00570,2025-01-27 20:12:00,EXC007,Excavator,OP1003,night,normal,6.84,3.0,89.5,Sunny,Unfastened,MEDIUM,8.1,True,5.09,1
SYNTH010267,2025-06-25 04:45:27,LDR002,Loader,OP1004,night,overspeed,14.09,6.0,96.0,Rainy,Unfastened,HIGH,2.6,True,16.36,6
SYNTH010080,2025-06-23 06:05:08,EXC001,Excavator,OP1005,day,erratic_accel,15.35,19.4,94.7,Rainy,Fastened,HIGH,8.6,True,17.61,8
EVT00018,2025-03-10 10:24:00,DZR004,Dozer,OP1035,day,normal,7.58,8.6,84.9,Sunny,Unfastened,LOW,12.9,True,8.4,0
EVT00128,2025-12-10 13:16:00,GRD003,Grader,OP1019,day,proximity_breach,8.98,2.1,82.2,Cloudy,Fastened,HIGH,14.1,True,10.56,1
EVT00323,2025-10-03 21:18:00,LDR002,Loader,OP1009,night,proximity_breach,7.6,2.6,88.9,Cloudy,Fastened,HIGH,8.5,True,11.3,3
EVT00256,2026-06-18 07:08:00,LDR002,Loader,OP1050,day,normal,3.64,13.2,89.5,Rainy,Unfastened,LOW,8.3,True,6.75,1
SYNTH010163,2025-06-24 02:56:43,EXC005,Excavator,OP1002,night,high_fuel,7.85,12.0,93.1,Foggy,Fastened,LOW,9.2,True,27.8,4
SYNTH010450,2025-06-27 02:38:34,BCK001,Backhoe,OP1034,night,proximity_breach,8.28,2.0,87.2,Windy,Fastened,MEDIUM,9.3,True,10.36,3
EVT00191,2026-05-06 04:06:00,EXC005,Excavator,OP1025,night,normal,5.8,18.8,85.8,Cloudy,Unfastened,LOW,1.0,True,5.29,1
EVT00116,2025-12-10 12:48:00,GRD003,Grader,OP1019,day,normal,4.36,25.6,87.3,Cloudy,Unfastened,LOW,8.8,True,6.7,2
SYNTH010444,2025-06-27 01:05:17,LDR002,Loader,OP1059,night,proximity_breach,8.57,1.9,94.3,Cloudy,Fastened,MEDIUM,1.3,True,8.09,4
SYNTH010242,2025-06-24 22:39:59,LDR001,Loader,OP1017,night,high_fuel,4.11,15.7,90.2,Foggy,Unfastened,MEDIUM,7.3,True,33.06,3
EVT00607,2025-01-28 03:30:00,EXC007,Excavator,OP1003,night,normal,6.92,30.0,86.2,Sunny,Unfastened,LOW,4.2,False,5.52,0
EVT00181,2026-05-06 02:14:00,EXC005,Excavator,OP1025,night,proximity_breach,11.12,0.4,87.9,Cloudy,Fastened,HIGH,10.5,False,9.72,3
EVT00302,2026-06-18 17:04:00,LDR002,Loader,OP1050,day,normal,5.78,7.4,84.9,Rainy,Unfastened,MEDIUM,2.5,True,9.07,0
SYNTH010284,2025-06-25 09:02:23,GRD001,Grader,OP1027,day,overspeed,17.7,8.6,99.8,Cloudy,Unfastened,MEDIUM,11.9,True,16.09,3
SYNTH010230,2025-06-24 19:39:22,GRD003,Grader,OP1031,day,high_fuel,4.52,26.8,87.4,Rainy,Fastened,MEDIUM,8.4,True,27.13,5
SYNTH010244,2025-06-24 23:03:13,LDR001,Loader,OP1036,night,high_fuel,5.04,12.3,88.4,Windy,Fastened,MEDIUM,12.2,True,34.64,5
SYNTH010196,2025-06-24 11:01:39,EXC002,Excavator,OP1025,day,high_fuel,4.14,20.7,103.6,Rainy,Unfastened,MEDIUM,9.9,True,26.65,3
SYNTH010307,2025-06-25 14:45:27,EXC002,Excavator,OP1007,day,overspeed,16.83,21.8,100.1,Rainy,Fastened,HIGH,14.9,False,14.78,7
SYNTH010171,2025-06-24 04:51:09,BCK002,Backhoe,OP1055,night,high_fuel,6.69,19.4,86.4,Rainy,Fastened,LOW,3.9,False,25.0,5
EVT00518,2026-08-11 14:10:00,GRD002,Grader,OP1027,day,erratic_accel,4.47,13.6,88.2,Sunny,Unfastened,LOW,8.6,False,14.66,12
EVT00373,2025-09-23 13:38:00,EXC005,Excavator,OP1044,day,normal,6.35,2.3,87.6,Windy,Fastened,HIGH,7.5,True,5.92,2
EVT00046,2025-03-10 17:14:00,DZR004,Dozer,OP1035,day,normal,7.22,21.8,91.7,Sunny,Unfastened,LOW,1.0,False,5.58,2
EVT00477,2025-11-20 15:08:00,EXC002,Excavator,OP1029,day,proximity_breach,9.54,1.3,87.7,Sunny,Fastened,HIGH,9.7,True,10.19,4
EVT00158,2026-05-05 23:36:00,EXC005,Excavator,OP1025,night,normal,5.49,13.8,84.0,Cloudy,Unfastened,LOW,2.5,False,9.39,0
SYNTH010268,2025-06-25 05:06:47,BCK003,Backhoe,OP1014,night,overspeed,13.48,7.9,102.6,Cloudy,Fastened,HIGH,2.1,False,20.04,3
EVT00172,2026-05-06 01:56:00,EXC005,Excavator,OP1025,night,proximity_breach,7.34,2.3,88.4,Cloudy,Fastened,HIGH,11.4,True,12.87,2
EVT00017,2025-03-10 10:16:00,DZR004,Dozer,OP1035,day,normal,4.92,20.0,89.4,Sunny,Unfastened,LOW,4.4,True,5.23,2
EVT00512,2026-08-11 11:10:00,GRD002,Grader,OP1027,day,normal,7.92,12.1,87.3,Sunny,Unfastened,LOW,8.2,True,6.39,1
EVT00049,2025-03-10 17:38:00,DZR004,Dozer,OP1035,day,normal,4.28,14.5,85.3,Sunny,Unfastened,LOW,8.5,True,6.55,0
EVT00192,2026-05-06 04:24:00,EXC005,Excavator,OP1025,night,normal,5.45,31.2,86.3,Cloudy,Unfastened,LOW,8.1,False,5.78,1
EVT00547,2026-09-07 11:22:00,LDR001,Loader,OP1034,day,normal,3.81,22.7,83.2,Windy,Unfastened,LOW,6.6,False,6.62,1
EVT00516,2026-08-11 13:14:00,GRD002,Grader,OP1027,day,normal,7.47,23.6,93.2,Sunny,Unfastened,LOW,12.4,True,7.79,1
SYNTH010191,2025-06-24 09:54:51,GRD003,Grader,OP1032,day,high_fuel,6.8,13.4,86.8,Foggy,Fastened,MEDIUM,7.1,True,23.89,3
SYNTH010197,2025-06-24 11:24:39,LDR002,Loader,OP1020,day,high_fuel,7.7,19.1,104.0,Foggy,Fastened,MEDIUM,13.1,True,33.88,5
EVT00481,2025-11-20 15:18:00,EXC002,Excavator,OP1029,day,high_fuel,6.91,18.4,93.6,Sunny,Unfastened,LOW,4.8,True,24.32,4
EVT00284,2026-06-18 12:34:00,LDR002,Loader,OP1050,day,temp_spike,2.87,14.7,108.9,Rainy,Fastened,MEDIUM,9.8,False,12.58,3
SYNTH010236,2025-06-24 21:10:49,DZR001,Dozer,OP1006,night,high_fuel,4.63,10.7,90.4,Cloudy,Fastened,MEDIUM,5.5,True,23.16,5
SYNTH010159,2025-06-24 01:51:37,GRD002,Grader,OP1012,night,high_fuel,4.13,25.8,101.2,Windy,Unfastened,MEDIUM,13.2,True,31.95,4
EVT00226,2025-04-11 12:04:00,EXC002,Excavator,OP1053,day,normal,5.58,25.3,86.7,Windy,Unfastened,LOW,8.3,True,8.41,1
EVT00027,2025-03-10 13:00:00,DZR004,Dozer,OP1035,day,normal,5.45,21.8,88.0,Sunny,Unfastened,LOW,11.4,True,7.73,1
SYNTH010311,2025-06-25 15:56:27,GRD001,Grader,OP1027,day,overspeed,19.38,7.4,93.8,Rainy,Fastened,HIGH,14.1,False,20.56,6
SYNTH010421,2025-06-26 19:22:54,EXC001,Excavator,OP1008,day,proximity_breach,4.86,2.1,78.9,Foggy,Fastened,HIGH,12.0,True,8.1,4
EVT00438,2025-07-22 05:32:00,GRD003,Grader,OP1056,night,normal,4.98,7.9,86.8,Rainy,Unfastened,MEDIUM,9.1,True,5.33,1
SYNTH010438,2025-06-26 23:35:06,LDR001,Loader,OP1008,night,proximity_breach,4.35,2.9,84.9,Windy,Unfastened,MEDIUM,4.3,False,8.7,4
EVT00365,2025-09-23 11:20:00,EXC005,Excavator,OP1044,day,high_fuel,3.24,21.7,86.1,Windy,Unfastened,LOW,13.0,True,27.55,2
EVT00230,2025-04-11 13:06:00,EXC002,Excavator,OP1053,day,normal,7.01,2.4,86.2,Windy,Fastened,HIGH,4.1,True,9.68,0
EVT00038,2025-03-10 15:14:00,DZR004,Dozer,OP1035,day,normal,6.86,1.9,88.3,Sunny,Fastened,HIGH,9.4,False,5.7,2
SYNTH010015,2025-06-22 13:52:49,LDR003,Loader,OP1053,day,erratic_accel,7.23,18.6,86.8,Foggy,Fastened,HIGH,7.5,True,16.56,11
SYNTH010095,2025-06-23 09:54:32,GRD002,Grader,OP1030,day,erratic_accel,9.15,9.6,97.4,Foggy,Unfastened,MEDIUM,4.5,True,17.4,10
SYNTH010451,2025-06-27 02:49:36,EXC004,Excavator,OP1039,night,proximity_breach,4.15,1.0,79.1,Sunny,Fastened,HIGH,7.2,False,8.88,3
EVT00375,2025-09-23 14:14:00,EXC005,Excavator,OP1044,day,normal,5.65,2.6,87.4,Windy,Fastened,HIGH,5.2,True,6.18,2
EVT00470,2025-11-20 14:54:00,EXC002,Excavator,OP1029,day,proximity_breach,5.91,2.2,83.9,Sunny,Fastened,HIGH,2.8,True,6.89,4
SYNTH010452,2025-06-27 03:11:33,EXC001,Excavator,OP1007,night,proximity_breach,3.56,1.6,78.2,Windy,Fastened,HIGH,11.8,False,11.98,2
SYNTH010033,2025-06-22 18:18:55,GRD002,Grader,OP1038,day,erratic_accel,9.26,20.3,99.3,Cloudy,Fastened,HIGH,5.2,True,15.96,6
EVT00033,2025-03-10 14:12:00,DZR004,Dozer,OP1035,day,normal,4.23,13.2,87.2,Sunny,Unfastened,LOW,8.8,True,7.6,1
SYNTH010460,2025-06-27 05:07:23,BCK003,Backhoe,OP1049,night,proximity_breach,8.24,1.0,80.0,Windy,Fastened,MEDIUM,8.5,True,8.56,3
SYNTH010247,2025-06-24 23:52:39,GRD001,Grader,OP1031,night,high_fuel,5.34,21.1,93.2,Rainy,Fastened,LOW,8.9,False,23.02,2
EVT00195,2026-05-06 05:34:00,EXC005,Excavator,OP1025,night,normal,6.22,34.4,91.7,Cloudy,Unfastened,LOW,11.7,False,6.4,0
SYNTH010383,2025-06-26 09:51:56,BCK002,Backhoe,OP1006,day,temp_spike,5.88,9.2,119.8,Rainy,Fastened,MEDIUM,8.0,False,12.4,0
SYNTH010465,2025-06-27 06:18:50,EXC002,Excavator,OP1024,day,proximity_breach,6.0,1.9,86.9,Rainy,Fastened,HIGH,9.0,True,8.43,4
EVT00504,2026-08-11 09:30:00,GRD002,Grader,OP1027,day,normal,7.04,6.9,88.1,Sunny,Unfastened,MEDIUM,7.3,True,6.73,1
SYNTH010453,2025-06-27 03:17:28,GRD003,Grader,OP1033,night,proximity_breach,8.92,2.5,86.6,Foggy,Fastened,HIGH,14.7,True,7.58,3
SYNTH010368,2025-06-26 06:01:15,GRD001,Grader,OP1045,day,temp_spike,5.05,23.6,104.7,Foggy,Fastened,MEDIUM,4.6,True,15.78,0
SYNTH010146,2025-06-23 22:30:23,LDR001,Loader,OP1035,night,high_fuel,7.75,20.4,92.1,Rainy,Fastened,MEDIUM,9.0,True,32.71,2
EVT00580,2025-01-27 22:14:00,EXC007,Excavator,OP1003,night,proximity_breach,6.3,1.6,85.3,Sunny,Fastened,HIGH,11.1,False,10.66,3
EVT00161,2026-05-06 00:18:00,EXC005,Excavator,OP1025,night,normal,3.72,26.9,86.0,Cloudy,Unfastened,LOW,3.4,True,6.47,2
SYNTH010026,2025-06-22 16:34:02,EXC005,Excavator,OP1030,day,erratic_accel,5.75,12.6,92.9,Windy,Fastened,HIGH,3.3,True,13.33,10
SYNTH010404,2025-06-26 15:11:12,DZR001,Dozer,OP1058,day,temp_spike,4.09,16.8,102.5,Cloudy,Fastened,HIGH,5.0,True,10.88,2
EVT00163,2026-05-06 00:32:00,EXC005,Excavator,OP1025,night,normal,7.16,25.3,86.0,Cloudy,Unfastened,LOW,1.4,False,9.34,0
SYNTH010167,2025-06-24 03:49:53,DZR001,Dozer,OP1049,night,high_fuel,4.93,26.9,95.8,Cloudy,Fastened,LOW,6.6,False,22.83,5
SYNTH010051,2025-06-22 22:45:18,EXC005,Excavator,OP1025,night,erratic_accel,6.79,6.4,97.1,Windy,Fastened,MEDIUM,4.9,False,13.0,7
SYNTH010215,2025-06-24 15:51:07,DZR004,Dozer,OP1031,day,high_fuel,3.62,21.3,90.6,Sunny,Fastened,LOW,12.7,True,20.37,3
EVT00153,2026-05-05 22:06:00,EXC005,Excavator,OP1025,night,normal,4.03,12.3,89.1,Cloudy,Unfastened,LOW,5.6,True,6.97,1
SYNTH010192,2025-06-24 10:10:39,GRD001,Grader,OP1015,day,high_fuel,5.79,10.7,98.3,Sunny,Unfastened,LOW,5.6,False,34.94,3
SYNTH010212,2025-06-24 15:07:28,LDR001,Loader,OP1042,day,high_fuel,6.96,21.3,100.0,Windy,Fastened,MEDIUM,5.9,True,27.29,3
SYNTH010280,2025-06-25 08:03:59,GRD002,Grader,OP1012,day,overspeed,12.73,9.8,92.0,Cloudy,Fastened,HIGH,5.5,True,21.69,7
EVT00112,2025-12-10 10:20:00,GRD003,Grader,OP1019,day,normal,6.71,0.5,85.2,Cloudy,Fastened,HIGH,6.3,True,9.91,0
EVT00227,2025-04-11 12:42:00,EXC002,Excavator,OP1053,day,normal,5.41,0.8,91.3,Windy,Fastened,HIGH,7.5,True,9.07,0
SYNTH010199,2025-06-24 11:53:13,EXC004,Excavator,OP1033,day,high_fuel,6.05,22.6,101.8,Windy,Fastened,MEDIUM,9.9,False,33.22,3
EVT00104,2025-12-10 09:14:00,GRD003,Grader,OP1019,day,proximity_breach,7.35,1.3,85.1,Cloudy,Fastened,HIGH,11.2,True,8.44,3
EVT00422,2025-07-22 00:42:00,GRD003,Grader,OP1056,night,normal,2.4,0.7,83.0,Rainy,Unfastened,MEDIUM,7.1,True,6.44,0
EVT00420,2025-07-22 00:12:00,GRD003,Grader,OP1056,night,normal,3.79,25.7,85.2,Rainy,Unfastened,LOW,3.7,True,8.68,2
SYNTH010274,2025-06-25 06:33:24,GRD002,Grader,OP1059,day,overspeed,14.27,16.3,86.6,Foggy,Fastened,HIGH,11.4,True,18.78,6
EVT00587,2025-01-27 22:30:00,EXC007,Excavator,OP1003,night,proximity_breach,8.24,2.5,89.3,Sunny,Fastened,HIGH,1.7,True,11.4,1
SYNTH010308,2025-06-25 15:00:05,EXC001,Excavator,OP1012,day,overspeed,21.54,7.1,85.4,Windy,Unfastened,HIGH,14.9,False,15.1,5
SYNTH010018,2025-06-22 14:32:00,EXC002,Excavator,OP1049,day,erratic_accel,15.42,7.1,99.7,Sunny,Unfastened,HIGH,1.7,True,19.38,13
EVT00120,2025-12-10 12:58:00,GRD003,Grader,OP1019,day,proximity_breach,6.9,2.4,85.3,Cloudy,Fastened,HIGH,3.7,True,10.49,3
EVT00054,2025-12-17 07:06:00,EXC006,Excavator,OP1045,day,normal,6.44,9.6,86.5,Windy,Unfastened,LOW,6.1,False,8.61,2
EVT00152,2026-05-05 21:46:00,EXC005,Excavator,OP1025,night,erratic_accel,6.18,7.4,84.1,Cloudy,Unfastened,MEDIUM,8.2,False,14.53,14
EVT00404,2025-07-21 22:20:00,GRD003,Grader,OP1056,night,temp_spike,3.22,19.9,111.8,Rainy,Fastened,MEDIUM,4.9,False,11.49,1
SYNTH010459,2025-06-27 04:55:34,LDR003,Loader,OP1033,night,proximity_breach,9.39,2.7,86.5,Sunny,Fastened,HIGH,3.7,False,9.18,4
EVT00208,2025-04-11 08:14:00,EXC002,Excavator,OP1053,day,normal,8.09,13.0,89.3,Windy,Unfastened,LOW,8.3,True,6.99,1
SYNTH010408,2025-06-26 16:04:48,DZR001,Dozer,OP1042,day,proximity_breach,3.98,1.7,78.6,Windy,Fastened,MEDIUM,5.8,True,11.7,2
SYNTH010004,2025-06-22 11:01:33,BCK003,Backhoe,OP1009,day,erratic_accel,4.53,19.5,80.8,Sunny,Unfastened,MEDIUM,6.7,True,15.34,10
SYNTH010376,2025-06-26 08:02:33,LDR003,Loader,OP1002,day,temp_spike,6.13,19.9,113.8,Foggy,Unfastened,MEDIUM,7.5,False,17.58,1
SYNTH010288,2025-06-25 10:06:51,BCK001,Backhoe,OP1019,day,overspeed,13.65,8.1,100.8,Rainy,Fastened,MEDIUM,8.8,True,17.41,3
EVT00009,2025-03-10 08:38:00,DZR004,Dozer,OP1035,day,normal,6.35,20.7,86.0,Sunny,Unfastened,LOW,6.7,False,6.06,0
SYNTH010340,2025-06-25 23:07:47,GRD001,Grader,OP1010,night,temp_spike,5.6,12.6,109.5,Rainy,Unfastened,HIGH,11.6,True,12.41,3
EVT00037,2025-03-10 15:04:00,DZR004,Dozer,OP1035,day,normal,5.13,20.6,90.6,Sunny,Unfastened,LOW,6.3,True,6.4,0
EVT00453,2025-11-20 11:00:00,EXC002,Excavator,OP1029,day,normal,4.07,10.2,88.1,Sunny,Unfastened,LOW,6.7,True,7.66,0
EVT00652,2025-05-14 16:04:00,BCK004,Backhoe,OP1021,day,normal,4.87,27.0,90.5,Sunny,Unfastened,LOW,10.6,True,6.19,2
EVT00254,2026-06-18 06:10:00,LDR002,Loader,OP1050,day,normal,2.69,12.6,58.9,Rainy,Unfastened,LOW,5.1,True,7.75,0
EVT00304,2025-10-03 18:12:00,LDR002,Loader,OP1009,night,normal,5.01,9.8,54.8,Cloudy,Unfastened,LOW,8.6,True,9.11,1
SYNTH010270,2025-06-25 05:38:39,GRD002,Grader,OP1008,night,overspeed,20.02,13.0,93.5,Foggy,Unfastened,MEDIUM,7.7,False,21.6,5
EVT00572,2025-01-27 20:40:00,EXC007,Excavator,OP1003,night,normal,4.83,15.3,88.3,Sunny,Unfastened,LOW,6.9,True,7.88,1
EVT00624,2025-05-14 09:52:00,BCK004,Backhoe,OP1021,day,normal,8.14,23.0,90.0,Sunny,Unfastened,LOW,8.9,True,8.49,0
SYNTH010225,2025-06-24 18:24:51,EXC005,Excavator,OP1022,day,high_fuel,5.62,22.6,93.2,Rainy,Unfastened,MEDIUM,1.2,False,32.01,2
SYNTH010360,2025-06-26 04:02:55,DZR001,Dozer,OP1008,night,temp_spike,4.92,20.2,111.2,Rainy,Fastened,HIGH,13.1,True,17.73,2
SYNTH010227,2025-06-24 18:47:04,LDR003,Loader,OP1059,day,high_fuel,6.74,20.1,89.9,Windy,Unfastened,LOW,1.4,False,23.6,3
EVT00263,2026-06-18 09:10:00,LDR002,Loader,OP1050,day,normal,3.91,9.0,84.3,Rainy,Unfastened,LOW,7.1,True,7.57,1
EVT00611,2025-01-28 05:14:00,EXC007,Excavator,OP1003,night,normal,2.63,18.8,84.9,Sunny,Unfastened,LOW,11.8,True,7.61,1
EVT00298,2026-06-18 16:14:00,LDR002,Loader,OP1050,day,temp_spike,3.74,9.0,113.2,Rainy,Fastened,MEDIUM,8.8,False,14.67,3
EVT00415,2025-07-21 22:42:00,GRD003,Grader,OP1056,night,temp_spike,3.67,10.9,106.7,Rainy,Fastened,MEDIUM,1.0,False,15.75,2
EVT00151,2026-05-05 21:40:00,EXC005,Excavator,OP1025,night,erratic_accel,9.95,17.8,87.9,Cloudy,Unfastened,LOW,12.4,True,15.42,8
SYNTH010317,2025-06-25 17:17:26,BCK004,Backhoe,OP1046,day,overspeed,16.71,13.0,92.6,Rainy,Unfastened,MEDIUM,10.6,True,19.52,3
SYNTH010124,2025-06-23 17:09:51,EXC002,Excavator,OP1054,day,erratic_accel,4.86,16.6,85.3,Windy,Fastened,MEDIUM,12.3,True,17.68,12
EVT00641,2025-05-14 12:18:00,BCK004,Backhoe,OP1021,day,erratic_accel,4.74,33.5,86.4,Sunny,Unfastened,LOW,5.8,True,13.19,12
SYNTH010403,2025-06-26 14:51:30,BCK002,Backhoe,OP1023,day,temp_spike,4.28,10.5,127.9,Foggy,Unfastened,HIGH,11.9,True,11.32,1
EVT00551,2026-09-07 13:20:00,LDR001,Loader,OP1034,day,normal,7.15,22.9,87.5,Windy,Unfastened,LOW,6.0,False,9.38,0
SYNTH010320,2025-06-25 18:10:59,EXC004,Excavator,OP1018,day,overspeed,14.01,20.1,87.3,Windy,Fastened,HIGH,9.2,True,14.44,7
EVT00489,2025-11-20 17:30:00,EXC002,Excavator,OP1029,day,normal,5.12,35.2,87.7,Sunny,Unfastened,LOW,6.3,False,8.03,1
SYNTH010165,2025-06-24 03:22:29,LDR003,Loader,OP1047,night,high_fuel,5.77,21.5,99.1,Cloudy,Unfastened,LOW,10.9,True,24.69,5
SYNTH010056,2025-06-23 00:01:19,GRD001,Grader,OP1060,night,erratic_accel,11.75,13.5,85.9,Foggy,Unfastened,MEDIUM,13.1,True,18.87,8
SYNTH010356,2025-06-26 03:11:18,EXC002,Excavator,OP1009,night,temp_spike,2.07,12.4,113.5,Windy,Fastened,MEDIUM,4.0,False,17.65,2
EVT00148,2026-05-05 20:56:00,EXC005,Excavator,OP1025,night,normal,5.5,11.3,86.2,Cloudy,Unfastened,LOW,6.6,False,7.86,0
EVT00147,2026-05-05 20:48:00,EXC005,Excavator,OP1025,night,normal,4.38,18.4,91.4,Cloudy,Unfastened,LOW,2.1,True,7.14,0
SYNTH010239,2025-06-24 21:45:37,EXC001,Excavator,OP1035,night,high_fuel,6.01,12.9,89.7,Cloudy,Fastened,MEDIUM,14.3,True,23.97,3
EVT00346,2025-10-04 02:28:00,LDR002,Loader,OP1009,night,normal,4.15,11.5,90.9,Cloudy,Unfastened,LOW,5.1,True,7.62,0
SYNTH010262,2025-06-25 03:37:50,LDR002,Loader,OP1028,night,high_fuel,7.49,24.6,96.7,Cloudy,Unfastened,MEDIUM,3.7,True,28.35,4
SYNTH010399,2025-06-26 13:56:30,EXC001,Excavator,OP1051,day,temp_spike,6.26,22.7,112.2,Cloudy,Unfastened,HIGH,9.8,True,14.2,1
SYNTH010005,2025-06-22 11:15:58,EXC002,Excavator,OP1060,day,erratic_accel,5.31,20.2,101.8,Rainy,Unfastened,MEDIUM,12.5,True,19.1,6
SYNTH010116,2025-06-23 15:05:33,DZR003,Dozer,OP1048,day,erratic_accel,5.12,17.8,90.8,Rainy,Fastened,HIGH,8.3,True,16.97,14
EVT00349,2025-10-04 03:12:00,LDR002,Loader,OP1009,night,normal,6.48,0.5,88.3,Cloudy,Unfastened,HIGH,3.3,True,8.84,0
EVT00464,2025-11-20 14:24:00,EXC002,Excavator,OP1029,day,normal,7.12,12.2,92.0,Sunny,Unfastened,LOW,8.6,True,8.72,1
EVT00326,2025-10-03 21:26:00,LDR002,Loader,OP1009,night,proximity_breach,6.79,1.2,85.6,Cloudy,Fastened,HIGH,6.2,False,12.68,1
EVT00187,2026-05-06 02:44:00,EXC005,Excavator,OP1025,night,normal,4.73,13.5,88.1,Cloudy,Unfastened,LOW,10.2,True,7.19,2
EVT00124,2025-12-10 13:08:00,GRD003,Grader,OP1019,day,proximity_breach,7.38,2.5,83.5,Cloudy,Fastened,HIGH,12.5,True,6.71,3
SYNTH010382,2025-06-26 09:32:28,GRD002,Grader,OP1036,day,temp_spike,3.42,19.8,109.2,Sunny,Fastened,MEDIUM,2.1,True,12.75,0
EVT00609,2025-01-28 04:32:00,EXC007,Excavator,OP1003,night,normal,4.01,25.8,90.4,Sunny,Unfastened,LOW,1.0,True,9.81,0
EVT00144,2026-05-05 19:14:00,EXC005,Excavator,OP1025,night,normal,2.71,20.2,83.9,Cloudy,Unfastened,LOW,6.2,True,9.77,0
SYNTH010097,2025-06-23 10:16:58,BCK002,Backhoe,OP1022,day,erratic_accel,11.29,15.7,93.0,Foggy,Fastened,MEDIUM,10.5,True,15.11,8
SYNTH010445,2025-06-27 01:17:27,EXC004,Excavator,OP1055,night,proximity_breach,5.77,0.8,85.2,Windy,Unfastened,HIGH,11.7,True,12.92,3
EVT00198,2025-04-11 06:28:00,EXC002,Excavator,OP1053,day,normal,5.39,19.9,86.2,Windy,Unfastened,LOW,5.9,True,7.1,1
EVT00610,2025-01-28 04:46:00,EXC007,Excavator,OP1003,night,normal,5.81,14.7,89.9,Sunny,Unfastened,LOW,8.5,True,9.75,2
SYNTH010229,2025-06-24 19:24:40,GRD002,Grader,OP1017,day,high_fuel,5.79,12.8,101.7,Foggy,Fastened,MEDIUM,4.1,True,32.13,3
SYNTH010182,2025-06-24 07:30:49,DZR003,Dozer,OP1003,day,high_fuel,5.8,21.3,98.8,Windy,Unfastened,MEDIUM,11.1,True,32.54,2
EVT00280,2026-06-18 12:24:00,LDR002,Loader,OP1050,day,temp_spike,1.53,23.1,109.0,Rainy,Fastened,MEDIUM,7.4,True,10.66,0
EVT00294,2026-06-18 15:02:00,LDR002,Loader,OP1050,day,normal,4.34,15.9,87.5,Rainy,Unfastened,LOW,8.4,True,9.75,1
SYNTH010369,2025-06-26 06:23:34,EXC002,Excavator,OP1003,day,temp_spike,2.26,12.0,114.8,Rainy,Fastened,HIGH,2.7,True,10.42,3
EVT00401,2025-07-21 22:14:00,GRD003,Grader,OP1056,night,temp_spike,2.62,18.2,111.4,Rainy,Fastened,MEDIUM,10.7,True,10.06,0
EVT00123,2025-12-10 13:06:00,GRD003,Grader,OP1019,day,proximity_breach,8.75,2.0,84.7,Cloudy,Fastened,HIGH,12.8,True,10.06,4
EVT00184,2026-05-06 02:22:00,EXC005,Excavator,OP1025,night,proximity_breach,6.31,1.9,87.7,Cloudy,Fastened,HIGH,3.8,False,12.79,2
EVT00203,2025-04-11 07:20:00,EXC002,Excavator,OP1053,day,normal,7.83,21.7,82.9,Windy,Unfastened,LOW,11.7,True,9.28,0
EVT00439,2025-11-20 06:48:00,EXC002,Excavator,OP1029,day,normal,2.82,29.3,88.6,Sunny,Unfastened,LOW,7.8,True,5.24,0
SYNTH010181,2025-06-24 07:19:02,GRD001,Grader,OP1024,day,high_fuel,6.46,13.7,92.8,Sunny,Fastened,MEDIUM,11.8,False,31.65,3
EVT00247,2025-04-11 17:42:00,EXC002,Excavator,OP1053,day,normal,6.53,14.1,83.7,Windy,Unfastened,LOW,11.0,True,7.47,0
EVT00416,2025-07-21 22:44:00,GRD003,Grader,OP1056,night,temp_spike,4.38,17.5,106.8,Rainy,Fastened,MEDIUM,10.8,True,14.57,2
SYNTH010304,2025-06-25 14:02:27,DZR001,Dozer,OP1005,day,overspeed,20.62,6.8,96.1,Rainy,Unfastened,HIGH,11.3,False,19.78,3
SYNTH010291,2025-06-25 10:48:04,DZR002,Dozer,OP1035,day,overspeed,21.03,5.4,89.2,Foggy,Fastened,MEDIUM,13.8,True,18.1,8
SYNTH010413,2025-06-26 17:15:00,GRD001,Grader,OP1025,day,proximity_breach,3.69,0.5,82.5,Windy,Unfastened,MEDIUM,11.1,True,10.36,3
SYNTH010295,2025-06-25 11:45:44,BCK001,Backhoe,OP1047,day,overspeed,14.67,18.8,86.6,Windy,Fastened,MEDIUM,8.6,False,20.97,4
EVT00053,2025-12-17 06:34:00,EXC006,Excavator,OP1045,day,normal,5.23,0.5,91.4,Windy,Fastened,HIGH,7.9,True,8.57,0
EVT00130,2025-12-10 13:22:00,GRD003,Grader,OP1019,day,proximity_breach,9.21,1.7,86.6,Cloudy,Fastened,HIGH,5.7,False,7.66,1
EVT00638,2025-05-14 11:48:00,BCK004,Backhoe,OP1021,day,erratic_accel,8.11,11.9,88.8,Sunny,Unfastened,LOW,4.5,True,18.95,7
EVT00403,2025-07-21 22:18:00,GRD003,Grader,OP1056,night,temp_spike,4.11,24.4,112.6,Rainy,Unfastened,MEDIUM,2.8,True,13.9,1
SYNTH010313,2025-06-25 16:22:57,DZR004,Dozer,OP1047,day,overspeed,17.47,6.5,92.5,Foggy,Fastened,MEDIUM,14.3,True,16.09,5
SYNTH010330,2025-06-25 20:39:51,EXC001,Excavator,OP1017,night,overspeed,13.21,10.1,95.6,Windy,Unfastened,HIGH,3.4,True,19.69,3
SYNTH010081,2025-06-23 06:20:58,BCK003,Backhoe,OP1032,day,erratic_accel,7.1,7.8,87.3,Windy,Unfastened,HIGH,2.8,True,14.45,14
SYNTH010200,2025-06-24 12:03:19,GRD001,Grader,OP1036,day,high_fuel,3.39,23.3,86.9,Cloudy,Fastened,MEDIUM,1.4,True,21.27,5
SYNTH010416,2025-06-26 18:05:54,BCK001,Backhoe,OP1013,day,proximity_breach,8.64,1.2,78.9,Rainy,Unfastened,HIGH,14.1,True,12.42,2
EVT00220,2025-04-11 10:54:00,EXC002,Excavator,OP1053,day,normal,4.61,21.5,83.8,Windy,Unfastened,LOW,7.1,True,6.03,0
EVT00642,2025-05-14 12:26:00,BCK004,Backhoe,OP1021,day,erratic_accel,7.3,29.7,87.9,Sunny,Unfastened,LOW,6.4,True,14.67,7
EVT00002,2025-03-10 07:38:00,DZR004,Dozer,OP1035,day,normal,7.74,26.7,85.4,Sunny,Unfastened,LOW,1.0,True,5.92,0
SYNTH010276,2025-06-25 07:11:31,LDR002,Loader,OP1057,day,overspeed,21.18,18.2,101.4,Sunny,Fastened,HIGH,5.6,True,17.63,3
SYNTH010338,2025-06-25 22:35:49,GRD001,Grader,OP1057,night,temp_spike,4.74,10.8,101.9,Cloudy,Fastened,HIGH,8.2,True,16.01,1
EVT00081,2025-12-17 16:02:00,EXC006,Excavator,OP1045,day,normal,7.89,0.8,86.4,Windy,Fastened,HIGH,7.2,True,7.02,1
EVT00625,2025-05-14 09:54:00,BCK004,Backhoe,OP1021,day,normal,9.16,18.7,94.4,Sunny,Unfastened,LOW,8.0,True,5.96,1
SYNTH010372,2025-06-26 07:02:38,LDR002,Loader,OP1016,day,temp_spike,2.52,10.5,126.3,Foggy,Unfastened,MEDIUM,10.1,False,16.63,3
SYNTH010286,2025-06-25 09:34:59,EXC002,Excavator,OP1011,day,overspeed,14.86,17.5,85.5,Rainy,Unfastened,HIGH,3.4,True,14.73,4
EVT00387,2025-07-21 18:50:00,GRD003,Grader,OP1056,night,normal,2.16,0.5,87.9,Rainy,Unfastened,MEDIUM,5.1,True,6.06,1
SYNTH010455,2025-06-27 03:45:54,GRD002,Grader,OP1039,night,proximity_breach,9.08,1.6,79.0,Rainy,Fastened,HIGH,3.6,False,12.77,4
SYNTH010152,2025-06-24 00:00:01,BCK004,Backhoe,OP1047,night,high_fuel,3.96,15.6,99.6,Windy,Unfastened,MEDIUM,11.6,True,33.44,2
EVT00510,2026-08-11 11:02:00,GRD002,Grader,OP1027,day,normal,4.19,5.6,87.7,Sunny,Unfastened,MEDIUM,1.7,False,5.17,0
EVT00268,2026-06-18 11:54:00,LDR002,Loader,OP1050,day,temp_spike,3.51,21.8,107.2,Rainy,Fastened,MEDIUM,1.0,False,15.67,2
SYNTH010353,2025-06-26 02:21:25,GRD003,Grader,OP1058,night,temp_spike,3.25,16.7,127.3,Rainy,Fastened,HIGH,14.0,True,14.38,0
EVT00442,2025-11-20 08:46:00,EXC002,Excavator,OP1029,day,overspeed,12.8,2.0,88.9,Sunny,Fastened,HIGH,2.7,True,20.6,7
EVT00497,2026-08-11 07:28:00,GRD002,Grader,OP1027,day,normal,3.9,32.0,91.3,Sunny,Unfastened,LOW,1.0,False,6.14,2
SYNTH010175,2025-06-24 05:45:05,LDR001,Loader,OP1012,night,high_fuel,4.25,19.3,95.7,Foggy,Unfastened,MEDIUM,13.2,False,23.24,4
EVT00113,2025-12-10 11:22:00,GRD003,Grader,OP1019,day,normal,7.17,24.1,85.7,Cloudy,Unfastened,LOW,8.4,True,6.21,1
SYNTH010037,2025-06-22 19:16:59,BCK002,Backhoe,OP1004,day,erratic_accel,7.08,9.8,86.8,Windy,Fastened,HIGH,5.4,True,19.45,6
EVT00233,2025-04-11 14:08:00,EXC002,Excavator,OP1053,day,normal,8.97,21.1,87.5,Windy,Unfastened,LOW,1.0,False,8.75,2
EVT00472,2025-11-20 14:58:00,EXC002,Excavator,OP1029,day,proximity_breach,6.29,2.3,91.1,Sunny,Fastened,HIGH,17.6,False,7.05,3
EVT00608,2025-01-28 03:54:00,EXC007,Excavator,OP1003,night,high_fuel,6.28,26.3,82.4,Sunny,Unfastened,LOW,4.7,True,21.37,4
SYNTH010017,2025-06-22 14:24:18,DZR002,Dozer,OP1050,day,erratic_accel,7.92,13.8,81.9,Foggy,Fastened,MEDIUM,6.0,True,21.8,7
EVT00374,2025-09-23 14:10:00,EXC005,Excavator,OP1044,day,normal,5.91,18.7,88.9,Windy,Unfastened,LOW,6.7,True,7.68,1
SYNTH010172,2025-06-24 05:10:44,LDR001,Loader,OP1009,night,high_fuel,3.18,24.2,93.2,Rainy,Fastened,LOW,8.0,True,22.17,4
SYNTH010009,2025-06-22 12:26:11,LDR003,Loader,OP1029,day,erratic_accel,13.47,8.0,97.0,Windy,Fastened,HIGH,10.9,True,13.52,13
SYNTH010375,2025-06-26 07:56:41,GRD003,Grader,OP1046,day,temp_spike,2.11,9.6,120.4,Cloudy,Fastened,MEDIUM,8.5,True,16.14,2
EVT00234,2025-04-11 14:18:00,EXC002,Excavator,OP1053,day,normal,7.67,13.5,87.8,Windy,Unfastened,LOW,7.0,True,9.95,1
SYNTH010164,2025-06-24 03:02:27,BCK003,Backhoe,OP1025,night,high_fuel,6.7,21.4,96.0,Rainy,Unfastened,MEDIUM,3.4,False,21.03,2
SYNTH010314,2025-06-25 16:30:31,EXC001,Excavator,OP1045,day,overspeed,20.53,7.0,99.1,Rainy,Unfastened,MEDIUM,2.5,False,17.05,8
SYNTH010022,2025-06-22 15:40:09,EXC005,Excavator,OP1037,day,erratic_accel,8.15,11.3,101.7,Rainy,Fastened,MEDIUM,9.1,True,19.53,9
EVT00318,2025-10-03 21:08:00,LDR002,Loader,OP1009,night,proximity_breach,5.23,2.2,88.2,Cloudy,Fastened,HIGH,9.6,True,6.39,2
EVT00649,2025-05-14 14:28:00,BCK004,Backhoe,OP1021,day,normal,4.29,12.9,83.0,Sunny,Unfastened,LOW,5.1,True,6.99,1
EVT00411,2025-07-21 22:34:00,GRD003,Grader,OP1056,night,temp_spike,3.87,24.0,111.6,Rainy,Fastened,MEDIUM,7.2,True,17.34,2
SYNTH010407,2025-06-26 15:49:53,EXC003,Excavator,OP1029,day,proximity_breach,4.12,2.4,88.5,Sunny,Fastened,HIGH,9.9,False,10.37,1
SYNTH010055,2025-06-22 23:45:13,BCK001,Backhoe,OP1015,night,erratic_accel,10.99,16.6,84.2,Foggy,Fastened,MEDIUM,12.7,True,14.79,10
EVT00359,2025-09-23 08:58:00,EXC005,Excavator,OP1044,day,normal,5.83,22.2,88.2,Windy,Unfastened,LOW,5.3,True,5.2,0
EVT00259,2026-06-18 08:02:00,LDR002,Loader,OP1050,day,normal,6.11,0.5,89.7,Rainy,Unfastened,HIGH,9.8,True,5.51,2
SYNTH010090,2025-06-23 08:32:35,EXC001,Excavator,OP1015,day,erratic_accel,6.55,5.6,86.7,Windy,Fastened,MEDIUM,11.7,False,18.98,7
EVT00628,2025-05-14 10:20:00,BCK004,Backhoe,OP1021,day,overspeed,14.43,27.0,90.6,Sunny,Unfastened,LOW,10.0,False,14.44,5
EVT00633,2025-05-14 11:36:00,BCK004,Backhoe,OP1021,day,temp_spike,7.56,17.1,109.8,Sunny,Fastened,MEDIUM,12.6,True,10.62,0
SYNTH010322,2025-06-25 18:39:08,DZR004,Dozer,OP1049,day,overspeed,15.12,17.3,100.9,Rainy,Fastened,MEDIUM,12.1,False,18.99,8
EVT00283,2026-06-18 12:32:00,LDR002,Loader,OP1050,day,temp_spike,4.77,6.3,109.2,Rainy,Fastened,MEDIUM,8.0,False,17.76,0
EVT00377,2025-09-23 14:48:00,EXC005,Excavator,OP1044,day,normal,5.87,0.5,83.8,Windy,Fastened,HIGH,5.5,True,8.74,1
EVT00385,2025-09-23 17:54:00,EXC005,Excavator,OP1044,day,normal,5.97,0.5,88.6,Windy,Fastened,HIGH,9.4,True,6.89,1
EVT00225,2025-04-11 12:02:00,EXC002,Excavator,OP1053,day,normal,7.1,5.5,86.0,Windy,Unfastened,MEDIUM,7.5,True,6.59,1
SYNTH010442,2025-06-27 00:30:28,BCK001,Backhoe,OP1021,night,proximity_breach,7.07,2.9,78.9,Foggy,Unfastened,HIGH,4.5,True,10.4,3
SYNTH010347,2025-06-26 00:48:23,LDR001,Loader,OP1004,night,temp_spike,4.52,8.1,120.8,Cloudy,Fastened,HIGH,13.7,True,14.66,2
EVT00473,2025-11-20 15:00:00,EXC002,Excavator,OP1029,day,proximity_breach,8.91,1.3,85.4,Sunny,Fastened,HIGH,2.6,False,8.86,1
EVT00348,2025-10-04 03:02:00,LDR002,Loader,OP1009,night,normal,7.11,13.0,89.2,Cloudy,Unfastened,LOW,5.8,True,9.63,1
EVT00506,2026-08-11 10:38:00,GRD002,Grader,OP1027,day,normal,4.74,25.2,87.2,Sunny,Unfastened,LOW,9.3,True,7.26,2
EVT00640,2025-05-14 11:56:00,BCK004,Backhoe,OP1021,day,erratic_accel,7.1,0.5,91.6,Sunny,Fastened,HIGH,11.4,True,13.22,7
SYNTH010462,2025-06-27 05:32:23,EXC001,Excavator,OP1015,night,proximity_breach,6.51,2.3,79.9,Foggy,Fastened,HIGH,11.9,False,12.81,2
SYNTH010439,2025-06-26 23:46:07,GRD002,Grader,OP1056,night,proximity_breach,4.18,0.8,85.8,Windy,Fastened,HIGH,10.0,True,11.77,4
SYNTH010143,2025-06-23 21:50:43,GRD002,Grader,OP1032,night,high_fuel,4.55,14.2,94.2,Sunny,Fastened,LOW,11.7,False,29.05,2
EVT00340,2025-10-04 00:54:00,LDR002,Loader,OP1009,night,normal,7.19,11.3,85.7,Cloudy,Unfastened,LOW,6.4,True,6.75,1
EVT00556,2026-09-07 15:56:00,LDR001,Loader,OP1034,day,normal,6.73,15.0,81.7,Windy,Unfastened,LOW,3.8,True,7.95,0
EVT00620,2025-05-14 07:04:00,BCK004,Backhoe,OP1021,day,normal,9.81,31.3,82.8,Sunny,Unfastened,LOW,1.0,False,5.22,2
EVT00028,2025-03-10 13:18:00,DZR004,Dozer,OP1035,day,normal,6.08,29.3,91.2,Sunny,Unfastened,LOW,10.3,True,5.16,1
SYNTH010335,2025-06-25 21:54:30,DZR003,Dozer,OP1057,night,overspeed,12.53,19.2,87.4,Sunny,Fastened,HIGH,4.7,True,14.32,5
EVT00646,2025-05-14 13:06:00,BCK004,Backhoe,OP1021,day,normal,6.41,13.3,85.7,Sunny,Unfastened,LOW,8.7,True,5.44,1
SYNTH010298,2025-06-25 12:40:28,LDR003,Loader,OP1054,day,overspeed,15.07,19.6,104.2,Windy,Unfastened,MEDIUM,12.5,True,19.09,6
EVT00574,2025-01-27 20:56:00,EXC007,Excavator,OP1003,night,normal,4.81,1.9,90.7,Sunny,Unfastened,MEDIUM,5.4,True,8.26,1
EVT00557,2026-09-07 16:14:00,LDR001,Loader,OP1034,day,normal,4.92,17.5,87.0,Windy,Unfastened,LOW,5.5,True,6.73,1
SYNTH010027,2025-06-22 16:54:22,GRD001,Grader,OP1056,day,erratic_accel,13.67,15.0,99.1,Windy,Fastened,MEDIUM,14.8,True,15.08,6
EVT00578,2025-01-27 22:08:00,EXC007,Excavator,OP1003,night,proximity_breach,6.61,2.3,87.8,Sunny,Fastened,HIGH,5.8,True,12.12,4
SYNTH010141,2025-06-23 21:21:19,BCK001,Backhoe,OP1031,night,high_fuel,4.21,27.3,88.9,Cloudy,Unfastened,LOW,8.3,True,26.88,3
EVT00086,2025-12-17 17:58:00,EXC006,Excavator,OP1045,day,normal,6.78,14.5,88.7,Windy,Unfastened,LOW,8.9,True,6.33,1
EVT00243,2025-04-11 16:26:00,EXC002,Excavator,OP1053,day,normal,5.34,32.1,82.0,Windy,Unfastened,LOW,9.4,True,5.5,0
SYNTH010044,2025-06-22 21:07:40,LDR003,Loader,OP1008,night,erratic_accel,14.56,16.1,91.7,Foggy,Unfastened,MEDIUM,3.7,True,16.41,11
SYNTH010184,2025-06-24 08:02:26,BCK004,Backhoe,OP1032,day,high_fuel,3.21,18.6,88.6,Windy,Fastened,LOW,14.7,True,27.7,3
EVT00160,2026-05-06 00:08:00,EXC005,Excavator,OP1025,night,normal,3.0,7.9,85.8,Cloudy,Unfastened,MEDIUM,9.4,True,8.51,2
EVT00525,2026-08-11 16:46:00,GRD002,Grader,OP1027,day,erratic_accel,5.39,17.8,89.5,Sunny,Unfastened,LOW,10.8,True,13.59,8
EVT00036,2025-03-10 14:50:00,DZR004,Dozer,OP1035,day,normal,7.13,21.3,84.0,Sunny,Unfastened,LOW,2.7,True,7.93,0
EVT00541,2026-09-07 09:52:00,LDR001,Loader,OP1034,day,normal,5.36,22.1,87.2,Windy,Unfastened,LOW,10.5,False,7.78,1
EVT00171,2026-05-06 01:54:00,EXC005,Excavator,OP1025,night,proximity_breach,6.32,2.1,86.7,Cloudy,Fastened,HIGH,9.1,True,9.26,3
SYNTH010000,2025-06-22 10:03:19,GRD001,Grader,OP1053,day,erratic_accel,15.85,12.3,88.5,Windy,Unfastened,MEDIUM,12.0,True,16.76,13
SYNTH010094,2025-06-23 09:37:10,DZR002,Dozer,OP1035,day,erratic_accel,6.72,17.4,93.2,Cloudy,Fastened,HIGH,13.3,True,16.06,13
SYNTH010386,2025-06-26 10:30:01,GRD002,Grader,OP1034,day,temp_spike,3.47,14.0,116.9,Cloudy,Unfastened,MEDIUM,4.6,False,11.57,3
SYNTH010378,2025-06-26 08:30:28,BCK004,Backhoe,OP1037,day,temp_spike,2.7,20.2,129.2,Cloudy,Fastened,MEDIUM,10.4,False,11.96,2
EVT00485,2025-11-20 15:48:00,EXC002,Excavator,OP1029,day,high_fuel,5.12,27.9,88.6,Sunny,Unfastened,LOW,13.5,True,30.89,4
SYNTH010079,2025-06-23 05:53:38,DZR002,Dozer,OP1042,night,erratic_accel,5.07,16.6,92.0,Foggy,Fastened,HIGH,8.6,False,17.94,7
SYNTH010245,2025-06-24 23:18:34,LDR003,Loader,OP1039,night,high_fuel,3.56,21.7,102.5,Sunny,Fastened,LOW,8.6,True,20.68,4
EVT00096,2025-12-10 08:58:00,GRD003,Grader,OP1019,day,proximity_breach,5.75,2.9,87.3,Cloudy,Fastened,HIGH,6.5,False,12.88,2
EVT00564,2025-01-27 18:10:00,EXC007,Excavator,OP1003,night,normal,5.99,1.9,48.5,Sunny,Fastened,HIGH,4.4,True,6.34,1
EVT00241,2025-04-11 15:54:00,EXC002,Excavator,OP1053,day,normal,6.32,0.5,84.9,Windy,Fastened,HIGH,8.3,False,7.48,0
SYNTH010088,2025-06-23 08:01:12,LDR002,Loader,OP1021,day,erratic_accel,9.04,20.4,96.3,Rainy,Unfastened,HIGH,7.1,True,19.64,8
SYNTH010209,2025-06-24 14:24:48,GRD001,Grader,OP1006,day,high_fuel,5.84,20.4,94.8,Windy,Unfastened,LOW,6.2,True,22.12,3
EVT00575,2025-01-27 22:02:00,EXC007,Excavator,OP1003,night,proximity_breach,10.63,1.2,84.5,Sunny,Fastened,HIGH,5.0,True,11.04,1
SYNTH010036,2025-06-22 19:11:27,EXC004,Excavator,OP1045,day,erratic_accel,13.87,12.3,99.7,Foggy,Unfastened,MEDIUM,14.0,True,21.41,11
EVT00461,2025-11-20 13:28:00,EXC002,Excavator,OP1029,day,normal,2.65,17.1,88.5,Sunny,Unfastened,LOW,8.0,True,7.87,0
SYNTH010237,2025-06-24 21:16:35,BCK002,Backhoe,OP1022,night,high_fuel,6.92,14.8,104.8,Cloudy,Unfastened,MEDIUM,7.4,True,24.57,2
EVT00554,2026-09-07 15:10:00,LDR001,Loader,OP1034,day,normal,7.87,1.5,91.4,Windy,Unfastened,HIGH,7.2,False,6.71,1
SYNTH010203,2025-06-24 12:51:37,GRD003,Grader,OP1034,day,high_fuel,3.36,13.8,89.6,Windy,Fastened,MEDIUM,14.2,True,26.58,5
SYNTH010395,2025-06-26 12:48:07,EXC001,Excavator,OP1009,day,temp_spike,3.71,24.7,118.9,Sunny,Fastened,HIGH,14.8,False,12.25,0
EVT00207,2025-04-11 08:02:00,EXC002,Excavator,OP1053,day,normal,6.19,0.5,87.0,Windy,Fastened,HIGH,10.6,True,7.32,0
EVT00393,2025-07-21 21:00:00,GRD003,Grader,OP1056,night,normal,2.77,10.6,88.8,Rainy,Unfastened,LOW,4.5,True,8.68,2
SYNTH010140,2025-06-23 21:03:17,GRD002,Grader,OP1022,night,high_fuel,6.8,19.8,88.6,Cloudy,Fastened,LOW,3.9,True,32.65,5
SYNTH010216,2025-06-24 16:00:35,DZR004,Dozer,OP1033,day,high_fuel,6.87,26.5,88.8,Cloudy,Fastened,LOW,3.8,True,28.53,4
EVT00398,2025-07-21 22:06:00,GRD003,Grader,OP1056,night,temp_spike,2.65,22.3,111.6,Rainy,Fastened,MEDIUM,3.5,True,14.57,3
SYNTH010112,2025-06-23 14:06:29,GRD002,Grader,OP1037,day,erratic_accel,9.73,14.0,83.7,Foggy,Unfastened,MEDIUM,6.0,False,19.38,6
SYNTH010379,2025-06-26 08:49:13,DZR003,Dozer,OP1033,day,temp_spike,4.75,11.3,103.1,Cloudy,Fastened,MEDIUM,11.6,True,16.75,2
EVT00643,2025-05-14 12:34:00,BCK004,Backhoe,OP1021,day,erratic_accel,6.43,26.6,88.6,Sunny,Unfastened,LOW,6.2,False,21.45,8
EVT00613,2025-01-28 05:36:00,EXC007,Excavator,OP1003,night,normal,8.18,0.5,85.6,Sunny,Fastened,HIGH,1.0,True,8.66,0
SYNTH010306,2025-06-25 14:34:42,EXC001,Excavator,OP1018,day,overspeed,16.52,17.6,98.7,Foggy,Unfastened,HIGH,13.1,False,14.08,4
SYNTH010071,2025-06-23 03:56:47,GRD002,Grader,OP1053,night,erratic_accel,13.46,13.8,89.7,Windy,Unfastened,MEDIUM,7.1,True,14.99,14
SYNTH010029,2025-06-22 17:25:24,EXC005,Excavator,OP1031,day,erratic_accel,7.05,13.9,87.5,Windy,Unfastened,MEDIUM,10.9,True,19.06,7
EVT00099,2025-12-10 09:04:00,GRD003,Grader,OP1019,day,proximity_breach,5.55,1.9,88.1,Cloudy,Fastened,HIGH,9.3,True,8.25,2
SYNTH010150,2025-06-23 23:30:34,BCK004,Backhoe,OP1036,night,high_fuel,6.47,23.9,98.1,Cloudy,Fastened,LOW,7.5,True,24.35,2
EVT00407,2025-07-21 22:26:00,GRD003,Grader,OP1056,night,temp_spike,8.03,17.5,109.4,Rainy,Fastened,MEDIUM,5.7,False,10.41,2
EVT00503,2026-08-11 09:24:00,GRD002,Grader,OP1027,day,normal,5.92,2.7,93.5,Sunny,Fastened,HIGH,9.9,True,9.32,1
SYNTH010275,2025-06-25 06:50:47,GRD001,Grader,OP1008,day,overspeed,14.71,8.3,94.5,Cloudy,Fastened,HIGH,2.0,True,18.53,3
SYNTH010125,2025-06-23 17:20:57,EXC004,Excavator,OP1014,day,erratic_accel,14.58,19.0,95.9,Sunny,Fastened,HIGH,1.0,True,13.42,11
EVT00201,2025-04-11 06:48:00,EXC002,Excavator,OP1053,day,normal,5.1,16.2,88.7,Windy,Unfastened,LOW,6.7,True,5.58,0
EVT00135,2025-12-10 14:32:00,GRD003,Grader,OP1019,day,normal,6.21,31.3,94.1,Cloudy,Unfastened,LOW,3.5,True,6.25,1
EVT00041,2025-03-10 16:06:00,DZR004,Dozer,OP1035,day,normal,3.45,22.8,84.5,Sunny,Unfastened,LOW,9.3,True,5.99,2
SYNTH010363,2025-06-26 04:54:26,LDR002,Loader,OP1007,night,temp_spike,5.41,20.2,118.2,Rainy,Fastened,MEDIUM,9.3,True,11.69,3
EVT00231,2025-04-11 13:20:00,EXC002,Excavator,OP1053,day,normal,4.05,10.8,89.9,Windy,Unfastened,LOW,6.0,True,9.02,0
EVT00379,2025-09-23 16:16:00,EXC005,Excavator,OP1044,day,normal,7.45,32.0,87.6,Windy,Unfastened,LOW,1.8,True,8.57,2
EVT00289,2026-06-18 14:04:00,LDR002,Loader,OP1050,day,normal,2.99,7.8,87.5,Rainy,Unfastened,MEDIUM,7.4,False,6.08,2
EVT00419,2025-07-22 00:10:00,GRD003,Grader,OP1056,night,normal,2.67,7.7,86.2,Rainy,Unfastened,MEDIUM,4.6,True,8.55,0
EVT00392,2025-07-21 20:28:00,GRD003,Grader,OP1056,night,normal,4.59,8.4,84.9,Rainy,Unfastened,LOW,3.6,True,5.43,2
EVT00593,2025-01-28 00:12:00,EXC007,Excavator,OP1003,night,normal,4.45,26.6,86.2,Sunny,Unfastened,LOW,9.4,False,5.68,0
EVT00648,2025-05-14 14:26:00,BCK004,Backhoe,OP1021,day,normal,8.59,16.9,84.4,Sunny,Unfastened,LOW,7.7,True,7.9,2
EVT00521,2026-08-11 15:20:00,GRD002,Grader,OP1027,day,normal,7.75,15.5,84.5,Sunny,Unfastened,LOW,9.5,True,6.05,2
EVT00065,2025-12-17 09:40:00,EXC006,Excavator,OP1045,day,normal,8.56,17.5,88.2,Windy,Unfastened,LOW,5.8,False,5.38,2
EVT00015,2025-03-10 09:50:00,DZR004,Dozer,OP1035,day,normal,6.08,0.5,80.6,Sunny,Fastened,HIGH,2.2,True,8.09,2
EVT00493,2026-08-11 06:30:00,GRD002,Grader,OP1027,day,normal,3.87,15.7,85.0,Sunny,Unfastened,LOW,11.6,False,5.57,0
EVT00380,2025-09-23 16:18:00,EXC005,Excavator,OP1044,day,normal,8.67,0.5,81.8,Windy,Unfastened,HIGH,1.0,True,9.22,2
EVT00188,2026-05-06 03:10:00,EXC005,Excavator,OP1025,night,normal,7.85,8.5,89.9,Cloudy,Unfastened,LOW,7.6,True,6.25,1
SYNTH010109,2025-06-23 13:25:09,DZR002,Dozer,OP1008,day,erratic_accel,8.38,8.7,101.7,Sunny,Fastened,MEDIUM,3.0,True,13.25,8
EVT00217,2025-04-11 10:30:00,EXC002,Excavator,OP1053,day,normal,7.74,25.1,88.7,Windy,Unfastened,LOW,10.8,True,7.29,2
SYNTH010137,2025-06-23 20:22:44,LDR002,Loader,OP1032,night,high_fuel,3.38,16.6,89.5,Windy,Unfastened,LOW,13.5,False,24.73,4
SYNTH010224,2025-06-24 18:01:38,EXC002,Excavator,OP1015,day,high_fuel,5.17,13.0,87.3,Foggy,Fastened,MEDIUM,1.6,True,20.23,4
EVT00338,2025-10-04 00:22:00,LDR002,Loader,OP1009,night,normal,5.81,18.4,91.8,Cloudy,Unfastened,LOW,6.1,True,8.52,2
SYNTH010065,2025-06-23 02:23:13,EXC005,Excavator,OP1052,night,erratic_accel,13.81,8.6,91.1,Windy,Unfastened,MEDIUM,9.3,True,15.68,8
EVT00296,2026-06-18 15:46:00,LDR002,Loader,OP1050,day,normal,8.39,4.6,91.6,Rainy,Fastened,MEDIUM,11.0,True,6.39,1
SYNTH010362,2025-06-26 04:34:38,LDR003,Loader,OP1001,night,temp_spike,5.74,8.8,128.5,Windy,Fastened,HIGH,5.3,False,13.29,1
EVT00456,2025-11-20 12:04:00,EXC002,Excavator,OP1029,day,normal,5.87,19.0,90.3,Sunny,Unfastened,LOW,6.8,True,9.7,2
SYNTH010161,2025-06-24 02:25:32,GRD001,Grader,OP1005,night,high_fuel,3.34,24.1,90.7,Sunny,Fastened,MEDIUM,5.7,True,25.61,5
EVT00270,2026-06-18 11:58:00,LDR002,Loader,OP1050,day,temp_spike,7.23,18.1,113.1,Rainy,Fastened,MEDIUM,3.6,False,15.64,1
SYNTH010341,2025-06-25 23:19:28,LDR001,Loader,OP1004,night,temp_spike,3.13,18.5,101.2,Foggy,Fastened,MEDIUM,14.8,True,11.04,3
EVT00202,2025-04-11 07:06:00,EXC002,Excavator,OP1053,day,normal,5.63,28.3,84.8,Windy,Unfastened,LOW,6.6,False,5.47,1
EVT00162,2026-05-06 00:28:00,EXC005,Excavator,OP1025,night,normal,7.03,15.0,83.6,Cloudy,Unfastened,LOW,2.9,True,7.1,1
SYNTH010075,2025-06-23 04:47:42,DZR002,Dozer,OP1044,night,erratic_accel,5.62,17.8,94.5,Windy,Unfastened,HIGH,1.8,True,15.36,8
EVT00402,2025-07-21 22:16:00,GRD003,Grader,OP1056,night,temp_spike,3.66,17.7,107.9,Rainy,Unfastened,MEDIUM,11.4,True,11.22,2
SYNTH010048,2025-06-22 22:03:39,DZR001,Dozer,OP1052,night,erratic_accel,7.36,21.0,99.2,Cloudy,Unfastened,HIGH,8.9,True,17.51,6
EVT00566,2025-01-27 19:22:00,EXC007,Excavator,OP1003,night,normal,5.41,20.7,82.7,Sunny,Unfastened,LOW,1.0,True,6.09,1
SYNTH010367,2025-06-26 05:49:54,DZR001,Dozer,OP1052,night,temp_spike,2.88,22.7,113.3,Cloudy,Unfastened,MEDIUM,5.1,True,15.82,3
SYNTH010371,2025-06-26 06:48:11,DZR004,Dozer,OP1050,day,temp_spike,4.64,8.6,119.2,Foggy,Fastened,MEDIUM,5.1,True,11.07,3
EVT00206,2025-04-11 07:54:00,EXC002,Excavator,OP1053,day,normal,4.97,19.5,86.2,Windy,Unfastened,LOW,15.5,True,7.37,0
EVT00035,2025-03-10 14:40:00,DZR004,Dozer,OP1035,day,normal,6.99,17.5,83.5,Sunny,Unfastened,LOW,1.0,True,6.36,0
SYNTH010121,2025-06-23 16:19:53,EXC004,Excavator,OP1038,day,erratic_accel,7.67,14.3,93.9,Foggy,Fastened,MEDIUM,8.3,True,13.69,12
EVT00509,2026-08-11 10:58:00,GRD002,Grader,OP1027,day,normal,5.65,18.7,95.3,Sunny,Unfastened,LOW,5.2,False,7.49,1
SYNTH010454,2025-06-27 03:41:31,GRD002,Grader,OP1039,night,proximity_breach,3.47,3.0,78.4,Cloudy,Fastened,HIGH,6.0,False,7.63,3
EVT00092,2025-12-10 08:50:00,GRD003,Grader,OP1019,day,proximity_breach,10.1,1.4,90.7,Cloudy,Fastened,HIGH,6.7,True,10.15,3
SYNTH010243,2025-06-24 22:55:26,EXC005,Excavator,OP1037,night,high_fuel,6.64,18.7,98.9,Windy,Fastened,LOW,3.9,True,33.66,2
EVT00565,2025-01-27 18:42:00,EXC007,Excavator,OP1003,night,normal,5.15,1.0,89.6,Sunny,Fastened,HIGH,7.4,True,8.17,2
SYNTH010122,2025-06-23 16:32:54,EXC002,Excavator,OP1038,day,erratic_accel,4.6,6.2,88.9,Windy,Fastened,HIGH,6.6,True,14.37,12
EVT00242,2025-04-11 16:16:00,EXC002,Excavator,OP1053,day,normal,7.32,26.9,89.3,Windy,Unfastened,LOW,1.0,True,6.6,2
EVT00014,2025-03-10 09:38:00,DZR004,Dozer,OP1035,day,normal,4.75,20.4,89.7,Sunny,Unfastened,LOW,5.7,False,7.28,2
EVT00316,2025-10-03 21:04:00,LDR002,Loader,OP1009,night,proximity_breach,9.0,2.8,91.4,Cloudy,Fastened,HIGH,7.8,False,9.28,3
EVT00601,2025-01-28 02:46:00,EXC007,Excavator,OP1003,night,normal,7.58,21.5,90.3,Sunny,Unfastened,LOW,13.5,False,7.06,0
EVT00388,2025-07-21 19:10:00,GRD003,Grader,OP1056,night,normal,3.05,22.5,90.9,Rainy,Unfastened,LOW,1.0,True,7.68,0
EVT00167,2026-05-06 01:14:00,EXC005,Excavator,OP1025,night,normal,5.03,2.4,87.8,Cloudy,Fastened,HIGH,4.4,True,8.98,2
SYNTH010186,2025-06-24 08:32:36,BCK002,Backhoe,OP1049,day,high_fuel,4.87,21.4,86.9,Sunny,Fastened,LOW,7.0,True,27.82,3
EVT00021,2025-03-10 11:08:00,DZR004,Dozer,OP1035,day,erratic_accel,5.63,30.1,89.7,Sunny,Unfastened,LOW,3.8,True,16.47,10
EVT00647,2025-05-14 13:48:00,BCK004,Backhoe,OP1021,day,normal,4.42,14.7,90.0,Sunny,Unfastened,LOW,7.0,True,7.4,0
SYNTH010177,2025-06-24 06:25:36,GRD002,Grader,OP1012,day,high_fuel,7.29,23.5,93.8,Sunny,Fastened,MEDIUM,3.5,True,23.44,4
EVT00563,2026-09-07 17:58:00,LDR001,Loader,OP1034,day,normal,5.75,16.2,84.2,Windy,Unfastened,LOW,12.7,True,7.42,0
SYNTH010466,2025-06-27 06:33:40,GRD003,Grader,OP1004,day,proximity_breach,5.32,2.3,80.6,Sunny,Fastened,HIGH,4.4,True,6.92,1
SYNTH010032,2025-06-22 18:04:10,DZR002,Dozer,OP1002,day,erratic_accel,15.99,5.8,101.5,Sunny,Unfastened,HIGH,2.3,True,13.98,7
SYNTH010303,2025-06-25 13:46:38,EXC001,Excavator,OP1016,day,overspeed,14.57,17.8,95.3,Rainy,Unfastened,HIGH,14.9,True,21.37,5
EVT00190,2026-05-06 03:32:00,EXC005,Excavator,OP1025,night,normal,6.47,11.9,86.7,Cloudy,Unfastened,LOW,8.5,True,7.14,0
SYNTH010321,2025-06-25 18:17:35,BCK003,Backhoe,OP1055,day,overspeed,19.44,20.6,93.5,Rainy,Fastened,HIGH,12.6,True,21.34,5
SYNTH010045,2025-06-22 21:23:46,DZR003,Dozer,OP1030,night,erratic_accel,8.0,14.9,82.0,Foggy,Unfastened,HIGH,8.5,True,17.05,6
EVT00511,2026-08-11 11:08:00,GRD002,Grader,OP1027,day,normal,10.42,20.8,89.6,Sunny,Unfastened,LOW,10.8,True,6.81,2
SYNTH010428,2025-06-26 21:11:07,LDR001,Loader,OP1059,night,proximity_breach,5.36,1.4,78.9,Rainy,Fastened,HIGH,6.6,True,11.41,1
EVT00475,2025-11-20 15:04:00,EXC002,Excavator,OP1029,day,proximity_breach,8.93,1.9,87.9,Sunny,Fastened,HIGH,5.6,True,10.19,4
SYNTH010202,2025-06-24 12:38:17,GRD002,Grader,OP1031,day,high_fuel,7.87,18.4,101.9,Windy,Unfastened,MEDIUM,14.7,False,32.79,3
SYNTH010093,2025-06-23 09:22:32,DZR003,Dozer,OP1057,day,erratic_accel,7.38,19.8,82.5,Foggy,Fastened,HIGH,4.7,True,18.1,9
EVT00253,2026-06-18 06:04:00,LDR002,Loader,OP1050,day,normal,3.63,29.0,47.6,Rainy,Unfastened,LOW,8.8,False,9.87,1
EVT00022,2025-03-10 11:14:00,DZR004,Dozer,OP1035,day,erratic_accel,4.03,20.3,91.6,Sunny,Unfastened,LOW,11.8,True,15.08,12
EVT00460,2025-11-20 13:14:00,EXC002,Excavator,OP1029,day,normal,6.4,11.0,79.0,Sunny,Unfastened,LOW,4.6,True,7.67,2
EVT00277,2026-06-18 12:16:00,LDR002,Loader,OP1050,day,temp_spike,4.58,19.3,117.0,Rainy,Fastened,MEDIUM,5.4,True,15.97,0
SYNTH010301,2025-06-25 13:16:40,EXC005,Excavator,OP1030,day,overspeed,21.12,8.8,86.1,Windy,Unfastened,HIGH,3.3,True,14.27,7
EVT00386,2025-07-21 18:40:00,GRD003,Grader,OP1056,night,normal,3.96,23.7,85.4,Rainy,Unfastened,LOW,11.8,True,7.82,0
SYNTH010151,2025-06-23 23:46:32,GRD003,Grader,OP1041,night,high_fuel,3.0,17.5,95.5,Foggy,Unfastened,LOW,3.8,True,20.15,5
EVT00344,2025-10-04 02:16:00,LDR002,Loader,OP1009,night,normal,6.98,21.5,87.5,Cloudy,Unfastened,LOW,2.9,True,7.57,2
SYNTH010115,2025-06-23 14:49:14,EXC003,Excavator,OP1047,day,erratic_accel,14.44,7.2,97.4,Windy,Unfastened,MEDIUM,10.5,True,13.31,11
EVT00131,2025-12-10 13:30:00,GRD003,Grader,OP1019,day,normal,6.28,21.3,94.1,Cloudy,Unfastened,LOW,2.8,True,5.89,2
SYNTH010217,2025-06-24 16:17:50,DZR001,Dozer,OP1029,day,high_fuel,7.28,25.0,103.5,Rainy,Fastened,MEDIUM,11.5,True,21.31,2
EVT00088,2025-12-10 06:22:00,GRD003,Grader,OP1019,day,normal,8.16,22.1,78.0,Cloudy,Unfastened,LOW,5.3,True,5.17,0
EVT00331,2025-10-03 22:22:00,LDR002,Loader,OP1009,night,normal,6.86,1.3,85.7,Cloudy,Fastened,HIGH,5.9,False,7.38,2
EVT00467,2025-11-20 14:46:00,EXC002,Excavator,OP1029,day,proximity_breach,8.75,2.3,83.1,Sunny,Fastened,HIGH,1.0,True,11.28,2
EVT00122,2025-12-10 13:04:00,GRD003,Grader,OP1019,day,proximity_breach,6.28,1.3,86.2,Cloudy,Fastened,HIGH,5.3,True,12.29,4
SYNTH010390,2025-06-26 11:32:12,DZR001,Dozer,OP1048,day,temp_spike,5.37,24.7,129.6,Rainy,Fastened,MEDIUM,4.9,True,16.86,1
SYNTH010441,2025-06-27 00:26:20,DZR002,Dozer,OP1055,night,proximity_breach,4.46,2.6,93.4,Rainy,Fastened,MEDIUM,8.1,False,10.65,1
SYNTH010206,2025-06-24 13:33:17,BCK004,Backhoe,OP1023,day,high_fuel,3.41,18.3,91.1,Sunny,Unfastened,LOW,4.9,True,22.86,2
