task_id,timestamp,hour_of_day,day_of_week,month,shift_type,operator_id,machine_id,machine_type,task_type,weather,soil_condition,operator_skill_level,operator_experience_years,engine_hours,fuel_level_pct,payload_tonnes,temperature_c,distance_m,idle_time_pct,previous_task_time_min,estimated_time_min,actual_time_min,time_delta_min
T00001,2026-05-22 19:16:44,19,4,5,night,OP1024,BCK001,Backhoe,Transfer,Rainy,Loose,Beginner,1.5,6742.8,86.3,7.36,40.2,60.9,28.4,14.0,33.6,75.0,41.4
T00002,2025-04-18 10:38:43,10,4,4,day,OP1049,DZR002,Dozer,Foundation Digging,Sunny,Loose,Beginner,0.8,3250.6,62.3,12.9,34.5,275.3,36.6,108.8,81.1,121.2,40.1
T00003,2026-05-06 13:38:31,13,2,5,day,OP1045,DZR003,Dozer,Transfer,Cloudy,Dry,Intermediate,6.5,5659.1,75.9,9.62,40.4,85.1,24.1,61.3,27.8,42.3,14.5
T00004,2025-11-25 08:29:51,8,1,11,day,OP1047,EXC007,Excavator,Site Clearing,Sunny,Clay,Beginner,2.8,5759.8,63.0,13.65,28.8,259.7,31.4,103.8,84.6,126.6,42.0
T00005,2026-01-01 11:27:28,11,3,1,day,OP1018,EXC002,Excavator,Earth Excavation,Cloudy,Wet,Expert,15.8,2822.2,50.9,11.57,13.7,152.1,18.3,81.4,69.0,65.5,-3.5
T00006,2025-03-24 06:58:20,6,0,3,day,OP1041,BCK002,Backhoe,Earth Excavation,Sunny,Clay,Intermediate,4.3,3245.5,68.0,11.07,28.6,240.8,5,46.1,65.7,63.5,-2.2
T00007,2026-06-02 12:18:18,12,1,6,day,OP1040,BCK004,Backhoe,Trenching,Foggy,Wet,Intermediate,8.2,4414.8,61.7,13.91,31.8,172.1,28.5,72.8,65.7,79.7,14.0
T00008,2025-12-09 22:40:36,22,1,12,night,OP1044,EXC008,Excavator,Demolition,Windy,Clay,Beginner,1.1,2886.9,40.4,5.97,13.1,187.6,26.3,11.0,105.9,168.6,62.7
T00009,2025-12-16 10:49:11,10,1,12,day,OP1020,BCK003,Backhoe,Foundation Digging,Foggy,Clay,Intermediate,8.4,3871.6,66.0,3.29,13.8,54.1,25.6,41.7,99.2,101.7,2.5
T00010,2025-01-31 00:48:17,0,4,1,night,OP1018,GRD002,Grader,Earth Excavation,Windy,Wet,Expert,15.8,3275.8,74.0,13.46,12.3,121.1,11.5,15.3,72.5,74.0,1.5
T00011,2025-05-10 21:27:56,21,5,5,night,OP1045,DZR003,Dozer,Demolition,Rainy,Loose,Intermediate,6.5,3026.2,52.5,7.25,40.0,163.3,22.8,103.5,117.9,138.7,20.8
T00012,2026-07-11 08:04:44,8,5,7,day,OP1024,GRD003,Grader,Transfer,Rainy,Dry,Beginner,1.5,4146.9,88.1,15.34,32.5,109.6,16.7,32.2,30.5,39.9,9.4
T00013,2025-10-02 03:09:03,3,3,10,night,OP1030,EXC004,Excavator,Material Loading,Cloudy,Rocky,Intermediate,4.1,2888.7,69.3,17.4,24.8,10,23.7,90.2,41.5,43.9,2.4
T00014,2025-03-29 13:57:09,13,5,3,day,OP1027,LDR003,Loader,Demolition,Rainy,Rocky,Intermediate,6.2,1510.0,41.7,5.21,25.9,92.0,33.2,14.2,127.8,144.6,16.8
T00015,2026-01-25 03:48:45,3,6,1,night,OP1016,GRD002,Grader,Foundation Digging,Sunny,Loose,Beginner,2.9,5897.4,76.7,8.72,24.4,13.4,30.9,43.6,89.5,126.0,36.5
T00016,2025-05-05 22:32:34,22,0,5,night,OP1034,DZR002,Dozer,Earth Excavation,Rainy,Loose,Beginner,1.3,3378.3,41.2,18.0,45.3,204.3,14.6,91.7,72.7,79.5,6.8
T00017,2026-04-05 00:21:40,0,6,4,night,OP1057,DZR003,Dozer,Earth Excavation,Cloudy,Wet,Beginner,2.8,5428.8,45.2,18.46,26.9,143.0,5,50.2,76.1,93.9,17.8
T00018,2025-03-13 09:54:16,9,3,3,day,OP1010,EXC008,Excavator,Foundation Digging,Cloudy,Wet,Intermediate,8.6,904.7,75.3,15.31,27.8,69.4,36.9,58.5,88.1,105.7,17.6
T00019,2026-07-16 00:51:24,0,3,7,night,OP1011,EXC003,Excavator,Transfer,Foggy,Clay,Intermediate,6.7,5174.8,98,9.18,27.9,67.9,30.6,67.6,32.3,43.7,11.4
T00020,2025-12-24 14:20:34,14,2,12,day,OP1026,LDR001,Loader,Earth Excavation,Cloudy,Dry,Beginner,2.3,4233.2,56.8,15.83,23.6,10,26.5,59.4,63.9,107.9,44.0
T00021,2025-06-18 15:03:29,15,2,6,day,OP1042,EXC002,Excavator,Demolition,Rainy,Dry,Beginner,1.3,1385.2,58.3,14.18,28.3,178.7,25.2,24.5,107.2,153.2,46.0
T00022,2025-11-27 20:45:19,20,3,11,night,OP1053,DZR003,Dozer,Demolition,Rainy,Rocky,Intermediate,7.0,4493.3,54.1,17.71,24.5,202.2,37.0,92.8,148.5,192.4,43.9
T00023,2025-01-22 07:27:17,7,2,1,day,OP1024,BCK002,Backhoe,Demolition,Cloudy,Rocky,Beginner,1.5,2800.3,76.9,20.23,20.3,169.4,5,28.0,113.7,142.1,28.4
T00024,2026-05-08 06:41:31,6,4,5,day,OP1003,LDR002,Loader,Transfer,Sunny,Wet,Expert,20.4,3765.5,64.7,4.58,39.6,177.1,5,46.0,28.7,23.0,-5.7
T00025,2026-08-13 15:24:20,15,3,8,day,OP1018,EXC002,Excavator,Site Clearing,Cloudy,Loose,Expert,15.8,4458.6,61.0,16.56,38.5,211.7,5,58.9,79.3,71.3,-8.0
T00026,2026-07-02 08:19:04,8,3,7,day,OP1041,GRD003,Grader,Earth Excavation,Sunny,Rocky,Intermediate,4.3,4081.3,77.8,9.44,31.1,133.8,11.6,29.9,76.5,66.5,-10.0
T00027,2025-01-08 15:50:39,15,2,1,day,OP1009,GRD001,Grader,Demolition,Windy,Dry,Intermediate,5.2,2297.9,67.1,18.92,17.5,157.4,24.8,42.6,95.5,108.1,12.6
T00028,2025-03-22 13:50:08,13,5,3,day,OP1033,GRD002,Grader,Trenching,Cloudy,Wet,Expert,17.2,3644.8,68.5,12.87,28.1,10,25.0,56.2,58.9,62.5,3.6
T00029,2026-08-14 22:34:29,22,4,8,night,OP1058,EXC003,Excavator,Site Clearing,Rainy,Dry,Intermediate,3.3,5393.1,85.0,4.9,34.9,84.5,31.4,99.0,87.1,111.6,24.5
T00030,2025-09-19 14:54:31,14,4,9,day,OP1027,LDR003,Loader,Transfer,Cloudy,Dry,Intermediate,6.2,2780.5,82.0,10.66,28.7,330.8,25.1,35.5,25.0,35.3,10.3
T00031,2025-06-10 11:58:04,11,1,6,day,OP1036,GRD001,Grader,Site Clearing,Rainy,Loose,Intermediate,3.3,3413.6,87.7,11.02,30.4,10,11.0,57.0,86.5,102.2,15.7
T00032,2025-09-30 21:39:49,21,1,9,night,OP1036,LDR004,Loader,Trenching,Rainy,Clay,Intermediate,3.3,3923.7,85.7,3.87,30.6,97.1,6.8,45.5,64.4,67.9,3.5
T00033,2025-11-27 21:15:45,21,3,11,night,OP1022,LDR004,Loader,Earth Excavation,Sunny,Wet,Beginner,0.6,4346.9,63.9,15.0,19.3,227.6,41.2,41.8,71.0,114.4,43.4
T00034,2026-01-28 23:47:02,23,2,1,night,OP1006,EXC002,Excavator,Material Loading,Sunny,Clay,Intermediate,3.3,3023.0,71.9,6.57,19.6,172.6,12.3,30.3,35.9,42.6,6.7
T00035,2026-08-10 09:15:25,9,0,8,day,OP1015,LDR005,Loader,Earth Excavation,Sunny,Rocky,Beginner,0.6,4440.5,61.4,11.33,37.4,83.2,32.2,84.6,77.5,88.9,11.4
T00036,2026-03-04 14:39:07,14,2,3,day,OP1003,DZR001,Dozer,Earth Excavation,Cloudy,Dry,Expert,20.4,3918.9,55.0,4.66,30.4,92.5,5,60.9,63.1,56.7,-6.4
T00037,2026-03-13 14:29:01,14,4,3,day,OP1016,DZR001,Dozer,Foundation Digging,Cloudy,Loose,Beginner,2.9,3984.6,52.0,12.39,31.5,273.3,47.5,45.8,85.9,97.4,11.5
T00038,2025-07-01 07:40:40,7,1,7,day,OP1013,EXC006,Excavator,Material Loading,Rainy,Dry,Expert,18.9,3889.1,93.2,3.46,34.0,149.6,13.4,54.9,41.8,41.1,-0.7
T00039,2026-06-17 14:00:51,14,2,6,day,OP1038,EXC002,Excavator,Site Clearing,Rainy,Rocky,Beginner,2.4,4042.0,71.0,8.49,32.9,190.3,25.3,21.9,104.2,141.1,36.9
T00040,2025-02-24 14:08:44,14,0,2,day,OP1042,EXC007,Excavator,Site Clearing,Cloudy,Clay,Beginner,1.3,3761.3,74.4,18.67,21.8,242.3,19.1,47.8,80.9,102.7,21.8
T00041,2025-07-14 15:11:59,15,0,7,day,OP1025,DZR001,Dozer,Site Clearing,Rainy,Dry,Expert,17.0,2218.2,49.0,12.84,32.4,158.4,50.9,23.2,79.8,91.2,11.4
T00042,2026-04-18 13:09:40,13,5,4,day,OP1006,LDR002,Loader,Foundation Digging,Cloudy,Rocky,Intermediate,3.3,3621.5,49.4,14.51,35.3,36.9,14.6,61.5,100.1,125.0,24.9
T00043,2026-02-17 22:59:28,22,1,2,night,OP1015,EXC005,Excavator,Material Loading,Sunny,Dry,Beginner,0.6,5801.2,69.1,10.61,16.0,53.5,18.7,11.1,36.2,68.2,32.0
T00044,2025-07-22 18:40:33,18,1,7,night,OP1024,BCK002,Backhoe,Grading,Foggy,Clay,Beginner,1.5,4125.1,94.3,5.72,29.6,174.2,13.2,44.3,49.1,48.1,-1.0
T00045,2026-06-16 08:59:50,8,1,6,day,OP1025,DZR004,Dozer,Foundation Digging,Foggy,Wet,Expert,17.0,4756.3,62.2,11.0,34.7,252.4,59.7,37.1,105.2,121.3,16.1
T00046,2025-07-16 15:04:36,15,2,7,day,OP1010,DZR001,Dozer,Trenching,Foggy,Wet,Intermediate,8.6,2232.8,41.5,15.22,34.4,112.1,30.6,82.0,64.0,76.1,12.1
T00047,2026-02-10 19:35:29,19,1,2,night,OP1019,DZR003,Dozer,Material Loading,Windy,Loose,Intermediate,4.5,5040.4,70.5,14.04,20.6,172.5,25.8,62.0,40.2,49.5,9.3
T00048,2026-05-21 12:19:20,12,3,5,day,OP1005,EXC004,Excavator,Transfer,Cloudy,Dry,Expert,18.5,4577.8,55.5,10.27,34.5,84.0,46.7,75.1,26.8,28.6,1.8
T00049,2026-09-03 23:11:57,23,3,9,night,OP1002,LDR005,Loader,Transfer,Sunny,Loose,Expert,18.3,4619.9,68.6,18.89,33.0,158.5,26.6,64.1,27.3,30.0,2.7
T00050,2026-02-13 19:57:25,19,4,2,night,OP1050,BCK002,Backhoe,Transfer,Foggy,Loose,Intermediate,7.7,5629.2,49.8,18.18,16.1,195.1,18.2,60.6,31.5,42.1,10.6
T00051,2026-04-25 23:32:40,23,5,4,night,OP1017,EXC002,Excavator,Grading,Sunny,Dry,Expert,13.3,3658.0,59.9,14.06,35.4,195.6,32.1,62.3,39.8,39.4,-0.4
T00052,2026-09-17 07:03:19,7,3,9,day,OP1028,EXC003,Excavator,Foundation Digging,Rainy,Wet,Beginner,1.6,5636.6,66.3,16.8,26.6,198.2,43.8,90.3,117.6,173.4,55.8
T00053,2026-03-03 10:29:26,10,1,3,day,OP1041,EXC002,Excavator,Trenching,Rainy,Loose,Intermediate,4.3,3267.2,90.4,6.23,22.3,10,17.1,36.8,63.1,60.4,-2.7
T00054,2026-04-08 18:33:56,18,2,4,night,OP1010,BCK002,Backhoe,Transfer,Windy,Rocky,Intermediate,8.6,6023.0,72.1,13.79,31.5,199.6,33.8,56.9,36.4,42.1,5.7
T00055,2025-05-26 08:47:16,8,0,5,day,OP1029,EXC007,Excavator,Demolition,Rainy,Loose,Intermediate,8.7,4423.9,77.7,13.48,38.7,165.7,31.2,27.9,116.3,131.3,15.0
T00056,2025-12-31 01:11:24,1,2,12,night,OP1060,BCK003,Backhoe,Material Loading,Windy,Clay,Expert,10.8,3978.1,98,11.86,19.9,91.8,18.1,68.4,40.5,47.5,7.0
T00057,2025-03-25 15:59:45,15,1,3,day,OP1047,DZR003,Dozer,Foundation Digging,Rainy,Clay,Beginner,2.8,2688.7,88.0,7.92,36.6,81.1,30.2,22.0,99.9,133.5,33.6
T00058,2025-06-03 09:12:54,9,1,6,day,OP1011,LDR003,Loader,Grading,Cloudy,Clay,Intermediate,6.7,1990.4,52.2,10.98,40.1,251.5,35.8,86.1,43.1,42.5,-0.6
T00059,2025-07-08 12:20:19,12,1,7,day,OP1058,GRD003,Grader,Site Clearing,Windy,Clay,Intermediate,3.3,1461.8,77.7,20.57,38.7,234.2,39.1,28.7,77.7,84.7,7.0
T00060,2025-12-17 09:11:43,9,2,12,day,OP1016,BCK002,Backhoe,Foundation Digging,Sunny,Dry,Beginner,2.9,5202.6,61.8,6.66,17.1,187.4,36.6,73.6,83.1,113.1,30.0
T00061,2026-03-24 07:17:07,7,1,3,day,OP1016,DZR002,Dozer,Trenching,Sunny,Wet,Beginner,2.9,5731.6,73.7,19.47,27.8,94.6,23.1,47.1,61.8,71.6,9.8
T00062,2025-07-15 11:16:06,11,1,7,day,OP1032,LDR002,Loader,Transfer,Sunny,Loose,Intermediate,3.9,1598.8,68.7,11.91,20.6,213.3,54.1,28.4,25.2,34.0,8.8
T00063,2025-11-18 01:41:51,1,1,11,night,OP1024,EXC002,Excavator,Foundation Digging,Sunny,Clay,Beginner,1.5,2498.0,87.9,15.77,24.7,184.6,18.4,38.3,82.5,140.1,57.6
T00064,2026-03-18 20:11:26,20,2,3,night,OP1033,LDR005,Loader,Earth Excavation,Sunny,Wet,Expert,17.2,3385.3,43.6,8.46,25.4,139.8,35.6,63.9,68.5,71.7,3.2
T00065,2026-02-11 11:13:10,11,2,2,day,OP1032,BCK003,Backhoe,Demolition,Cloudy,Dry,Intermediate,3.9,4287.8,86.5,16.91,16.9,132.5,49.6,39.5,97.1,101.1,4.0
T00066,2025-10-04 23:56:21,23,5,10,night,OP1011,DZR004,Dozer,Foundation Digging,Sunny,Wet,Intermediate,6.7,2899.4,77.2,11.68,37.5,154.3,37.7,44.3,86.9,98.9,12.0
T00067,2025-03-20 23:18:25,23,3,3,night,OP1036,LDR003,Loader,Transfer,Cloudy,Rocky,Intermediate,3.3,1447.2,65.5,5.46,31.3,125.5,8.0,66.4,30.7,43.6,12.9
T00068,2025-10-02 03:49:37,3,3,10,night,OP1050,LDR002,Loader,Grading,Rainy,Loose,Intermediate,7.7,2173.2,82.7,18.33,26.5,90.9,23.3,81.1,49.1,68.4,19.3
T00069,2025-06-28 09:03:15,9,5,6,day,OP1046,EXC003,Excavator,Site Clearing,Windy,Rocky,Beginner,2.1,2381.4,59.6,12.68,34.0,92.4,33.2,44.4,88.0,140.2,52.2
T00070,2025-10-02 06:45:42,6,3,10,day,OP1027,LDR003,Loader,Transfer,Sunny,Wet,Intermediate,6.2,2872.9,70.6,15.15,33.1,112.0,41.4,14.2,27.8,39.3,11.5
T00071,2025-03-17 19:07:20,19,0,3,night,OP1037,EXC008,Excavator,Earth Excavation,Windy,Wet,Expert,24.1,936.7,84.1,12.12,20.4,136.8,48.2,13.9,68.8,75.4,6.6
T00072,2025-01-16 12:07:37,12,3,1,day,OP1060,LDR003,Loader,Demolition,Cloudy,Clay,Expert,10.8,983.9,65.2,14.55,9.7,211.3,22.9,89.6,99.7,101.5,1.8
T00073,2026-02-12 23:47:09,23,3,2,night,OP1049,EXC007,Excavator,Material Loading,Cloudy,Loose,Beginner,0.8,6341.1,54.0,16.72,23.2,202.8,45.9,74.1,39.9,69.9,30.0
T00074,2025-11-20 21:11:38,21,3,11,night,OP1047,GRD002,Grader,Earth Excavation,Sunny,Rocky,Beginner,2.8,5420.9,65.0,13.84,22.5,188.4,26.1,95.9,80.3,106.3,26.0
T00075,2025-09-26 07:33:08,7,4,9,day,OP1010,DZR002,Dozer,Site Clearing,Rainy,Clay,Intermediate,8.6,4425.0,56.9,13.7,35.7,12.2,36.8,29.9,92.8,121.8,29.0
T00076,2025-05-19 11:35:22,11,0,5,day,OP1033,EXC007,Excavator,Material Loading,Sunny,Clay,Expert,17.2,4373.7,78.1,9.92,32.4,60.0,38.8,50.3,37.8,40.4,2.6
T00077,2026-07-11 09:15:16,9,5,7,day,OP1002,LDR005,Loader,Demolition,Rainy,Wet,Expert,18.3,4221.5,67.8,10.09,29.9,167.6,49.3,47.0,133.5,149.3,15.8
T00078,2025-06-17 03:47:19,3,1,6,night,OP1042,DZR001,Dozer,Site Clearing,Foggy,Loose,Beginner,1.3,2017.6,80.6,9.68,25.5,166.3,39.2,26.5,81.1,133.9,52.8
T00079,2025-06-06 20:25:16,20,4,6,night,OP1001,EXC001,Excavator,Demolition,Rainy,Clay,Expert,13.7,3572.6,76.7,11.64,30.5,227.7,37.1,54.4,127.0,133.8,6.8
T00080,2025-01-24 06:54:21,6,4,1,day,OP1039,EXC002,Excavator,Transfer,Cloudy,Dry,Expert,10.2,324.2,74.5,5.8,18.0,180.0,15.4,11.2,24.7,17.8,-6.9
T00081,2026-01-21 13:46:56,13,2,1,day,OP1053,LDR003,Loader,Grading,Cloudy,Wet,Intermediate,7.0,3685.4,68.4,7.91,22.8,176.1,26.7,26.4,46.7,52.9,6.2
T00082,2026-04-06 21:21:27,21,0,4,night,OP1027,DZR001,Dozer,Material Loading,Sunny,Wet,Intermediate,6.2,4161.9,53.0,13.22,33.1,93.5,24.8,37.0,38.9,43.9,5.0
T00083,2025-10-22 09:28:12,9,2,10,day,OP1006,DZR002,Dozer,Site Clearing,Sunny,Wet,Intermediate,3.3,4615.4,74.6,9.99,31.7,131.9,29.3,47.6,84.1,112.6,28.5
T00084,2025-01-23 08:06:09,8,3,1,day,OP1048,EXC004,Excavator,Transfer,Windy,Clay,Beginner,2.2,1050.6,55.6,11.27,16.8,210.9,24.8,81.2,28.9,27.4,-1.5
T00085,2026-07-20 21:22:20,21,0,7,night,OP1014,LDR004,Loader,Site Clearing,Rainy,Clay,Expert,21.2,6062.5,51.4,16.68,35.3,154.7,14.0,78.4,104.3,110.0,5.7
T00086,2026-08-25 15:26:55,15,1,8,day,OP1022,LDR001,Loader,Transfer,Foggy,Loose,Beginner,0.6,6014.8,75.9,9.52,24.7,178.0,25.5,55.8,33.6,55.9,22.3
T00087,2025-03-04 22:16:14,22,1,3,night,OP1054,BCK001,Backhoe,Grading,Sunny,Wet,Intermediate,5.0,3502.5,71.0,6.64,31.7,219.4,24.6,9.6,45.1,50.9,5.8
T00088,2025-01-25 08:55:43,8,5,1,day,OP1019,EXC001,Excavator,Foundation Digging,Windy,Wet,Intermediate,4.5,2605.5,74.2,12.74,19.4,184.4,8.6,84.4,90.9,92.1,1.2
T00089,2025-10-23 20:27:07,20,3,10,night,OP1044,EXC003,Excavator,Earth Excavation,Sunny,Loose,Beginner,1.1,3239.0,81.9,6.42,24.7,56.5,47.2,79.5,62.7,103.9,41.2
T00090,2025-02-25 15:02:14,15,1,2,day,OP1045,GRD002,Grader,Transfer,Sunny,Dry,Intermediate,6.5,3462.6,58.9,4.65,19.7,115.7,36.9,79.1,24.9,16.4,-8.5
T00091,2026-04-25 21:10:04,21,5,4,night,OP1037,EXC008,Excavator,Foundation Digging,Rainy,Clay,Expert,24.1,3886.5,91.9,19.57,29.7,317.6,40.6,54.0,108.0,117.6,9.6
T00092,2026-04-24 21:25:55,21,4,4,night,OP1041,LDR001,Loader,Transfer,Cloudy,Rocky,Intermediate,4.3,5118.7,65.2,13.35,29.3,236.6,5,102.1,33.9,38.6,4.7
T00093,2025-07-08 21:20:15,21,1,7,night,OP1007,EXC003,Excavator,Earth Excavation,Foggy,Loose,Beginner,1.2,2458.2,79.2,12.95,29.0,180.7,29.2,79.8,65.9,86.1,20.2
T00094,2026-01-28 18:22:13,18,2,1,night,OP1027,LDR005,Loader,Trenching,Windy,Clay,Intermediate,6.2,3027.1,46.7,8.53,27.2,125.0,25.4,92.5,58.6,74.1,15.5
T00095,2025-12-29 06:59:59,6,0,12,day,OP1017,EXC008,Excavator,Transfer,Cloudy,Wet,Expert,13.3,3028.1,72.1,15.51,15.9,148.2,27.0,58.2,28.8,23.8,-5.0
T00096,2025-06-17 12:07:52,12,1,6,day,OP1045,EXC007,Excavator,Transfer,Cloudy,Loose,Intermediate,6.5,4585.6,67.6,9.23,37.3,63.0,26.4,70.9,28.1,45.4,17.3
T00097,2025-09-01 11:34:11,11,0,9,day,OP1044,GRD001,Grader,Earth Excavation,Foggy,Loose,Beginner,1.1,4019.4,66.4,13.51,32.6,10,47.8,84.8,71.9,113.2,41.3
T00098,2025-07-09 01:56:36,1,2,7,night,OP1005,DZR002,Dozer,Transfer,Rainy,Clay,Expert,18.5,3846.6,68.6,8.98,22.0,57.3,41.8,37.0,34.0,36.1,2.1
T00099,2025-02-27 12:32:20,12,3,2,day,OP1042,LDR005,Loader,Site Clearing,Foggy,Loose,Beginner,1.3,579.8,74.2,12.31,22.4,267.4,15.3,31.5,80.4,82.9,2.5
T00100,2026-08-26 15:58:39,15,2,8,day,OP1031,EXC004,Excavator,Demolition,Rainy,Dry,Expert,22.8,5287.0,93.8,13.45,38.1,195.4,20.3,26.3,116.3,110.0,-6.3
T00101,2025-03-26 14:08:57,14,2,3,day,OP1008,EXC001,Excavator,Site Clearing,Cloudy,Wet,Beginner,1.2,3045.1,59.5,5.33,32.9,135.5,30.6,35.0,81.6,127.9,46.3
T00102,2026-06-05 13:26:22,13,4,6,day,OP1057,EXC007,Excavator,Transfer,Rainy,Loose,Beginner,2.8,7162.9,70.3,9.76,36.8,260.1,10.3,16.9,35.4,57.3,21.9
T00103,2026-08-13 12:28:52,12,3,8,day,OP1039,LDR005,Loader,Foundation Digging,Rainy,Rocky,Expert,10.2,4463.4,83.3,14.15,28.4,244.2,19.9,22.5,118.7,118.4,-0.3
T00104,2026-03-27 11:13:49,11,4,3,day,OP1027,GRD003,Grader,Material Loading,Cloudy,Loose,Intermediate,6.2,3374.1,89.6,8.75,29.2,43.8,37.1,24.0,35.8,32.5,-3.3
T00105,2026-03-10 22:58:29,22,1,3,night,OP1013,LDR005,Loader,Transfer,Cloudy,Loose,Expert,18.9,3327.8,84.5,9.14,20.4,147.2,24.5,91.9,26.8,34.9,8.1
T00106,2026-08-20 07:21:13,7,3,8,day,OP1008,LDR001,Loader,Site Clearing,Rainy,Dry,Beginner,1.2,5975.8,53.8,11.93,31.3,222.4,33.3,20.6,89.5,125.4,35.9
T00107,2025-04-19 15:56:27,15,5,4,day,OP1050,EXC008,Excavator,Grading,Rainy,Clay,Intermediate,7.7,1176.6,42.4,7.34,30.0,94.4,14.7,24.0,50.9,52.1,1.2
T00108,2025-07-25 13:06:52,13,4,7,day,OP1019,GRD002,Grader,Demolition,Foggy,Clay,Intermediate,4.5,4557.1,67.9,20.54,37.0,253.4,24.8,61.8,118.9,127.7,8.8
T00109,2026-01-25 01:40:27,1,6,1,night,OP1044,LDR005,Loader,Transfer,Sunny,Rocky,Beginner,1.1,3000.1,59.5,18.12,15.3,206.0,36.3,75.9,30.4,48.3,17.9
T00110,2025-01-09 02:30:35,2,3,1,night,OP1006,BCK004,Backhoe,Transfer,Rainy,Rocky,Intermediate,3.3,696.1,48.4,1.54,22.2,263.0,21.7,55.5,36.2,36.9,0.7
T00111,2026-08-08 02:58:04,2,5,8,night,OP1049,EXC002,Excavator,Earth Excavation,Sunny,Loose,Beginner,0.8,4418.3,73.5,13.72,40.2,214.4,51.7,31.4,65.6,81.6,16.0
T00112,2025-04-26 08:41:28,8,5,4,day,OP1024,BCK002,Backhoe,Material Loading,Sunny,Rocky,Beginner,1.5,3486.9,45.1,9.22,32.0,159.1,21.9,52.7,41.2,51.7,10.5
T00113,2026-02-20 03:53:04,3,4,2,night,OP1028,BCK003,Backhoe,Material Loading,Cloudy,Wet,Beginner,1.6,4351.3,86.3,14.12,16.2,184.0,49.9,27.6,40.4,68.7,28.3
T00114,2025-07-21 13:17:37,13,0,7,day,OP1041,BCK004,Backhoe,Material Loading,Windy,Clay,Intermediate,4.3,2108.3,42.6,12.77,27.9,162.9,11.3,59.0,38.6,34.7,-3.9
T00115,2025-04-16 12:06:35,12,2,4,day,OP1047,GRD003,Grader,Demolition,Rainy,Dry,Beginner,2.8,855.9,52.0,9.27,36.4,230.9,21.3,86.8,101.9,121.7,19.8
T00116,2026-04-11 11:07:15,11,5,4,day,OP1039,EXC003,Excavator,Earth Excavation,Foggy,Rocky,Expert,10.2,4477.2,92.0,7.1,38.4,115.2,10.2,29.4,86.9,83.1,-3.8
T00117,2025-03-18 22:07:48,22,1,3,night,OP1019,BCK001,Backhoe,Foundation Digging,Cloudy,Loose,Intermediate,4.5,3604.7,79.2,8.29,31.3,104.7,18.2,51.4,84.7,105.6,20.9
T00118,2025-03-25 10:30:55,10,1,3,day,OP1055,EXC008,Excavator,Earth Excavation,Sunny,Loose,Expert,12.2,992.5,83.8,17.27,31.1,182.6,32.4,51.8,60.9,71.3,10.4
T00119,2026-09-22 14:16:09,14,1,9,day,OP1017,EXC006,Excavator,Site Clearing,Sunny,Rocky,Expert,13.3,7161.5,62.5,14.29,29.8,105.1,15.6,94.3,100.0,98.4,-1.6
T00120,2026-03-11 14:37:43,14,2,3,day,OP1011,LDR004,Loader,Material Loading,Sunny,Dry,Intermediate,6.7,5104.1,56.2,16.54,31.7,226.7,53.1,58.4,35.3,46.8,11.5
T00121,2025-02-17 15:09:39,15,0,2,day,OP1048,BCK001,Backhoe,Foundation Digging,Sunny,Wet,Beginner,2.2,3390.9,82.0,10.76,15.5,174.9,20.7,68.2,88.5,110.2,21.7
T00122,2025-03-29 02:41:37,2,5,3,night,OP1050,LDR002,Loader,Site Clearing,Sunny,Loose,Intermediate,7.7,807.8,70.5,7.47,29.7,120.1,18.2,14.7,71.4,71.1,-0.3
T00123,2025-10-25 15:20:27,15,5,10,day,OP1002,EXC008,Excavator,Site Clearing,Cloudy,Dry,Expert,18.3,2556.1,69.8,6.19,28.2,23.2,32.5,32.4,70.2,72.0,1.8
T00124,2025-12-05 15:13:56,15,4,12,day,OP1058,DZR004,Dozer,Foundation Digging,Rainy,Rocky,Intermediate,3.3,3349.3,76.4,6.33,11.6,101.7,33.8,48.9,109.6,132.5,22.9
T00125,2026-01-16 22:04:52,22,4,1,night,OP1054,BCK004,Backhoe,Site Clearing,Cloudy,Rocky,Intermediate,5.0,3417.7,98,16.06,19.0,242.1,32.0,27.6,90.0,103.5,13.5
T00126,2025-09-10 10:46:03,10,2,9,day,OP1055,EXC004,Excavator,Trenching,Sunny,Rocky,Expert,12.2,2730.5,49.4,19.28,32.9,180.7,33.4,42.6,60.1,63.2,3.1
T00127,2025-08-01 10:11:34,10,4,8,day,OP1029,GRD001,Grader,Grading,Sunny,Dry,Intermediate,8.7,3792.7,62.2,19.45,31.7,155.6,40.4,74.3,40.0,38.9,-1.1
T00128,2025-11-11 18:58:52,18,1,11,night,OP1005,EXC007,Excavator,Transfer,Rainy,Dry,Expert,18.5,5660.7,54.2,10.35,29.2,164.3,36.0,76.8,32.9,37.3,4.4
T00129,2025-07-30 15:06:21,15,2,7,day,OP1018,LDR001,Loader,Transfer,Windy,Dry,Expert,15.8,3160.4,56.3,7.82,26.8,74.6,25.9,38.8,26.8,34.8,8.0
T00130,2025-10-30 14:04:16,14,3,10,day,OP1051,EXC001,Excavator,Foundation Digging,Rainy,Rocky,Expert,11.2,4636.5,73.3,7.76,21.1,225.4,38.0,66.6,119.9,122.2,2.3
T00131,2025-03-15 22:50:56,22,5,3,night,OP1023,GRD002,Grader,Grading,Foggy,Dry,Beginner,2.1,3596.4,81.1,3.21,27.0,117.1,32.3,17.7,42.4,81.4,39.0
T00132,2025-07-31 12:01:37,12,3,7,day,OP1052,BCK004,Backhoe,Site Clearing,Windy,Dry,Intermediate,5.8,2180.9,56.6,8.73,29.9,127.9,49.9,16.7,72.4,89.3,16.9
T00133,2025-09-24 10:54:37,10,2,9,day,OP1022,GRD003,Grader,Grading,Rainy,Rocky,Beginner,0.6,2030.8,37.1,13.22,28.2,90.0,39.0,34.2,57.1,51.9,-5.2
T00134,2026-03-28 00:42:21,0,5,3,night,OP1038,EXC004,Excavator,Site Clearing,Sunny,Wet,Beginner,2.4,4180.1,66.3,5.07,33.4,186.4,31.0,68.8,82.7,127.5,44.8
T00135,2025-12-23 13:21:21,13,1,12,day,OP1045,GRD002,Grader,Foundation Digging,Windy,Clay,Intermediate,6.5,5659.4,74.1,21.36,23.3,51.5,32.7,39.2,103.0,140.8,37.8
T00136,2025-07-24 15:38:24,15,3,7,day,OP1053,BCK003,Backhoe,Site Clearing,Rainy,Rocky,Intermediate,7.0,2814.5,92.3,6.33,32.5,251.5,35.0,20.3,101.5,111.3,9.8
T00137,2026-04-02 09:54:34,9,3,4,day,OP1054,DZR003,Dozer,Grading,Sunny,Dry,Intermediate,5.0,5409.8,66.3,14.47,33.3,152.3,34.5,81.7,42.4,41.1,-1.3
T00138,2026-02-13 12:13:58,12,4,2,day,OP1031,BCK003,Backhoe,Earth Excavation,Cloudy,Wet,Expert,22.8,4302.7,60.0,14.81,17.7,167.2,32.0,86.0,73.0,77.4,4.4
T00139,2026-08-14 09:46:05,9,4,8,day,OP1028,EXC003,Excavator,Demolition,Windy,Clay,Beginner,1.6,5389.2,70.8,12.71,29.2,248.1,54.9,46.0,118.6,175.9,57.3
T00140,2025-04-24 10:01:42,10,3,4,day,OP1024,LDR005,Loader,Site Clearing,Sunny,Dry,Beginner,1.5,987.8,86.7,11.53,32.6,203.7,28.7,55.6,68.0,81.0,13.0
T00141,2025-10-03 14:26:51,14,4,10,day,OP1053,DZR004,Dozer,Foundation Digging,Foggy,Loose,Intermediate,7.0,2889.2,65.1,9.64,25.4,216.7,36.6,29.5,92.8,128.5,35.7
T00142,2025-09-15 19:28:49,19,0,9,night,OP1028,EXC003,Excavator,Foundation Digging,Cloudy,Wet,Beginner,1.6,2961.3,60.0,19.45,31.6,56.7,53.4,79.9,89.7,134.0,44.3
T00143,2025-01-21 00:19:29,0,1,1,night,OP1034,DZR001,Dozer,Trenching,Cloudy,Wet,Beginner,1.3,943.5,61.9,13.02,13.2,137.4,25.1,100.9,56.4,70.1,13.7
T00144,2026-08-08 10:51:43,10,5,8,day,OP1012,LDR001,Loader,Foundation Digging,Sunny,Clay,Beginner,1.4,5889.3,56.2,3.66,29.3,238.9,46.2,20.4,93.7,136.8,43.1
T00145,2026-01-02 14:28:03,14,4,1,day,OP1055,BCK003,Backhoe,Trenching,Foggy,Wet,Expert,12.2,3996.8,98,3.12,25.2,194.1,33.9,60.4,66.2,62.8,-3.4
T00146,2026-09-15 02:15:17,2,1,9,night,OP1033,EXC006,Excavator,Trenching,Cloudy,Clay,Expert,17.2,7106.8,84.9,5.23,24.3,130.2,39.2,59.7,64.4,74.0,9.6
T00147,2025-08-30 14:16:45,14,5,8,day,OP1033,LDR005,Loader,Trenching,Rainy,Wet,Expert,17.2,1923.5,84.5,15.0,27.3,281.2,27.1,26.2,66.6,65.7,-0.9
T00148,2025-02-07 07:50:18,7,4,2,day,OP1037,EXC007,Excavator,Grading,Rainy,Wet,Expert,24.1,3635.3,85.3,18.77,20.5,161.4,42.0,30.4,52.9,56.7,3.8
T00149,2026-01-06 01:09:58,1,1,1,night,OP1018,DZR001,Dozer,Foundation Digging,Windy,Loose,Expert,15.8,3498.7,86.8,7.29,17.9,19.5,17.4,71.4,86.4,94.0,7.6
T00150,2026-08-04 15:53:11,15,1,8,day,OP1041,LDR003,Loader,Demolition,Cloudy,Rocky,Intermediate,4.3,5109.5,86.8,11.09,32.8,170.6,19.1,57.9,124.1,123.3,-0.8
T00151,2025-12-24 10:19:51,10,2,12,day,OP1025,BCK004,Backhoe,Earth Excavation,Cloudy,Clay,Expert,17.0,3246.2,57.4,9.44,19.5,33.8,48.3,57.6,67.7,67.3,-0.4
T00152,2025-08-09 10:50:24,10,5,8,day,OP1048,LDR001,Loader,Material Loading,Foggy,Rocky,Beginner,2.2,3232.1,61.2,12.52,29.4,294.8,13.6,80.0,46.6,45.6,-1.0
T00153,2025-03-31 08:08:48,8,0,3,day,OP1008,BCK002,Backhoe,Foundation Digging,Cloudy,Loose,Beginner,1.2,3297.0,79.8,12.96,34.4,183.1,26.6,32.4,83.7,115.8,32.1
T00154,2026-02-06 07:58:26,7,4,2,day,OP1041,EXC002,Excavator,Earth Excavation,Cloudy,Wet,Intermediate,4.3,3083.9,60.9,11.47,21.2,58.4,11.4,69.9,69.7,71.6,1.9
T00155,2025-02-19 13:22:26,13,2,2,day,OP1001,LDR003,Loader,Grading,Sunny,Dry,Expert,13.7,1232.4,61.9,9.56,18.9,80.4,39.3,96.6,38.0,43.4,5.4
T00156,2026-09-18 09:32:38,9,4,9,day,OP1057,BCK002,Backhoe,Material Loading,Cloudy,Loose,Beginner,2.8,7210.2,77.5,20.54,28.4,91.2,5,36.9,41.1,49.4,8.3
T00157,2025-02-19 12:29:35,12,2,2,day,OP1050,GRD001,Grader,Earth Excavation,Cloudy,Dry,Intermediate,7.7,2603.5,51.4,17.83,17.9,159.2,17.9,93.9,60.0,54.2,-5.8
T00158,2025-12-31 07:14:04,7,2,12,day,OP1034,LDR001,Loader,Material Loading,Cloudy,Dry,Beginner,1.3,4282.2,68.5,9.39,12.5,273.7,5.9,88.2,35.3,54.0,18.7
T00159,2025-07-16 11:05:22,11,2,7,day,OP1014,BCK003,Backhoe,Transfer,Cloudy,Dry,Expert,21.2,2754.7,70.5,15.52,32.7,207.7,6.5,49.1,25.0,26.0,1.0
T00160,2025-12-25 06:44:17,6,3,12,day,OP1053,EXC006,Excavator,Earth Excavation,Windy,Rocky,Intermediate,7.0,5180.9,57.7,10.86,19.1,111.6,35.5,28.3,84.0,104.1,20.1
T00161,2025-11-21 19:09:22,19,4,11,night,OP1053,LDR003,Loader,Material Loading,Sunny,Loose,Intermediate,7.0,3241.7,67.2,4.39,26.1,241.2,38.6,15.5,34.6,49.5,14.9
T00162,2025-07-15 15:08:04,15,1,7,day,OP1031,GRD002,Grader,Transfer,Cloudy,Loose,Expert,22.8,4484.7,49.7,17.02,32.0,27.6,22.8,5,28.0,28.5,0.5
T00163,2025-11-13 06:22:13,6,3,11,day,OP1056,BCK002,Backhoe,Grading,Foggy,Rocky,Intermediate,4.7,4953.5,67.3,7.47,16.9,91.0,41.0,61.4,59.6,63.7,4.1
T00164,2025-01-18 07:46:48,7,5,1,day,OP1055,DZR003,Dozer,Transfer,Windy,Dry,Expert,12.2,2204.4,56.8,9.23,18.0,197.9,26.0,74.3,26.0,27.9,1.9
T00165,2026-06-24 11:06:35,11,2,6,day,OP1021,EXC004,Excavator,Transfer,Rainy,Dry,Intermediate,4.3,4825.7,79.3,10.92,37.3,144.5,52.3,96.8,32.5,32.9,0.4
T00166,2026-02-17 06:46:45,6,1,2,day,OP1015,DZR002,Dozer,Site Clearing,Cloudy,Clay,Beginner,0.6,5475.9,56.0,7.77,15.9,207.3,34.6,68.1,86.2,115.0,28.8
T00167,2026-09-21 07:17:11,7,0,9,day,OP1058,EXC006,Excavator,Transfer,Sunny,Loose,Intermediate,3.3,7152.1,82.8,14.97,34.3,304.9,32.3,46.3,29.9,43.6,13.7
T00168,2025-06-02 22:38:32,22,0,6,night,OP1043,GRD002,Grader,Material Loading,Foggy,Dry,Expert,19.0,4173.1,69.1,18.9,32.8,88.3,8.3,33.5,38.4,36.0,-2.4
T00169,2026-01-24 10:00:01,10,5,1,day,OP1039,BCK003,Backhoe,Grading,Sunny,Rocky,Expert,10.2,4156.0,67.0,14.11,22.3,202.5,11.4,69.0,50.2,53.6,3.4
T00170,2025-09-22 12:20:08,12,0,9,day,OP1019,BCK002,Backhoe,Site Clearing,Windy,Wet,Intermediate,4.5,4575.7,67.5,16.15,35.8,122.0,19.2,38.1,86.6,84.6,-2.0
T00171,2026-05-19 14:57:54,14,1,5,day,OP1035,LDR002,Loader,Foundation Digging,Rainy,Clay,Beginner,2.8,3848.3,79.1,12.45,41.1,153.4,45.1,108.9,103.5,159.9,56.4
T00172,2025-09-05 18:33:53,18,4,9,night,OP1053,DZR002,Dozer,Trenching,Rainy,Clay,Intermediate,7.0,4275.0,51.5,7.93,34.4,124.3,38.1,67.0,67.6,88.8,21.2
T00173,2026-01-14 18:46:28,18,2,1,night,OP1048,LDR001,Loader,Grading,Rainy,Loose,Beginner,2.2,4387.9,41.1,9.17,22.2,41.0,26.7,22.9,52.2,80.9,28.7
T00174,2025-04-04 07:56:40,7,4,4,day,OP1033,EXC004,Excavator,Foundation Digging,Sunny,Rocky,Expert,17.2,1568.9,67.2,8.02,31.0,116.0,27.3,48.5,93.0,90.0,-3.0
T00175,2025-12-31 11:50:00,11,2,12,day,OP1023,EXC003,Excavator,Site Clearing,Cloudy,Wet,Beginner,2.1,3740.1,66.6,14.04,11.0,224.1,28.0,44.3,83.8,144.4,60.6
T00176,2026-07-28 02:16:51,2,1,7,night,OP1042,EXC001,Excavator,Trenching,Rainy,Loose,Beginner,1.3,6611.2,91.5,13.93,31.3,117.6,39.4,81.2,73.9,119.3,45.4
T00177,2025-12-09 11:17:22,11,1,12,day,OP1050,LDR004,Loader,Transfer,Cloudy,Rocky,Intermediate,7.7,4431.5,64.1,0.09,20.1,129.1,32.5,84.1,33.0,33.8,0.8
T00178,2026-05-27 20:15:15,20,2,5,night,OP1054,BCK003,Backhoe,Foundation Digging,Cloudy,Dry,Intermediate,5.0,5057.0,61.3,7.09,38.0,162.1,31.5,90.1,85.2,108.2,23.0
T00179,2026-04-14 10:11:36,10,1,4,day,OP1021,EXC001,Excavator,Foundation Digging,Rainy,Clay,Intermediate,4.3,5847.1,70.9,17.87,39.4,193.0,57.4,74.6,113.8,138.2,24.4
T00180,2025-04-18 15:17:06,15,4,4,day,OP1025,LDR005,Loader,Earth Excavation,Cloudy,Clay,Expert,17.0,945.6,94.4,13.54,34.2,10,50.7,104.3,65.7,66.4,0.7
T00181,2026-03-27 18:21:31,18,4,3,night,OP1056,GRD001,Grader,Material Loading,Sunny,Dry,Intermediate,4.7,5532.6,63.4,9.19,23.4,135.7,45.0,87.1,35.9,41.7,5.8
T00182,2025-08-13 14:23:19,14,2,8,day,OP1013,EXC004,Excavator,Material Loading,Rainy,Clay,Expert,18.9,2527.2,46.6,24.18,35.7,45.6,5,91.7,41.8,43.4,1.6
T00183,2026-02-04 12:47:42,12,2,2,day,OP1016,EXC004,Excavator,Demolition,Cloudy,Wet,Beginner,2.9,3804.2,85.0,8.14,19.2,102.2,30.9,60.2,108.7,156.7,48.0
T00184,2025-09-27 00:29:53,0,5,9,night,OP1018,LDR004,Loader,Material Loading,Rainy,Rocky,Expert,15.8,3895.3,58.4,8.57,33.2,194.7,15.9,45.6,52.1,56.6,4.5
T00185,2025-11-16 00:21:34,0,6,11,night,OP1047,EXC003,Excavator,Earth Excavation,Windy,Dry,Beginner,2.8,3408.1,51.8,11.37,25.0,93.5,38.2,26.1,63.5,110.6,47.1
T00186,2025-12-18 11:08:09,11,3,12,day,OP1006,LDR005,Loader,Site Clearing,Cloudy,Wet,Intermediate,3.3,2725.6,47.8,8.96,22.2,115.3,10.4,30.8,80.6,81.1,0.5
T00187,2026-08-06 18:38:38,18,3,8,night,OP1049,DZR003,Dozer,Grading,Sunny,Rocky,Beginner,0.8,6332.2,92.2,3.08,31.6,130.1,32.4,75.3,54.3,99.4,45.1
T00188,2025-11-28 20:49:02,20,4,11,night,OP1035,GRD002,Grader,Material Loading,Sunny,Loose,Beginner,2.8,5479.2,86.4,13.78,19.1,67.3,35.5,93.3,37.6,55.4,17.8
T00189,2025-01-13 07:36:17,7,0,1,day,OP1011,EXC008,Excavator,Trenching,Cloudy,Rocky,Intermediate,6.7,473.3,79.4,6.36,18.6,235.8,43.0,73.9,61.3,73.9,12.6
T00190,2025-07-17 10:15:22,10,3,7,day,OP1016,EXC002,Excavator,Material Loading,Rainy,Wet,Beginner,2.9,1595.4,83.5,12.96,34.2,118.2,46.6,98.5,42.3,62.9,20.6
T00191,2025-12-10 20:21:42,20,2,12,night,OP1039,DZR003,Dozer,Transfer,Sunny,Loose,Expert,10.2,4588.1,54.2,12.22,12.3,102.1,12.1,60.1,27.3,28.8,1.5
T00192,2025-06-12 08:13:22,8,3,6,day,OP1056,DZR004,Dozer,Foundation Digging,Windy,Clay,Intermediate,4.7,2062.4,79.7,10.05,37.7,131.0,43.9,34.1,90.3,102.4,12.1
T00193,2025-01-08 01:48:17,1,2,1,night,OP1042,DZR001,Dozer,Foundation Digging,Cloudy,Dry,Beginner,1.3,849.0,55.0,15.78,16.6,112.5,26.0,36.9,77.2,76.3,-0.9
T00194,2025-04-15 14:47:54,14,1,4,day,OP1027,LDR001,Loader,Grading,Sunny,Dry,Intermediate,6.2,2386.5,66.5,17.55,31.2,149.9,25.9,58.3,38.0,39.2,1.2
T00195,2026-05-26 12:12:57,12,1,5,day,OP1044,LDR005,Loader,Grading,Cloudy,Clay,Beginner,1.1,3886.6,71.6,7.76,34.2,125.6,33.3,85.3,45.4,42.1,-3.3
T00196,2026-06-24 03:30:18,3,2,6,night,OP1007,EXC007,Excavator,Foundation Digging,Rainy,Clay,Beginner,1.2,7298.5,55.0,15.23,29.4,168.9,29.4,15.7,112.8,163.9,51.1
T00197,2026-03-24 06:37:05,6,1,3,day,OP1025,LDR005,Loader,Demolition,Rainy,Clay,Expert,17.0,3425.0,79.1,13.38,33.5,223.1,62,89.6,122.8,141.0,18.2
T00198,2025-07-26 09:45:26,9,5,7,day,OP1042,EXC001,Excavator,Material Loading,Sunny,Rocky,Beginner,1.3,3934.3,56.2,6.27,31.7,206.0,13.9,45.8,42.0,34.9,-7.1
T00199,2026-02-25 14:12:04,14,2,2,day,OP1015,GRD003,Grader,Grading,Cloudy,Loose,Beginner,0.6,3156.0,64.7,9.22,18.2,164.6,31.5,52.4,42.2,38.8,-3.4
T00200,2025-10-31 15:40:08,15,4,10,day,OP1037,DZR003,Dozer,Grading,Rainy,Loose,Expert,24.1,4294.6,41.0,14.34,24.4,79.4,41.5,49.8,50.8,63.4,12.6
T00201,2026-09-14 13:04:58,13,0,9,day,OP1017,EXC008,Excavator,Demolition,Sunny,Rocky,Expert,13.3,4920.7,86.0,6.84,38.2,155.3,27.6,32.1,119.7,113.2,-6.5
T00202,2025-09-09 14:23:26,14,1,9,day,OP1054,GRD003,Grader,Site Clearing,Sunny,Dry,Intermediate,5.0,1922.4,74.1,16.04,31.2,121.0,43.3,59.0,68.0,96.9,28.9
T00203,2025-11-29 15:50:52,15,5,11,day,OP1059,DZR004,Dozer,Demolition,Sunny,Clay,Expert,22.2,3305.7,83.2,1.55,26.4,227.5,62,34.3,99.9,114.6,14.7
T00204,2025-01-15 08:18:17,8,2,1,day,OP1038,EXC004,Excavator,Site Clearing,Cloudy,Rocky,Beginner,2.4,992.3,80.8,9.62,19.2,332.8,34.6,81.4,86.8,138.2,51.4
T00205,2025-12-05 11:49:16,11,4,12,day,OP1037,BCK002,Backhoe,Grading,Windy,Rocky,Expert,24.1,5115.8,52.0,12.84,19.7,106.1,45.4,5.3,54.8,59.4,4.6
T00206,2026-09-15 09:19:42,9,1,9,day,OP1032,LDR002,Loader,Demolition,Rainy,Clay,Intermediate,3.9,4715.3,72.0,12.62,31.7,189.7,46.0,70.9,122.8,156.1,33.3
T00207,2025-11-08 10:15:52,10,5,11,day,OP1023,BCK002,Backhoe,Grading,Cloudy,Clay,Beginner,2.1,4918.2,93.2,6.87,26.2,233.6,21.9,49.5,47.2,55.4,8.2
T00208,2025-07-24 15:18:12,15,3,7,day,OP1027,BCK001,Backhoe,Foundation Digging,Windy,Dry,Intermediate,6.2,4537.0,76.6,8.46,34.2,245.6,25.8,59.1,89.4,94.0,4.6
T00209,2026-09-19 22:17:11,22,5,9,night,OP1012,EXC001,Excavator,Material Loading,Rainy,Rocky,Beginner,1.4,7004.2,61.5,13.38,35.8,166.9,49.1,26.6,55.8,98.7,42.9
T00210,2025-04-15 12:16:35,12,1,4,day,OP1006,BCK001,Backhoe,Foundation Digging,Sunny,Wet,Intermediate,3.3,3806.1,53.8,14.86,32.7,210.4,18.9,70.8,90.0,100.9,10.9
T00211,2025-11-26 07:34:02,7,2,11,day,OP1045,GRD001,Grader,Material Loading,Cloudy,Loose,Intermediate,6.5,4646.0,54.4,5.96,19.1,109.3,27.2,60.1,37.6,45.8,8.2
T00212,2026-05-13 09:12:35,9,2,5,day,OP1001,DZR004,Dozer,Material Loading,Sunny,Loose,Expert,13.7,4508.2,65.0,3.46,32.0,151.4,30.9,107.5,36.3,36.4,0.1
T00213,2026-06-11 07:50:30,7,3,6,day,OP1048,BCK001,Backhoe,Foundation Digging,Windy,Wet,Beginner,2.2,6885.4,85.7,11.5,33.7,272.3,37.2,76.3,112.4,141.3,28.9
T00214,2025-03-28 09:04:24,9,4,3,day,OP1041,DZR002,Dozer,Transfer,Sunny,Clay,Intermediate,4.3,3096.8,70.7,17.86,23.5,307.0,29.7,92.5,27.0,24.9,-2.1
T00215,2025-07-04 08:22:03,8,4,7,day,OP1027,LDR002,Loader,Transfer,Foggy,Loose,Intermediate,6.2,1517.6,66.4,17.57,30.7,205.4,31.5,82.5,28.7,47.2,18.5
T00216,2026-04-06 19:26:20,19,0,4,night,OP1050,BCK003,Backhoe,Grading,Sunny,Loose,Intermediate,7.7,4684.5,98,13.3,33.2,261.1,32.5,47.9,43.4,58.8,15.4
T00217,2025-02-25 23:36:30,23,1,2,night,OP1008,LDR001,Loader,Transfer,Rainy,Wet,Beginner,1.2,2031.5,73.8,4.95,20.2,10,34.9,70.8,33.3,64.6,31.3
T00218,2025-01-16 23:54:55,23,3,1,night,OP1045,DZR003,Dozer,Material Loading,Cloudy,Dry,Intermediate,6.5,2194.7,87.7,9.4,18.0,82.3,42.7,54.2,33.0,27.7,-5.3
T00219,2025-06-04 09:20:17,9,2,6,day,OP1036,BCK001,Backhoe,Site Clearing,Rainy,Loose,Intermediate,3.3,4170.2,66.9,5.8,33.9,228.6,14.4,27.4,87.9,94.2,6.3
T00220,2026-02-25 10:49:00,10,2,2,day,OP1056,GRD003,Grader,Material Loading,Sunny,Wet,Intermediate,4.7,3155.0,78.7,6.22,14.0,123.7,43.5,17.9,37.4,53.2,15.8
T00221,2026-01-24 00:40:05,0,5,1,night,OP1035,LDR005,Loader,Grading,Cloudy,Loose,Beginner,2.8,2992.5,61.4,10.04,18.2,220.4,45.0,52.9,41.9,65.6,23.7
T00222,2025-05-13 07:12:46,7,1,5,day,OP1037,BCK001,Backhoe,Foundation Digging,Rainy,Clay,Expert,24.1,4009.0,55.9,14.03,34.2,161.1,41.7,36.1,100.5,103.5,3.0
T00223,2025-03-19 13:29:56,13,2,3,day,OP1057,DZR001,Dozer,Site Clearing,Rainy,Dry,Beginner,2.8,1363.6,59.4,12.66,28.4,152.2,5,75.2,83.2,106.4,23.2
T00224,2025-10-29 15:29:17,15,2,10,day,OP1036,BCK004,Backhoe,Foundation Digging,Rainy,Clay,Intermediate,3.3,2839.0,82.9,6.27,25.2,11.2,16.6,81.6,95.4,100.3,4.9
T00225,2026-03-02 23:36:47,23,0,3,night,OP1021,LDR004,Loader,Foundation Digging,Rainy,Loose,Intermediate,4.3,5041.2,58.2,11.33,28.6,239.0,38.1,98.7,101.7,125.0,23.3
T00226,2025-02-16 00:03:31,0,6,2,night,OP1034,EXC005,Excavator,Demolition,Sunny,Wet,Beginner,1.3,3122.4,82.7,12.45,21.8,10,22.4,7.8,102.8,149.4,46.6
T00227,2025-10-30 14:09:28,14,3,10,day,OP1006,GRD002,Grader,Foundation Digging,Cloudy,Wet,Intermediate,3.3,5265.5,46.1,11.74,27.4,100.5,22.9,31.7,97.8,97.5,-0.3
T00228,2025-04-10 03:14:17,3,3,4,night,OP1022,LDR004,Loader,Foundation Digging,Cloudy,Dry,Beginner,0.6,2655.2,62.1,7.49,35.0,61.6,41.9,76.5,77.7,130.8,53.1
T00229,2026-01-30 08:24:09,8,4,1,day,OP1004,BCK002,Backhoe,Foundation Digging,Foggy,Clay,Intermediate,6.3,5523.5,67.0,3.81,16.5,199.7,26.5,32.7,102.6,116.9,14.3
T00230,2026-08-27 13:03:15,13,3,8,day,OP1049,EXC005,Excavator,Transfer,Rainy,Loose,Beginner,0.8,7192.4,81.9,0,26.9,48.9,39.2,86.6,36.1,47.3,11.2
T00231,2026-05-14 09:38:45,9,3,5,day,OP1021,LDR004,Loader,Earth Excavation,Rainy,Wet,Intermediate,4.3,5569.8,68.4,15.85,43.5,140.0,45.6,40.9,90.0,97.6,7.6
T00232,2025-05-20 20:37:10,20,1,5,night,OP1040,EXC005,Excavator,Demolition,Sunny,Dry,Intermediate,8.2,3807.5,85.9,7.37,36.5,252.2,34.4,102.7,92.6,111.7,19.1
T00233,2025-01-27 15:05:02,15,0,1,day,OP1034,EXC002,Excavator,Demolition,Sunny,Rocky,Beginner,1.3,348.6,92.1,10.33,19.9,228.1,17.9,86.5,109.1,144.3,35.2
T00234,2025-12-21 00:34:54,0,6,12,night,OP1015,LDR005,Loader,Trenching,Windy,Loose,Beginner,0.6,2744.3,56.3,13.06,21.3,226.4,10.8,65.2,55.3,87.1,31.8
T00235,2025-07-11 12:55:19,12,4,7,day,OP1023,BCK001,Backhoe,Demolition,Cloudy,Clay,Beginner,2.1,4441.4,75.3,10.79,30.8,219.1,54.6,88.0,107.4,162.7,55.3
T00236,2026-04-07 12:51:37,12,1,4,day,OP1056,BCK001,Backhoe,Grading,Cloudy,Clay,Intermediate,4.7,6412.4,98,14.39,39.1,109.0,37.6,29.9,49.8,62.9,13.1
T00237,2025-06-16 15:06:45,15,0,6,day,OP1050,EXC005,Excavator,Material Loading,Cloudy,Clay,Intermediate,7.7,4003.0,65.1,14.46,27.8,276.4,24.9,70.3,38.4,47.3,8.9
T00238,2025-11-28 08:04:56,8,4,11,day,OP1009,EXC006,Excavator,Earth Excavation,Rainy,Clay,Intermediate,5.2,4984.2,56.3,6.39,19.0,79.5,24.6,50.7,83.0,92.0,9.0
T00239,2026-03-27 10:01:39,10,4,3,day,OP1031,EXC005,Excavator,Material Loading,Sunny,Dry,Expert,22.8,6074.6,91.5,20.83,18.2,62.0,26.7,55.6,36.6,31.7,-4.9
T00240,2026-08-13 14:42:03,14,3,8,day,OP1057,EXC008,Excavator,Foundation Digging,Rainy,Dry,Beginner,2.8,4687.5,52.4,10.16,25.2,71.2,16.1,52.2,94.3,115.7,21.4
T00241,2025-10-25 10:06:25,10,5,10,day,OP1048,EXC002,Excavator,Foundation Digging,Cloudy,Dry,Beginner,2.2,2325.3,85.0,16.8,29.6,59.1,25.5,95.1,77.2,100.8,23.6
T00242,2026-06-29 11:07:53,11,0,6,day,OP1012,GRD002,Grader,Material Loading,Cloudy,Rocky,Beginner,1.4,7031.2,72.9,5.01,31.6,81.3,49.4,100.6,48.3,61.5,13.2
T00243,2025-06-02 13:08:08,13,0,6,day,OP1041,LDR004,Loader,Trenching,Rainy,Loose,Intermediate,4.3,3045.1,29.6,8.98,32.4,116.3,9.2,30.9,64.1,62.9,-1.2
T00244,2025-06-27 13:11:32,13,4,6,day,OP1027,LDR002,Loader,Demolition,Rainy,Loose,Intermediate,6.2,1468.0,79.2,20.19,33.4,31.5,40.1,58.5,105.3,124.1,18.8
T00245,2026-08-18 11:59:29,11,1,8,day,OP1031,DZR002,Dozer,Foundation Digging,Rainy,Clay,Expert,22.8,6806.1,63.4,5.02,28.6,114.4,12.6,50.1,116.6,112.7,-3.9
T00246,2025-02-13 14:25:14,14,3,2,day,OP1020,LDR003,Loader,Trenching,Sunny,Loose,Intermediate,8.4,1189.0,69.6,9.58,23.4,252.7,23.6,17.1,50.4,57.4,7.0
T00247,2025-12-29 15:00:03,15,0,12,day,OP1053,EXC003,Excavator,Foundation Digging,Windy,Dry,Intermediate,7.0,3726.4,77.8,9.77,17.4,88.5,27.0,35.5,83.5,82.4,-1.1
T00248,2025-04-19 12:57:51,12,5,4,day,OP1060,BCK003,Backhoe,Demolition,Cloudy,Rocky,Expert,10.8,2112.9,89.6,3.64,32.7,25.0,18.5,14.8,112.4,105.6,-6.8
T00249,2025-08-25 06:29:01,6,0,8,day,OP1041,EXC004,Excavator,Grading,Rainy,Loose,Intermediate,4.3,2612.3,77.0,5.05,27.9,105.4,15.9,88.6,48.1,61.1,13.0
T00250,2025-01-13 09:29:58,9,0,1,day,OP1026,BCK004,Backhoe,Earth Excavation,Windy,Wet,Beginner,2.3,727.5,81.9,6.31,16.2,10,28.6,7.5,72.6,74.3,1.7
T00251,2026-07-11 22:17:09,22,5,7,night,OP1048,EXC002,Excavator,Demolition,Rainy,Rocky,Beginner,2.2,4219.8,69.0,7.43,30.3,113.5,37.2,37.2,143.7,215.6,71.9
T00252,2025-07-22 10:02:53,10,1,7,day,OP1039,EXC004,Excavator,Demolition,Rainy,Rocky,Expert,10.2,2365.2,58.4,18.88,30.2,224.7,5.9,104.3,131.7,126.2,-5.5
T00253,2025-09-03 22:34:36,22,2,9,night,OP1002,DZR003,Dozer,Material Loading,Cloudy,Loose,Expert,18.3,3873.3,51.8,11.4,29.5,103.8,42.0,15.9,36.5,46.2,9.7
T00254,2025-05-23 15:20:25,15,4,5,day,OP1044,GRD003,Grader,Trenching,Sunny,Dry,Beginner,1.1,1126.9,85.4,10.97,43.4,129.0,36.0,20.9,48.0,80.8,32.8
T00255,2026-06-16 08:54:30,8,1,6,day,OP1011,LDR001,Loader,Trenching,Sunny,Clay,Intermediate,6.7,5501.8,67.4,5.52,32.3,120.0,37.0,116.5,59.1,84.6,25.5
T00256,2026-06-19 06:31:57,6,4,6,day,OP1058,BCK002,Backhoe,Earth Excavation,Sunny,Dry,Intermediate,3.3,6545.0,77.7,8.34,37.4,10,31.0,10.7,67.4,65.3,-2.1
T00257,2025-04-10 01:37:06,1,3,4,night,OP1030,GRD002,Grader,Material Loading,Sunny,Loose,Intermediate,4.1,3779.8,77.4,6.27,35.8,44.2,6.7,37.4,35.3,34.0,-1.3
T00258,2026-02-05 02:51:12,2,3,2,night,OP1030,DZR003,Dozer,Earth Excavation,Sunny,Dry,Intermediate,4.1,4998.8,83.4,14.67,18.4,257.6,20.5,44.2,63.8,79.5,15.7
T00259,2025-03-31 23:26:39,23,0,3,night,OP1026,GRD002,Grader,Foundation Digging,Sunny,Wet,Beginner,2.3,3713.4,58.0,7.94,16.7,190.7,29.4,60.2,89.6,117.7,28.1
T00260,2025-04-09 01:11:27,1,2,4,night,OP1054,DZR003,Dozer,Trenching,Cloudy,Loose,Intermediate,5.0,2793.7,76.1,7.36,32.2,166.7,21.6,84.0,52.5,62.6,10.1
T00261,2025-06-21 03:03:24,3,5,6,night,OP1041,EXC001,Excavator,Material Loading,Rainy,Loose,Intermediate,4.3,3676.8,67.1,8.38,30.1,121.7,8.6,78.5,44.3,30.9,-13.4
T00262,2025-04-22 12:12:43,12,1,4,day,OP1033,LDR005,Loader,Material Loading,Windy,Dry,Expert,17.2,973.9,83.9,17.63,29.6,183.3,35.5,77.8,33.7,31.4,-2.3
T00263,2026-01-20 22:12:31,22,1,1,night,OP1028,GRD001,Grader,Grading,Rainy,Loose,Beginner,1.6,5051.9,84.6,13.35,21.3,86.0,42.1,36.9,53.2,80.6,27.4
T00264,2026-08-10 15:45:21,15,0,8,day,OP1009,EXC003,Excavator,Material Loading,Rainy,Loose,Intermediate,5.2,5361.9,45.6,7.51,36.4,10,18.9,65.8,43.4,51.1,7.7
T00265,2025-01-14 14:30:22,14,1,1,day,OP1016,BCK003,Backhoe,Demolition,Cloudy,Clay,Beginner,2.9,1419.9,68.2,16.03,17.1,165.3,32.4,59.6,99.7,130.7,31.0
T00266,2025-12-05 07:00:46,7,4,12,day,OP1057,GRD003,Grader,Trenching,Sunny,Dry,Beginner,2.8,2555.2,52.9,5.56,16.0,95.4,14.8,49.5,48.1,64.9,16.8
T00267,2026-05-23 15:46:59,15,5,5,day,OP1019,LDR002,Loader,Material Loading,Sunny,Clay,Intermediate,4.5,3877.8,45.8,9.52,38.0,134.6,17.1,59.2,37.1,38.1,1.0
T00268,2026-08-07 11:10:46,11,4,8,day,OP1055,LDR001,Loader,Demolition,Sunny,Rocky,Expert,12.2,5882.1,81.4,10.67,30.5,43.1,44.5,13.5,123.9,130.9,7.0
T00269,2025-08-10 02:39:16,2,6,8,night,OP1022,EXC003,Excavator,Material Loading,Rainy,Wet,Beginner,0.6,2693.4,48.6,7.22,34.5,183.3,23.8,15.7,44.7,77.9,33.2
T00270,2025-05-23 10:46:26,10,4,5,day,OP1031,LDR002,Loader,Transfer,Rainy,Clay,Expert,22.8,1211.8,92.6,8.29,38.6,182.3,17.5,85.6,32.7,22.7,-10.0
T00271,2025-02-24 11:25:48,11,0,2,day,OP1023,DZR001,Dozer,Demolition,Cloudy,Rocky,Beginner,2.1,1195.1,59.1,6.68,22.0,102.9,30.9,30.0,112.4,150.5,38.1
T00272,2025-01-17 14:21:32,14,4,1,day,OP1001,DZR001,Dozer,Trenching,Cloudy,Loose,Expert,13.7,918.5,89.4,10.99,14.2,164.7,32.8,35.2,51.9,51.7,-0.2
T00273,2025-06-10 13:41:51,13,1,6,day,OP1042,GRD002,Grader,Material Loading,Windy,Wet,Beginner,1.3,4228.7,86.8,16.91,33.9,103.2,30.2,70.5,40.1,43.0,2.9
T00274,2025-04-03 06:51:29,6,3,4,day,OP1025,LDR003,Loader,Earth Excavation,Sunny,Rocky,Expert,17.0,1544.4,75.1,13.99,33.7,138.5,45.6,58.8,71.9,83.6,11.7
T00275,2026-06-17 19:15:25,19,2,6,night,OP1005,EXC003,Excavator,Demolition,Rainy,Dry,Expert,18.5,4968.7,64.8,4.35,35.8,10.4,37.4,59.9,120.2,131.8,11.6
T00276,2026-08-14 10:11:17,10,4,8,day,OP1047,EXC003,Excavator,Grading,Sunny,Loose,Beginner,2.8,5389.4,82.8,15.05,34.6,141.4,32.2,51.8,44.5,82.8,38.3
T00277,2025-12-17 07:58:19,7,2,12,day,OP1003,LDR005,Loader,Grading,Sunny,Loose,Expert,20.4,2717.3,57.2,9.8,22.5,169.4,5,17.5,40.2,37.0,-3.2
T00278,2026-04-15 11:31:13,11,2,4,day,OP1020,DZR003,Dozer,Transfer,Foggy,Dry,Intermediate,8.4,5505.2,71.2,11.31,34.3,123.4,35.8,38.7,28.8,30.5,1.7
T00279,2025-10-10 18:36:34,18,4,10,night,OP1010,DZR003,Dozer,Earth Excavation,Cloudy,Clay,Intermediate,8.6,4142.2,76.6,12.89,34.0,178.7,41.7,51.2,70.0,79.3,9.3
T00280,2025-05-12 12:03:03,12,0,5,day,OP1040,EXC008,Excavator,Trenching,Rainy,Loose,Intermediate,8.2,1343.3,94.3,10.65,34.0,69.2,40.1,44.5,58.2,71.1,12.9
T00281,2025-07-31 07:25:38,7,3,7,day,OP1010,DZR001,Dozer,Material Loading,Rainy,Clay,Intermediate,8.6,2339.9,79.6,8.9,32.5,125.2,38.5,58.6,42.3,49.7,7.4
T00282,2025-08-08 01:08:26,1,4,8,night,OP1038,LDR002,Loader,Foundation Digging,Rainy,Loose,Beginner,2.4,1770.9,60.5,7.5,30.0,74.7,23.0,72.9,90.4,119.7,29.3
T00283,2025-12-31 06:17:40,6,2,12,day,OP1016,EXC007,Excavator,Trenching,Foggy,Dry,Beginner,2.9,6021.9,49.7,16.34,12.2,137.6,29.1,41.8,62.1,62.4,0.3
T00284,2026-07-25 07:48:27,7,5,7,day,OP1060,EXC002,Excavator,Earth Excavation,Rainy,Rocky,Expert,10.8,4317.5,81.0,3.98,31.8,39.4,21.5,59.6,94.3,88.6,-5.7
T00285,2025-05-23 08:32:39,8,4,5,day,OP1029,GRD002,Grader,Site Clearing,Cloudy,Rocky,Intermediate,8.7,4095.8,77.2,11.46,38.2,199.6,32.7,42.2,92.4,109.1,16.7
T00286,2025-09-20 22:41:10,22,5,9,night,OP1025,LDR004,Loader,Material Loading,Rainy,Wet,Expert,17.0,3851.0,39.9,11.69,22.6,182.4,52.6,28.1,47.5,58.8,11.3
T00287,2025-09-26 00:08:07,0,4,9,night,OP1051,BCK001,Backhoe,Material Loading,Rainy,Clay,Expert,11.2,4999.6,65.0,14.25,31.0,77.0,49.8,23.6,46.0,50.2,4.2
T00288,2026-01-31 08:25:06,8,5,1,day,OP1060,GRD002,Grader,Material Loading,Windy,Dry,Expert,10.8,5942.6,72.2,18.31,17.0,138.3,17.3,74.7,39.2,34.1,-5.1
T00289,2025-10-20 13:35:33,13,0,10,day,OP1045,BCK004,Backhoe,Foundation Digging,Windy,Wet,Intermediate,6.5,2772.7,78.6,11.81,26.1,144.9,29.0,17.8,89.1,102.1,13.0
T00290,2025-06-19 22:12:08,22,3,6,night,OP1051,LDR004,Loader,Transfer,Rainy,Dry,Expert,11.2,3171.9,65.6,14.17,35.0,103.1,47.7,90.6,29.1,32.2,3.1
T00291,2025-04-11 09:31:22,9,4,4,day,OP1060,EXC002,Excavator,Site Clearing,Windy,Dry,Expert,10.8,887.1,81.3,15.16,29.7,163.2,18.2,23.0,74.2,70.8,-3.4
T00292,2025-09-13 01:40:07,1,5,9,night,OP1021,LDR004,Loader,Demolition,Rainy,Loose,Intermediate,4.3,3793.5,75.3,8.07,29.8,216.5,40.8,87.0,113.1,129.6,16.5
T00293,2025-03-25 14:52:07,14,1,3,day,OP1006,EXC003,Excavator,Foundation Digging,Windy,Rocky,Intermediate,3.3,1689.7,68.4,12.12,28.5,176.4,20.4,43.5,99.0,128.5,29.5
T00294,2025-06-12 10:20:46,10,3,6,day,OP1048,BCK001,Backhoe,Earth Excavation,Cloudy,Dry,Beginner,2.2,4228.9,73.7,13.77,41.1,66.8,21.7,81.5,63.9,81.5,17.6
T00295,2026-07-06 07:32:11,7,0,7,day,OP1051,LDR002,Loader,Material Loading,Rainy,Wet,Expert,11.2,4196.5,73.9,11.17,20.4,121.8,35.8,42.6,46.1,47.6,1.5
T00296,2025-08-03 01:00:19,1,6,8,night,OP1043,EXC005,Excavator,Material Loading,Cloudy,Dry,Expert,19.0,4349.1,69.2,6.97,36.2,171.2,19.6,86.1,35.4,39.9,4.5
T00297,2025-12-31 06:29:34,6,2,12,day,OP1060,DZR003,Dozer,Material Loading,Foggy,Rocky,Expert,10.8,4737.1,98,5.87,23.9,119.5,21.2,80.0,50.3,49.4,-0.9
T00298,2026-06-17 07:20:42,7,2,6,day,OP1031,EXC002,Excavator,Material Loading,Rainy,Dry,Expert,22.8,4040.0,84.2,13.64,32.6,76.4,26.8,40.2,39.9,39.0,-0.9
T00299,2025-02-01 14:31:55,14,5,2,day,OP1044,BCK002,Backhoe,Trenching,Foggy,Loose,Beginner,1.1,2875.5,82.3,2.48,22.2,34.8,41.1,25.8,57.1,81.3,24.2
T00300,2026-02-21 15:46:51,15,5,2,day,OP1056,GRD001,Grader,Trenching,Sunny,Loose,Intermediate,4.7,5283.6,54.5,8.48,20.8,160.9,40.1,49.6,56.0,68.9,12.9
T00301,2026-07-27 23:22:18,23,0,7,night,OP1022,EXC003,Excavator,Foundation Digging,Sunny,Loose,Beginner,0.6,5262.0,60.8,13.28,28.9,219.4,15.6,27.0,87.5,114.6,27.1
T00302,2026-01-01 21:12:47,21,3,1,night,OP1036,BCK004,Backhoe,Transfer,Sunny,Dry,Intermediate,3.3,3307.9,80.4,6.94,19.9,62.5,21.7,100.5,24.8,23.0,-1.8
T00303,2025-05-28 23:03:26,23,2,5,night,OP1005,GRD003,Grader,Site Clearing,Cloudy,Clay,Expert,18.5,1165.8,74.5,6.23,35.2,10,43.0,47.5,77.0,88.2,11.2
T00304,2025-06-16 06:45:56,6,0,6,day,OP1024,DZR001,Dozer,Site Clearing,Sunny,Rocky,Beginner,1.5,2011.2,63.5,3.35,24.8,133.9,19.1,36.9,84.3,89.2,4.9
T00305,2025-12-31 13:03:18,13,2,12,day,OP1024,EXC004,Excavator,Site Clearing,Windy,Dry,Beginner,1.5,3548.7,79.2,11.83,20.1,69.0,21.5,34.6,77.1,127.4,50.3
T00306,2025-05-21 15:10:52,15,2,5,day,OP1008,EXC005,Excavator,Earth Excavation,Cloudy,Rocky,Beginner,1.2,3813.2,62.3,0,37.2,224.3,15.8,27.4,78.0,89.4,11.4
T00307,2025-06-24 09:14:50,9,1,6,day,OP1014,EXC005,Excavator,Trenching,Rainy,Dry,Expert,21.2,4059.6,82.2,11.06,40.1,122.9,33.3,71.4,58.1,62.1,4.0
T00308,2025-01-18 01:52:41,1,5,1,night,OP1059,GRD003,Grader,Grading,Cloudy,Wet,Expert,22.2,210.3,82.8,18.32,19.5,223.3,62,57.5,44.6,48.5,3.9
T00309,2026-09-01 07:12:58,7,1,9,day,OP1038,EXC001,Excavator,Grading,Rainy,Rocky,Beginner,2.4,6868.2,92.1,18.23,33.2,148.3,51.1,11.6,64.4,106.6,42.2
T00310,2025-08-10 03:49:03,3,6,8,night,OP1028,EXC007,Excavator,Grading,Rainy,Rocky,Beginner,1.6,4977.2,75.1,16.01,32.4,240.8,44.6,43.3,64.2,105.8,41.6
T00311,2026-01-13 14:27:02,14,1,1,day,OP1015,GRD001,Grader,Foundation Digging,Sunny,Loose,Beginner,0.6,4998.5,75.3,13.77,18.6,73.3,24.3,17.2,86.6,110.4,23.8
T00312,2025-05-28 10:09:21,10,2,5,day,OP1038,EXC004,Excavator,Material Loading,Sunny,Wet,Beginner,2.4,1963.8,87.1,13.3,35.2,142.7,43.0,71.6,36.5,38.3,1.8
T00313,2026-04-28 12:45:00,12,1,4,day,OP1026,DZR003,Dozer,Demolition,Sunny,Loose,Beginner,2.3,5600.5,77.2,4.67,35.4,146.8,27.8,62.1,103.9,139.4,35.5
T00314,2026-01-30 12:18:51,12,4,1,day,OP1007,EXC003,Excavator,Transfer,Windy,Wet,Beginner,1.2,3959.2,87.0,5.38,16.7,142.2,40.8,44.1,30.9,56.3,25.4
T00315,2026-04-08 14:33:55,14,2,4,day,OP1029,DZR002,Dozer,Earth Excavation,Sunny,Clay,Intermediate,8.7,5843.3,48.0,13.02,29.3,115.2,31.2,79.4,72.3,72.0,-0.3
T00316,2026-07-21 14:34:47,14,1,7,day,OP1033,EXC002,Excavator,Foundation Digging,Cloudy,Clay,Expert,17.2,4290.4,66.2,3.53,36.4,310.3,31.9,60.6,91.1,88.8,-2.3
T00317,2026-02-17 10:25:28,10,1,2,day,OP1023,DZR001,Dozer,Site Clearing,Sunny,Wet,Beginner,2.1,3808.1,91.7,2.74,21.1,54.5,38.8,72.1,81.6,117.8,36.2
T00318,2026-05-25 15:02:19,15,0,5,day,OP1018,EXC001,Excavator,Transfer,Cloudy,Rocky,Expert,15.8,6147.8,80.4,3.66,35.1,85.0,28.5,78.6,35.1,33.6,-1.5
T00319,2025-12-29 10:30:03,10,0,12,day,OP1032,BCK001,Backhoe,Trenching,Windy,Clay,Intermediate,3.9,5689.0,81.5,9.28,18.7,238.6,49.6,32.2,61.4,71.6,10.2
T00320,2026-07-27 09:38:10,9,0,7,day,OP1005,BCK001,Backhoe,Demolition,Rainy,Rocky,Expert,18.5,7221.7,77.6,12.41,26.5,217.4,34.7,22.7,161.0,167.3,6.3
T00321,2026-08-25 15:37:50,15,1,8,day,OP1048,DZR002,Dozer,Demolition,Windy,Clay,Beginner,2.2,6858.3,42.6,19.76,33.8,48.2,26.1,33.8,123.1,179.6,56.5
T00322,2025-12-30 22:15:00,22,1,12,night,OP1056,EXC003,Excavator,Grading,Windy,Rocky,Intermediate,4.7,3735.9,50.7,10.75,20.6,246.6,39.3,41.3,53.4,74.5,21.1
T00323,2026-06-10 15:04:48,15,2,6,day,OP1013,EXC006,Excavator,Demolition,Sunny,Rocky,Expert,18.9,6402.6,58.3,4.86,34.8,111.2,23.7,63.0,126.2,128.7,2.5
T00324,2025-03-22 22:13:05,22,5,3,night,OP1024,BCK002,Backhoe,Trenching,Sunny,Wet,Beginner,1.5,3235.5,89.4,8.72,27.5,144.9,13.1,74.4,56.3,59.8,3.5
T00325,2026-01-14 11:56:49,11,2,1,day,OP1025,BCK004,Backhoe,Grading,Foggy,Wet,Expert,17.0,3400.0,77.3,15.76,19.5,129.8,53.2,40.0,51.5,60.8,9.3
T00326,2026-07-27 15:38:32,15,0,7,day,OP1057,EXC005,Excavator,Site Clearing,Rainy,Rocky,Beginner,2.8,6966.9,67.2,17.01,31.4,123.8,13.3,43.2,116.7,163.7,47.0
T00327,2026-01-09 13:04:51,13,4,1,day,OP1058,BCK002,Backhoe,Trenching,Cloudy,Wet,Intermediate,3.3,5371.7,58.4,14.79,20.5,104.8,43.7,46.7,62.8,90.3,27.5
T00328,2025-07-17 00:24:20,0,3,7,night,OP1057,BCK001,Backhoe,Foundation Digging,Rainy,Rocky,Beginner,2.8,4481.4,49.2,15.73,36.0,114.1,5,87.0,125.8,140.0,14.2
T00329,2026-09-02 10:21:12,10,2,9,day,OP1047,GRD001,Grader,Site Clearing,Rainy,Dry,Beginner,2.8,6690.8,48.6,12.97,30.4,219.3,32.6,37.3,93.4,130.4,37.0
T00330,2026-09-15 01:44:03,1,1,9,night,OP1042,EXC005,Excavator,Foundation Digging,Rainy,Rocky,Beginner,1.3,7327.7,79.2,12.86,22.2,179.4,20.1,82.1,134.6,207.9,73.3
T00331,2025-09-30 06:28:26,6,1,9,day,OP1036,BCK001,Backhoe,Grading,Windy,Loose,Intermediate,3.3,5030.7,92.1,13.23,32.0,211.3,9.5,52.0,46.8,48.3,1.5
T00332,2026-06-10 03:18:02,3,2,6,night,OP1053,BCK002,Backhoe,Transfer,Sunny,Wet,Intermediate,7.0,6478.3,97.8,11.74,36.9,84.4,31.7,38.2,31.7,49.8,18.1
T00333,2026-05-20 13:58:35,13,2,5,day,OP1002,LDR002,Loader,Demolition,Sunny,Loose,Expert,18.3,3855.3,62.1,9.0,41.2,69.0,36.7,68.4,97.4,108.6,11.2
T00334,2026-05-26 20:44:53,20,1,5,night,OP1007,GRD001,Grader,Earth Excavation,Sunny,Wet,Beginner,1.2,5971.3,72.5,5.74,34.3,75.7,41.2,40.1,75.3,136.8,61.5
T00335,2026-03-24 14:56:57,14,1,3,day,OP1003,GRD002,Grader,Material Loading,Sunny,Clay,Expert,20.4,6324.2,70.6,9.09,23.4,151.5,5,75.6,40.6,43.2,2.6
T00336,2025-12-07 03:16:50,3,6,12,night,OP1019,LDR001,Loader,Demolition,Cloudy,Loose,Intermediate,4.5,4105.8,61.8,18.64,20.7,140.7,29.3,43.1,101.3,122.5,21.2
T00337,2025-11-12 10:48:16,10,2,11,day,OP1008,DZR003,Dozer,Earth Excavation,Cloudy,Clay,Beginner,1.2,4380.8,71.6,16.12,18.4,20.9,36.4,91.7,70.7,96.4,25.7
T00338,2025-09-16 15:43:24,15,1,9,day,OP1034,GRD002,Grader,Material Loading,Rainy,Dry,Beginner,1.3,4944.8,87.6,14.33,30.1,182.4,11.3,81.1,40.7,42.4,1.7
T00339,2025-07-08 10:44:14,10,1,7,day,OP1046,BCK002,Backhoe,Transfer,Rainy,Rocky,Beginner,2.1,4020.4,69.1,17.46,30.6,124.3,44.3,28.8,38.0,44.0,6.0
T00340,2025-03-12 23:35:05,23,2,3,night,OP1039,LDR005,Loader,Trenching,Sunny,Wet,Expert,10.2,678.0,95.7,10.26,27.4,154.1,16.8,86.5,54.7,53.9,-0.8
T00341,2026-08-15 01:25:29,1,5,8,night,OP1059,LDR002,Loader,Material Loading,Cloudy,Dry,Expert,22.2,4486.6,54.4,1.65,33.4,155.2,48.0,77.3,35.6,42.8,7.2
T00342,2026-05-29 11:15:18,11,4,5,day,OP1030,BCK002,Backhoe,Grading,Cloudy,Wet,Intermediate,4.1,6393.1,62.3,9.87,42.4,119.9,20.6,25.0,51.6,52.2,0.6
T00343,2025-10-29 09:07:51,9,2,10,day,OP1004,GRD001,Grader,Trenching,Windy,Clay,Intermediate,6.3,4442.1,79.9,16.49,31.3,206.7,17.9,84.2,59.4,65.5,6.1
T00344,2026-07-11 08:01:35,8,5,7,day,OP1026,EXC002,Excavator,Trenching,Rainy,Rocky,Beginner,2.3,4215.4,92.2,11.23,28.5,63.1,28.0,21.8,76.6,100.5,23.9
T00345,2025-05-12 06:25:28,6,0,5,day,OP1026,EXC004,Excavator,Earth Excavation,Sunny,Loose,Beginner,2.3,1845.8,73.8,6.93,34.1,41.4,24.8,57.9,60.9,57.3,-3.6
T00346,2025-04-19 06:23:07,6,5,4,day,OP1008,EXC001,Excavator,Grading,Windy,Wet,Beginner,1.2,3217.9,71.0,11.45,30.8,288.9,39.7,36.4,49.1,68.8,19.7
T00347,2025-07-24 01:27:11,1,3,7,night,OP1029,DZR003,Dozer,Transfer,Sunny,Loose,Intermediate,8.7,3567.6,64.9,3.27,28.7,85.0,37.5,75.5,26.3,21.5,-4.8
T00348,2025-12-18 10:08:48,10,3,12,day,OP1033,GRD002,Grader,Transfer,Sunny,Dry,Expert,17.2,5622.0,67.2,10.34,13.9,169.9,38.3,16.2,27.0,25.0,-2.0
T00349,2026-06-10 09:03:29,9,2,6,day,OP1013,DZR003,Dozer,Site Clearing,Rainy,Clay,Expert,18.9,5913.2,98,7.75,35.7,231.3,18.5,17.3,106.1,106.0,-0.1
T00350,2026-03-12 02:02:51,2,3,3,night,OP1055,EXC006,Excavator,Grading,Sunny,Dry,Expert,12.2,5741.6,63.2,12.92,26.0,242.2,40.7,31.4,42.9,48.2,5.3
T00351,2025-11-13 07:47:47,7,3,11,day,OP1053,DZR004,Dozer,Earth Excavation,Rainy,Rocky,Intermediate,7.0,3186.4,78.8,13.33,18.0,181.7,35.1,78.9,89.3,97.4,8.1
T00352,2026-09-12 07:15:55,7,5,9,day,OP1004,DZR002,Dozer,Transfer,Foggy,Dry,Intermediate,6.3,6987.2,65.9,4.13,36.9,50.7,29.9,57.2,31.9,43.5,11.6
T00353,2025-12-21 01:40:44,1,6,12,night,OP1032,BCK004,Backhoe,Trenching,Sunny,Rocky,Intermediate,3.9,3221.7,77.0,13.81,16.9,79.3,36.0,48.4,61.2,79.5,18.3
T00354,2025-11-19 13:36:35,13,2,11,day,OP1024,BCK001,Backhoe,Grading,Sunny,Clay,Beginner,1.5,5397.9,75.1,12.49,20.5,71.6,11.3,75.2,46.6,35.8,-10.8
T00355,2026-09-15 19:04:35,19,1,9,night,OP1021,LDR005,Loader,Material Loading,Rainy,Loose,Intermediate,4.3,4706.3,48.0,4.88,30.3,19.4,53.6,94.0,41.7,38.8,-2.9
T00356,2026-01-15 18:19:37,18,3,1,night,OP1018,DZR004,Dozer,Material Loading,Rainy,Loose,Expert,15.8,3649.5,45.4,6.57,12.8,71.7,14.0,78.9,42.6,45.3,2.7
T00357,2026-04-17 01:27:55,1,4,4,night,OP1009,DZR004,Dozer,Demolition,Sunny,Clay,Intermediate,5.2,4316.0,64.2,11.12,28.4,100.8,36.7,91.7,103.8,103.7,-0.1
T00358,2025-05-18 02:27:19,2,6,5,night,OP1017,BCK001,Backhoe,Site Clearing,Sunny,Dry,Expert,13.3,4044.0,76.2,15.09,33.1,147.2,24.3,57.8,72.2,69.5,-2.7
T00359,2025-06-21 23:19:00,23,5,6,night,OP1016,EXC004,Excavator,Site Clearing,Rainy,Wet,Beginner,2.9,2143.0,57.3,16.79,35.7,213.3,40.1,53.6,91.6,139.4,47.8
T00360,2026-05-01 11:18:34,11,4,5,day,OP1026,LDR001,Loader,Transfer,Cloudy,Loose,Beginner,2.3,5166.7,36.2,10.46,34.4,67.6,30.0,36.2,28.7,11.7,-17.0
T00361,2025-05-26 10:41:25,10,0,5,day,OP1003,BCK004,Backhoe,Material Loading,Windy,Rocky,Expert,20.4,1698.7,66.4,12.3,39.8,116.0,5,39.3,43.1,42.6,-0.5
T00362,2025-02-07 19:38:09,19,4,2,night,OP1038,DZR001,Dozer,Earth Excavation,Foggy,Rocky,Beginner,2.4,1073.4,63.3,13.19,23.1,66.2,41.8,65.7,77.0,101.2,24.2
T00363,2026-04-01 13:16:13,13,2,4,day,OP1039,EXC005,Excavator,Material Loading,Cloudy,Loose,Expert,10.2,6112.1,47.8,15.3,33.4,242.4,23.3,83.9,39.6,40.4,0.8
T00364,2026-06-19 00:32:51,0,4,6,night,OP1056,EXC006,Excavator,Earth Excavation,Rainy,Rocky,Intermediate,4.7,6463.8,67.1,8.26,32.1,127.1,35.4,47.3,103.9,117.0,13.1
T00365,2025-01-28 15:22:39,15,1,1,day,OP1012,EXC001,Excavator,Demolition,Windy,Wet,Beginner,1.4,2629.4,44.9,9.34,21.7,129.9,41.0,55.8,108.3,158.8,50.5
T00366,2025-02-03 21:20:40,21,0,2,night,OP1017,EXC003,Excavator,Trenching,Foggy,Clay,Expert,13.3,1326.7,77.3,10.93,22.1,177.5,20.8,43.5,60.2,67.9,7.7
T00367,2025-12-27 09:22:13,9,5,12,day,OP1027,LDR003,Loader,Demolition,Cloudy,Dry,Intermediate,6.2,3501.5,73.6,8.29,20.8,113.5,19.9,47.2,94.3,101.7,7.4
T00368,2025-02-08 08:31:44,8,5,2,day,OP1057,EXC001,Excavator,Demolition,Cloudy,Clay,Beginner,2.8,2707.6,59.9,3.57,19.6,100.7,5.2,59.5,100.5,113.8,13.3
T00369,2025-07-25 23:29:27,23,4,7,night,OP1028,GRD001,Grader,Transfer,Sunny,Loose,Beginner,1.6,3745.6,64.9,9.44,36.4,107.8,61.8,98.0,26.5,50.8,24.3
T00370,2025-09-16 11:13:32,11,1,9,day,OP1003,EXC006,Excavator,Trenching,Cloudy,Loose,Expert,20.4,4452.3,43.2,8.42,27.6,10,8.5,62.3,56.0,43.9,-12.1
T00371,2026-06-30 12:42:25,12,1,6,day,OP1021,LDR003,Loader,Grading,Rainy,Clay,Intermediate,4.3,4853.0,98,17.79,29.8,271.3,43.8,57.3,54.0,57.0,3.0
T00372,2026-04-20 13:55:34,13,0,4,day,OP1042,BCK001,Backhoe,Trenching,Cloudy,Loose,Beginner,1.3,6507.6,57.6,14.24,31.2,15.2,22.5,63.8,60.2,80.1,19.9
T00373,2025-01-30 00:53:07,0,3,1,night,OP1046,LDR004,Loader,Grading,Sunny,Clay,Beginner,2.1,2143.4,50.7,13.27,12.9,351.5,40.3,23.3,41.8,70.1,28.3
T00374,2026-04-23 08:57:14,8,3,4,day,OP1033,DZR003,Dozer,Material Loading,Cloudy,Clay,Expert,17.2,5562.8,52.0,13.7,30.4,234.2,32.5,31.7,40.7,49.7,9.0
T00375,2025-02-02 01:00:23,1,6,2,night,OP1035,GRD003,Grader,Demolition,Rainy,Loose,Beginner,2.8,319.6,70.2,7.97,25.2,48.8,50.1,66.6,110.0,169.8,59.8
T00376,2025-02-26 20:26:21,20,2,2,night,OP1018,DZR001,Dozer,Transfer,Cloudy,Loose,Expert,15.8,1212.4,75.8,10.08,21.6,137.6,18.5,41.9,26.0,29.9,3.9
T00377,2025-03-21 07:11:35,7,4,3,day,OP1031,DZR001,Dozer,Earth Excavation,Cloudy,Rocky,Expert,22.8,1376.3,60.5,0,28.6,176.3,31.3,18.6,74.1,71.4,-2.7
T00378,2026-06-23 07:05:02,7,1,6,day,OP1004,EXC002,Excavator,Foundation Digging,Cloudy,Dry,Intermediate,6.3,4083.7,64.7,11.49,34.3,121.2,17.0,39.8,82.1,96.0,13.9
T00379,2025-04-30 10:15:29,10,2,4,day,OP1056,GRD003,Grader,Earth Excavation,Cloudy,Loose,Intermediate,4.7,957.5,40.4,8.0,35.3,98.5,53.5,16.0,62.7,78.6,15.9
T00380,2025-03-27 14:26:51,14,3,3,day,OP1058,GRD002,Grader,Material Loading,Cloudy,Rocky,Intermediate,3.3,3681.5,83.6,8.91,24.2,111.9,39.7,34.7,42.8,47.1,4.3
T00381,2026-01-12 11:31:34,11,0,1,day,OP1010,EXC005,Excavator,Transfer,Cloudy,Rocky,Intermediate,8.6,5534.9,98,4.45,15.3,132.8,39.2,65.0,34.4,57.1,22.7
T00382,2025-03-28 12:45:41,12,4,3,day,OP1045,BCK003,Backhoe,Transfer,Cloudy,Rocky,Intermediate,6.5,1952.3,54.5,9.05,30.1,199.3,29.5,63.0,30.7,25.3,-5.4
T00383,2026-07-16 08:34:49,8,3,7,day,OP1048,LDR003,Loader,Foundation Digging,Cloudy,Wet,Beginner,2.2,4968.6,68.5,15.23,31.2,149.4,22.8,21.8,96.8,121.7,24.9
T00384,2025-02-10 09:01:11,9,0,2,day,OP1015,LDR001,Loader,Material Loading,Cloudy,Clay,Beginner,0.6,1917.5,79.9,12.57,21.1,197.2,36.8,45.4,36.3,71.0,34.7
T00385,2026-01-05 09:51:14,9,0,1,day,OP1024,BCK002,Backhoe,Material Loading,Foggy,Clay,Beginner,1.5,5341.5,49.2,13.3,24.0,161.7,28.9,28.2,43.4,71.4,28.0
T00386,2025-10-25 01:41:24,1,5,10,night,OP1038,EXC007,Excavator,Demolition,Rainy,Rocky,Beginner,2.4,5531.4,91.1,10.56,28.1,183.3,27.8,23.2,147.3,209.2,61.9
T00387,2025-03-24 10:02:02,10,0,3,day,OP1057,BCK001,Backhoe,Site Clearing,Cloudy,Loose,Beginner,2.8,3644.8,91.4,5.89,29.7,131.3,15.3,71.3,76.9,89.3,12.4
T00388,2025-09-04 08:32:06,8,3,9,day,OP1014,LDR002,Loader,Foundation Digging,Windy,Clay,Expert,21.2,1970.3,94.1,10.95,34.2,176.6,23.7,58.0,89.0,88.4,-0.6
T00389,2026-06-27 10:14:14,10,5,6,day,OP1052,DZR003,Dozer,Site Clearing,Cloudy,Dry,Intermediate,5.8,6037.7,79.9,8.41,35.3,89.0,49.0,59.4,80.0,99.4,19.4
T00390,2025-02-20 09:30:14,9,3,2,day,OP1044,LDR003,Loader,Demolition,Cloudy,Rocky,Beginner,1.1,1238.6,89.0,16.73,23.0,257.3,33.6,73.3,112.4,130.7,18.3
T00391,2026-05-03 02:15:47,2,6,5,night,OP1049,BCK001,Backhoe,Earth Excavation,Cloudy,Clay,Beginner,0.8,6599.0,67.5,13.15,46,104.7,43.5,29.9,76.5,98.2,21.7
T00392,2026-07-10 07:05:14,7,4,7,day,OP1055,EXC007,Excavator,Foundation Digging,Rainy,Loose,Expert,12.2,7416.4,85.9,6.93,32.1,118.9,31.6,55.1,107.6,112.8,5.2
T00393,2026-05-28 10:10:58,10,3,5,day,OP1050,BCK003,Backhoe,Demolition,Sunny,Dry,Intermediate,7.7,5061.3,68.4,18.94,37.1,303.2,32.9,74.4,97.0,117.7,20.7
T00394,2025-08-18 09:27:22,9,0,8,day,OP1029,BCK001,Backhoe,Demolition,Sunny,Dry,Intermediate,8.7,4717.8,61.6,13.83,29.9,54.6,41.3,76.3,95.8,111.0,15.2
T00395,2025-03-14 06:21:27,6,4,3,day,OP1021,DZR001,Dozer,Foundation Digging,Sunny,Dry,Intermediate,4.3,1324.9,81.3,10.81,29.9,70.6,48.2,33.4,75.0,87.2,12.2
T00396,2026-01-10 11:08:56,11,5,1,day,OP1044,DZR002,Dozer,Demolition,Sunny,Wet,Beginner,1.1,5199.9,79.4,8.32,11.0,110.4,31.2,37.7,111.2,138.1,26.9
T00397,2026-07-04 14:27:56,14,5,7,day,OP1051,LDR002,Loader,Foundation Digging,Rainy,Wet,Expert,11.2,4184.0,74.8,7.46,28.8,91.2,32.8,59.7,104.0,115.5,11.5
T00398,2025-11-28 23:29:34,23,4,11,night,OP1043,EXC003,Excavator,Grading,Windy,Loose,Expert,19.0,3502.7,69.1,12.79,28.1,144.1,26.0,80.6,44.8,48.5,3.7
T00399,2025-02-06 13:01:16,13,3,2,day,OP1048,DZR002,Dozer,Foundation Digging,Cloudy,Loose,Beginner,2.2,2733.0,58.1,13.22,23.5,147.5,31.9,18.7,81.9,107.3,25.4
T00400,2026-06-12 14:14:56,14,4,6,day,OP1054,EXC006,Excavator,Material Loading,Windy,Clay,Intermediate,5.0,6416.9,77.4,6.63,36.7,128.9,40.0,97.5,44.5,54.6,10.1
T00401,2025-09-20 06:42:56,6,5,9,day,OP1041,DZR004,Dozer,Trenching,Cloudy,Rocky,Intermediate,4.3,2791.9,77.0,15.18,24.9,167.0,12.8,46.7,62.0,65.8,3.8
T00402,2025-08-22 06:51:57,6,4,8,day,OP1057,EXC004,Excavator,Material Loading,Rainy,Dry,Beginner,2.8,2590.6,73.6,8.31,29.4,230.3,9.4,82.6,39.1,61.0,21.9
T00403,2025-07-31 12:37:35,12,3,7,day,OP1001,LDR005,Loader,Grading,Rainy,Dry,Expert,13.7,1704.0,59.9,10.04,29.2,129.2,39.9,15.9,46.3,46.4,0.1
T00404,2025-07-29 07:10:25,7,1,7,day,OP1021,BCK001,Backhoe,Foundation Digging,Rainy,Wet,Intermediate,4.3,4571.1,88.5,13.94,28.2,101.3,49.1,56.9,116.7,145.4,28.7
T00405,2025-10-10 13:07:12,13,4,10,day,OP1001,EXC008,Excavator,Earth Excavation,Cloudy,Dry,Expert,13.7,2446.0,92.9,11.28,25.6,40.8,40.8,92.3,59.7,61.3,1.6
T00406,2026-06-19 21:27:17,21,4,6,night,OP1018,LDR003,Loader,Earth Excavation,Rainy,Loose,Expert,15.8,4775.4,60.1,19.62,32.0,166.6,17.5,65.8,83.0,90.7,7.7
T00407,2025-09-27 09:58:10,9,5,9,day,OP1021,EXC006,Excavator,Transfer,Rainy,Dry,Intermediate,4.3,4532.2,65.8,13.26,31.0,244.5,47.3,54.3,31.7,33.3,1.6
T00408,2026-09-03 13:19:07,13,3,9,day,OP1020,EXC006,Excavator,Grading,Cloudy,Wet,Intermediate,8.4,7022.5,62.1,0.54,27.3,54.2,30.7,46.8,52.7,62.9,10.2
T00409,2026-06-16 12:11:29,12,1,6,day,OP1028,EXC005,Excavator,Transfer,Sunny,Loose,Beginner,1.6,6666.6,72.8,14.16,32.5,109.9,38.4,28.5,29.4,44.6,15.2
T00410,2026-08-03 07:34:56,7,0,8,day,OP1031,EXC007,Excavator,Material Loading,Windy,Dry,Expert,22.8,7591.8,71.4,10.19,35.7,58.8,39.7,55.2,41.9,44.3,2.4
T00411,2025-02-20 19:27:49,19,3,2,night,OP1060,GRD002,Grader,Material Loading,Sunny,Loose,Expert,10.8,3427.5,63.1,11.04,27.6,75.6,22.2,51.5,34.8,33.3,-1.5
T00412,2025-10-22 15:14:03,15,2,10,day,OP1024,BCK001,Backhoe,Earth Excavation,Rainy,Wet,Beginner,1.5,5194.0,86.5,9.55,27.7,92.9,5,14.3,92.3,86.7,-5.6
T00413,2026-04-26 03:44:52,3,6,4,night,OP1006,DZR004,Dozer,Grading,Windy,Wet,Intermediate,3.3,4382.4,60.0,7.2,34.5,331.0,14.2,78.1,47.5,45.7,-1.8
T00414,2025-05-15 13:49:21,13,3,5,day,OP1023,EXC005,Excavator,Demolition,Rainy,Loose,Beginner,2.1,3769.0,68.4,13.57,37.9,221.0,43.2,86.8,110.9,147.8,36.9
T00415,2026-03-28 07:33:35,7,5,3,day,OP1032,EXC006,Excavator,Trenching,Cloudy,Wet,Intermediate,3.9,5860.1,74.8,14.11,27.5,260.4,45.5,100.8,63.9,84.2,20.3
T00416,2025-04-10 09:55:58,9,3,4,day,OP1018,EXC003,Excavator,Site Clearing,Sunny,Wet,Expert,15.8,1805.0,73.1,12.29,27.1,160.8,20.0,56.6,77.5,76.3,-1.2
T00417,2025-11-19 22:51:50,22,2,11,night,OP1022,GRD003,Grader,Foundation Digging,Sunny,Rocky,Beginner,0.6,2443.2,69.9,17.2,30.4,104.8,28.0,70.8,93.0,130.3,37.3
T00418,2026-05-01 02:54:27,2,4,5,night,OP1009,EXC001,Excavator,Trenching,Windy,Rocky,Intermediate,5.2,5969.0,62.4,11.05,39.4,227.2,18.8,52.7,72.4,68.8,-3.6
T00419,2026-01-24 09:45:43,9,5,1,day,OP1003,BCK004,Backhoe,Site Clearing,Rainy,Wet,Expert,20.4,3472.3,60.6,9.59,14.8,124.9,5,36.2,101.5,89.7,-11.8
T00420,2025-12-22 13:11:29,13,0,12,day,OP1056,DZR004,Dozer,Earth Excavation,Sunny,Dry,Intermediate,4.7,3472.8,91.3,2.25,16.1,98.9,45.9,59.4,60.3,77.6,17.3
T00421,2025-04-22 15:56:06,15,1,4,day,OP1002,EXC006,Excavator,Site Clearing,Windy,Rocky,Expert,18.3,3380.6,81.4,1.5,33.6,168.7,35.7,28.5,95.6,93.1,-2.5
T00422,2025-03-24 09:55:33,9,0,3,day,OP1046,BCK004,Backhoe,Foundation Digging,Rainy,Clay,Beginner,2.1,1238.6,66.6,11.36,31.2,202.8,37.5,73.6,98.5,128.9,30.4
T00423,2026-03-20 09:18:19,9,4,3,day,OP1025,GRD002,Grader,Earth Excavation,Sunny,Clay,Expert,17.0,6293.3,63.6,14.92,19.4,136.7,46.5,45.6,73.5,83.9,10.4
T00424,2026-07-09 14:12:26,14,3,7,day,OP1019,EXC008,Excavator,Transfer,Rainy,Wet,Intermediate,4.5,4431.9,65.0,6.9,29.2,28.8,18.6,72.5,33.6,51.8,18.2
T00425,2026-07-30 08:21:11,8,3,7,day,OP1019,BCK003,Backhoe,Foundation Digging,Sunny,Rocky,Intermediate,4.5,5520.6,89.5,17.07,34.6,10,23.1,51.3,104.2,129.1,24.9
T00426,2025-07-15 23:35:32,23,1,7,night,OP1022,DZR001,Dozer,Transfer,Foggy,Loose,Beginner,0.6,2228.1,81.6,9.57,27.2,258.3,34.4,97.2,28.6,13.8,-14.8
T00427,2025-03-12 01:10:06,1,2,3,night,OP1030,BCK001,Backhoe,Material Loading,Cloudy,Loose,Intermediate,4.1,3554.5,58.3,12.94,25.9,186.5,23.3,38.4,36.1,50.2,14.1
T00428,2025-07-01 15:49:52,15,1,7,day,OP1044,EXC006,Excavator,Earth Excavation,Sunny,Loose,Beginner,1.1,3891.6,74.5,17.47,31.6,131.6,20.1,57.4,64.3,89.9,25.6
T00429,2025-07-30 09:54:35,9,2,7,day,OP1045,BCK002,Backhoe,Trenching,Rainy,Loose,Intermediate,6.5,4180.8,91.6,9.47,30.1,173.1,38.1,44.9,67.3,76.0,8.7
T00430,2025-04-28 20:00:56,20,0,4,night,OP1031,BCK001,Backhoe,Foundation Digging,Sunny,Wet,Expert,22.8,3903.4,73.2,17.74,34.2,72.6,30.0,78.2,90.3,92.0,1.7
T00431,2025-03-22 11:57:03,11,5,3,day,OP1046,BCK001,Backhoe,Trenching,Rainy,Wet,Beginner,2.1,3630.8,63.1,13.57,35.3,236.9,42.2,81.8,69.5,105.6,36.1
T00432,2025-11-07 18:35:28,18,4,11,night,OP1008,DZR004,Dozer,Demolition,Sunny,Clay,Beginner,1.2,3145.9,98,9.14,28.2,97.5,50.4,96.3,99.3,140.9,41.6
T00433,2026-09-23 03:58:07,3,2,9,night,OP1039,GRD001,Grader,Grading,Rainy,Dry,Expert,10.2,6842.2,79.7,8.39,30.2,279.9,24.2,33.7,52.3,50.7,-1.6
T00434,2025-11-06 12:35:06,12,3,11,day,OP1011,LDR005,Loader,Transfer,Sunny,Rocky,Intermediate,6.7,2419.4,38.1,12.89,18.8,184.7,35.4,31.1,29.8,26.8,-3.0
T00435,2025-07-19 07:44:47,7,5,7,day,OP1051,DZR001,Dozer,Foundation Digging,Sunny,Clay,Expert,11.2,2252.4,81.9,4.3,31.0,122.6,35.2,53.9,82.5,94.0,11.5
T00436,2025-10-02 07:12:17,7,3,10,day,OP1015,LDR005,Loader,Trenching,Rainy,Dry,Beginner,0.6,2162.3,91.6,8.09,30.9,275.5,17.6,89.0,55.1,65.0,9.9
T00437,2026-04-15 14:06:33,14,2,4,day,OP1044,GRD001,Grader,Foundation Digging,Cloudy,Wet,Beginner,1.1,5670.0,92.8,9.49,32.7,38.1,41.2,100.1,99.2,135.3,36.1
T00438,2025-10-30 10:19:40,10,3,10,day,OP1030,EXC006,Excavator,Transfer,Foggy,Loose,Intermediate,4.1,4773.2,69.8,1.36,24.8,223.4,32.8,73.1,30.3,47.7,17.4
T00439,2025-04-23 06:59:51,6,2,4,day,OP1016,EXC003,Excavator,Material Loading,Cloudy,Dry,Beginner,2.9,1899.0,51.0,1.84,32.8,151.9,45.8,29.0,33.0,46.5,13.5
T00440,2025-06-03 12:15:31,12,1,6,day,OP1059,BCK004,Backhoe,Earth Excavation,Rainy,Clay,Expert,22.2,1757.6,58.8,10.24,34.0,10,62,35.9,72.7,76.4,3.7
T00441,2025-10-01 09:49:43,9,2,10,day,OP1009,DZR004,Dozer,Site Clearing,Foggy,Loose,Intermediate,5.2,2873.2,70.3,15.01,25.6,132.1,18.7,27.6,81.1,88.5,7.4
T00442,2026-04-21 09:13:19,9,1,4,day,OP1060,BCK001,Backhoe,Earth Excavation,Windy,Clay,Expert,10.8,6513.5,65.8,15.99,33.8,148.1,23.7,73.5,78.3,79.5,1.2
T00443,2026-08-15 11:24:31,11,5,8,day,OP1058,EXC005,Excavator,Foundation Digging,Sunny,Loose,Intermediate,3.3,7104.3,71.1,11.0,37.8,229.6,33.7,40.1,93.3,106.6,13.3
T00444,2026-06-13 09:41:56,9,5,6,day,OP1028,EXC001,Excavator,Site Clearing,Windy,Wet,Beginner,1.6,6284.9,77.9,14.14,36.5,203.4,46.2,40.7,93.3,132.3,39.0
T00445,2026-08-12 14:02:53,14,2,8,day,OP1046,EXC005,Excavator,Site Clearing,Rainy,Loose,Beginner,2.1,7083.2,69.6,13.46,21.9,82.9,41.0,61.6,103.6,146.6,43.0
T00446,2025-03-08 09:35:09,9,5,3,day,OP1039,BCK004,Backhoe,Earth Excavation,Cloudy,Rocky,Expert,10.2,1121.7,76.1,5.37,26.7,189.9,14.4,80.3,74.1,70.9,-3.2
T00447,2026-06-02 13:08:16,13,1,6,day,OP1052,EXC004,Excavator,Material Loading,Cloudy,Clay,Intermediate,5.8,4665.7,63.8,14.31,32.4,197.2,36.6,39.8,39.4,47.3,7.9
T00448,2026-05-07 13:04:35,13,3,5,day,OP1015,EXC008,Excavator,Site Clearing,Cloudy,Dry,Beginner,0.6,3971.7,68.7,9.81,32.3,201.0,25.0,86.0,74.2,97.8,23.6
T00449,2026-01-24 10:51:09,10,5,1,day,OP1059,GRD003,Grader,Trenching,Cloudy,Rocky,Expert,22.2,2921.4,65.5,10.32,21.6,176.9,62,33.3,62.3,77.1,14.8
T00450,2026-03-25 08:56:25,8,2,3,day,OP1038,LDR005,Loader,Trenching,Windy,Wet,Beginner,2.4,3433.0,55.2,22.43,23.3,195.3,46.7,23.3,57.9,90.7,32.8
T00451,2026-02-19 10:52:24,10,3,2,day,OP1049,EXC007,Excavator,Material Loading,Sunny,Wet,Beginner,0.8,6388.3,81.6,16.9,15.5,65.3,49.4,55.3,42.2,30.7,-11.5
T00452,2025-03-27 11:21:24,11,3,3,day,OP1033,EXC001,Excavator,Material Loading,Cloudy,Wet,Expert,17.2,3051.5,98,22.19,24.5,219.9,37.4,44.5,38.4,40.0,1.6
T00453,2026-09-05 13:50:55,13,5,9,day,OP1026,GRD003,Grader,Demolition,Cloudy,Dry,Beginner,2.3,4557.5,78.9,7.96,31.5,10,27.6,75.2,98.1,113.0,14.9
T00454,2025-07-29 11:27:08,11,1,7,day,OP1019,EXC002,Excavator,Material Loading,Foggy,Rocky,Intermediate,4.5,1683.4,64.7,12.63,33.9,40.9,21.4,70.3,43.5,43.0,-0.5
T00455,2025-04-16 02:52:07,2,2,4,night,OP1017,BCK004,Backhoe,Material Loading,Cloudy,Clay,Expert,13.3,1404.3,98,10.54,29.8,137.3,16.3,103.3,36.3,34.2,-2.1
T00456,2025-05-13 00:57:32,0,1,5,night,OP1042,LDR001,Loader,Grading,Rainy,Wet,Beginner,1.3,2586.7,79.0,4.9,36.8,37.1,19.2,83.0,49.6,71.7,22.1
T00457,2025-08-14 19:58:01,19,3,8,night,OP1037,DZR003,Dozer,Material Loading,Rainy,Dry,Expert,24.1,3726.5,98,13.82,27.9,40.8,43.4,81.2,40.4,45.3,4.9
T00458,2025-06-19 02:07:40,2,3,6,night,OP1039,EXC004,Excavator,Foundation Digging,Cloudy,Dry,Expert,10.2,2121.9,47.4,10.17,37.1,127.3,15.1,37.0,77.2,77.4,0.2
T00459,2025-05-12 14:13:40,14,0,5,day,OP1055,BCK003,Backhoe,Trenching,Sunny,Loose,Expert,12.2,2281.2,38.4,12.54,38.5,86.1,29.6,89.2,50.4,50.0,-0.4
T00460,2025-12-25 14:53:34,14,3,12,day,OP1027,EXC005,Excavator,Earth Excavation,Windy,Dry,Intermediate,6.2,5404.5,84.6,8.76,18.6,194.1,37.6,39.4,69.6,101.1,31.5
T00461,2025-12-08 12:15:10,12,0,12,day,OP1008,LDR004,Loader,Trenching,Windy,Clay,Beginner,1.2,4424.5,82.9,9.55,20.5,185.9,21.0,99.5,59.9,69.4,9.5
T00462,2026-08-25 15:20:44,15,1,8,day,OP1052,BCK003,Backhoe,Trenching,Rainy,Wet,Intermediate,5.8,5712.5,61.7,13.93,31.4,210.3,42.8,16.6,76.1,86.3,10.2
T00463,2026-01-26 20:01:23,20,0,1,night,OP1025,LDR004,Loader,Site Clearing,Cloudy,Loose,Expert,17.0,4784.6,55.5,12.09,16.6,80.0,56.7,21.4,80.3,94.1,13.8
T00464,2025-10-07 11:54:51,11,1,10,day,OP1027,DZR004,Dozer,Grading,Rainy,Wet,Intermediate,6.2,2917.6,77.7,13.52,26.3,87.6,24.5,49.0,54.4,47.3,-7.1
T00465,2025-06-20 07:39:19,7,4,6,day,OP1055,GRD001,Grader,Foundation Digging,Cloudy,Wet,Expert,12.2,3485.3,72.8,17.82,36.0,117.4,33.6,76.9,91.5,93.5,2.0
T00466,2025-07-12 09:48:40,9,5,7,day,OP1006,EXC008,Excavator,Trenching,Sunny,Loose,Intermediate,3.3,1788.0,77.7,10.7,32.5,20.6,16.1,65.4,50.4,53.0,2.6
T00467,2025-05-17 14:50:28,14,5,5,day,OP1003,GRD003,Grader,Material Loading,Cloudy,Dry,Expert,20.4,1083.0,79.5,15.69,34.7,118.6,5,79.0,33.0,39.3,6.3
T00468,2026-09-21 15:31:22,15,0,9,day,OP1048,EXC007,Excavator,Foundation Digging,Rainy,Wet,Beginner,2.2,7951.9,87.5,17.06,24.2,129.6,36.0,32.6,122.7,160.8,38.1
T00469,2026-03-25 08:08:55,8,2,3,day,OP1007,EXC004,Excavator,Trenching,Sunny,Rocky,Beginner,1.2,4160.5,72.1,9.4,30.2,137.9,28.0,76.4,63.5,79.9,16.4
T00470,2025-04-17 23:45:24,23,3,4,night,OP1037,DZR003,Dozer,Earth Excavation,Sunny,Dry,Expert,24.1,2859.0,69.3,8.72,33.5,192.9,38.2,79.7,58.8,63.4,4.6
T00471,2026-05-07 23:09:35,23,3,5,night,OP1033,EXC005,Excavator,Earth Excavation,Cloudy,Loose,Expert,17.2,6377.9,74.4,13.6,30.0,155.4,31.5,43.6,72.5,84.1,11.6
T00472,2025-06-23 19:49:12,19,0,6,night,OP1033,DZR004,Dozer,Site Clearing,Rainy,Wet,Expert,17.2,2146.2,82.0,13.95,32.0,82.4,42.0,61.9,93.7,99.1,5.4
T00473,2026-08-22 06:23:44,6,5,8,day,OP1050,LDR002,Loader,Trenching,Rainy,Loose,Intermediate,7.7,4539.2,98,12.93,27.4,196.6,21.9,35.9,64.8,69.3,4.5
T00474,2026-06-17 07:37:09,7,2,6,day,OP1008,GRD002,Grader,Transfer,Sunny,Rocky,Beginner,1.2,6942.5,87.2,13.05,27.6,125.4,25.2,85.2,35.0,45.6,10.6
T00475,2025-02-25 12:31:39,12,1,2,day,OP1048,EXC008,Excavator,Earth Excavation,Sunny,Dry,Beginner,2.2,788.7,78.5,9.59,20.4,162.3,20.5,56.6,58.0,69.1,11.1
T00476,2025-05-15 13:23:05,13,3,5,day,OP1059,LDR005,Loader,Foundation Digging,Sunny,Rocky,Expert,22.2,1142.1,75.4,8.53,41.4,113.4,56.7,18.1,93.0,109.0,16.0
T00477,2026-01-22 15:52:52,15,3,1,day,OP1050,LDR005,Loader,Earth Excavation,Foggy,Rocky,Intermediate,7.7,2982.5,29.7,11.71,20.7,195.3,35.5,77.9,82.8,97.6,14.8
T00478,2026-05-04 14:46:09,14,0,5,day,OP1029,DZR001,Dozer,Grading,Rainy,Rocky,Intermediate,8.7,4364.3,74.6,14.76,38.5,96.4,42.4,35.7,59.5,73.1,13.6
T00479,2025-07-16 22:30:31,22,2,7,night,OP1059,BCK003,Backhoe,Foundation Digging,Windy,Clay,Expert,22.2,2758.2,50.2,16.9,32.1,197.3,52.3,60.9,89.7,102.8,13.1
T00480,2026-01-19 15:42:26,15,0,1,day,OP1027,LDR001,Loader,Earth Excavation,Foggy,Wet,Intermediate,6.2,4423.5,54.0,9.92,14.2,135.3,28.1,24.3,80.1,95.3,15.2
T00481,2025-01-22 09:47:49,9,2,1,day,OP1020,LDR002,Loader,Trenching,Rainy,Loose,Intermediate,8.4,328.2,77.2,13.24,14.8,75.3,32.7,30.2,58.6,65.7,7.1
T00482,2026-06-10 14:29:22,14,2,6,day,OP1045,BCK002,Backhoe,Foundation Digging,Rainy,Clay,Intermediate,6.5,6481.7,57.6,12.56,42.0,163.8,32.6,53.6,111.8,132.7,20.9
T00483,2025-05-05 11:09:27,11,0,5,day,OP1052,EXC002,Excavator,Demolition,Windy,Wet,Intermediate,5.8,1062.8,86.3,8.82,38.7,178.6,33.7,25.2,110.2,115.1,4.9
T00484,2025-01-15 01:52:35,1,2,1,night,OP1033,LDR002,Loader,Demolition,Windy,Rocky,Expert,17.2,274.6,98,16.67,15.0,84.5,48.0,58.7,116.9,139.6,22.7
T00485,2026-01-20 15:36:06,15,1,1,day,OP1028,EXC008,Excavator,Foundation Digging,Sunny,Loose,Beginner,1.6,3191.3,46.3,8.91,21.4,126.5,34.5,7.1,80.9,118.8,37.9
T00486,2025-06-05 12:24:23,12,3,6,day,OP1051,LDR005,Loader,Demolition,Windy,Wet,Expert,11.2,1295.1,66.8,15.02,36.6,189.5,34.0,46.3,104.8,107.8,3.0
T00487,2025-02-04 19:31:22,19,1,2,night,OP1030,BCK001,Backhoe,Site Clearing,Sunny,Wet,Intermediate,4.1,3297.3,87.8,11.23,19.6,275.5,26.1,37.9,80.0,85.7,5.7
T00488,2025-05-08 15:17:24,15,3,5,day,OP1008,EXC004,Excavator,Material Loading,Sunny,Wet,Beginner,1.2,1819.3,79.6,5.47,41.9,254.5,27.9,66.8,36.5,43.1,6.6
T00489,2026-05-21 09:18:26,9,3,5,day,OP1059,DZR002,Dozer,Material Loading,Sunny,Dry,Expert,22.2,6155.6,57.5,5.0,42.8,36.8,61.6,75.4,36.7,43.1,6.4
T00490,2025-11-05 20:07:48,20,2,11,night,OP1002,GRD001,Grader,Earth Excavation,Cloudy,Wet,Expert,18.3,4496.5,84.0,11.89,23.8,134.1,34.9,35.8,73.5,79.3,5.8
T00491,2025-12-23 14:08:16,14,1,12,day,OP1028,DZR004,Dozer,Foundation Digging,Foggy,Rocky,Beginner,1.6,3480.4,90.2,13.78,20.8,105.4,39.8,97.9,107.7,135.2,27.5
T00492,2026-06-22 13:32:02,13,0,6,day,OP1053,LDR003,Loader,Trenching,Rainy,Loose,Intermediate,7.0,4794.9,83.3,17.67,35.2,62.0,21.5,95.9,64.5,60.5,-4.0
T00493,2026-03-02 07:22:04,7,0,3,day,OP1052,LDR003,Loader,Foundation Digging,Rainy,Rocky,Intermediate,5.8,3975.4,80.4,9.26,27.1,175.3,36.9,59.5,117.6,134.3,16.7
T00494,2025-10-10 10:00:34,10,4,10,day,OP1039,EXC007,Excavator,Grading,Sunny,Rocky,Expert,10.2,5424.4,34.5,13.37,26.0,40.3,6.0,67.2,52.6,55.5,2.9
T00495,2026-08-24 08:55:31,8,0,8,day,OP1008,EXC004,Excavator,Transfer,Sunny,Rocky,Beginner,1.2,5270.3,64.0,11.85,28.5,146.9,36.1,42.6,33.1,33.4,0.3
T00496,2025-02-21 06:24:31,6,4,2,day,OP1031,EXC004,Excavator,Foundation Digging,Windy,Rocky,Expert,22.8,1261.8,82.6,17.81,19.5,207.2,22.7,88.1,96.6,87.3,-9.3
T00497,2025-05-31 03:23:33,3,5,5,night,OP1007,EXC001,Excavator,Grading,Sunny,Dry,Beginner,1.2,3523.6,98,15.65,46,52.9,38.1,73.1,39.6,61.8,22.2
T00498,2025-03-08 13:54:11,13,5,3,day,OP1008,EXC002,Excavator,Demolition,Sunny,Rocky,Beginner,1.2,640.2,45.4,5.93,24.3,224.8,42.4,40.8,109.1,124.1,15.0
T00499,2026-05-14 12:45:55,12,3,5,day,OP1034,DZR004,Dozer,Grading,Cloudy,Loose,Beginner,1.3,4516.6,68.0,10.61,41.5,91.7,15.0,58.0,44.4,77.7,33.3
T00500,2025-09-08 06:58:57,6,0,9,day,OP1032,EXC002,Excavator,Grading,Sunny,Wet,Intermediate,3.9,1981.3,72.9,6.91,26.1,150.3,51.0,49.3,43.3,54.6,11.3
T00501,2026-08-31 07:31:05,7,0,8,day,OP1059,LDR004,Loader,Foundation Digging,Foggy,Clay,Expert,22.2,6364.9,67.8,12.38,24.1,201.0,60.0,56.8,106.6,118.9,12.3
T00502,2026-07-09 06:31:43,6,3,7,day,OP1043,DZR004,Dozer,Transfer,Cloudy,Dry,Expert,19.0,4923.5,67.2,8.66,32.5,162.9,8.3,57.8,27.1,26.5,-0.6
T00503,2026-05-25 08:05:49,8,0,5,day,OP1012,GRD003,Grader,Demolition,Cloudy,Loose,Beginner,1.4,3803.8,69.2,14.24,36.1,162.5,49.7,61.8,100.1,142.3,42.2
T00504,2026-05-04 07:14:15,7,0,5,day,OP1047,BCK003,Backhoe,Demolition,Cloudy,Wet,Beginner,2.8,4885.2,56.5,9.57,38.8,243.2,32.6,18.7,113.2,146.3,33.1
T00505,2025-03-29 09:29:18,9,5,3,day,OP1030,EXC005,Excavator,Earth Excavation,Rainy,Loose,Intermediate,4.1,3424.6,78.1,10.84,25.7,174.9,17.5,46.8,79.1,85.7,6.6
T00506,2025-05-16 06:25:10,6,4,5,day,OP1044,LDR002,Loader,Grading,Cloudy,Wet,Beginner,1.1,1159.3,44.1,17.57,38.2,224.6,31.3,80.0,44.6,61.3,16.7
T00507,2025-01-21 21:11:09,21,1,1,night,OP1022,DZR004,Dozer,Transfer,Sunny,Clay,Beginner,0.6,1029.7,67.0,19.78,17.9,125.2,27.7,18.4,26.4,22.8,-3.6
T00508,2025-09-09 20:08:23,20,1,9,night,OP1025,BCK001,Backhoe,Trenching,Foggy,Clay,Expert,17.0,4881.6,60.3,16.32,33.5,121.2,52.4,86.0,66.3,77.3,11.0
T00509,2025-02-24 13:05:34,13,0,2,day,OP1054,GRD003,Grader,Trenching,Cloudy,Loose,Intermediate,5.0,483.9,59.2,9.76,14.5,174.7,45.5,33.4,51.9,60.2,8.3
T00510,2025-07-18 09:03:37,9,4,7,day,OP1052,LDR002,Loader,Earth Excavation,Rainy,Wet,Intermediate,5.8,1620.0,89.7,14.63,29.9,166.0,28.0,65.5,80.7,81.2,0.5
T00511,2026-08-28 13:44:47,13,4,8,day,OP1010,EXC003,Excavator,Demolition,Sunny,Wet,Intermediate,8.6,5492.7,83.9,10.71,22.9,163.5,40.8,71.3,112.3,136.6,24.3
T00512,2026-01-01 07:56:22,7,3,1,day,OP1028,BCK002,Backhoe,Site Clearing,Windy,Wet,Beginner,1.6,5311.7,60.9,14.76,16.9,216.8,46.1,28.8,91.6,119.9,28.3
T00513,2025-06-19 13:01:04,13,3,6,day,OP1033,BCK002,Backhoe,Site Clearing,Rainy,Loose,Expert,17.2,3882.4,78.0,1.36,24.0,184.9,44.4,51.4,90.6,100.6,10.0
T00514,2026-09-09 12:18:13,12,2,9,day,OP1058,GRD002,Grader,Demolition,Sunny,Loose,Intermediate,3.3,7557.1,85.9,3.57,34.2,174.5,25.0,45.4,111.1,117.8,6.7
T00515,2025-05-01 23:45:47,23,3,5,night,OP1045,LDR003,Loader,Earth Excavation,Sunny,Clay,Intermediate,6.5,1753.9,48.1,13.88,35.0,161.6,38.1,39.5,63.8,74.9,11.1
T00516,2026-01-13 03:22:52,3,1,1,night,OP1052,DZR003,Dozer,Grading,Sunny,Dry,Intermediate,5.8,4831.1,95.3,7.64,22.7,138.0,38.5,25.6,41.5,59.9,18.4
T00517,2025-08-14 02:27:24,2,3,8,night,OP1035,LDR001,Loader,Transfer,Windy,Clay,Beginner,2.8,3266.0,75.9,13.46,32.6,150.6,46.2,29.1,29.2,13.0,-16.2
T00518,2026-08-17 08:55:58,8,0,8,day,OP1025,BCK003,Backhoe,Trenching,Rainy,Loose,Expert,17.0,5652.2,79.8,14.26,32.9,196.0,51.8,22.5,71.5,78.3,6.8
T00519,2026-07-07 15:49:19,15,1,7,day,OP1023,DZR004,Dozer,Grading,Cloudy,Clay,Beginner,2.1,4911.7,73.4,8.66,29.9,87.0,32.1,21.3,47.2,77.0,29.8
T00520,2026-08-06 10:50:58,10,3,8,day,OP1043,EXC006,Excavator,Demolition,Sunny,Rocky,Expert,19.0,6817.4,59.5,3.7,26.5,73.5,18.2,33.2,128.0,124.6,-3.4
T00521,2026-01-28 03:49:04,3,2,1,night,OP1052,BCK004,Backhoe,Grading,Sunny,Wet,Intermediate,5.8,3499.7,55.4,21.03,17.5,116.7,42.2,61.5,45.1,45.4,0.3
T00522,2025-02-10 21:22:52,21,0,2,night,OP1045,DZR002,Dozer,Foundation Digging,Sunny,Clay,Intermediate,6.5,2764.8,66.6,4.23,18.5,151.3,32.8,94.5,83.4,110.3,26.9
T00523,2025-04-30 14:08:51,14,2,4,day,OP1058,EXC001,Excavator,Site Clearing,Rainy,Clay,Intermediate,3.3,3300.6,68.3,13.88,31.5,256.5,46.9,14.9,93.4,104.8,11.4
T00524,2026-03-07 11:41:50,11,5,3,day,OP1009,EXC003,Excavator,Transfer,Cloudy,Loose,Intermediate,5.2,4221.8,56.1,14.79,30.6,209.9,31.0,66.4,27.7,50.4,22.7
T00525,2025-11-01 09:44:22,9,5,11,day,OP1056,EXC006,Excavator,Demolition,Sunny,Clay,Intermediate,4.7,4787.6,88.1,8.02,23.3,103.2,35.7,37.8,105.7,121.5,15.8
T00526,2025-02-13 08:47:36,8,3,2,day,OP1022,EXC002,Excavator,Material Loading,Sunny,Rocky,Beginner,0.6,470.7,59.8,13.38,26.2,106.9,45.0,70.9,39.7,67.8,28.1
T00527,2025-04-11 22:55:04,22,4,4,night,OP1009,LDR001,Loader,Earth Excavation,Sunny,Loose,Intermediate,5.2,2359.7,69.0,7.52,27.2,171.6,35.3,32.1,60.9,68.9,8.0
T00528,2026-04-03 13:26:41,13,4,4,day,OP1036,DZR003,Dozer,Earth Excavation,Sunny,Loose,Intermediate,3.3,5418.2,55.0,8.8,31.6,163.1,5,77.7,68.0,66.6,-1.4
T00529,2025-04-25 08:27:52,8,4,4,day,OP1048,GRD001,Grader,Earth Excavation,Foggy,Dry,Beginner,2.2,3076.7,61.9,12.44,35.1,154.0,21.2,71.7,66.5,97.6,31.1
T00530,2026-04-25 07:26:35,7,5,4,day,OP1005,EXC003,Excavator,Demolition,Windy,Wet,Expert,18.5,4578.2,70.8,4.78,26.5,275.4,42.2,86.6,113.6,117.6,4.0
T00531,2025-11-20 11:31:43,11,3,11,day,OP1007,EXC002,Excavator,Site Clearing,Windy,Clay,Beginner,1.2,2515.6,70.5,18.35,21.4,69.4,31.7,36.7,82.6,107.7,25.1
T00532,2025-10-13 12:35:11,12,0,10,day,OP1030,EXC004,Excavator,Earth Excavation,Cloudy,Dry,Intermediate,4.1,2971.9,89.8,7.37,27.3,329.6,36.2,83.6,60.9,72.4,11.5
T00533,2025-09-08 12:41:03,12,0,9,day,OP1035,EXC002,Excavator,Demolition,Sunny,Rocky,Beginner,2.8,1983.0,57.3,11.11,38.1,77.1,49.0,29.7,109.1,144.2,35.1
T00534,2026-05-31 03:18:12,3,6,5,night,OP1049,EXC002,Excavator,Trenching,Cloudy,Rocky,Beginner,0.8,3914.7,42.5,5.29,43.9,167.2,36.6,26.0,64.8,97.4,32.6
T00535,2025-01-23 12:54:19,12,3,1,day,OP1018,EXC003,Excavator,Grading,Windy,Rocky,Expert,15.8,1243.8,82.8,7.81,15.9,97.8,13.4,40.4,51.7,52.2,0.5
T00536,2025-08-07 06:25:06,6,3,8,day,OP1001,DZR002,Dozer,Earth Excavation,Foggy,Loose,Expert,13.7,4059.6,55.4,6.03,27.7,198.6,47.6,80.3,72.3,86.0,13.7
T00537,2025-11-11 19:29:25,19,1,11,night,OP1041,EXC006,Excavator,Material Loading,Windy,Dry,Intermediate,4.3,4863.6,91.7,13.15,23.6,226.7,5.5,41.8,38.1,47.2,9.1
T00538,2026-03-03 06:41:10,6,1,3,day,OP1016,LDR004,Loader,Trenching,Sunny,Loose,Beginner,2.9,5043.3,73.9,12.67,28.2,238.5,43.7,32.1,55.5,88.2,32.7
T00539,2026-03-11 10:13:45,10,2,3,day,OP1042,LDR004,Loader,Transfer,Windy,Rocky,Beginner,1.3,5102.8,63.9,20.98,25.3,192.9,26.6,36.6,34.1,28.6,-5.5
T00540,2026-02-20 21:56:37,21,4,2,night,OP1038,EXC002,Excavator,Material Loading,Cloudy,Dry,Beginner,2.4,3190.3,59.5,16.8,30.7,140.3,47.0,74.8,33.9,33.5,-0.4
T00541,2026-07-23 11:19:23,11,3,7,day,OP1021,LDR001,Loader,Grading,Windy,Rocky,Intermediate,4.3,5772.6,62.9,14.76,34.0,10,45.1,58.4,55.4,64.5,9.1
T00542,2025-04-10 11:10:48,11,3,4,day,OP1059,LDR004,Loader,Transfer,Cloudy,Loose,Expert,22.2,2657.6,59.4,17.22,33.7,10,61.6,71.0,26.1,25.6,-0.5
T00543,2026-02-17 07:02:40,7,1,2,day,OP1027,DZR004,Dozer,Material Loading,Cloudy,Wet,Intermediate,6.2,3887.0,52.0,13.27,27.6,148.7,27.4,39.2,39.7,46.4,6.7
T00544,2025-07-23 19:32:26,19,2,7,night,OP1056,DZR004,Dozer,Foundation Digging,Windy,Rocky,Intermediate,4.7,2365.1,86.6,11.2,35.3,207.4,35.4,87.1,97.4,118.5,21.1
T00545,2026-03-06 03:07:44,3,4,3,night,OP1041,DZR002,Dozer,Foundation Digging,Sunny,Loose,Intermediate,4.3,5598.9,46.8,10.01,25.0,46.3,14.7,19.0,88.5,107.5,19.0
T00546,2026-04-03 07:58:22,7,4,4,day,OP1047,GRD002,Grader,Demolition,Windy,Dry,Beginner,2.8,6395.1,87.4,16.19,33.5,172.1,24.7,72.7,111.8,111.9,0.1
T00547,2025-02-25 01:24:45,1,1,2,night,OP1047,EXC007,Excavator,Foundation Digging,Cloudy,Clay,Beginner,2.8,3764.7,61.1,9.45,23.5,181.9,31.0,51.5,89.3,105.3,16.0
T00548,2025-05-13 00:44:51,0,1,5,night,OP1010,EXC004,Excavator,Grading,Cloudy,Clay,Intermediate,8.6,1851.4,66.5,20.34,38.0,35.7,23.8,52.7,43.1,54.8,11.7
T00549,2026-05-29 23:19:43,23,4,5,night,OP1054,DZR002,Dozer,Demolition,Windy,Dry,Intermediate,5.0,6218.3,75.5,10.26,34.0,294.5,40.8,47.2,107.1,127.4,20.3
T00550,2025-04-04 11:11:37,11,4,4,day,OP1018,DZR002,Dozer,Trenching,Rainy,Rocky,Expert,15.8,3148.6,67.4,16.68,33.9,214.2,15.5,57.0,76.5,79.0,2.5
T00551,2025-09-25 08:50:11,8,3,9,day,OP1010,DZR003,Dozer,Material Loading,Rainy,Rocky,Intermediate,8.6,4029.8,85.7,15.6,33.8,192.8,35.2,66.8,52.5,65.6,13.1
T00552,2026-05-20 12:13:49,12,2,5,day,OP1041,GRD002,Grader,Grading,Cloudy,Loose,Intermediate,4.3,6739.5,62.9,17.21,28.2,45.2,18.5,11.4,48.1,59.2,11.1
T00553,2025-04-30 15:38:18,15,2,4,day,OP1058,LDR002,Loader,Foundation Digging,Foggy,Rocky,Intermediate,3.3,1045.3,85.8,16.04,33.1,312.9,34.9,65.6,99.5,116.6,17.1
T00554,2026-08-12 12:57:01,12,2,8,day,OP1002,LDR002,Loader,Demolition,Rainy,Loose,Expert,18.3,4468.2,79.6,10.71,37.4,210.4,27.1,83.2,119.5,120.9,1.4
T00555,2025-02-28 10:14:44,10,4,2,day,OP1037,EXC006,Excavator,Grading,Windy,Dry,Expert,24.1,2992.0,63.3,8.06,26.2,234.7,53.0,77.4,42.4,43.7,1.3
T00556,2025-03-21 11:18:24,11,4,3,day,OP1024,GRD001,Grader,Grading,Foggy,Clay,Beginner,1.5,2822.1,84.6,10.33,22.0,188.1,12.8,46.8,49.5,66.0,16.5
T00557,2025-05-07 13:57:56,13,2,5,day,OP1003,EXC006,Excavator,Demolition,Sunny,Wet,Expert,20.4,3489.5,53.2,18.32,33.9,171.3,7.6,64.2,104.3,98.7,-5.6
T00558,2025-04-03 13:06:32,13,3,4,day,OP1047,DZR001,Dozer,Earth Excavation,Sunny,Clay,Beginner,2.8,1473.0,64.7,10.29,31.2,12.5,36.2,103.4,63.8,75.7,11.9
T00559,2026-07-07 08:49:35,8,1,7,day,OP1042,GRD002,Grader,Transfer,Cloudy,Loose,Beginner,1.3,7088.9,91.6,6.2,39.7,112.8,32.5,29.9,30.7,8.0,-22.7
T00560,2025-05-14 11:53:03,11,2,5,day,OP1002,LDR005,Loader,Grading,Cloudy,Loose,Expert,18.3,1134.4,61.7,6.94,32.7,263.7,36.1,31.2,41.1,42.1,1.0
T00561,2026-05-01 10:52:00,10,4,5,day,OP1047,GRD002,Grader,Grading,Sunny,Loose,Beginner,2.8,6600.4,83.0,9.65,38.0,181.5,29.0,89.0,46.4,79.4,33.0
T00562,2026-08-12 09:18:06,9,2,8,day,OP1042,EXC008,Excavator,Site Clearing,Rainy,Loose,Beginner,1.3,4678.6,67.3,12.85,23.1,143.6,33.8,86.4,93.5,126.2,32.7
T00563,2025-08-29 15:43:34,15,4,8,day,OP1003,DZR001,Dozer,Transfer,Sunny,Clay,Expert,20.4,2554.2,72.0,6.65,24.4,122.9,5,100.3,26.5,27.8,1.3
T00564,2026-03-25 07:52:04,7,2,3,day,OP1019,DZR004,Dozer,Grading,Rainy,Rocky,Intermediate,4.5,4150.1,68.6,0.73,24.0,185.7,31.3,23.5,61.9,71.8,9.9
T00565,2025-08-07 06:54:13,6,3,8,day,OP1001,LDR002,Loader,Grading,Cloudy,Dry,Expert,13.7,1765.4,66.8,15.69,27.5,176.6,38.1,47.3,39.1,44.3,5.2
T00566,2026-05-29 09:13:51,9,4,5,day,OP1040,LDR005,Loader,Demolition,Cloudy,Wet,Intermediate,8.2,3907.6,74.0,10.56,40.0,84.7,32.1,80.6,109.1,123.4,14.3
T00567,2026-07-24 06:16:33,6,4,7,day,OP1015,EXC007,Excavator,Trenching,Windy,Clay,Beginner,0.6,7518.4,77.2,13.81,32.5,98.0,28.0,21.6,68.8,113.8,45.0
T00568,2025-10-20 09:55:43,9,0,10,day,OP1025,BCK003,Backhoe,Transfer,Sunny,Clay,Expert,17.0,3455.2,75.5,8.54,27.3,113.0,58.4,102.7,27.4,29.4,2.0
T00569,2025-10-31 11:41:22,11,4,10,day,OP1028,BCK001,Backhoe,Site Clearing,Sunny,Rocky,Beginner,1.6,5258.6,49.7,8.32,32.2,209.9,36.5,21.5,93.6,126.6,33.0
T00570,2026-06-17 08:09:00,8,2,6,day,OP1038,LDR002,Loader,Site Clearing,Sunny,Rocky,Beginner,2.4,4058.0,61.1,14.58,38.1,149.9,31.1,61.3,89.6,140.2,50.6
T00571,2025-02-12 03:17:37,3,2,2,night,OP1039,BCK001,Backhoe,Transfer,Cloudy,Loose,Expert,10.2,3350.8,48.3,8.98,21.0,135.1,8.4,44.1,26.8,25.0,-1.8
T00572,2025-05-28 12:27:55,12,2,5,day,OP1004,LDR003,Loader,Trenching,Windy,Rocky,Intermediate,6.3,1947.6,69.0,10.38,40.6,136.0,29.8,48.1,63.0,71.9,8.9
T00573,2026-03-19 15:25:13,15,3,3,day,OP1026,DZR001,Dozer,Earth Excavation,Sunny,Clay,Beginner,2.3,4028.7,79.4,11.63,28.9,165.0,17.4,63.4,67.7,85.2,17.5
T00574,2025-11-28 07:23:51,7,4,11,day,OP1030,GRD002,Grader,Trenching,Cloudy,Loose,Intermediate,4.1,5475.1,87.6,11.79,30.6,174.1,19.4,73.4,58.1,70.8,12.7
T00575,2025-04-13 03:26:47,3,6,4,night,OP1020,BCK002,Backhoe,Grading,Rainy,Wet,Intermediate,8.4,3390.4,83.6,10.16,31.6,204.0,19.8,33.1,53.7,60.6,6.9
T00576,2026-06-15 11:01:34,11,0,6,day,OP1038,LDR004,Loader,Site Clearing,Rainy,Clay,Beginner,2.4,5803.8,76.6,11.6,28.6,127.1,40.6,27.8,105.2,130.0,24.8
T00577,2025-12-16 13:04:17,13,1,12,day,OP1033,GRD001,Grader,Demolition,Sunny,Wet,Expert,17.2,4793.7,86.8,13.18,17.8,152.3,30.2,25.5,109.5,109.7,0.2
T00578,2025-02-14 07:16:11,7,4,2,day,OP1023,EXC001,Excavator,Material Loading,Cloudy,Rocky,Beginner,2.1,2751.0,97.7,12.63,16.5,210.2,37.9,70.9,41.3,45.1,3.8
T00579,2026-04-27 08:37:29,8,0,4,day,OP1047,LDR004,Loader,Site Clearing,Cloudy,Loose,Beginner,2.8,5445.4,98,16.48,29.7,56.4,39.7,66.7,82.2,105.5,23.3
T00580,2025-07-19 15:14:34,15,5,7,day,OP1057,GRD003,Grader,Grading,Foggy,Clay,Beginner,2.8,1543.0,62.1,5.3,31.0,309.9,13.6,30.1,46.8,59.2,12.4
T00581,2025-07-01 07:55:39,7,1,7,day,OP1020,EXC003,Excavator,Material Loading,Cloudy,Wet,Intermediate,8.4,2403.0,79.3,14.25,25.1,223.7,26.6,30.8,37.6,30.6,-7.0
T00582,2026-07-23 14:21:20,14,3,7,day,OP1046,EXC008,Excavator,Trenching,Cloudy,Rocky,Beginner,2.1,4534.1,62.0,12.4,31.2,10,43.2,57.4,66.3,110.5,44.2
T00583,2025-02-06 12:10:59,12,3,2,day,OP1050,EXC008,Excavator,Site Clearing,Cloudy,Clay,Intermediate,7.7,649.9,51.5,11.11,23.4,10,21.5,32.8,77.0,88.8,11.8
T00584,2025-08-08 09:01:42,9,4,8,day,OP1025,BCK002,Backhoe,Transfer,Sunny,Loose,Expert,17.0,4246.2,83.7,8.88,32.7,141.1,55.7,37.6,27.0,28.1,1.1
T00585,2025-06-07 09:59:38,9,5,6,day,OP1030,EXC001,Excavator,Transfer,Rainy,Loose,Intermediate,4.1,3576.7,72.4,4.4,32.8,201.1,32.9,38.5,30.0,19.4,-10.6
T00586,2026-03-17 07:59:37,7,1,3,day,OP1028,GRD001,Grader,Foundation Digging,Windy,Dry,Beginner,1.6,5456.4,81.0,16.5,29.1,104.7,51.2,44.8,90.9,138.9,48.0
T00587,2026-07-09 14:55:09,14,3,7,day,OP1044,LDR004,Loader,Demolition,Rainy,Rocky,Beginner,1.1,5980.2,66.7,10.59,31.1,207.1,28.9,94.5,144.8,196.0,51.2
T00588,2026-04-23 07:04:10,7,3,4,day,OP1007,EXC005,Excavator,Material Loading,Cloudy,Loose,Beginner,1.2,6270.8,61.4,4.98,35.9,172.1,50.9,11.3,39.8,62.3,22.5
T00589,2025-05-06 15:48:27,15,1,5,day,OP1006,LDR003,Loader,Demolition,Cloudy,Dry,Intermediate,3.3,1788.0,92.7,9.68,40.7,23.4,31.5,60.7,90.6,105.3,14.7
T00590,2025-10-23 06:43:33,6,3,10,day,OP1037,DZR003,Dozer,Grading,Rainy,Loose,Expert,24.1,4233.5,92.6,13.09,27.1,226.4,48.7,35.4,50.6,56.0,5.4
T00591,2026-05-15 08:55:44,8,4,5,day,OP1030,GRD003,Grader,Site Clearing,Sunny,Wet,Intermediate,4.1,3731.1,71.5,14.41,41.5,169.1,20.3,53.2,81.3,103.1,21.8
T00592,2025-01-20 09:21:59,9,0,1,day,OP1053,DZR002,Dozer,Material Loading,Cloudy,Loose,Intermediate,7.0,2607.8,92.5,9.39,19.5,94.0,48.8,52.7,34.8,46.9,12.1
T00593,2026-03-23 13:34:15,13,0,3,day,OP1029,BCK002,Backhoe,Transfer,Sunny,Clay,Intermediate,8.7,5904.7,59.3,6.72,22.2,114.2,37.8,68.1,30.0,53.0,23.0
T00594,2025-06-11 15:30:03,15,2,6,day,OP1008,EXC004,Excavator,Foundation Digging,Cloudy,Dry,Beginner,1.2,2067.6,66.0,15.22,31.7,254.4,33.5,62.9,77.2,98.3,21.1
T00595,2026-03-14 12:43:34,12,5,3,day,OP1044,BCK001,Backhoe,Site Clearing,Cloudy,Clay,Beginner,1.1,6237.1,88.6,5.98,20.8,147.7,39.0,20.4,88.6,102.0,13.4
T00596,2025-07-30 07:12:31,7,2,7,day,OP1038,BCK001,Backhoe,Foundation Digging,Foggy,Loose,Beginner,2.4,4578.4,73.4,12.0,31.4,246.5,34.2,74.9,95.5,148.3,52.8
T00597,2026-07-23 15:31:49,15,3,7,day,OP1002,BCK004,Backhoe,Foundation Digging,Rainy,Wet,Expert,18.3,4788.1,62.8,4.76,32.4,257.0,40.4,63.2,110.6,116.0,5.4
T00598,2026-07-10 12:54:56,12,4,7,day,OP1029,EXC008,Excavator,Material Loading,Foggy,Clay,Intermediate,8.7,4438.8,49.0,15.79,26.4,15.5,41.1,43.1,41.5,34.7,-6.8
T00599,2026-07-21 18:56:09,18,1,7,night,OP1027,LDR001,Loader,Trenching,Rainy,Clay,Intermediate,6.2,5760.3,55.2,16.1,28.0,157.8,27.3,65.1,73.4,88.6,15.2
T00600,2026-09-08 10:32:25,10,1,9,day,OP1051,EXC004,Excavator,Trenching,Sunny,Rocky,Expert,11.2,5380.3,50.3,12.86,30.3,29.1,33.6,45.1,66.4,70.5,4.1
T00601,2025-04-03 13:09:48,13,3,4,day,OP1049,EXC008,Excavator,Demolition,Sunny,Loose,Beginner,0.8,1059.0,84.3,10.82,30.9,205.1,48.1,89.5,92.4,124.0,31.6
T00602,2026-01-07 19:47:36,19,2,1,night,OP1041,LDR002,Loader,Transfer,Rainy,Rocky,Intermediate,4.3,2886.2,92.4,15.25,22.1,219.1,14.6,30.8,37.1,51.5,14.4
T00603,2025-11-11 11:12:31,11,1,11,day,OP1056,DZR004,Dozer,Foundation Digging,Cloudy,Wet,Intermediate,4.7,3172.9,66.3,6.47,28.7,99.0,35.4,22.3,90.4,105.9,15.5
T00604,2026-04-03 15:28:57,15,4,4,day,OP1022,EXC008,Excavator,Demolition,Sunny,Wet,Beginner,0.6,3724.2,95.6,12.59,31.8,39.6,25.0,68.4,105.2,121.4,16.2
T00605,2025-10-04 21:47:40,21,5,10,night,OP1003,LDR005,Loader,Trenching,Foggy,Clay,Expert,20.4,2181.3,77.8,3.78,32.6,118.3,17.9,35.1,59.2,67.6,8.4
T00606,2025-08-12 12:35:43,12,1,8,day,OP1016,EXC008,Excavator,Transfer,Sunny,Clay,Beginner,2.9,2015.1,82.0,10.68,30.7,23.2,51.9,19.1,26.4,56.8,30.4
T00607,2026-07-29 11:29:06,11,2,7,day,OP1051,EXC002,Excavator,Site Clearing,Rainy,Dry,Expert,11.2,4347.9,77.0,13.58,31.7,169.9,35.8,21.8,87.5,95.2,7.7
T00608,2026-06-18 20:08:57,20,3,6,night,OP1052,BCK001,Backhoe,Transfer,Foggy,Rocky,Intermediate,5.8,6940.2,49.7,8.2,34.2,147.2,28.9,87.3,38.4,55.7,17.3
T00609,2026-08-29 10:32:25,10,5,8,day,OP1049,EXC006,Excavator,Transfer,Sunny,Clay,Beginner,0.8,6985.2,71.6,15.39,28.7,176.9,39.0,49.7,31.1,34.9,3.8
T00610,2025-05-15 20:19:43,20,3,5,night,OP1033,LDR002,Loader,Site Clearing,Rainy,Loose,Expert,17.2,1156.3,77.6,6.48,40.7,83.0,34.9,80.8,86.9,95.6,8.7
T00611,2026-09-15 00:37:17,0,1,9,night,OP1051,DZR001,Dozer,Demolition,Cloudy,Rocky,Expert,11.2,5338.2,75.2,10.17,22.2,184.6,37.2,77.7,125.2,140.6,15.4
T00612,2026-05-02 10:14:08,10,5,5,day,OP1042,EXC005,Excavator,Transfer,Rainy,Dry,Beginner,1.3,6337.5,60.8,9.18,39.1,95.9,26.0,72.7,33.5,41.1,7.6
T00613,2025-09-19 10:32:27,10,4,9,day,OP1018,EXC004,Excavator,Trenching,Cloudy,Rocky,Expert,15.8,2796.1,34.8,1.75,28.4,43.1,31.5,68.1,62.0,64.0,2.0
T00614,2026-03-30 06:47:49,6,0,3,day,OP1022,LDR001,Loader,Site Clearing,Cloudy,Rocky,Beginner,0.6,4931.7,75.2,11.0,28.6,78.6,30.9,19.8,95.3,120.0,24.7
T00615,2026-06-12 11:50:02,11,4,6,day,OP1049,BCK002,Backhoe,Demolition,Rainy,Rocky,Beginner,0.8,6495.5,62.3,12.14,33.2,10,40.8,49.3,156.4,212.5,56.1
T00616,2026-07-18 09:46:53,9,5,7,day,OP1013,BCK002,Backhoe,Demolition,Cloudy,Dry,Expert,18.9,6757.7,86.6,3.68,34.6,204.9,16.9,36.4,106.1,103.2,-2.9
T00617,2025-02-13 02:45:45,2,3,2,night,OP1021,GRD001,Grader,Transfer,Sunny,Rocky,Intermediate,4.3,2556.7,51.7,0,16.7,64.1,46.0,33.5,29.8,33.6,3.8
T00618,2025-04-02 22:27:06,22,2,4,night,OP1018,DZR002,Dozer,Transfer,Windy,Wet,Expert,15.8,3137.4,65.3,8.54,32.1,90.3,9.4,71.8,29.5,34.4,4.9
T00619,2026-04-16 08:26:45,8,3,4,day,OP1028,EXC005,Excavator,Demolition,Windy,Clay,Beginner,1.6,6220.1,58.1,4.57,31.4,174.1,48.2,52.4,115.7,161.9,46.2
T00620,2025-07-01 08:01:13,8,1,7,day,OP1002,GRD001,Grader,Earth Excavation,Rainy,Clay,Expert,18.3,3565.7,74.6,18.1,30.1,19.8,30.4,25.2,77.9,78.7,0.8
T00621,2026-03-05 14:48:25,14,3,3,day,OP1029,EXC004,Excavator,Foundation Digging,Sunny,Wet,Intermediate,8.7,4016.5,81.1,8.54,23.8,175.1,27.3,63.0,90.7,97.3,6.6
T00622,2025-07-18 19:25:24,19,4,7,night,OP1032,BCK004,Backhoe,Site Clearing,Rainy,Rocky,Intermediate,3.9,2088.3,75.2,15.5,28.6,193.2,38.1,26.0,104.5,138.3,33.8
T00623,2025-05-05 15:28:15,15,0,5,day,OP1054,EXC003,Excavator,Foundation Digging,Windy,Rocky,Intermediate,5.0,1989.2,93.1,6.2,38.8,34.2,30.3,86.5,94.9,112.9,18.0
T00624,2025-08-05 07:29:50,7,1,8,day,OP1010,EXC005,Excavator,Transfer,Rainy,Dry,Intermediate,8.6,4365.7,64.1,10.76,28.7,82.7,26.4,60.0,32.1,33.0,0.9
T00625,2025-08-09 15:16:05,15,5,8,day,OP1051,EXC006,Excavator,Earth Excavation,Rainy,Rocky,Expert,11.2,4176.1,78.3,14.41,27.8,57.2,42.0,58.5,92.7,92.8,0.1
T00626,2025-03-01 13:41:03,13,5,3,day,OP1047,DZR004,Dozer,Material Loading,Sunny,Dry,Beginner,2.8,1312.1,78.7,9.54,25.4,158.4,40.6,72.4,32.0,58.9,26.9
T00627,2025-01-06 10:49:38,10,0,1,day,OP1058,LDR001,Loader,Material Loading,Cloudy,Clay,Intermediate,3.3,1662.6,85.5,9.92,14.3,61.4,38.2,14.5,36.3,38.3,2.0
T00628,2025-04-15 01:14:36,1,1,4,night,OP1019,GRD003,Grader,Trenching,Sunny,Rocky,Intermediate,4.5,845.3,90.2,5.24,35.3,323.4,17.2,75.3,59.5,72.9,13.4
T00629,2025-02-16 02:02:51,2,6,2,night,OP1041,EXC002,Excavator,Grading,Foggy,Dry,Intermediate,4.3,490.6,73.1,11.74,21.7,102.2,7.2,38.0,44.5,32.7,-11.8
T00630,2026-05-05 08:20:40,8,1,5,day,OP1040,LDR001,Loader,Transfer,Sunny,Rocky,Intermediate,8.2,5195.0,55.1,3.07,35.3,361.2,34.8,34.1,33.0,47.1,14.1
T00631,2026-09-17 13:52:26,13,3,9,day,OP1028,BCK001,Backhoe,Earth Excavation,Foggy,Wet,Beginner,1.6,7602.6,92.8,12.1,39.0,111.7,46.2,61.9,90.2,129.0,38.8
T00632,2026-08-31 14:14:42,14,0,8,day,OP1057,DZR004,Dozer,Grading,Sunny,Wet,Beginner,2.8,5312.7,60.1,10.81,31.4,53.5,9.3,42.8,48.2,92.9,44.7
T00633,2025-07-23 07:13:34,7,2,7,day,OP1011,BCK001,Backhoe,Grading,Windy,Wet,Intermediate,6.7,4527.3,60.5,8.31,21.4,168.2,56.8,84.6,52.9,63.5,10.6
T00634,2026-07-18 13:17:06,13,5,7,day,OP1020,EXC001,Excavator,Trenching,Cloudy,Clay,Intermediate,8.4,6541.5,61.1,10.37,29.7,44.8,37.2,40.2,63.2,59.3,-3.9
T00635,2025-10-22 07:48:16,7,2,10,day,OP1027,LDR005,Loader,Grading,Sunny,Rocky,Intermediate,6.2,2308.4,86.5,9.44,37.3,301.3,36.4,45.8,47.1,61.9,14.8
T00636,2025-05-26 11:21:40,11,0,5,day,OP1050,BCK001,Backhoe,Transfer,Sunny,Loose,Intermediate,7.7,4105.1,77.4,10.78,37.4,62.5,41.4,82.3,26.8,35.7,8.9
T00637,2025-11-06 10:47:55,10,3,11,day,OP1038,EXC006,Excavator,Transfer,Rainy,Wet,Beginner,2.4,4824.5,69.1,9.7,21.3,10,40.5,17.3,37.5,61.7,24.2
T00638,2025-12-06 01:23:28,1,5,12,night,OP1058,LDR001,Loader,Site Clearing,Cloudy,Rocky,Intermediate,3.3,4097.9,69.3,17.56,19.7,225.6,38.7,89.0,92.4,101.6,9.2
T00639,2026-03-30 14:44:10,14,0,3,day,OP1043,LDR005,Loader,Earth Excavation,Cloudy,Clay,Expert,19.0,3471.3,51.7,12.64,30.0,164.4,21.6,73.2,68.3,68.8,0.5
T00640,2026-06-15 23:50:24,23,0,6,night,OP1034,EXC002,Excavator,Foundation Digging,Rainy,Loose,Beginner,1.3,4030.4,67.0,10.09,33.6,138.2,18.5,73.2,102.0,128.2,26.2
T00641,2026-02-20 15:39:52,15,4,2,day,OP1018,DZR002,Dozer,Earth Excavation,Cloudy,Rocky,Expert,15.8,5500.5,61.2,2.62,21.3,91.2,13.2,52.2,83.0,79.1,-3.9
T00642,2026-03-02 13:27:49,13,0,3,day,OP1054,EXC008,Excavator,Site Clearing,Rainy,Dry,Intermediate,5.0,3490.0,66.6,5.79,28.5,203.2,21.9,22.5,84.4,104.4,20.0
T00643,2026-03-14 03:36:11,3,5,3,night,OP1021,EXC001,Excavator,Trenching,Sunny,Rocky,Intermediate,4.3,5618.8,57.4,3.97,32.2,98.2,37.5,45.1,66.9,72.7,5.8
T00644,2026-05-04 19:40:16,19,0,5,night,OP1022,GRD001,Grader,Site Clearing,Sunny,Loose,Beginner,0.6,5810.4,92.7,14.71,46.0,10,27.3,63.0,80.9,110.3,29.4
T00645,2025-07-09 08:55:09,8,2,7,day,OP1032,EXC008,Excavator,Grading,Cloudy,Wet,Intermediate,3.9,1765.8,80.0,13.31,24.2,194.8,59.8,18.8,44.6,53.3,8.7
T00646,2026-05-13 11:18:21,11,2,5,day,OP1026,BCK001,Backhoe,Foundation Digging,Rainy,Rocky,Beginner,2.3,6674.7,58.9,4.38,39.0,262.2,31.4,63.9,136.1,208.5,72.4
T00647,2025-10-27 23:53:41,23,0,10,night,OP1007,DZR004,Dozer,Transfer,Cloudy,Dry,Beginner,1.2,3067.2,50.9,9.66,29.9,27.8,32.2,26.0,25.3,42.2,16.9
T00648,2026-08-22 06:52:49,6,5,8,day,OP1011,EXC001,Excavator,Transfer,Rainy,Dry,Intermediate,6.7,6795.1,59.6,10.56,34.6,118.8,28.6,111.7,32.1,23.7,-8.4
T00649,2026-08-14 13:42:09,13,4,8,day,OP1009,LDR005,Loader,Grading,Rainy,Rocky,Intermediate,5.2,4471.0,64.6,8.17,25.2,230.2,36.4,11.6,61.6,63.4,1.8
T00650,2025-03-10 21:44:38,21,0,3,night,OP1008,EXC003,Excavator,Trenching,Cloudy,Wet,Beginner,1.2,1582.3,58.7,4.9,26.7,69.7,36.1,30.9,56.4,89.1,32.7
T00651,2026-04-13 21:58:03,21,0,4,night,OP1031,EXC005,Excavator,Site Clearing,Sunny,Rocky,Expert,22.8,6202.4,88.6,14.84,29.2,84.2,27.7,49.1,96.8,105.0,8.2
T00652,2025-04-28 06:26:56,6,0,4,day,OP1039,EXC002,Excavator,Earth Excavation,Rainy,Dry,Expert,10.2,1010.2,98,10.57,38.0,143.7,13.8,69.9,73.1,75.0,1.9
T00653,2025-08-11 15:45:49,15,0,8,day,OP1007,BCK002,Backhoe,Material Loading,Rainy,Clay,Beginner,1.2,4270.2,84.5,15.39,32.9,38.8,24.8,23.0,45.6,51.6,6.0
T00654,2025-05-29 21:17:19,21,3,5,night,OP1019,EXC004,Excavator,Site Clearing,Rainy,Clay,Intermediate,4.5,1974.5,66.3,4.88,29.5,146.5,37.0,23.5,93.2,119.7,26.5
T00655,2025-05-24 06:53:17,6,5,5,day,OP1016,LDR004,Loader,Material Loading,Sunny,Loose,Beginner,2.9,2977.5,84.1,4.69,39.5,274.9,49.9,37.6,34.2,24.6,-9.6
T00656,2026-09-21 11:34:37,11,0,9,day,OP1013,LDR002,Loader,Site Clearing,Sunny,Wet,Expert,18.9,4759.8,90.3,7.39,28.5,186.3,5,68.8,84.5,89.5,5.0
T00657,2025-12-16 01:03:51,1,1,12,night,OP1034,EXC002,Excavator,Grading,Foggy,Rocky,Beginner,1.3,2702.2,54.4,8.5,23.2,125.0,14.6,61.5,54.6,105.5,50.9
T00658,2025-03-09 00:55:14,0,6,3,night,OP1028,BCK004,Backhoe,Material Loading,Cloudy,Dry,Beginner,1.6,1126.4,66.4,20.04,28.5,96.0,46.4,33.5,33.0,46.6,13.6
T00659,2026-04-06 12:58:17,12,0,4,day,OP1060,LDR002,Loader,Earth Excavation,Windy,Rocky,Expert,10.8,3533.8,65.7,13.01,44.7,80.9,25.8,28.9,78.3,91.9,13.6
T00660,2026-01-10 14:49:01,14,5,1,day,OP1048,LDR001,Loader,Foundation Digging,Rainy,Loose,Beginner,2.2,4357.5,56.9,12.6,19.7,104.4,27.4,49.0,99.1,117.0,17.9
T00661,2025-09-29 07:21:54,7,0,9,day,OP1011,DZR003,Dozer,Trenching,Cloudy,Rocky,Intermediate,6.7,4058.5,91.4,17.85,33.3,112.1,37.3,78.8,65.1,78.6,13.5
T00662,2025-09-03 23:39:31,23,2,9,night,OP1032,EXC007,Excavator,Material Loading,Rainy,Dry,Intermediate,3.9,5158.5,71.4,12.14,28.1,285.6,51.1,66.6,42.6,56.7,14.1
T00663,2025-02-24 11:09:37,11,0,2,day,OP1013,EXC007,Excavator,Site Clearing,Sunny,Dry,Expert,18.9,3760.4,65.6,20.67,24.5,93.1,10.2,64.5,71.4,68.6,-2.8
T00664,2025-08-13 09:31:29,9,2,8,day,OP1047,DZR002,Dozer,Earth Excavation,Windy,Dry,Beginner,2.8,4104.4,53.1,10.37,34.0,188.2,27.1,44.9,64.3,81.0,16.7
T00665,2025-07-26 21:23:10,21,5,7,night,OP1003,EXC005,Excavator,Trenching,Rainy,Dry,Expert,20.4,4296.9,83.1,14.0,27.2,26.8,8.6,63.8,61.0,52.8,-8.2
T00666,2026-04-11 12:15:23,12,5,4,day,OP1029,BCK004,Backhoe,Grading,Rainy,Clay,Intermediate,8.7,4035.2,98,7.64,33.0,80.1,42.9,60.1,53.5,43.4,-10.1
T00667,2026-04-15 02:50:56,2,2,4,night,OP1024,BCK004,Backhoe,Earth Excavation,Cloudy,Rocky,Beginner,1.5,4061.5,83.1,9.63,35.7,54.2,18.9,80.0,78.7,95.4,16.7
T00668,2026-06-30 10:02:14,10,1,6,day,OP1024,LDR003,Loader,Site Clearing,Rainy,Wet,Beginner,1.5,4852.2,60.0,11.6,33.5,192.8,22.7,90.9,105.2,122.6,17.4
T00669,2026-01-07 07:37:40,7,2,1,day,OP1007,GRD001,Grader,Transfer,Cloudy,Clay,Beginner,1.2,4952.6,75.2,6.05,15.7,279.2,28.8,51.2,29.9,26.8,-3.1
T00670,2025-07-30 13:31:23,13,2,7,day,OP1037,EXC005,Excavator,Foundation Digging,Rainy,Wet,Expert,24.1,4323.7,80.6,11.2,33.0,267.8,42.5,44.2,107.2,115.2,8.0
T00671,2025-03-10 07:07:37,7,0,3,day,OP1060,LDR004,Loader,Grading,Rainy,Wet,Expert,10.8,2430.0,75.2,8.2,26.5,99.3,31.0,60.6,51.6,55.9,4.3
T00672,2025-07-05 07:24:17,7,5,7,day,OP1059,GRD003,Grader,Foundation Digging,Sunny,Clay,Expert,22.2,1438.4,53.2,9.3,26.7,287.8,56.9,37.9,82.5,95.3,12.8
T00673,2026-07-24 07:54:43,7,4,7,day,OP1002,GRD002,Grader,Site Clearing,Windy,Clay,Expert,18.3,7212.7,62.9,16.19,27.1,155.9,29.9,58.3,94.7,97.6,2.9
T00674,2025-12-30 15:11:18,15,1,12,day,OP1008,BCK002,Backhoe,Grading,Foggy,Rocky,Beginner,1.2,5299.3,95.7,11.96,16.1,76.6,42.3,73.6,58.7,99.2,40.5
T00675,2026-09-18 18:28:42,18,4,9,night,OP1021,EXC006,Excavator,Earth Excavation,Rainy,Rocky,Intermediate,4.3,7133.6,98,9.12,28.9,196.0,54.6,47.5,101.9,120.1,18.2
T00676,2025-01-17 18:26:14,18,4,1,night,OP1025,EXC007,Excavator,Transfer,Cloudy,Dry,Expert,17.0,3485.2,58.8,7.96,16.9,195.7,31.2,72.0,25.7,25.5,-0.2
T00677,2025-08-23 08:51:00,8,5,8,day,OP1059,DZR002,Dozer,Trenching,Rainy,Rocky,Expert,22.2,4177.2,45.6,13.34,36.5,150.7,57.3,23.1,75.2,78.5,3.3
T00678,2025-04-05 06:22:51,6,5,4,day,OP1052,LDR003,Loader,Trenching,Sunny,Loose,Intermediate,5.8,1558.8,60.1,7.84,30.6,56.1,40.9,50.3,50.4,64.3,13.9
T00679,2025-10-10 13:14:25,13,4,10,day,OP1025,LDR003,Loader,Grading,Cloudy,Wet,Expert,17.0,2933.3,53.1,9.63,26.8,63.8,52.4,42.0,45.4,55.7,10.3
T00680,2025-11-15 11:32:04,11,5,11,day,OP1013,BCK003,Backhoe,Trenching,Rainy,Dry,Expert,18.9,3645.5,97.0,11.13,25.9,91.1,5,102.0,58.3,57.8,-0.5
T00681,2026-02-21 23:25:22,23,5,2,night,OP1042,BCK002,Backhoe,Demolition,Sunny,Wet,Beginner,1.3,5688.7,72.1,6.92,22.3,246.1,15.8,32.9,113.1,162.9,49.8
T00682,2025-04-21 13:46:15,13,0,4,day,OP1059,LDR004,Loader,Trenching,Cloudy,Rocky,Expert,22.2,2738.7,77.5,5.74,26.7,155.8,57.4,27.6,61.9,66.3,4.4
T00683,2026-07-10 14:00:48,14,4,7,day,OP1026,DZR002,Dozer,Transfer,Rainy,Wet,Beginner,2.3,6522.0,55.2,19.69,30.7,97.6,27.3,20.6,37.9,30.4,-7.5
T00684,2025-07-30 15:28:26,15,2,7,day,OP1014,EXC004,Excavator,Earth Excavation,Cloudy,Wet,Expert,21.2,2425.3,79.9,8.36,30.7,145.7,30.2,67.4,68.1,65.4,-2.7
T00685,2025-07-15 12:44:29,12,1,7,day,OP1023,EXC004,Excavator,Trenching,Foggy,Loose,Beginner,2.1,2315.0,64.8,5.78,29.3,134.7,35.0,101.6,55.7,94.1,38.4
T00686,2025-05-30 11:24:50,11,4,5,day,OP1022,BCK004,Backhoe,Site Clearing,Rainy,Wet,Beginner,0.6,1728.1,98,15.52,30.8,176.5,25.6,72.1,90.4,107.6,17.2
T00687,2026-07-28 23:39:40,23,1,7,night,OP1037,LDR003,Loader,Grading,Windy,Rocky,Expert,24.1,5060.8,50.8,17.0,32.0,82.8,32.0,24.1,55.7,60.8,5.1
T00688,2025-04-29 07:41:47,7,1,4,day,OP1021,EXC003,Excavator,Transfer,Cloudy,Rocky,Intermediate,4.3,1943.0,76.1,13.7,36.6,265.5,42.7,46.9,30.7,36.7,6.0
T00689,2026-08-05 13:53:27,13,2,8,day,OP1021,DZR003,Dozer,Site Clearing,Rainy,Clay,Intermediate,4.3,6323.5,96.0,14.87,33.3,302.5,39.7,51.8,103.3,115.5,12.2
T00690,2026-03-31 14:13:52,14,1,3,day,OP1001,LDR002,Loader,Demolition,Sunny,Rocky,Expert,13.7,3490.4,73.4,11.14,32.7,114.7,19.5,37.8,113.4,114.7,1.3
T00691,2026-01-15 08:55:01,8,3,1,day,OP1018,EXC007,Excavator,Transfer,Sunny,Clay,Expert,15.8,6132.2,97.1,17.44,24.9,250.9,13.7,64.3,30.2,29.6,-0.6
T00692,2026-01-27 09:26:04,9,1,1,day,OP1054,EXC002,Excavator,Demolition,Cloudy,Clay,Intermediate,5.0,3011.3,74.4,9.79,22.6,28.1,13.4,32.6,101.7,105.7,4.0
T00693,2026-03-11 21:32:49,21,2,3,night,OP1027,LDR003,Loader,Trenching,Cloudy,Clay,Intermediate,6.2,4045.4,75.9,12.71,30.8,33.1,25.3,36.5,57.7,64.3,6.6
T00694,2025-10-18 12:54:51,12,5,10,day,OP1002,EXC002,Excavator,Grading,Cloudy,Dry,Expert,18.3,2275.1,80.7,16.23,28.6,269.1,26.8,75.0,39.1,39.8,0.7
T00695,2026-05-15 06:38:28,6,4,5,day,OP1038,EXC002,Excavator,Grading,Sunny,Loose,Beginner,2.4,3798.9,71.0,7.24,44.2,109.8,40.5,33.7,42.0,47.4,5.4
T00696,2025-11-19 11:13:51,11,2,11,day,OP1011,EXC007,Excavator,Demolition,Sunny,Rocky,Intermediate,6.7,5716.8,61.0,8.11,26.2,78.3,21.9,85.6,123.2,137.8,14.6
T00697,2025-09-08 11:48:34,11,0,9,day,OP1048,LDR002,Loader,Grading,Windy,Rocky,Beginner,2.2,2000.5,73.8,6.91,29.1,75.9,30.4,51.9,51.3,80.3,29.0
T00698,2026-08-25 22:02:18,22,1,8,night,OP1021,DZR002,Dozer,Foundation Digging,Rainy,Wet,Intermediate,4.3,6860.3,61.8,4.42,35.0,68.7,36.1,23.5,114.5,130.8,16.3
T00699,2025-01-19 03:19:08,3,6,1,night,OP1020,DZR002,Dozer,Foundation Digging,Windy,Wet,Intermediate,8.4,2598.7,78.2,3.71,21.1,10,26.1,76.4,92.1,91.1,-1.0
T00700,2026-01-01 10:42:18,10,3,1,day,OP1060,EXC007,Excavator,Trenching,Windy,Dry,Expert,10.8,6030.5,46.2,12.0,24.8,177.6,23.5,74.9,61.2,61.7,0.5
T00701,2025-07-07 10:07:33,10,0,7,day,OP1025,EXC001,Excavator,Earth Excavation,Rainy,Loose,Expert,17.0,3795.8,91.1,9.8,21.8,134.6,62,95.9,75.9,90.3,14.4
T00702,2025-11-26 20:05:01,20,2,11,night,OP1045,DZR002,Dozer,Earth Excavation,Foggy,Dry,Intermediate,6.5,4874.1,49.7,0.81,28.3,218.1,26.0,58.6,68.8,91.6,22.8
T00703,2025-07-19 15:02:33,15,5,7,day,OP1047,GRD001,Grader,Material Loading,Cloudy,Rocky,Beginner,2.8,3699.3,80.9,2.05,26.6,299.7,33.4,17.3,42.8,56.7,13.9
T00704,2025-11-04 21:29:41,21,1,11,night,OP1023,BCK001,Backhoe,Transfer,Cloudy,Clay,Beginner,2.1,5290.8,63.1,16.16,24.5,168.7,39.5,55.0,30.2,65.2,35.0
T00705,2025-06-21 01:58:28,1,5,6,night,OP1053,BCK003,Backhoe,Foundation Digging,Sunny,Loose,Intermediate,7.0,2569.5,38.8,5.76,42.9,120.2,30.7,27.8,79.0,89.1,10.1
T00706,2026-01-30 02:01:11,2,4,1,night,OP1036,LDR005,Loader,Foundation Digging,Sunny,Rocky,Intermediate,3.3,3036.7,47.1,14.21,18.0,140.9,11.8,32.5,95.0,102.3,7.3
T00707,2026-08-20 06:57:14,6,3,8,day,OP1020,EXC008,Excavator,Foundation Digging,Cloudy,Wet,Intermediate,8.4,4736.3,68.2,11.39,29.3,130.0,30.0,33.2,95.9,112.5,16.6
T00708,2025-05-27 09:44:08,9,1,5,day,OP1026,EXC001,Excavator,Demolition,Sunny,Rocky,Beginner,2.3,3496.3,85.3,6.66,39.1,99.3,24.2,21.7,113.5,158.4,44.9
T00709,2026-07-24 21:59:29,21,4,7,night,OP1035,EXC004,Excavator,Foundation Digging,Rainy,Clay,Beginner,2.8,5048.0,45.0,5.21,38.1,10,33.3,69.1,104.6,160.4,55.8
T00710,2025-04-28 13:33:11,13,0,4,day,OP1016,GRD003,Grader,Transfer,Sunny,Rocky,Beginner,2.9,943.9,62.4,5.08,27.1,176.2,47.5,68.2,29.8,42.4,12.6
T00711,2026-04-14 23:28:21,23,1,4,night,OP1047,EXC002,Excavator,Demolition,Cloudy,Clay,Beginner,2.8,3577.7,71.8,10.28,24.4,188.1,31.4,58.4,104.0,154.5,50.5
T00712,2025-10-30 13:48:48,13,3,10,day,OP1052,BCK001,Backhoe,Material Loading,Rainy,Dry,Intermediate,5.8,5252.0,80.1,14.95,27.1,70.8,26.2,48.8,43.3,29.0,-14.3
T00713,2025-02-03 09:49:30,9,0,2,day,OP1045,DZR001,Dozer,Earth Excavation,Rainy,Rocky,Intermediate,6.5,1041.3,64.7,7.41,19.7,155.0,24.2,43.6,90.6,92.7,2.1
T00714,2026-09-04 03:05:22,3,4,9,night,OP1057,EXC005,Excavator,Trenching,Sunny,Dry,Beginner,2.8,7247.8,60.5,0,24.7,228.8,5,54.7,57.1,68.9,11.8
T00715,2025-02-21 07:41:13,7,4,2,day,OP1009,BCK004,Backhoe,Foundation Digging,Sunny,Dry,Intermediate,5.2,1011.6,69.8,7.5,20.4,135.9,18.5,30.1,75.0,81.9,6.9
T00716,2026-07-27 08:20:15,8,0,7,day,OP1012,LDR005,Loader,Trenching,Sunny,Wet,Beginner,1.4,4338.0,63.4,11.34,32.4,59.7,49.8,31.7,58.7,73.6,14.9
T00717,2025-10-01 22:12:44,22,2,10,night,OP1049,DZR001,Dozer,Earth Excavation,Windy,Loose,Beginner,0.8,2797.0,73.9,15.06,33.9,113.5,33.3,17.1,66.5,93.9,27.4
T00718,2025-07-12 11:19:56,11,5,7,day,OP1032,EXC003,Excavator,Foundation Digging,Rainy,Loose,Intermediate,3.9,2484.3,72.6,12.96,32.5,118.5,42.1,66.1,93.6,110.7,17.1
T00719,2026-01-31 02:35:23,2,5,1,night,OP1031,DZR004,Dozer,Transfer,Cloudy,Clay,Expert,22.8,3761.6,38.0,5.78,14.9,77.3,17.8,41.9,28.6,28.0,-0.6
T00720,2025-03-21 08:51:54,8,4,3,day,OP1018,LDR002,Loader,Grading,Sunny,Rocky,Expert,15.8,751.3,59.3,8.77,31.3,197.2,23.9,62.1,47.1,44.7,-2.4
T00721,2025-06-21 00:57:40,0,5,6,night,OP1013,BCK002,Backhoe,Site Clearing,Rainy,Clay,Expert,18.9,3893.4,94.2,8.58,30.9,122.3,10.7,13.8,96.3,93.2,-3.1
T00722,2026-08-21 10:04:06,10,4,8,day,OP1046,LDR001,Loader,Transfer,Rainy,Wet,Beginner,2.1,5983.9,75.8,14.1,31.0,196.4,31.8,44.2,38.5,45.2,6.7
T00723,2025-12-02 10:20:59,10,1,12,day,OP1018,EXC002,Excavator,Foundation Digging,Rainy,Loose,Expert,15.8,2602.8,60.4,9.28,14.2,169.7,22.8,68.3,96.1,98.4,2.3
T00724,2025-06-07 03:16:33,3,5,6,night,OP1044,DZR001,Dozer,Grading,Sunny,Clay,Beginner,1.1,1944.5,72.7,18.1,35.8,127.7,34.4,46.7,41.8,77.5,35.7
T00725,2025-10-15 11:38:55,11,2,10,day,OP1021,EXC008,Excavator,Material Loading,Rainy,Loose,Intermediate,4.3,2482.0,89.9,12.89,29.6,135.7,43.2,54.8,40.6,56.6,16.0
T00726,2025-10-21 07:51:54,7,1,10,day,OP1012,EXC008,Excavator,Demolition,Sunny,Wet,Beginner,1.4,2524.7,55.9,16.62,26.0,33.0,42.3,50.9,100.4,164.8,64.4
T00727,2026-04-04 13:42:33,13,5,4,day,OP1014,BCK002,Backhoe,Transfer,Cloudy,Clay,Expert,21.2,5992.3,72.6,6.55,32.6,141.5,19.2,34.9,31.0,26.6,-4.4
T00728,2026-05-02 09:18:48,9,5,5,day,OP1026,LDR001,Loader,Grading,Rainy,Wet,Beginner,2.3,5173.4,91.1,17.65,32.0,117.0,16.4,41.3,54.7,77.5,22.8
T00729,2026-04-06 10:30:13,10,0,4,day,OP1029,DZR001,Dozer,Trenching,Cloudy,Rocky,Intermediate,8.7,4158.6,84.2,16.13,33.5,143.4,43.4,58.5,65.4,88.3,22.9
T00730,2025-04-23 19:47:52,19,2,4,night,OP1040,BCK003,Backhoe,Earth Excavation,Sunny,Clay,Intermediate,8.2,2144.2,63.2,8.62,37.0,287.9,29.6,64.3,63.8,82.5,18.7
T00731,2025-03-08 13:53:06,13,5,3,day,OP1056,BCK004,Backhoe,Material Loading,Sunny,Loose,Intermediate,4.7,1123.0,58.7,11.71,34.9,280.7,45.9,65.8,33.6,30.9,-2.7
T00732,2026-07-11 09:50:49,9,5,7,day,OP1012,EXC005,Excavator,Material Loading,Cloudy,Dry,Beginner,1.4,6848.4,78.2,9.85,29.9,281.1,32.2,74.9,38.7,58.5,19.8
T00733,2026-03-20 08:58:22,8,4,3,day,OP1016,DZR002,Dozer,Material Loading,Rainy,Wet,Beginner,2.9,5702.9,87.4,23.38,29.9,201.1,42.5,31.4,48.7,64.7,16.0
T00734,2026-07-17 03:26:49,3,4,7,night,OP1023,GRD003,Grader,Foundation Digging,Rainy,Clay,Beginner,2.1,4189.3,66.5,12.47,33.2,114.7,35.9,69.1,106.6,145.7,39.1
T00735,2025-12-29 09:19:00,9,0,12,day,OP1013,EXC001,Excavator,Grading,Cloudy,Wet,Expert,18.9,5073.0,76.2,11.14,12.9,103.9,14.8,20.4,49.2,49.0,-0.2
T00736,2026-07-16 21:52:22,21,3,7,night,OP1014,DZR002,Dozer,Material Loading,Rainy,Dry,Expert,21.2,6568.2,78.4,9.67,31.1,118.3,19.0,82.9,46.9,49.7,2.8
T00737,2026-09-09 06:38:42,6,2,9,day,OP1056,DZR003,Dozer,Trenching,Cloudy,Wet,Intermediate,4.7,6576.8,86.6,13.07,28.2,147.4,41.9,42.6,65.6,77.7,12.1
T00738,2026-05-02 12:13:33,12,5,5,day,OP1023,GRD003,Grader,Site Clearing,Sunny,Dry,Beginner,2.1,3637.2,51.1,16.64,39.7,60.5,25.6,53.9,71.1,83.6,12.5
T00739,2026-06-16 00:26:35,0,1,6,night,OP1010,EXC005,Excavator,Grading,Sunny,Loose,Intermediate,8.6,6663.0,80.4,11.68,33.5,148.2,40.9,47.3,46.5,66.1,19.6
T00740,2025-11-06 20:18:12,20,3,11,night,OP1005,EXC006,Excavator,Earth Excavation,Sunny,Loose,Expert,18.5,4827.4,59.7,13.33,23.6,122.1,38.6,18.8,66.6,70.0,3.4
T00741,2026-07-20 20:45:58,20,0,7,night,OP1036,GRD001,Grader,Site Clearing,Rainy,Rocky,Intermediate,3.3,6372.8,66.3,14.07,25.1,58.9,9.1,18.2,117.0,128.6,11.6
T00742,2026-09-05 15:44:03,15,5,9,day,OP1026,EXC002,Excavator,Demolition,Rainy,Rocky,Beginner,2.3,4626.6,75.3,12.3,31.8,274.4,29.6,25.8,148.6,198.2,49.6
T00743,2026-04-28 09:28:45,9,1,4,day,OP1006,EXC008,Excavator,Material Loading,Cloudy,Dry,Intermediate,3.3,3904.9,36.2,15.3,34.4,171.8,11.4,63.1,34.8,45.2,10.4
T00744,2026-08-15 22:06:51,22,5,8,night,OP1014,LDR005,Loader,Foundation Digging,Windy,Rocky,Expert,21.2,4480.9,97.1,7.87,31.3,231.8,12.2,35.0,110.0,110.0,0.0
T00745,2026-08-18 03:21:36,3,1,8,night,OP1051,BCK003,Backhoe,Material Loading,Foggy,Dry,Expert,11.2,5657.8,70.7,8.77,30.0,284.6,33.7,43.8,40.8,47.4,6.6
T00746,2025-05-05 11:55:58,11,0,5,day,OP1003,GRD003,Grader,Earth Excavation,Rainy,Wet,Expert,20.4,994.5,39.0,13.35,40.1,67.2,5,57.9,80.4,77.4,-3.0
T00747,2025-11-12 13:49:00,13,2,11,day,OP1033,EXC004,Excavator,Transfer,Cloudy,Rocky,Expert,17.2,3191.3,75.9,7.47,30.7,45.5,35.1,77.5,31.5,37.1,5.6
T00748,2025-10-14 02:30:34,2,1,10,night,OP1043,LDR003,Loader,Grading,Sunny,Wet,Expert,19.0,2959.2,66.1,19.56,27.7,200.2,31.5,66.2,44.1,41.5,-2.6
T00749,2025-10-17 22:29:40,22,4,10,night,OP1008,BCK001,Backhoe,Demolition,Windy,Wet,Beginner,1.2,5159.7,56.6,8.05,32.6,201.3,33.0,91.1,122.7,182.8,60.1
T00750,2026-01-27 14:12:13,14,1,1,day,OP1048,BCK003,Backhoe,Foundation Digging,Rainy,Clay,Beginner,2.2,4179.2,63.0,12.83,19.7,112.1,26.4,73.3,110.0,164.3,54.3
T00751,2025-12-04 01:16:39,1,3,12,night,OP1027,EXC002,Excavator,Earth Excavation,Rainy,Rocky,Intermediate,6.2,2614.7,56.2,16.17,19.2,146.5,31.9,25.4,89.3,96.9,7.6
T00752,2025-11-28 14:55:24,14,4,11,day,OP1038,GRD003,Grader,Grading,Cloudy,Dry,Beginner,2.4,2506.5,76.7,5.65,16.9,117.8,37.2,64.4,39.2,52.8,13.6
T00753,2026-05-20 03:09:45,3,2,5,night,OP1039,GRD002,Grader,Grading,Windy,Clay,Expert,10.2,6736.7,81.6,17.83,38.5,52.6,19.3,71.7,52.4,56.8,4.4
T00754,2026-06-26 06:16:18,6,4,6,day,OP1004,EXC003,Excavator,Demolition,Rainy,Clay,Intermediate,6.3,5030.5,69.0,15.96,34.7,55.4,24.0,37.0,122.3,133.4,11.1
T00755,2025-05-24 03:16:29,3,5,5,night,OP1025,GRD001,Grader,Site Clearing,Sunny,Wet,Expert,17.0,3286.9,71.4,9.4,42.2,194.6,50.3,88.7,80.0,98.2,18.2
T00756,2026-05-29 07:50:53,7,4,5,day,OP1007,LDR002,Loader,Demolition,Foggy,Clay,Beginner,1.2,3919.2,65.4,12.28,37.0,176.6,53.7,36.6,119.7,162.9,43.2
T00757,2025-05-21 21:32:27,21,2,5,night,OP1033,GRD001,Grader,Transfer,Cloudy,Loose,Expert,17.2,3270.5,59.5,17.88,36.4,211.1,28.4,47.5,26.8,29.5,2.7
T00758,2025-04-18 19:49:56,19,4,4,night,OP1022,EXC006,Excavator,Grading,Cloudy,Rocky,Beginner,0.6,3352.6,75.5,12.27,40.7,68.0,34.0,55.6,50.2,54.9,4.7
T00759,2025-03-27 01:30:37,1,3,3,night,OP1054,BCK002,Backhoe,Transfer,Cloudy,Loose,Intermediate,5.0,3265.7,84.0,11.41,22.6,165.8,28.9,68.3,26.8,37.0,10.2
T00760,2025-01-15 02:39:16,2,2,1,night,OP1006,EXC005,Excavator,Trenching,Cloudy,Clay,Intermediate,3.3,2889.6,50.0,5.36,18.5,160.8,6.7,41.5,55.2,53.7,-1.5
T00761,2026-01-13 10:23:59,10,1,1,day,OP1003,EXC004,Excavator,Earth Excavation,Foggy,Wet,Expert,20.4,3642.8,44.0,14.65,15.5,144.7,16.6,40.6,77.3,75.6,-1.7
T00762,2025-12-11 13:11:24,13,3,12,day,OP1056,EXC005,Excavator,Trenching,Cloudy,Dry,Intermediate,4.7,5301.8,65.9,10.04,24.8,180.1,34.0,40.7,55.0,54.9,-0.1
T00763,2025-04-10 23:36:07,23,3,4,night,OP1037,BCK003,Backhoe,Demolition,Windy,Rocky,Expert,24.1,2050.5,79.0,14.53,36.3,117.7,44.1,64.3,117.8,137.5,19.7
T00764,2025-01-10 10:54:01,10,4,1,day,OP1031,LDR004,Loader,Foundation Digging,Cloudy,Rocky,Expert,22.8,2000.5,98,13.68,23.1,110.3,22.6,54.6,95.8,101.1,5.3
T00765,2025-07-27 02:15:58,2,6,7,night,OP1044,DZR004,Dozer,Grading,Foggy,Dry,Beginner,1.1,2389.1,42.2,4.55,27.6,88.8,39.9,26.3,42.2,53.7,11.5
T00766,2025-12-20 10:11:38,10,5,12,day,OP1038,DZR001,Dozer,Demolition,Sunny,Clay,Beginner,2.4,3377.4,63.9,5.29,19.3,197.1,17.8,75.5,100.2,110.6,10.4
T00767,2025-05-28 20:40:32,20,2,5,night,OP1046,EXC002,Excavator,Grading,Foggy,Dry,Beginner,2.1,1233.6,47.4,13.12,37.3,184.0,47.3,34.0,43.1,65.3,22.2
T00768,2025-09-09 07:40:59,7,1,9,day,OP1042,EXC004,Excavator,Site Clearing,Cloudy,Loose,Beginner,1.3,2722.2,82.5,9.96,26.5,254.3,27.7,69.7,74.2,82.4,8.2
T00769,2026-08-13 08:55:13,8,3,8,day,OP1004,LDR001,Loader,Earth Excavation,Rainy,Wet,Intermediate,6.3,5925.2,81.8,15.64,38.8,175.4,21.0,100.0,91.8,101.6,9.8
T00770,2025-03-24 09:38:29,9,0,3,day,OP1042,EXC008,Excavator,Transfer,Sunny,Rocky,Beginner,1.3,984.9,37.3,10.37,32.5,230.2,21.8,40.4,29.8,37.1,7.3
T00771,2025-06-27 13:16:55,13,4,6,day,OP1034,LDR001,Loader,Trenching,Cloudy,Clay,Beginner,1.3,2918.9,46.3,16.78,36.0,157.3,19.4,82.1,55.3,62.4,7.1
T00772,2025-08-12 15:46:48,15,1,8,day,OP1001,EXC005,Excavator,Earth Excavation,Cloudy,Clay,Expert,13.7,4419.3,76.6,8.12,27.8,150.7,33.3,55.9,70.8,70.3,-0.5
T00773,2026-03-07 10:51:02,10,5,3,day,OP1013,EXC008,Excavator,Site Clearing,Sunny,Rocky,Expert,18.9,3525.7,89.8,5.86,22.8,127.3,5,54.5,87.8,88.8,1.0
T00774,2025-09-06 11:27:57,11,5,9,day,OP1048,EXC003,Excavator,Trenching,Rainy,Clay,Beginner,2.2,2893.2,72.9,10.76,28.0,92.5,30.9,80.3,65.6,80.1,14.5
T00775,2025-09-12 15:15:17,15,4,9,day,OP1040,EXC004,Excavator,Trenching,Rainy,Clay,Intermediate,8.2,2746.4,65.1,11.09,24.5,122.5,29.1,44.1,66.2,74.2,8.0
T00776,2026-02-04 11:09:39,11,2,2,day,OP1015,GRD002,Grader,Demolition,Sunny,Rocky,Beginner,0.6,5972.7,60.0,8.47,27.1,129.4,24.8,24.4,124.3,153.8,29.5
T00777,2025-02-28 20:09:34,20,4,2,night,OP1014,EXC007,Excavator,Material Loading,Sunny,Dry,Expert,21.2,3792.3,60.9,12.5,19.5,173.1,27.6,83.8,33.7,28.7,-5.0
T00778,2025-07-14 06:19:27,6,0,7,day,OP1024,EXC002,Excavator,Material Loading,Rainy,Loose,Beginner,1.5,1572.3,86.1,11.62,36.3,187.1,21.8,37.5,40.2,44.9,4.7
T00779,2026-02-03 19:47:04,19,1,2,night,OP1039,GRD001,Grader,Grading,Foggy,Loose,Expert,10.2,5153.4,95.2,7.31,24.6,167.1,5,41.0,49.6,43.5,-6.1
T00780,2025-04-24 19:22:28,19,3,4,night,OP1045,EXC005,Excavator,Earth Excavation,Sunny,Clay,Intermediate,6.5,3617.4,67.7,1.22,34.9,166.3,21.0,22.5,66.7,66.5,-0.2
T00781,2025-10-20 23:12:25,23,0,10,night,OP1039,GRD001,Grader,Trenching,Sunny,Clay,Expert,10.2,4380.6,79.2,13.91,32.2,177.4,5,51.2,56.8,61.8,5.0
T00782,2025-09-25 07:07:17,7,3,9,day,OP1010,GRD003,Grader,Transfer,Sunny,Clay,Intermediate,8.6,2036.9,82.2,4.4,35.9,172.6,42.3,57.5,26.4,19.3,-7.1
T00783,2025-02-11 07:51:28,7,1,2,day,OP1048,BCK001,Backhoe,Trenching,Sunny,Wet,Beginner,2.2,3344.9,73.3,2.15,13.8,204.5,25.0,54.7,56.6,93.6,37.0
T00784,2026-08-31 13:35:13,13,0,8,day,OP1017,EXC006,Excavator,Trenching,Rainy,Wet,Expert,13.3,7000.7,58.4,5.82,26.8,157.7,25.6,29.4,78.4,77.9,-0.5
T00785,2026-04-03 11:11:40,11,4,4,day,OP1030,EXC001,Excavator,Earth Excavation,Cloudy,Dry,Intermediate,4.1,5767.1,43.4,6.39,28.6,219.1,32.9,98.2,67.5,75.3,7.8
T00786,2025-07-02 23:14:20,23,2,7,night,OP1021,LDR004,Loader,Earth Excavation,Cloudy,Wet,Intermediate,4.3,3267.1,55.8,17.88,31.8,175.9,42.7,35.2,70.2,82.0,11.8
T00787,2026-03-05 18:24:56,18,3,3,night,OP1040,BCK001,Backhoe,Material Loading,Sunny,Dry,Intermediate,8.2,6173.2,74.6,14.22,26.9,197.0,34.2,52.7,36.7,41.8,5.1
T00788,2026-07-25 15:19:34,15,5,7,day,OP1034,EXC007,Excavator,Foundation Digging,Rainy,Wet,Beginner,1.3,7528.4,69.0,10.71,29.6,188.2,25.4,95.4,122.5,144.6,22.1
T00789,2026-01-07 07:47:46,7,2,1,day,OP1016,DZR001,Dozer,Material Loading,Cloudy,Clay,Beginner,2.9,3508.0,73.0,14.32,16.3,131.1,36.7,75.8,37.7,60.2,22.5
T00790,2026-03-28 02:41:46,2,5,3,night,OP1003,EXC006,Excavator,Foundation Digging,Rainy,Rocky,Expert,20.4,5858.6,89.2,7.9,23.8,327.6,6.3,46.6,123.0,111.9,-11.1
T00791,2026-09-10 14:11:36,14,3,9,day,OP1033,EXC001,Excavator,Grading,Rainy,Rocky,Expert,17.2,6936.0,93.2,2.58,30.3,128.4,30.8,51.0,63.2,67.1,3.9
T00792,2025-02-19 12:28:51,12,2,2,day,OP1055,LDR002,Loader,Grading,Sunny,Wet,Expert,12.2,533.4,94.7,5.82,22.7,256.3,34.5,58.4,43.3,46.5,3.2
T00793,2025-04-28 22:41:01,22,0,4,night,OP1030,BCK004,Backhoe,Trenching,Cloudy,Clay,Intermediate,4.1,1498.0,68.3,16.69,35.9,206.4,19.6,68.3,54.4,63.3,8.9
T00794,2025-04-08 03:12:06,3,1,4,night,OP1040,DZR004,Dozer,Transfer,Rainy,Rocky,Intermediate,8.2,1586.3,69.6,19.63,34.8,108.8,34.4,39.2,36.5,19.4,-17.1
T00795,2025-02-10 09:30:44,9,0,2,day,OP1027,EXC004,Excavator,Material Loading,Windy,Clay,Intermediate,6.2,1182.5,64.9,7.35,23.7,204.1,26.6,79.0,36.4,36.4,0.0
T00796,2025-01-10 00:52:52,0,4,1,night,OP1026,LDR004,Loader,Site Clearing,Sunny,Dry,Beginner,2.3,1997.4,79.4,14.27,22.8,10,19.8,35.9,68.0,101.4,33.4
T00797,2025-02-06 13:37:33,13,3,2,day,OP1027,EXC007,Excavator,Material Loading,Windy,Wet,Intermediate,6.2,3629.7,62.6,9.24,26.1,143.9,22.2,78.3,41.2,48.3,7.1
T00798,2025-12-23 11:28:37,11,1,12,day,OP1048,EXC002,Excavator,Site Clearing,Rainy,Rocky,Beginner,2.2,2756.5,98,0.44,18.7,229.6,26.1,33.5,103.6,133.9,30.3
T00799,2025-02-26 02:46:46,2,2,2,night,OP1004,DZR004,Dozer,Grading,Cloudy,Loose,Intermediate,6.3,1286.9,65.7,11.73,22.3,132.2,27.1,78.9,41.1,44.4,3.3
T00800,2025-11-05 21:43:08,21,2,11,night,OP1053,DZR001,Dozer,Material Loading,Cloudy,Dry,Intermediate,7.0,3052.4,72.7,5.86,15.3,189.0,43.4,78.4,33.7,46.8,13.1
T00801,2025-01-12 03:51:18,3,6,1,night,OP1050,EXC007,Excavator,Site Clearing,Sunny,Loose,Intermediate,7.7,3444.2,44.9,10.54,23.8,53.3,19.8,72.5,74.1,89.4,15.3
T00802,2025-01-27 06:42:46,6,0,1,day,OP1024,GRD002,Grader,Trenching,Windy,Rocky,Beginner,1.5,3248.4,54.3,9.91,9.6,64.6,17.5,96.8,62.7,66.1,3.4
T00803,2026-03-31 00:39:12,0,1,3,night,OP1054,GRD001,Grader,Transfer,Sunny,Clay,Intermediate,5.0,5556.4,87.8,8.05,25.6,200.0,34.5,65.3,29.6,19.4,-10.2
T00804,2025-08-27 02:55:57,2,2,8,night,OP1007,EXC006,Excavator,Grading,Cloudy,Wet,Beginner,1.2,4303.8,54.3,0.46,31.7,70.4,46.9,63.6,47.8,76.0,28.2
T00805,2026-05-19 18:32:51,18,1,5,night,OP1029,EXC006,Excavator,Grading,Sunny,Wet,Intermediate,8.7,6243.0,68.7,8.06,35.2,55.7,33.3,38.8,49.8,61.8,12.0
T00806,2025-12-12 02:59:53,2,4,12,night,OP1027,BCK002,Backhoe,Trenching,Foggy,Clay,Intermediate,6.2,5164.2,61.3,2.67,15.2,100.6,33.8,80.8,65.0,75.7,10.7
T00807,2026-04-07 09:36:39,9,1,4,day,OP1041,EXC003,Excavator,Grading,Sunny,Loose,Intermediate,4.3,4447.5,63.6,15.52,33.7,10,12.5,46.3,43.0,39.3,-3.7
T00808,2025-08-22 22:08:13,22,4,8,night,OP1010,EXC008,Excavator,Demolition,Windy,Rocky,Intermediate,8.6,2091.0,66.9,22.19,30.2,179.9,31.1,59.2,113.3,125.4,12.1
T00809,2026-04-15 06:47:15,6,2,4,day,OP1054,LDR005,Loader,Grading,Sunny,Wet,Intermediate,5.0,3585.6,57.5,19.67,34.4,116.9,31.9,59.3,45.2,62.2,17.0
T00810,2026-01-24 10:13:33,10,5,1,day,OP1012,BCK001,Backhoe,Grading,Windy,Loose,Beginner,1.4,5878.7,53.6,15.1,14.5,167.3,43.5,16.8,49.1,72.4,23.3
T00811,2026-06-26 01:19:43,1,4,6,night,OP1049,DZR001,Dozer,Material Loading,Rainy,Rocky,Beginner,0.8,4747.1,73.3,10.86,41.1,57.7,38.8,65.4,54.5,68.3,13.8
T00812,2025-03-26 20:49:10,20,2,3,night,OP1026,DZR004,Dozer,Demolition,Sunny,Wet,Beginner,2.3,1496.8,85.6,13.03,28.4,166.3,31.7,27.3,100.3,151.2,50.9
T00813,2025-04-10 08:14:52,8,3,4,day,OP1058,EXC006,Excavator,Trenching,Sunny,Wet,Intermediate,3.3,3290.7,70.0,11.01,35.0,89.7,28.0,30.5,56.5,62.4,5.9
T00814,2025-08-20 06:58:29,6,2,8,day,OP1043,GRD001,Grader,Demolition,Cloudy,Clay,Expert,19.0,3930.4,81.6,13.62,40.7,95.2,21.0,67.3,105.4,118.9,13.5
T00815,2025-10-15 12:53:59,12,2,10,day,OP1054,EXC004,Excavator,Foundation Digging,Cloudy,Dry,Intermediate,5.0,2986.6,55.7,10.7,35.8,56.9,14.0,45.8,78.8,88.8,10.0
T00816,2025-08-11 08:08:07,8,0,8,day,OP1034,DZR001,Dozer,Material Loading,Rainy,Rocky,Beginner,1.3,2420.4,52.6,10.28,30.5,43.3,16.2,50.6,49.0,43.0,-6.0
T00817,2025-08-05 15:57:36,15,1,8,day,OP1027,EXC001,Excavator,Site Clearing,Cloudy,Loose,Intermediate,6.2,4009.2,69.2,12.33,31.8,47.5,26.8,35.5,78.0,98.2,20.2
T00818,2025-10-14 23:18:11,23,1,10,night,OP1052,EXC005,Excavator,Earth Excavation,Sunny,Dry,Intermediate,5.8,4881.5,75.9,9.51,26.4,106.4,38.3,43.0,63.5,72.7,9.2
T00819,2026-02-10 10:36:39,10,1,2,day,OP1007,BCK002,Backhoe,Demolition,Cloudy,Wet,Beginner,1.2,5604.5,51.9,11.35,20.5,99.0,41.5,74.2,116.2,157.7,41.5
T00820,2025-11-21 12:19:42,12,4,11,day,OP1035,LDR002,Loader,Earth Excavation,Foggy,Wet,Beginner,2.8,2540.8,67.4,10.42,23.9,162.2,37.4,63.1,73.3,85.5,12.2
T00821,2025-12-19 09:09:24,9,4,12,day,OP1039,LDR003,Loader,Trenching,Rainy,Rocky,Expert,10.2,3443.1,87.3,0,14.8,135.9,15.0,20.8,77.8,79.8,2.0
T00822,2026-06-24 08:09:39,8,2,6,day,OP1050,BCK002,Backhoe,Material Loading,Sunny,Clay,Intermediate,7.7,6582.0,74.4,16.48,30.3,193.7,21.9,6.6,40.9,48.0,7.1
T00823,2026-06-10 13:15:20,13,2,6,day,OP1010,EXC005,Excavator,Site Clearing,Rainy,Wet,Intermediate,8.6,6623.1,71.0,12.4,27.3,55.5,35.9,31.6,105.7,131.9,26.2
T00824,2025-02-10 14:42:39,14,0,2,day,OP1049,LDR005,Loader,Foundation Digging,Windy,Rocky,Beginner,0.8,456.3,52.1,13.28,19.0,152.4,42.7,82.7,97.7,153.0,55.3
T00825,2026-07-09 08:09:43,8,3,7,day,OP1023,GRD003,Grader,Demolition,Cloudy,Wet,Beginner,2.1,4132.4,64.0,5.23,29.6,125.0,32.4,49.9,110.1,141.0,30.9
T00826,2025-05-08 07:51:11,7,3,5,day,OP1006,BCK002,Backhoe,Site Clearing,Sunny,Rocky,Intermediate,3.3,3574.3,35.7,15.74,36.4,307.4,5,52.3,87.9,85.7,-2.2
T00827,2026-03-23 14:38:21,14,0,3,day,OP1033,EXC004,Excavator,Foundation Digging,Sunny,Dry,Expert,17.2,4147.8,64.8,10.64,31.4,218.9,36.3,59.4,79.9,86.7,6.8
T00828,2025-01-14 12:22:27,12,1,1,day,OP1008,BCK002,Backhoe,Trenching,Foggy,Dry,Beginner,1.2,2743.4,59.6,12.53,22.6,188.0,37.3,28.6,54.8,67.4,12.6
T00829,2026-01-07 09:06:47,9,2,1,day,OP1007,LDR003,Loader,Site Clearing,Sunny,Wet,Beginner,1.2,3581.7,55.8,17.26,17.5,54.2,24.3,51.5,80.9,102.4,21.5
T00830,2025-11-19 19:42:33,19,2,11,night,OP1056,BCK001,Backhoe,Trenching,Sunny,Dry,Intermediate,4.7,5399.8,73.1,5.01,26.6,172.9,45.6,22.0,53.6,56.2,2.6
T00831,2025-01-13 07:30:55,7,0,1,day,OP1055,DZR004,Dozer,Site Clearing,Cloudy,Wet,Expert,12.2,967.2,62.4,17.65,22.7,77.5,19.7,90.1,79.8,79.4,-0.4
T00832,2025-07-24 13:08:04,13,3,7,day,OP1033,LDR003,Loader,Demolition,Rainy,Rocky,Expert,17.2,2363.9,54.4,5.08,30.6,258.8,35.8,65.6,131.9,135.6,3.7
T00833,2025-04-14 22:25:26,22,0,4,night,OP1022,EXC001,Excavator,Material Loading,Windy,Dry,Beginner,0.6,3186.3,67.0,12.38,33.9,76.4,31.1,55.2,35.5,29.7,-5.8
T00834,2025-05-24 02:43:03,2,5,5,night,OP1005,EXC007,Excavator,Earth Excavation,Sunny,Loose,Expert,18.5,4407.5,72.1,7.16,40.6,74.2,41.5,93.0,65.5,72.4,6.9
T00835,2026-08-14 15:38:24,15,4,8,day,OP1045,EXC008,Excavator,Foundation Digging,Rainy,Loose,Intermediate,6.5,4695.1,57.7,4.62,30.4,209.4,40.3,48.9,105.3,123.4,18.1
T00836,2025-09-23 19:56:07,19,1,9,night,OP1035,EXC004,Excavator,Material Loading,Cloudy,Dry,Beginner,2.8,2828.1,84.6,15.68,33.8,70.4,39.5,46.0,33.4,54.3,20.9
T00837,2025-11-14 08:14:18,8,4,11,day,OP1036,DZR002,Dozer,Site Clearing,Sunny,Wet,Intermediate,3.3,4782.9,54.8,9.19,23.4,38.2,16.3,74.8,84.6,83.2,-1.4
T00838,2025-11-19 09:56:39,9,2,11,day,OP1056,GRD002,Grader,Earth Excavation,Sunny,Clay,Intermediate,4.7,5410.2,84.8,15.53,29.2,47.4,34.6,49.8,71.2,80.8,9.6
T00839,2026-06-16 00:32:34,0,1,6,night,OP1012,EXC003,Excavator,Transfer,Rainy,Wet,Beginner,1.4,4955.7,78.4,12.18,28.0,239.7,43.2,54.2,35.7,44.5,8.8
T00840,2025-09-19 02:50:42,2,4,9,night,OP1007,BCK004,Backhoe,Foundation Digging,Rainy,Clay,Beginner,1.2,2543.1,75.8,8.63,33.0,131.3,42.6,61.6,98.4,131.4,33.0
T00841,2025-09-05 15:24:43,15,4,9,day,OP1018,DZR001,Dozer,Trenching,Rainy,Loose,Expert,15.8,2605.2,39.1,12.59,29.3,278.7,15.9,95.7,60.6,52.1,-8.5
T00842,2025-05-24 10:36:23,10,5,5,day,OP1053,GRD002,Grader,Transfer,Sunny,Clay,Intermediate,7.0,4103.7,75.1,14.18,38.7,164.3,41.8,16.1,28.1,19.3,-8.8
T00843,2025-06-19 11:41:36,11,3,6,day,OP1059,DZR004,Dozer,Grading,Sunny,Dry,Expert,22.2,2114.5,46.8,17.51,36.6,222.3,47.0,70.8,38.0,39.3,1.3
T00844,2026-08-12 15:24:44,15,2,8,day,OP1057,DZR002,Dozer,Transfer,Cloudy,Wet,Beginner,2.8,6763.4,47.5,15.82,28.8,68.1,5,81.9,33.0,28.2,-4.8
T00845,2025-02-22 08:57:42,8,5,2,day,OP1020,EXC008,Excavator,Foundation Digging,Rainy,Clay,Intermediate,8.4,765.7,54.5,12.29,24.2,162.7,28.6,31.8,102.0,113.6,11.6
T00846,2025-07-02 07:52:58,7,2,7,day,OP1060,BCK004,Backhoe,Site Clearing,Rainy,Dry,Expert,10.8,1968.0,86.2,6.83,29.5,44.5,28.1,53.5,84.6,85.7,1.1
T00847,2026-08-25 15:40:56,15,1,8,day,OP1010,LDR005,Loader,Earth Excavation,Rainy,Wet,Intermediate,8.6,4551.9,75.8,17.84,32.8,18.5,43.0,28.9,89.5,103.4,13.9
T00848,2025-05-20 07:16:08,7,1,5,day,OP1059,EXC006,Excavator,Earth Excavation,Sunny,Dry,Expert,22.2,3582.4,77.9,5.6,31.9,10,57.9,10.2,60.5,71.9,11.4
T00849,2025-08-23 09:32:19,9,5,8,day,OP1035,EXC001,Excavator,Material Loading,Rainy,Rocky,Beginner,2.8,4138.7,63.1,11.33,31.3,84.2,51.0,80.8,50.1,74.2,24.1
T00850,2026-01-30 19:42:49,19,4,1,night,OP1019,LDR005,Loader,Material Loading,Sunny,Clay,Intermediate,4.5,3042.1,97.3,15.17,20.7,142.6,12.3,72.5,36.0,30.5,-5.5
T00851,2025-06-07 23:56:19,23,5,6,night,OP1053,EXC001,Excavator,Trenching,Cloudy,Loose,Intermediate,7.0,3581.0,78.2,7.23,36.4,177.6,32.3,98.2,54.2,60.0,5.8
T00852,2025-04-05 01:50:26,1,5,4,night,OP1002,EXC005,Excavator,Transfer,Windy,Loose,Expert,18.3,3473.3,84.5,5.3,37.0,157.4,32.2,65.1,28.5,32.9,4.4
T00853,2025-01-31 07:31:02,7,4,1,day,OP1056,LDR002,Loader,Trenching,Cloudy,Rocky,Intermediate,4.7,393.2,67.4,15.6,20.2,71.7,53.0,88.9,61.3,76.7,15.4
T00854,2026-05-05 23:45:11,23,1,5,night,OP1050,BCK001,Backhoe,Transfer,Sunny,Rocky,Intermediate,7.7,6620.1,59.9,4.41,35.2,75.2,20.5,40.0,34.7,36.1,1.4
T00855,2025-11-01 06:16:35,6,5,11,day,OP1003,GRD001,Grader,Earth Excavation,Rainy,Clay,Expert,20.4,4463.1,77.1,13.54,25.0,30.0,5,28.5,78.8,73.8,-5.0
T00856,2026-09-14 06:22:40,6,0,9,day,OP1007,BCK004,Backhoe,Site Clearing,Rainy,Wet,Beginner,1.2,5172.2,53.4,14.21,23.3,188.2,40.4,59.9,101.6,149.1,47.5
T00857,2026-02-06 06:42:57,6,4,2,day,OP1056,LDR002,Loader,Site Clearing,Foggy,Rocky,Intermediate,4.7,3101.2,70.5,9.2,18.3,166.6,42.6,77.1,94.3,111.1,16.8
T00858,2026-05-30 00:03:45,0,5,5,night,OP1032,EXC001,Excavator,Grading,Sunny,Dry,Intermediate,3.9,6179.8,98,13.58,29.8,22.4,43.1,19.6,43.6,49.2,5.6
T00859,2025-07-02 11:57:18,11,2,7,day,OP1034,EXC008,Excavator,Material Loading,Rainy,Loose,Beginner,1.3,1715.6,70.6,10.53,32.4,222.2,30.1,76.3,40.4,60.0,19.6
T00860,2026-07-17 08:42:36,8,4,7,day,OP1002,BCK004,Backhoe,Demolition,Rainy,Clay,Expert,18.3,4742.2,51.1,13.48,31.6,57.8,29.6,70.1,123.3,120.3,-3.0
T00861,2026-01-19 18:39:44,18,0,1,night,OP1040,GRD003,Grader,Earth Excavation,Windy,Rocky,Intermediate,8.2,2887.3,53.9,1.07,14.7,148.2,34.1,9.6,75.7,101.8,26.1
T00862,2025-05-29 21:58:35,21,3,5,night,OP1036,BCK004,Backhoe,Demolition,Sunny,Loose,Intermediate,3.3,1724.1,67.7,0,40.2,162.5,5.3,39.5,92.4,105.6,13.2
T00863,2026-09-12 12:03:08,12,5,9,day,OP1038,GRD002,Grader,Trenching,Foggy,Loose,Beginner,2.4,7578.9,64.8,12.55,30.5,92.3,47.2,16.4,64.9,90.3,25.4
T00864,2025-07-29 10:15:17,10,1,7,day,OP1054,EXC006,Excavator,Earth Excavation,Rainy,Rocky,Intermediate,5.0,4094.3,89.5,20.95,38.6,75.1,31.0,15.6,96.4,114.8,18.4
T00865,2025-01-31 23:29:26,23,4,1,night,OP1041,GRD002,Grader,Demolition,Foggy,Clay,Intermediate,4.3,3282.7,75.3,16.11,25.3,185.5,6.8,37.5,116.8,121.0,4.2
T00866,2026-09-21 15:17:21,15,0,9,day,OP1037,DZR002,Dozer,Site Clearing,Rainy,Dry,Expert,24.1,7055.3,68.7,16.54,28.6,160.0,36.5,53.1,97.4,106.9,9.5
T00867,2025-12-29 07:08:31,7,0,12,day,OP1042,BCK002,Backhoe,Trenching,Foggy,Clay,Beginner,1.3,5289.5,55.8,4.28,22.6,73.5,19.3,24.6,62.8,55.8,-7.0
T00868,2026-07-29 06:44:15,6,2,7,day,OP1003,GRD002,Grader,Site Clearing,Cloudy,Dry,Expert,20.4,7248.8,96.5,12.18,30.6,68.8,5,40.9,83.3,72.9,-10.4
T00869,2025-09-30 09:55:46,9,1,9,day,OP1007,DZR002,Dozer,Foundation Digging,Cloudy,Dry,Beginner,1.2,4454.9,47.3,9.91,36.8,86.6,32.3,30.5,83.3,117.3,34.0
T00870,2026-09-08 06:52:53,6,1,9,day,OP1001,EXC005,Excavator,Site Clearing,Sunny,Wet,Expert,13.7,7278.2,98,8.06,35.0,118.0,30.7,25.0,92.3,92.9,0.6
T00871,2025-11-19 11:26:37,11,2,11,day,OP1033,EXC008,Excavator,Earth Excavation,Windy,Wet,Expert,17.2,2737.5,68.6,18.74,27.0,325.8,23.3,45.2,72.7,73.6,0.9
T00872,2025-09-18 19:21:04,19,3,9,night,OP1058,BCK004,Backhoe,Grading,Cloudy,Clay,Intermediate,3.3,2540.9,63.1,12.31,28.5,99.2,34.1,28.8,43.1,71.1,28.0
T00873,2025-02-26 21:22:54,21,2,2,night,OP1033,EXC004,Excavator,Foundation Digging,Cloudy,Dry,Expert,17.2,1302.9,62.4,18.22,24.2,111.0,27.2,48.3,77.2,77.5,0.3
T00874,2025-11-28 11:46:49,11,4,11,day,OP1026,EXC003,Excavator,Transfer,Rainy,Loose,Beginner,2.3,3499.2,49.0,15.97,30.4,181.0,22.8,42.7,29.9,11.0,-18.9
T00875,2026-07-10 19:40:05,19,4,7,night,OP1018,EXC003,Excavator,Transfer,Cloudy,Clay,Expert,15.8,5136.8,64.2,11.59,32.1,211.0,22.8,86.0,30.1,28.0,-2.1
T00876,2025-10-29 11:55:20,11,2,10,day,OP1045,GRD003,Grader,Transfer,Sunny,Clay,Intermediate,6.5,2286.6,78.8,12.53,25.5,124.6,28.1,75.9,26.4,32.8,6.4
T00877,2025-08-08 12:57:09,12,4,8,day,OP1031,LDR004,Loader,Grading,Rainy,Loose,Expert,22.8,3534.1,67.1,14.86,31.9,200.6,14.9,47.1,50.9,41.7,-9.2
T00878,2025-09-10 08:40:24,8,2,9,day,OP1046,BCK001,Backhoe,Material Loading,Sunny,Clay,Beginner,2.1,4885.4,84.5,15.87,29.8,174.7,47.4,92.9,38.6,53.3,14.7
T00879,2025-03-03 09:55:09,9,0,3,day,OP1025,BCK002,Backhoe,Demolition,Rainy,Clay,Expert,17.0,3093.1,59.6,7.61,23.8,180.6,49.6,90.8,115.8,127.7,11.9
T00880,2025-02-08 13:52:46,13,5,2,day,OP1020,LDR003,Loader,Grading,Sunny,Clay,Intermediate,8.4,1152.3,66.6,17.04,21.3,253.4,17.9,90.7,41.8,52.8,11.0
T00881,2025-12-17 10:06:56,10,2,12,day,OP1022,GRD003,Grader,Site Clearing,Sunny,Dry,Beginner,0.6,2643.8,72.0,3.1,27.3,211.6,32.7,36.7,68.4,105.2,36.8
T00882,2026-07-25 07:33:35,7,5,7,day,OP1021,GRD003,Grader,Trenching,Cloudy,Dry,Intermediate,4.3,4249.0,75.8,12.97,33.9,141.6,55.9,75.5,52.9,68.0,15.1
T00883,2025-01-23 11:59:27,11,3,1,day,OP1026,DZR003,Dozer,Transfer,Foggy,Wet,Beginner,2.3,2242.2,75.7,2.78,18.5,72.1,15.5,79.5,31.5,56.5,25.0
T00884,2025-11-16 00:28:34,0,6,11,night,OP1028,EXC003,Excavator,Material Loading,Rainy,Wet,Beginner,1.6,3408.1,76.1,12.01,27.6,270.5,42.1,69.2,44.6,52.8,8.2
T00885,2026-07-10 15:44:36,15,4,7,day,OP1041,EXC006,Excavator,Site Clearing,Foggy,Clay,Intermediate,4.3,6621.8,77.0,7.73,32.0,43.2,11.8,98.6,98.4,102.8,4.4
T00886,2026-06-02 12:36:54,12,1,6,day,OP1019,BCK001,Backhoe,Transfer,Cloudy,Wet,Intermediate,4.5,6821.1,48.9,13.19,39.3,164.1,27.0,50.3,33.1,24.5,-8.6
T00887,2026-08-15 12:18:09,12,5,8,day,OP1053,EXC003,Excavator,Transfer,Rainy,Loose,Intermediate,7.0,5397.3,58.9,9.26,31.3,248.4,35.0,44.1,34.5,37.0,2.5
T00888,2025-04-02 21:41:52,21,2,4,night,OP1001,BCK001,Backhoe,Earth Excavation,Rainy,Dry,Expert,13.7,3714.1,60.8,11.03,29.9,166.9,29.8,73.0,69.3,73.8,4.5
T00889,2026-08-29 20:51:03,20,5,8,night,OP1058,EXC008,Excavator,Site Clearing,Windy,Rocky,Intermediate,3.3,4806.2,72.2,16.17,38.9,45.0,37.8,60.6,99.7,123.1,23.4
T00890,2026-05-28 07:55:45,7,3,5,day,OP1017,LDR001,Loader,Site Clearing,Sunny,Loose,Expert,13.3,5362.8,76.1,14.91,42.7,10,20.3,25.4,79.6,84.6,5.0
T00891,2026-01-23 12:03:31,12,4,1,day,OP1010,GRD001,Grader,Transfer,Foggy,Clay,Intermediate,8.6,5070.7,44.1,10.25,13.7,10.2,29.3,26.8,32.0,32.2,0.2
T00892,2026-01-16 13:06:18,13,4,1,day,OP1054,DZR003,Dozer,Trenching,Sunny,Loose,Intermediate,5.0,4856.0,59.6,11.9,16.7,280.9,42.7,48.1,55.1,69.7,14.6
T00893,2025-10-02 07:50:11,7,3,10,day,OP1016,EXC008,Excavator,Trenching,Sunny,Dry,Beginner,2.9,2386.0,68.0,6.51,33.8,145.0,45.5,11.7,48.0,67.8,19.8
T00894,2025-09-16 07:25:51,7,1,9,day,OP1053,EXC004,Excavator,Earth Excavation,Cloudy,Wet,Intermediate,7.0,2773.2,68.3,9.41,30.6,75.9,32.3,60.4,68.8,69.9,1.1
T00895,2026-08-03 19:26:11,19,0,8,night,OP1036,EXC003,Excavator,Demolition,Cloudy,Loose,Intermediate,3.3,5311.9,58.1,13.86,32.0,117.7,5,29.0,105.9,113.5,7.6
T00896,2026-08-05 13:53:04,13,2,8,day,OP1050,GRD001,Grader,Material Loading,Cloudy,Rocky,Intermediate,7.7,6487.5,93.2,8.26,21.4,248.0,24.3,58.6,47.4,52.2,4.8
T00897,2025-12-05 03:32:12,3,4,12,night,OP1038,LDR005,Loader,Transfer,Windy,Rocky,Beginner,2.4,2628.4,72.8,0,24.1,223.8,33.5,37.0,32.9,55.3,22.4
T00898,2025-04-19 01:06:53,1,5,4,night,OP1058,EXC008,Excavator,Demolition,Sunny,Loose,Intermediate,3.3,1172.1,68.2,3.33,31.2,33.6,28.2,12.8,92.4,116.9,24.5
T00899,2025-08-26 11:35:43,11,1,8,day,OP1019,GRD001,Grader,Material Loading,Cloudy,Clay,Intermediate,4.5,3975.6,64.0,7.19,27.3,198.6,26.4,75.8,38.4,39.9,1.5
T00900,2026-08-07 18:57:29,18,4,8,night,OP1002,LDR004,Loader,Foundation Digging,Cloudy,Loose,Expert,18.3,6193.1,53.8,11.78,33.9,135.1,30.0,44.5,93.1,96.1,3.0
T00901,2026-09-21 14:21:09,14,0,9,day,OP1012,LDR005,Loader,Earth Excavation,Cloudy,Dry,Beginner,1.4,4748.6,69.5,20.0,29.6,89.5,44.5,52.8,65.1,89.8,24.7
T00902,2025-05-26 10:42:17,10,0,5,day,OP1046,EXC003,Excavator,Material Loading,Cloudy,Loose,Beginner,2.1,2141.0,54.3,16.53,32.4,208.9,42.9,74.9,34.6,53.1,18.5
T00903,2025-11-19 07:37:26,7,2,11,day,OP1031,LDR003,Loader,Trenching,Cloudy,Rocky,Expert,22.8,3223.6,55.9,12.84,22.3,127.2,14.9,62.0,63.1,66.9,3.8
T00904,2025-06-05 11:53:07,11,3,6,day,OP1009,LDR004,Loader,Transfer,Windy,Clay,Intermediate,5.2,3066.6,72.8,15.19,40.5,174.4,37.7,63.4,29.2,48.0,18.8
T00905,2025-12-04 22:49:57,22,3,12,night,OP1012,DZR004,Dozer,Material Loading,Windy,Clay,Beginner,1.4,3344.3,91.1,11.11,15.0,137.7,54.3,39.7,39.7,62.9,23.2
T00906,2026-05-21 15:25:50,15,3,5,day,OP1035,LDR004,Loader,Earth Excavation,Cloudy,Dry,Beginner,2.8,5622.7,35.0,6.26,40.2,47.6,49.6,70.2,67.2,74.4,7.2
T00907,2025-05-16 00:39:18,0,4,5,night,OP1021,EXC006,Excavator,Foundation Digging,Sunny,Dry,Intermediate,4.3,3551.2,59.2,14.27,37.9,23.3,52.9,43.1,78.2,91.6,13.4
T00908,2025-01-23 10:58:03,10,3,1,day,OP1058,BCK003,Backhoe,Trenching,Windy,Clay,Intermediate,3.3,1484.5,51.2,9.25,19.1,200.2,39.8,17.9,57.5,83.2,25.7
T00909,2026-02-20 08:45:23,8,4,2,day,OP1031,EXC004,Excavator,Foundation Digging,Windy,Dry,Expert,22.8,3919.7,63.3,8.53,27.9,141.2,12.4,51.5,88.8,83.3,-5.5
T00910,2026-02-06 09:40:48,9,4,2,day,OP1036,BCK002,Backhoe,Foundation Digging,Sunny,Wet,Intermediate,3.3,5575.0,83.3,13.12,28.7,295.9,16.0,77.0,96.0,119.1,23.1
T00911,2025-07-05 06:50:22,6,5,7,day,OP1056,LDR001,Loader,Foundation Digging,Sunny,Loose,Intermediate,4.7,2975.4,76.4,12.38,26.0,262.0,42.1,48.1,80.2,100.7,20.5
T00912,2025-12-27 07:35:40,7,5,12,day,OP1004,LDR003,Loader,Site Clearing,Sunny,Loose,Intermediate,6.3,3501.0,59.6,7.15,23.6,195.8,21.3,79.2,74.3,80.3,6.0
T00913,2025-02-14 09:29:59,9,4,2,day,OP1050,LDR003,Loader,Trenching,Sunny,Rocky,Intermediate,7.7,1194.8,47.9,3.36,20.3,52.4,26.2,50.9,59.5,73.6,14.1
T00914,2025-01-28 14:06:10,14,1,1,day,OP1046,DZR002,Dozer,Foundation Digging,Sunny,Wet,Beginner,2.1,2667.7,72.9,10.11,18.4,74.3,39.7,110.0,86.1,120.2,34.1
T00915,2025-04-14 08:01:36,8,0,4,day,OP1058,LDR003,Loader,Site Clearing,Windy,Dry,Intermediate,3.3,1625.0,72.0,11.42,40.9,28.9,44.2,71.3,75.9,108.2,32.3
T00916,2025-11-11 14:55:59,14,1,11,day,OP1022,EXC002,Excavator,Transfer,Sunny,Loose,Beginner,0.6,2450.9,79.5,11.85,26.5,181.8,27.9,65.9,25.2,36.0,10.8
T00917,2025-10-08 14:20:06,14,2,10,day,OP1004,EXC001,Excavator,Foundation Digging,Sunny,Clay,Intermediate,6.3,4475.9,82.5,10.46,28.7,95.3,25.5,84.4,89.0,93.4,4.4
T00918,2026-09-02 15:43:47,15,2,9,day,OP1019,EXC003,Excavator,Trenching,Rainy,Clay,Intermediate,4.5,5529.8,49.9,15.07,38.4,140.9,10.3,51.2,68.8,65.7,-3.1
T00919,2026-02-16 09:46:23,9,0,2,day,OP1005,EXC002,Excavator,Earth Excavation,Cloudy,Loose,Expert,18.5,3157.4,61.7,8.2,16.2,85.6,26.2,69.5,64.4,65.9,1.5
T00920,2025-10-21 23:08:03,23,1,10,night,OP1045,BCK002,Backhoe,Material Loading,Rainy,Wet,Intermediate,6.5,4790.7,53.4,9.56,25.3,241.0,37.7,35.3,49.4,64.1,14.7
T00921,2025-07-11 06:19:42,6,4,7,day,OP1011,BCK001,Backhoe,Site Clearing,Windy,Dry,Intermediate,6.7,4439.4,71.9,10.08,19.4,181.5,34.8,30.2,78.1,92.2,14.1
T00922,2025-07-03 08:24:28,8,3,7,day,OP1022,EXC004,Excavator,Trenching,Sunny,Dry,Beginner,0.6,2226.0,60.7,17.71,25.8,55.3,34.8,77.6,48.0,90.1,42.1
T00923,2025-04-21 10:34:46,10,0,4,day,OP1051,EXC005,Excavator,Earth Excavation,Sunny,Rocky,Expert,11.2,3592.8,61.1,3.74,41.8,178.9,49.4,23.6,75.1,87.3,12.2
T00924,2026-05-26 10:06:12,10,1,5,day,OP1015,EXC008,Excavator,Foundation Digging,Rainy,Wet,Beginner,0.6,4109.4,40.2,13.73,40.4,201.0,23.4,23.4,114.7,145.6,30.9
T00925,2026-06-20 14:03:40,14,5,6,day,OP1054,EXC006,Excavator,Grading,Rainy,Clay,Intermediate,5.0,6475.3,70.4,10.16,36.6,101.7,23.7,18.9,61.0,66.9,5.9
T00926,2026-08-13 00:56:32,0,3,8,night,OP1037,EXC004,Excavator,Foundation Digging,Sunny,Dry,Expert,24.1,5187.6,69.8,7.07,28.2,213.5,50.0,75.8,83.1,95.7,12.6
T00927,2025-04-28 11:17:18,11,0,4,day,OP1046,EXC002,Excavator,Site Clearing,Windy,Loose,Beginner,2.1,1011.7,64.1,8.51,25.9,113.2,31.9,28.6,76.2,87.9,11.7
T00928,2025-12-01 14:51:00,14,0,12,day,OP1056,EXC002,Excavator,Trenching,Foggy,Wet,Intermediate,4.7,2596.9,91.9,11.78,21.3,166.3,33.0,26.8,61.8,82.7,20.9
T00929,2025-07-10 07:06:52,7,3,7,day,OP1018,DZR003,Dozer,Demolition,Rainy,Wet,Expert,15.8,3467.1,56.4,10.98,38.1,117.3,37.3,33.1,123.2,123.0,-0.2
T00930,2025-06-06 08:16:35,8,4,6,day,OP1004,LDR001,Loader,Material Loading,Cloudy,Wet,Intermediate,6.3,2764.1,81.8,4.42,36.9,279.0,21.6,62.7,38.0,37.5,-0.5
T00931,2025-04-26 14:53:30,14,5,4,day,OP1027,LDR001,Loader,Foundation Digging,Sunny,Dry,Intermediate,6.2,2466.8,92.1,12.02,29.0,284.7,21.9,51.0,75.0,70.3,-4.7
T00932,2025-07-17 19:07:27,19,3,7,night,OP1044,BCK002,Backhoe,Trenching,Rainy,Loose,Beginner,1.1,4088.7,66.8,16.59,31.8,111.4,40.2,55.7,64.0,67.7,3.7
T00933,2025-03-26 10:04:15,10,2,3,day,OP1010,GRD002,Grader,Trenching,Rainy,Wet,Intermediate,8.6,3672.8,64.1,12.52,30.9,147.2,23.9,88.9,71.5,82.4,10.9
T00934,2025-02-22 13:04:44,13,5,2,day,OP1060,EXC005,Excavator,Trenching,Cloudy,Loose,Expert,10.8,3170.2,74.0,4.18,20.1,81.4,25.9,48.1,53.3,52.8,-0.5
T00935,2025-08-19 23:47:01,23,1,8,night,OP1023,EXC001,Excavator,Demolition,Rainy,Loose,Beginner,2.1,4113.8,78.4,13.53,32.3,84.2,21.1,57.2,117.4,173.4,56.0
T00936,2025-06-19 01:27:13,1,3,6,night,OP1042,GRD001,Grader,Site Clearing,Cloudy,Wet,Beginner,1.3,3476.1,80.7,1.65,37.9,132.0,36.3,52.8,83.0,127.9,44.9
T00937,2026-01-13 01:11:03,1,1,1,night,OP1043,GRD003,Grader,Foundation Digging,Sunny,Wet,Expert,19.0,2838.1,60.1,16.46,11.3,67.2,22.1,21.7,86.7,91.1,4.4
T00938,2025-10-14 08:47:32,8,1,10,day,OP1013,EXC002,Excavator,Grading,Sunny,Rocky,Expert,18.9,2244.6,55.0,7.39,30.8,185.5,11.6,12.7,47.1,39.0,-8.1
T00939,2026-08-25 10:40:18,10,1,8,day,OP1038,BCK003,Backhoe,Demolition,Rainy,Rocky,Beginner,2.4,5711.1,65.4,11.27,34.6,217.0,23.5,79.1,141.7,171.4,29.7
T00940,2025-03-22 15:04:58,15,5,3,day,OP1009,EXC003,Excavator,Material Loading,Sunny,Rocky,Intermediate,5.2,1667.9,73.2,15.04,33.1,148.4,29.5,73.9,39.7,52.4,12.7
T00941,2025-06-25 15:24:52,15,2,6,day,OP1037,LDR005,Loader,Foundation Digging,Cloudy,Loose,Expert,24.1,1442.1,96.7,11.33,37.3,227.2,45.7,67.2,81.1,89.7,8.6
T00942,2025-05-31 21:02:15,21,5,5,night,OP1043,LDR001,Loader,Grading,Sunny,Wet,Expert,19.0,2724.2,60.0,9.76,44.9,207.1,12.6,75.8,43.7,42.3,-1.4
T00943,2025-05-10 00:53:11,0,5,5,night,OP1002,EXC001,Excavator,Trenching,Cloudy,Clay,Expert,18.3,3369.5,39.7,12.43,41.9,174.6,27.0,59.1,56.3,64.0,7.7
T00944,2025-12-05 19:58:05,19,4,12,night,OP1057,DZR004,Dozer,Transfer,Sunny,Loose,Beginner,2.8,3350.7,75.3,9.32,22.5,110.0,5,40.3,26.1,52.4,26.3
T00945,2025-07-01 10:35:09,10,1,7,day,OP1029,EXC005,Excavator,Foundation Digging,Rainy,Rocky,Intermediate,8.7,4111.1,75.5,14.64,28.8,146.3,48.8,76.5,121.7,147.2,25.5
T00946,2026-03-20 11:18:41,11,4,3,day,OP1003,EXC002,Excavator,Earth Excavation,Windy,Loose,Expert,20.4,3391.5,62.6,13.68,28.6,191.5,5,54.0,67.8,72.3,4.5
T00947,2025-06-02 20:22:18,20,0,6,night,OP1026,DZR004,Dozer,Trenching,Rainy,Wet,Beginner,2.3,1993.1,64.6,13.01,36.2,244.2,23.3,80.6,67.2,86.7,19.5
T00948,2026-08-07 21:36:13,21,4,8,night,OP1047,LDR004,Loader,Site Clearing,Windy,Wet,Beginner,2.8,6193.9,65.4,15.04,32.9,238.6,34.9,30.1,93.0,143.5,50.5
T00949,2026-07-25 14:19:33,14,5,7,day,OP1051,EXC008,Excavator,Site Clearing,Cloudy,Wet,Expert,11.2,4548.7,73.0,10.3,29.5,161.1,28.3,39.8,86.4,83.3,-3.1
T00950,2025-05-30 02:07:03,2,4,5,night,OP1054,EXC007,Excavator,Foundation Digging,Sunny,Dry,Intermediate,5.0,4451.1,70.5,16.24,35.7,208.3,48.2,28.0,80.9,95.8,14.9
T00951,2025-04-22 23:03:24,23,1,4,night,OP1051,BCK001,Backhoe,Foundation Digging,Windy,Rocky,Expert,11.2,3860.5,67.5,8.54,30.0,173.8,35.3,35.3,110.8,127.3,16.5
T00952,2025-07-07 07:49:24,7,0,7,day,OP1046,DZR004,Dozer,Earth Excavation,Rainy,Clay,Beginner,2.1,2244.8,98,3.21,27.4,333.2,44.1,19.9,79.3,119.9,40.6
T00953,2026-02-12 12:38:48,12,3,2,day,OP1058,LDR005,Loader,Grading,Windy,Loose,Intermediate,3.3,3134.8,61.5,12.36,23.0,115.8,45.0,28.1,46.0,55.8,9.8
T00954,2025-10-07 03:30:37,3,1,10,night,OP1050,EXC004,Excavator,Site Clearing,Sunny,Dry,Intermediate,7.7,2925.3,84.5,9.74,28.7,160.0,26.1,20.7,69.2,74.6,5.4
T00955,2026-01-16 01:57:35,1,4,1,night,OP1003,LDR004,Loader,Site Clearing,Sunny,Dry,Expert,20.4,4706.1,36.4,8.68,20.9,84.4,5,56.4,74.0,68.3,-5.7
T00956,2025-11-26 15:21:00,15,2,11,day,OP1006,GRD002,Grader,Foundation Digging,Cloudy,Wet,Intermediate,3.3,5462.9,61.1,2.87,19.3,147.9,29.7,40.0,98.5,109.9,11.4
T00957,2025-03-31 12:36:26,12,0,3,day,OP1007,EXC005,Excavator,Trenching,Sunny,Dry,Beginner,1.2,3440.1,62.9,11.06,31.9,65.5,44.4,20.0,49.8,69.1,19.3
T00958,2025-07-21 14:57:31,14,0,7,day,OP1015,EXC003,Excavator,Material Loading,Sunny,Loose,Beginner,0.6,2551.1,66.8,17.71,30.6,115.6,34.7,20.7,33.7,65.8,32.1
T00959,2025-09-11 00:55:41,0,3,9,night,OP1058,BCK003,Backhoe,Demolition,Cloudy,Clay,Intermediate,3.3,3167.8,84.0,9.62,35.8,187.6,48.4,62.9,102.4,132.0,29.6
T00960,2025-03-28 06:28:45,6,4,3,day,OP1023,DZR003,Dozer,Foundation Digging,Sunny,Rocky,Beginner,2.1,2707.7,63.6,15.53,22.9,104.5,33.2,74.4,93.8,143.7,49.9
T00961,2026-06-09 09:09:10,9,1,6,day,OP1029,GRD002,Grader,Transfer,Windy,Dry,Intermediate,8.7,6884.6,74.9,14.67,31.7,94.8,42.1,67.5,30.4,46.0,15.6
T00962,2026-07-21 11:59:29,11,1,7,day,OP1025,LDR001,Loader,Foundation Digging,Rainy,Loose,Expert,17.0,5758.2,72.6,6.69,29.2,63.5,60.5,52.1,106.3,125.0,18.7
T00963,2025-01-15 09:39:36,9,2,1,day,OP1011,DZR004,Dozer,Material Loading,Cloudy,Wet,Intermediate,6.7,982.4,74.9,14.44,15.4,175.8,37.1,82.2,37.6,55.3,17.7
T00964,2025-10-28 09:28:17,9,1,10,day,OP1017,LDR002,Loader,Grading,Sunny,Rocky,Expert,13.3,2364.8,44.1,10.22,29.6,180.9,14.6,31.1,47.1,37.6,-9.5
T00965,2025-12-01 09:01:46,9,0,12,day,OP1037,LDR001,Loader,Foundation Digging,Sunny,Clay,Expert,24.1,4063.7,41.5,10.14,18.4,101.3,43.4,90.9,87.7,91.5,3.8
T00966,2026-09-21 15:21:14,15,0,9,day,OP1007,EXC008,Excavator,Material Loading,Sunny,Dry,Beginner,1.2,4972.4,69.6,9.49,36.8,153.9,44.1,79.1,35.2,39.3,4.1
T00967,2025-12-13 13:53:51,13,5,12,day,OP1024,LDR003,Loader,Transfer,Windy,Wet,Beginner,1.5,3400.7,64.0,11.05,19.3,167.2,16.6,100.6,30.5,28.9,-1.6
T00968,2025-03-11 19:37:44,19,1,3,night,OP1048,LDR004,Loader,Trenching,Sunny,Dry,Beginner,2.2,2441.1,98,8.75,29.3,210.0,19.7,89.8,48.0,45.5,-2.5
T00969,2025-01-08 10:26:41,10,2,1,day,OP1052,EXC003,Excavator,Grading,Foggy,Rocky,Intermediate,5.8,1133.6,51.7,13.59,16.6,252.3,33.3,53.1,50.7,70.4,19.7
T00970,2025-12-25 20:06:26,20,3,12,night,OP1027,EXC006,Excavator,Material Loading,Sunny,Wet,Intermediate,6.2,5185.0,85.6,12.88,19.5,215.0,27.4,36.1,40.4,54.3,13.9
T00971,2026-04-23 23:31:03,23,3,4,night,OP1002,EXC002,Excavator,Site Clearing,Rainy,Wet,Expert,18.3,3643.4,64.9,11.23,30.1,10,40.2,65.8,92.4,104.4,12.0
T00972,2026-07-15 15:56:13,15,2,7,day,OP1020,EXC007,Excavator,Site Clearing,Sunny,Wet,Intermediate,8.4,7455.6,64.0,10.07,24.1,162.3,31.2,101.1,92.9,108.2,15.3
T00973,2025-07-15 07:33:05,7,1,7,day,OP1010,GRD003,Grader,Grading,Sunny,Dry,Intermediate,8.6,1511.5,81.4,14.13,33.7,142.2,39.6,32.0,38.0,49.5,11.5
T00974,2025-05-31 10:25:14,10,5,5,day,OP1030,LDR004,Loader,Earth Excavation,Cloudy,Loose,Intermediate,4.1,3029.6,83.3,5.22,40.9,65.3,17.4,81.6,64.1,73.8,9.7
T00975,2025-08-01 01:24:48,1,4,8,night,OP1036,LDR001,Loader,Transfer,Sunny,Dry,Intermediate,3.3,3170.8,93.3,13.28,32.3,132.9,18.5,55.2,24.6,14.7,-9.9
T00976,2025-01-24 13:14:51,13,4,1,day,OP1011,BCK002,Backhoe,Material Loading,Sunny,Rocky,Intermediate,6.7,2816.7,79.9,9.26,24.9,10,38.4,48.8,40.2,39.2,-1.0
T00977,2026-08-20 08:47:21,8,3,8,day,OP1007,GRD003,Grader,Material Loading,Windy,Dry,Beginner,1.2,4439.1,84.0,12.29,26.7,295.7,26.2,31.7,36.2,44.1,7.9
T00978,2025-07-10 06:38:27,6,3,7,day,OP1038,BCK003,Backhoe,Site Clearing,Cloudy,Clay,Beginner,2.4,2709.6,81.3,3.63,30.4,139.5,44.7,33.5,77.7,114.3,36.6
T00979,2025-06-10 15:47:54,15,1,6,day,OP1008,DZR004,Dozer,Transfer,Foggy,Dry,Beginner,1.2,2050.1,83.8,9.24,34.3,73.0,42.6,39.9,27.1,27.8,0.7
T00980,2025-02-18 03:20:31,3,1,2,night,OP1039,EXC005,Excavator,Site Clearing,Sunny,Clay,Expert,10.2,3138.0,54.5,12.72,16.4,204.1,24.0,10.6,76.7,74.9,-1.8
T00981,2025-11-05 11:41:10,11,2,11,day,OP1012,EXC006,Excavator,Earth Excavation,Sunny,Rocky,Beginner,1.4,4817.4,75.9,14.04,24.2,246.1,44.9,66.4,78.6,133.0,54.4
T00982,2025-08-27 09:04:35,9,2,8,day,OP1020,DZR002,Dozer,Earth Excavation,Cloudy,Clay,Intermediate,8.4,4206.4,70.1,11.61,25.6,139.6,14.1,62.8,70.2,81.3,11.1
T00983,2026-02-26 13:43:09,13,3,2,day,OP1021,EXC007,Excavator,Transfer,Cloudy,Clay,Intermediate,4.3,6440.2,60.9,5.09,20.2,193.6,52.0,88.8,31.5,41.6,10.1
T00984,2026-01-21 19:48:36,19,2,1,night,OP1023,GRD002,Grader,Material Loading,Sunny,Dry,Beginner,2.1,5873.1,60.9,18.09,20.8,213.6,40.1,45.0,36.3,66.9,30.6
T00985,2026-05-11 07:43:42,7,0,5,day,OP1021,LDR003,Loader,Foundation Digging,Sunny,Wet,Intermediate,4.3,4486.5,75.5,13.61,31.8,208.4,49.5,15.0,92.3,118.2,25.9
T00986,2026-09-11 12:46:15,12,4,9,day,OP1022,EXC004,Excavator,Grading,Cloudy,Dry,Beginner,0.6,5402.9,88.4,11.8,30.8,127.0,17.6,27.5,43.7,50.3,6.6
T00987,2025-07-05 14:19:52,14,5,7,day,OP1051,EXC003,Excavator,Site Clearing,Rainy,Clay,Expert,11.2,2434.1,43.5,9.65,26.7,54.5,46.4,13.0,92.3,100.7,8.4
T00988,2025-05-16 08:48:21,8,4,5,day,OP1035,EXC002,Excavator,Foundation Digging,Sunny,Rocky,Beginner,2.8,1142.4,41.4,10.39,38.0,125.4,39.4,34.1,93.0,141.3,48.3
T00989,2026-02-01 03:36:27,3,6,2,night,OP1041,LDR005,Loader,Demolition,Foggy,Loose,Intermediate,4.3,3051.8,44.1,14.53,18.0,199.4,15.2,39.3,110.4,117.7,7.3
T00990,2025-08-07 08:02:04,8,3,8,day,OP1020,BCK003,Backhoe,Trenching,Sunny,Wet,Intermediate,8.4,2914.4,58.1,11.63,27.2,109.8,24.7,19.9,55.6,66.7,11.1
T00991,2026-05-06 12:02:31,12,2,5,day,OP1040,LDR001,Loader,Trenching,Rainy,Clay,Intermediate,8.2,5203.4,63.1,9.53,37.4,137.1,37.5,49.1,69.9,78.9,9.0
T00992,2026-02-26 01:32:34,1,3,2,night,OP1035,LDR003,Loader,Grading,Cloudy,Wet,Beginner,2.8,3944.4,69.1,8.29,21.2,95.9,48.6,46.1,47.2,88.2,41.0
T00993,2026-05-20 00:15:19,0,2,5,night,OP1043,GRD002,Grader,Earth Excavation,Sunny,Loose,Expert,19.0,6735.9,66.6,14.33,33.8,31.9,29.2,22.4,71.2,84.0,12.8
T00994,2026-04-10 14:51:25,14,4,4,day,OP1014,EXC007,Excavator,Transfer,Cloudy,Dry,Expert,21.2,6754.5,69.2,19.6,27.3,15.8,33.6,64.6,28.9,35.0,6.1
T00995,2025-05-15 06:58:30,6,3,5,day,OP1010,BCK002,Backhoe,Material Loading,Sunny,Wet,Intermediate,8.6,3625.1,61.6,6.93,37.5,15.9,35.4,23.5,38.1,36.5,-1.6
T00996,2026-01-30 01:42:05,1,4,1,night,OP1045,EXC001,Excavator,Foundation Digging,Foggy,Loose,Intermediate,6.5,5304.3,70.3,18.27,16.2,178.9,28.9,9.9,96.9,114.1,17.2
T00997,2025-11-19 06:58:54,6,2,11,day,OP1009,DZR002,Dozer,Transfer,Foggy,Dry,Intermediate,5.2,4819.0,74.3,20.15,18.4,272.2,12.4,49.5,29.1,26.5,-2.6
T00998,2025-01-26 02:15:48,2,6,1,night,OP1010,BCK003,Backhoe,Foundation Digging,Cloudy,Loose,Intermediate,8.6,1503.8,64.6,7.79,11.4,99.8,37.8,18.2,81.1,90.3,9.2
T00999,2025-07-18 08:25:45,8,4,7,day,OP1018,BCK002,Backhoe,Foundation Digging,Rainy,Dry,Expert,15.8,4092.7,45.5,15.48,31.6,80.5,14.1,15.8,98.5,99.8,1.3
T01000,2026-01-03 10:31:09,10,5,1,day,OP1040,LDR005,Loader,Transfer,Sunny,Dry,Intermediate,8.2,2842.2,63.4,8.62,12.9,251.0,32.1,99.2,24.3,27.0,2.7
T01001,2026-08-31 19:20:50,19,0,8,night,OP1030,EXC008,Excavator,Demolition,Windy,Clay,Intermediate,4.1,4820.4,65.2,6.22,34.4,203.9,24.6,69.7,117.2,137.9,20.7
T01002,2025-01-17 19:52:29,19,4,1,night,OP1041,DZR004,Dozer,Foundation Digging,Windy,Rocky,Intermediate,4.3,1000.1,68.4,11.86,20.0,132.7,5,76.2,100.9,106.6,5.7
T01003,2025-08-07 14:22:38,14,3,8,day,OP1023,DZR004,Dozer,Trenching,Rainy,Dry,Beginner,2.1,2473.0,63.5,2.38,26.3,92.7,35.4,77.9,56.4,95.9,39.5
T01004,2026-07-25 14:34:56,14,5,7,day,OP1007,GRD001,Grader,Site Clearing,Rainy,Wet,Beginner,1.2,6407.4,73.1,6.91,40.1,168.6,37.9,58.0,105.1,133.4,28.3
T01005,2026-03-06 06:25:06,6,4,3,day,OP1023,LDR005,Loader,Demolition,Sunny,Rocky,Beginner,2.1,3293.5,60.3,5.8,27.3,180.4,45.3,44.7,112.6,129.0,16.4
T01006,2025-01-28 11:25:31,11,1,1,day,OP1011,DZR001,Dozer,Earth Excavation,Sunny,Wet,Intermediate,6.7,998.0,83.8,13.34,10.5,182.9,44.4,83.0,66.1,81.8,15.7
T01007,2026-02-19 23:41:47,23,3,2,night,OP1060,LDR005,Loader,Site Clearing,Sunny,Dry,Expert,10.8,3189.3,88.3,13.8,15.9,192.2,19.4,37.4,69.9,69.3,-0.6
T01008,2025-08-09 06:19:37,6,5,8,day,OP1016,EXC007,Excavator,Demolition,Rainy,Dry,Beginner,2.9,4970.7,82.8,14.11,30.8,107.7,35.7,88.4,111.7,158.6,46.9
T01009,2025-10-09 09:17:50,9,3,10,day,OP1032,EXC003,Excavator,Material Loading,Sunny,Rocky,Intermediate,3.9,3133.4,78.9,15.59,28.5,10,57.1,81.8,40.7,59.9,19.2
T01010,2026-07-23 13:50:35,13,3,7,day,OP1010,BCK001,Backhoe,Transfer,Rainy,Loose,Intermediate,8.6,7193.8,51.6,7.75,31.7,129.1,32.5,76.7,35.2,36.9,1.7
T01011,2026-02-23 14:37:38,14,0,2,day,OP1007,LDR005,Loader,Trenching,Foggy,Rocky,Beginner,1.2,3215.7,71.4,9.57,15.5,153.0,45.1,50.6,68.5,112.6,44.1
T01012,2025-11-22 13:42:20,13,5,11,day,OP1041,EXC007,Excavator,Site Clearing,Rainy,Rocky,Intermediate,4.3,5739.4,77.0,10.69,18.5,23.4,20.6,37.7,118.0,107.5,-10.5
T01013,2026-07-08 09:04:17,9,2,7,day,OP1058,GRD003,Grader,Grading,Sunny,Wet,Intermediate,3.3,4125.3,71.4,11.4,26.1,183.1,38.9,52.9,46.1,40.1,-6.0
T01014,2025-08-11 06:36:53,6,0,8,day,OP1031,DZR004,Dozer,Material Loading,Rainy,Clay,Expert,22.8,2499.9,81.1,5.93,37.5,155.7,38.0,76.4,43.1,47.3,4.2
T01015,2026-01-06 14:21:33,14,1,1,day,OP1014,LDR003,Loader,Grading,Cloudy,Clay,Expert,21.2,3576.0,75.6,13.76,22.6,91.8,21.8,80.9,44.9,40.1,-4.8
T01016,2026-04-03 00:01:36,0,4,4,night,OP1026,GRD002,Grader,Trenching,Foggy,Wet,Beginner,2.3,6392.7,84.6,5.98,34.0,93.6,33.2,64.1,73.2,110.3,37.1
T01017,2025-02-08 07:20:37,7,5,2,day,OP1035,GRD003,Grader,Site Clearing,Cloudy,Clay,Beginner,2.8,365.3,73.5,14.39,29.6,46.2,44.7,52.5,77.0,105.0,28.0
T01018,2025-07-28 10:03:04,10,0,7,day,OP1048,DZR004,Dozer,Demolition,Rainy,Clay,Beginner,2.2,2398.7,50.4,5.66,30.1,181.5,35.8,8.4,113.3,169.0,55.7
T01019,2026-09-17 02:27:54,2,3,9,night,OP1004,EXC006,Excavator,Material Loading,Sunny,Clay,Intermediate,6.3,7121.4,74.3,7.46,25.2,51.5,20.9,28.5,41.7,34.5,-7.2
T01020,2026-06-29 22:45:20,22,0,6,night,OP1060,LDR003,Loader,Demolition,Windy,Rocky,Expert,10.8,4848.8,57.6,12.99,40.5,15.7,26.9,45.5,127.2,137.2,10.0
T01021,2025-09-22 08:17:48,8,0,9,day,OP1033,LDR003,Loader,Foundation Digging,Windy,Dry,Expert,17.2,2800.4,50.5,0.87,30.8,10,34.1,63.8,79.0,83.0,4.0
T01022,2025-07-23 22:35:29,22,2,7,night,OP1037,EXC002,Excavator,Site Clearing,Cloudy,Clay,Expert,24.1,1642.9,43.9,8.26,36.9,118.0,42.6,63.0,77.0,87.6,10.6
T01023,2025-01-21 00:46:19,0,1,1,night,OP1013,EXC005,Excavator,Foundation Digging,Sunny,Dry,Expert,18.9,2932.8,77.7,10.44,20.1,139.5,21.3,20.2,76.3,80.9,4.6
T01024,2026-05-29 06:49:33,6,4,5,day,OP1034,LDR003,Loader,Trenching,Windy,Dry,Beginner,1.3,4617.7,73.5,13.76,41.4,101.5,14.4,40.0,53.7,52.8,-0.9
T01025,2025-09-08 10:10:12,10,0,9,day,OP1059,DZR002,Dozer,Trenching,Cloudy,Rocky,Expert,22.2,4294.4,68.8,8.2,24.6,123.6,57.4,74.6,65.7,72.7,7.0
T01026,2026-06-03 12:25:13,12,2,6,day,OP1019,DZR002,Dozer,Grading,Sunny,Rocky,Intermediate,4.5,6251.5,48.7,11.35,38.8,231.5,23.8,58.2,54.2,67.9,13.7
T01027,2025-02-25 14:25:25,14,1,2,day,OP1059,EXC008,Excavator,Transfer,Cloudy,Loose,Expert,22.2,789.3,71.6,0,23.3,10,52.7,58.0,26.0,28.4,2.4
T01028,2025-11-06 14:12:56,14,3,11,day,OP1044,DZR001,Dozer,Trenching,Sunny,Dry,Beginner,1.1,3057.4,53.8,14.85,18.6,128.1,40.4,81.2,49.1,62.9,13.8
T01029,2025-02-19 11:42:43,11,2,2,day,OP1001,EXC005,Excavator,Transfer,Foggy,Dry,Expert,13.7,3147.8,87.3,11.62,20.6,183.9,43.4,69.0,26.7,30.2,3.5
T01030,2025-10-07 13:59:38,13,1,10,day,OP1060,EXC001,Excavator,Foundation Digging,Cloudy,Dry,Expert,10.8,4468.5,77.5,7.98,24.5,10,19.5,44.2,83.3,79.8,-3.5
T01031,2026-09-05 08:52:43,8,5,9,day,OP1021,LDR004,Loader,Trenching,Windy,Wet,Intermediate,4.3,6401.8,47.7,1.76,33.3,107.9,49.7,34.5,68.9,77.8,8.9
T01032,2025-05-29 01:38:10,1,3,5,night,OP1054,LDR001,Loader,Earth Excavation,Sunny,Wet,Intermediate,5.0,2703.7,56.3,15.35,32.3,93.1,31.6,81.0,66.7,88.1,21.4
T01033,2026-07-27 14:20:11,14,0,7,day,OP1007,EXC008,Excavator,Earth Excavation,Rainy,Clay,Beginner,1.2,4563.3,51.4,7.85,39.2,218.0,32.9,48.5,83.4,122.2,38.8
T01034,2025-07-24 03:15:26,3,3,7,night,OP1005,BCK001,Backhoe,Material Loading,Windy,Wet,Expert,18.5,4533.4,57.3,10.32,35.3,75.6,39.3,88.3,42.4,41.4,-1.0
T01035,2025-11-26 08:20:49,8,2,11,day,OP1018,LDR004,Loader,Grading,Windy,Dry,Expert,15.8,4335.7,76.3,9.47,27.3,122.2,17.4,83.0,43.3,38.6,-4.7
T01036,2026-07-27 10:03:01,10,0,7,day,OP1017,GRD002,Grader,Foundation Digging,Cloudy,Wet,Expert,13.3,7235.2,98,15.37,22.3,33.4,23.7,39.9,104.7,103.2,-1.5
T01037,2025-02-17 09:58:48,9,0,2,day,OP1028,EXC004,Excavator,Foundation Digging,Sunny,Loose,Beginner,1.6,1233.7,71.4,4.79,26.0,179.6,62,67.6,78.8,105.4,26.6
T01038,2026-05-15 18:55:59,18,4,5,night,OP1024,EXC007,Excavator,Foundation Digging,Foggy,Clay,Beginner,1.5,7011.2,72.7,7.15,41.6,154.8,25.5,37.2,109.7,155.2,45.5
T01039,2026-07-10 10:44:57,10,4,7,day,OP1013,EXC002,Excavator,Transfer,Sunny,Dry,Expert,18.9,4208.9,81.8,10.04,34.9,159.8,5,73.5,25.6,24.8,-0.8
T01040,2026-01-18 01:10:19,1,6,1,night,OP1018,BCK004,Backhoe,Foundation Digging,Windy,Loose,Expert,15.8,3425.9,75.8,15.13,19.9,10,19.2,88.2,89.7,91.9,2.2
T01041,2025-10-01 21:06:29,21,2,10,night,OP1051,EXC005,Excavator,Material Loading,Sunny,Dry,Expert,11.2,4785.9,67.9,9.29,27.6,188.6,30.4,21.5,34.9,36.9,2.0
T01042,2025-11-26 14:16:37,14,2,11,day,OP1052,DZR003,Dozer,Material Loading,Sunny,Dry,Intermediate,5.8,4484.0,79.2,8.35,23.7,90.6,50.4,39.2,34.5,38.3,3.8
T01043,2025-02-04 00:51:07,0,1,2,night,OP1018,LDR004,Loader,Site Clearing,Cloudy,Rocky,Expert,15.8,2179.9,72.7,15.63,21.8,205.5,33.4,67.1,86.8,85.8,-1.0
T01044,2025-12-13 02:04:21,2,5,12,night,OP1057,DZR001,Dozer,Demolition,Cloudy,Loose,Beginner,2.8,3323.8,38.3,6.31,20.2,138.3,9.2,69.4,98.3,142.2,43.9
T01045,2025-02-03 08:29:58,8,0,2,day,OP1053,BCK002,Backhoe,Trenching,Foggy,Dry,Intermediate,7.0,2888.3,62.4,6.75,16.8,78.7,40.5,63.2,54.9,46.4,-8.5
T01046,2025-09-03 15:37:44,15,2,9,day,OP1041,EXC005,Excavator,Grading,Rainy,Wet,Intermediate,4.3,4579.8,81.7,6.47,29.4,176.6,19.1,43.7,57.1,65.4,8.3
T01047,2025-08-16 14:35:34,14,5,8,day,OP1011,EXC003,Excavator,Material Loading,Cloudy,Loose,Intermediate,6.7,2740.8,47.2,13.83,28.4,92.3,32.4,59.7,34.9,37.7,2.8
T01048,2025-12-20 03:56:31,3,5,12,night,OP1030,EXC008,Excavator,Trenching,Cloudy,Dry,Intermediate,4.1,2961.5,68.0,14.01,12.8,10,26.0,62.2,50.4,52.7,2.3
T01049,2025-07-05 19:36:14,19,5,7,night,OP1032,EXC007,Excavator,Transfer,Rainy,Clay,Intermediate,3.9,4719.2,38.0,6.58,26.5,106.2,45.9,54.5,32.8,64.4,31.6
T01050,2025-04-15 02:41:57,2,1,4,night,OP1036,DZR001,Dozer,Transfer,Foggy,Loose,Intermediate,3.3,1557.4,74.8,18.29,33.0,79.6,22.7,35.5,29.4,42.7,13.3
T01051,2026-06-22 07:11:13,7,0,6,day,OP1057,EXC003,Excavator,Site Clearing,Sunny,Clay,Beginner,2.8,5001.6,65.1,10.7,30.4,233.3,8.7,57.3,82.3,81.8,-0.5
T01052,2025-01-20 08:14:01,8,0,1,day,OP1049,EXC008,Excavator,Demolition,Cloudy,Dry,Beginner,0.8,524.6,74.8,5.59,14.3,99.2,41.3,112.7,90.6,130.6,40.0
T01053,2025-03-15 08:51:11,8,5,3,day,OP1042,BCK004,Backhoe,Earth Excavation,Rainy,Clay,Beginner,1.3,1172.6,57.8,12.41,32.2,178.4,26.6,100.9,78.0,98.1,20.1
T01054,2026-02-23 06:55:57,6,0,2,day,OP1017,BCK003,Backhoe,Site Clearing,Windy,Loose,Expert,13.3,4374.1,98,9.08,22.3,107.8,16.8,65.3,84.2,81.6,-2.6
T01055,2025-04-28 23:42:36,23,0,4,night,OP1009,GRD001,Grader,Site Clearing,Sunny,Dry,Intermediate,5.2,3103.3,37.4,5.53,29.3,49.9,30.7,56.2,69.6,93.2,23.6
T01056,2025-03-19 07:56:08,7,2,3,day,OP1004,LDR001,Loader,Foundation Digging,Cloudy,Dry,Intermediate,6.3,2187.3,79.8,6.07,31.4,133.4,33.7,35.6,77.2,78.9,1.7
T01057,2026-05-30 07:07:23,7,5,5,day,OP1002,BCK001,Backhoe,Demolition,Windy,Rocky,Expert,18.3,6797.5,71.8,7.34,44.5,171.3,44.6,82.3,142.5,161.4,18.9
T01058,2025-08-06 03:47:24,3,2,8,night,OP1027,EXC008,Excavator,Demolition,Cloudy,Dry,Intermediate,6.2,1968.6,74.0,11.36,32.3,216.3,25.8,16.9,90.6,101.1,10.5
T01059,2026-02-27 10:21:47,10,4,2,day,OP1032,DZR001,Dozer,Material Loading,Sunny,Rocky,Intermediate,3.9,3881.1,45.1,14.5,21.3,204.2,53.0,54.5,41.9,44.3,2.4
T01060,2026-03-01 01:53:09,1,6,3,night,OP1010,EXC005,Excavator,Demolition,Foggy,Clay,Intermediate,8.6,5882.3,48.6,6.25,27.0,196.1,22.5,86.5,120.8,130.7,9.9
T01061,2025-09-10 06:36:21,6,2,9,day,OP1060,EXC004,Excavator,Demolition,Rainy,Loose,Expert,10.8,2729.2,68.3,13.75,40.8,191.1,24.0,66.2,110.5,108.8,-1.7
T01062,2025-07-07 19:43:13,19,0,7,night,OP1022,BCK001,Backhoe,Foundation Digging,Windy,Clay,Beginner,0.6,4414.3,56.0,7.34,30.7,221.8,38.5,116.0,91.4,136.6,45.2
T01063,2026-08-17 23:34:49,23,0,8,night,OP1006,DZR004,Dozer,Material Loading,Rainy,Dry,Intermediate,3.3,5213.3,57.6,9.58,33.6,208.8,13.0,26.9,42.3,61.2,18.9
T01064,2025-02-01 22:12:00,22,5,2,night,OP1056,EXC001,Excavator,Site Clearing,Windy,Dry,Intermediate,4.7,2660.6,69.6,15.9,23.5,275.4,38.4,104.3,74.9,94.1,19.2
T01065,2026-04-30 12:12:36,12,3,4,day,OP1034,DZR001,Dozer,Earth Excavation,Rainy,Wet,Beginner,1.3,4334.3,70.1,9.85,31.2,10,5,61.5,89.4,125.8,36.4
T01066,2025-03-05 14:07:26,14,2,3,day,OP1003,EXC001,Excavator,Grading,Sunny,Loose,Expert,20.4,2891.8,59.7,11.01,28.1,57.2,15.6,88.0,40.5,34.6,-5.9
T01067,2025-07-11 03:24:50,3,4,7,night,OP1044,BCK003,Backhoe,Earth Excavation,Rainy,Rocky,Beginner,1.1,2715.9,82.6,14.61,35.7,56.9,38.2,58.3,90.6,148.0,57.4
T01068,2026-02-16 11:25:06,11,0,2,day,OP1046,EXC004,Excavator,Earth Excavation,Cloudy,Wet,Beginner,2.1,3891.3,62.0,13.85,15.4,67.1,42.2,24.1,71.9,107.7,35.8
T01069,2026-05-16 06:31:04,6,5,5,day,OP1045,DZR004,Dozer,Trenching,Rainy,Loose,Intermediate,6.5,4529.3,68.7,16.31,40.3,75.2,37.8,64.0,65.4,81.5,16.1
T01070,2026-02-13 18:38:35,18,4,2,night,OP1057,DZR001,Dozer,Trenching,Windy,Dry,Beginner,2.8,3781.4,81.2,18.18,22.4,156.2,5,17.6,52.7,68.6,15.9
T01071,2025-12-22 13:44:17,13,0,12,day,OP1014,LDR005,Loader,Material Loading,Sunny,Dry,Expert,21.2,2755.6,72.6,17.11,17.1,140.7,24.4,8.9,32.3,33.2,0.9
T01072,2026-03-07 12:17:33,12,5,3,day,OP1008,EXC008,Excavator,Site Clearing,Rainy,Wet,Beginner,1.2,3526.1,72.7,14.44,28.1,195.8,33.0,54.4,101.7,150.8,49.1
T01073,2026-09-23 02:57:16,2,2,9,night,OP1011,LDR002,Loader,Grading,Rainy,Dry,Intermediate,6.7,4771.8,49.4,7.72,24.2,115.9,44.3,26.8,51.1,69.6,18.5
T01074,2025-04-04 21:20:05,21,4,4,night,OP1015,EXC002,Excavator,Material Loading,Sunny,Dry,Beginner,0.6,839.6,86.7,11.61,28.4,26.7,37.0,73.7,32.0,17.7,-14.3
T01075,2026-02-03 11:36:43,11,1,2,day,OP1006,EXC001,Excavator,Site Clearing,Sunny,Dry,Intermediate,3.3,5336.5,61.8,7.51,23.4,145.5,26.1,74.4,75.7,86.4,10.7
T01076,2026-01-24 03:09:55,3,5,1,night,OP1008,EXC005,Excavator,Trenching,Windy,Loose,Beginner,1.2,5619.9,76.0,11.43,17.1,217.0,26.5,62.5,61.4,69.3,7.9
T01077,2026-07-10 13:24:35,13,4,7,day,OP1002,EXC005,Excavator,Demolition,Rainy,Loose,Expert,18.3,6842.2,41.2,8.51,31.4,189.4,34.1,44.6,127.2,132.5,5.3
T01078,2026-08-26 09:46:34,9,2,8,day,OP1052,LDR001,Loader,Transfer,Rainy,Wet,Intermediate,5.8,6020.3,72.8,12.09,24.6,229.7,35.5,66.1,37.9,46.9,9.0
T01079,2025-12-31 09:24:43,9,2,12,day,OP1030,BCK002,Backhoe,Material Loading,Cloudy,Wet,Intermediate,4.1,5304.8,64.8,11.58,14.7,70.5,5,18.1,41.8,45.1,3.3
T01080,2026-05-18 07:34:37,7,0,5,day,OP1029,BCK001,Backhoe,Foundation Digging,Rainy,Wet,Intermediate,8.7,6710.1,70.8,12.56,36.5,101.1,30.7,91.4,113.9,132.8,18.9
T01081,2026-06-05 02:23:59,2,4,6,night,OP1039,EXC002,Excavator,Foundation Digging,Windy,Dry,Expert,10.2,3950.9,52.7,24.18,35.4,51.8,10.7,53.2,81.0,77.2,-3.8
T01082,2026-02-25 00:57:04,0,2,2,night,OP1054,GRD003,Grader,Material Loading,Cloudy,Clay,Intermediate,5.0,3152.0,73.1,16.01,19.5,88.1,13.1,67.2,37.2,33.2,-4.0
T01083,2025-03-15 23:07:36,23,5,3,night,OP1057,DZR002,Dozer,Transfer,Rainy,Rocky,Beginner,2.8,3006.2,86.1,17.22,26.9,199.5,20.7,91.9,36.9,63.7,26.8
T01084,2025-06-10 08:15:39,8,1,6,day,OP1004,BCK003,Backhoe,Material Loading,Sunny,Wet,Intermediate,6.3,2491.1,70.8,15.48,32.1,183.1,12.6,93.2,36.5,41.5,5.0
T01085,2025-12-23 14:51:34,14,1,12,day,OP1024,EXC004,Excavator,Demolition,Sunny,Clay,Beginner,1.5,3490.9,80.8,13.74,13.8,154.4,23.7,65.6,100.6,134.5,33.9
T01086,2025-08-09 03:57:01,3,5,8,night,OP1037,GRD001,Grader,Earth Excavation,Sunny,Rocky,Expert,24.1,3849.2,83.8,9.19,32.6,145.9,40.5,49.3,75.8,75.7,-0.1
T01087,2025-04-11 08:08:30,8,4,4,day,OP1057,EXC002,Excavator,Site Clearing,Rainy,Dry,Beginner,2.8,886.7,79.6,14.41,32.3,275.6,14.0,99.5,77.5,85.8,8.3
T01088,2025-12-04 22:28:26,22,3,12,night,OP1016,GRD001,Grader,Earth Excavation,Cloudy,Clay,Beginner,2.9,4708.9,73.1,14.16,21.9,120.1,42.3,77.3,71.5,95.5,24.0
T01089,2026-07-12 03:54:54,3,6,7,night,OP1032,EXC006,Excavator,Trenching,Sunny,Clay,Intermediate,3.9,6632.8,80.0,10.19,33.9,164.1,55.2,72.6,61.5,72.0,10.5
T01090,2026-02-05 22:40:21,22,3,2,night,OP1011,GRD001,Grader,Demolition,Cloudy,Wet,Intermediate,6.7,5168.9,63.8,10.96,18.3,45.3,50.3,77.8,114.4,121.8,7.4
T01091,2026-05-13 18:27:41,18,2,5,night,OP1003,GRD001,Grader,Earth Excavation,Rainy,Dry,Expert,20.4,5875.7,58.5,11.66,30.9,165.4,6.1,72.4,80.1,75.7,-4.4
T01092,2025-02-13 11:32:11,11,3,2,day,OP1059,EXC002,Excavator,Grading,Sunny,Wet,Expert,22.2,471.6,78.0,11.14,19.5,153.3,60.1,67.8,43.3,46.6,3.3
T01093,2025-03-17 14:52:34,14,0,3,day,OP1015,LDR003,Loader,Demolition,Sunny,Dry,Beginner,0.6,1422.7,85.1,5.28,27.6,142.4,16.2,31.2,88.0,140.0,52.0
T01094,2025-12-23 22:05:33,22,1,12,night,OP1011,GRD002,Grader,Foundation Digging,Sunny,Clay,Intermediate,6.7,5662.1,73.2,9.88,23.1,10,39.7,94.2,92.9,113.1,20.2
T01095,2026-02-07 22:04:48,22,5,2,night,OP1059,GRD003,Grader,Material Loading,Foggy,Dry,Expert,22.2,3027.0,98,9.55,27.5,162.2,47.9,92.0,35.6,44.5,8.9
T01096,2025-11-21 11:46:19,11,4,11,day,OP1058,DZR002,Dozer,Site Clearing,Cloudy,Dry,Intermediate,3.3,4835.1,65.1,4.38,20.8,183.7,43.8,81.8,76.6,88.9,12.3
T01097,2025-07-04 11:12:35,11,4,7,day,OP1059,LDR005,Loader,Demolition,Cloudy,Wet,Expert,22.2,1506.5,39.9,6.62,28.5,181.8,57.1,29.2,103.3,114.9,11.6
T01098,2025-06-18 08:06:45,8,2,6,day,OP1046,EXC004,Excavator,Trenching,Cloudy,Wet,Beginner,2.1,2116.4,59.2,9.52,36.4,199.3,37.7,41.5,56.4,86.1,29.7
T01099,2026-08-07 22:44:40,22,4,8,night,OP1009,LDR001,Loader,Transfer,Rainy,Wet,Intermediate,5.2,5885.6,87.5,12.65,26.4,111.7,31.7,96.3,36.0,33.7,-2.3
T01100,2025-05-16 13:25:31,13,4,5,day,OP1001,LDR002,Loader,Transfer,Cloudy,Loose,Expert,13.7,1161.5,70.7,0.75,34.1,58.5,43.1,61.2,26.0,27.0,1.0
T01101,2026-02-16 11:32:35,11,0,2,day,OP1019,DZR001,Dozer,Demolition,Sunny,Clay,Intermediate,4.5,3801.2,85.4,12.57,18.6,25.6,8.4,27.7,101.8,111.1,9.3
T01102,2025-06-16 07:55:33,7,0,6,day,OP1048,DZR004,Dozer,Demolition,Cloudy,Wet,Beginner,2.2,2091.5,48.1,4.37,30.2,274.5,32.9,55.0,103.3,135.6,32.3
T01103,2025-07-14 14:43:42,14,0,7,day,OP1001,EXC004,Excavator,Material Loading,Cloudy,Loose,Expert,13.7,2308.3,97.0,10.15,35.1,188.9,26.6,96.5,34.6,40.1,5.5
T01104,2025-07-18 08:55:00,8,4,7,day,OP1019,GRD002,Grader,Material Loading,Rainy,Dry,Intermediate,4.5,4504.7,56.5,4.31,26.4,232.2,17.8,77.2,43.6,37.6,-6.0
T01105,2025-03-08 21:46:21,21,5,3,night,OP1013,EXC006,Excavator,Trenching,Cloudy,Rocky,Expert,18.9,3053.9,67.7,11.2,26.5,174.4,12.7,33.0,62.7,62.0,-0.7
T01106,2025-07-16 10:46:15,10,2,7,day,OP1006,GRD002,Grader,Grading,Cloudy,Dry,Intermediate,3.3,4490.7,55.3,16.47,29.6,157.3,8.0,72.2,42.3,37.6,-4.7
T01107,2025-03-12 10:30:01,10,2,3,day,OP1009,LDR005,Loader,Demolition,Sunny,Clay,Intermediate,5.2,674.1,56.4,14.98,26.1,151.2,19.8,76.8,96.8,92.1,-4.7
T01108,2025-05-17 14:42:23,14,5,5,day,OP1013,DZR001,Dozer,Trenching,Sunny,Clay,Expert,18.9,1794.6,93.6,14.71,37.6,131.2,23.2,67.9,52.8,61.1,8.3
T01109,2025-08-28 10:46:23,10,3,8,day,OP1043,LDR005,Loader,Site Clearing,Rainy,Loose,Expert,19.0,1907.9,54.6,4.9,36.3,199.2,19.0,16.2,85.1,87.3,2.2
T01110,2025-03-29 14:37:08,14,5,3,day,OP1007,DZR004,Dozer,Transfer,Sunny,Dry,Beginner,1.2,1516.8,55.0,8.82,29.4,112.8,36.3,39.3,24.0,55.4,31.4
T01111,2025-04-08 19:53:24,19,1,4,night,OP1018,LDR004,Loader,Foundation Digging,Rainy,Wet,Expert,15.8,2645.6,69.9,10.8,29.0,242.4,24.2,87.9,103.7,116.2,12.5
T01112,2025-06-18 11:47:10,11,2,6,day,OP1018,BCK003,Backhoe,Transfer,Sunny,Clay,Expert,15.8,2550.6,79.5,11.65,28.3,149.5,29.1,33.7,26.5,23.9,-2.6
T01113,2025-11-21 10:03:37,10,4,11,day,OP1018,EXC008,Excavator,Site Clearing,Rainy,Clay,Expert,15.8,2751.6,72.7,8.23,30.1,119.1,14.7,73.0,94.0,86.9,-7.1
T01114,2025-04-28 10:41:31,10,0,4,day,OP1059,DZR004,Dozer,Demolition,Sunny,Loose,Expert,22.2,1734.6,77.7,17.54,39.1,207.0,62,42.3,92.4,109.6,17.2
T01115,2026-04-14 22:11:25,22,1,4,night,OP1060,EXC003,Excavator,Site Clearing,Rainy,Dry,Expert,10.8,4502.4,66.6,10.87,25.7,47.4,28.4,21.4,89.7,95.1,5.4
T01116,2026-09-15 06:38:59,6,1,9,day,OP1030,BCK001,Backhoe,Foundation Digging,Sunny,Wet,Intermediate,4.1,7585.8,89.0,7.32,25.6,174.6,34.1,28.3,102.9,118.4,15.5
T01117,2026-04-23 10:32:25,10,3,4,day,OP1014,EXC001,Excavator,Foundation Digging,Cloudy,Dry,Expert,21.2,5912.9,67.6,10.55,30.9,67.0,29.7,79.2,87.8,85.2,-2.6
T01118,2026-09-03 08:22:32,8,3,9,day,OP1049,LDR003,Loader,Earth Excavation,Cloudy,Wet,Beginner,0.8,5326.2,65.5,9.83,27.6,103.7,34.7,22.4,75.8,82.6,6.8
T01119,2026-01-27 02:28:38,2,1,1,night,OP1041,LDR002,Loader,Material Loading,Sunny,Dry,Intermediate,4.3,3026.9,65.1,7.54,17.5,67.9,12.3,54.7,32.7,39.2,6.5
T01120,2025-03-19 22:10:17,22,2,3,night,OP1011,GRD002,Grader,Earth Excavation,Cloudy,Clay,Intermediate,6.7,3625.4,57.5,4.79,21.0,139.2,35.0,18.3,68.7,86.9,18.2
T01121,2025-09-05 20:31:31,20,4,9,night,OP1006,DZR002,Dozer,Earth Excavation,Rainy,Rocky,Intermediate,3.3,4275.6,64.1,8.75,28.1,122.1,20.9,55.8,93.7,87.7,-6.0
T01122,2026-01-01 12:29:14,12,3,1,day,OP1045,EXC001,Excavator,Trenching,Sunny,Clay,Intermediate,6.5,5095.9,60.0,15.34,14.8,157.3,35.2,39.0,58.3,67.3,9.0
T01123,2025-11-26 15:08:47,15,2,11,day,OP1048,LDR001,Loader,Grading,Rainy,Wet,Beginner,2.2,4029.1,47.4,11.78,24.3,118.3,25.9,18.2,52.4,78.0,25.6
T01124,2025-11-25 12:51:30,12,1,11,day,OP1022,BCK001,Backhoe,Earth Excavation,Sunny,Rocky,Beginner,0.6,5441.5,56.7,10.58,26.9,104.1,34.7,56.4,80.4,102.8,22.4
T01125,2025-03-12 03:46:44,3,2,3,night,OP1027,BCK001,Backhoe,Demolition,Sunny,Dry,Intermediate,6.2,3555.3,87.2,5.73,28.4,122.8,42.5,29.8,91.7,112.8,21.1
T01126,2026-05-15 12:35:59,12,4,5,day,OP1050,LDR002,Loader,Demolition,Windy,Rocky,Intermediate,7.7,3818.4,66.3,13.94,38.0,78.1,13.6,66.2,122.3,120.7,-1.6
T01127,2025-04-21 11:30:48,11,0,4,day,OP1028,GRD002,Grader,Trenching,Rainy,Loose,Beginner,1.6,3863.1,62.9,6.58,34.5,158.0,48.9,32.3,64.6,96.3,31.7
T01128,2025-08-02 22:21:26,22,5,8,night,OP1044,LDR001,Loader,Demolition,Cloudy,Rocky,Beginner,1.1,3184.5,56.1,7.24,32.3,57.7,31.2,36.6,115.5,164.7,49.2
T01129,2025-06-25 12:39:42,12,2,6,day,OP1024,EXC007,Excavator,Foundation Digging,Rainy,Clay,Beginner,1.5,4644.1,88.3,15.8,41.7,122.7,17.9,95.6,104.2,116.8,12.6
T01130,2025-10-30 12:34:40,12,3,10,day,OP1029,EXC001,Excavator,Material Loading,Windy,Rocky,Intermediate,8.7,4636.0,83.1,16.3,28.2,14.0,34.3,48.4,44.8,51.7,6.9
T01131,2026-06-16 01:50:38,1,1,6,night,OP1018,BCK002,Backhoe,Earth Excavation,Foggy,Loose,Expert,15.8,6521.6,59.4,14.85,35.5,82.5,24.0,32.9,75.8,86.2,10.4
T01132,2026-04-28 15:59:27,15,1,4,day,OP1009,EXC008,Excavator,Foundation Digging,Sunny,Loose,Intermediate,5.2,3906.8,50.9,7.09,34.9,80.0,23.8,72.6,83.2,93.8,10.6
T01133,2025-08-01 06:44:32,6,4,8,day,OP1017,EXC006,Excavator,Foundation Digging,Cloudy,Loose,Expert,13.3,4115.1,66.9,7.62,29.1,195.4,39.9,68.9,86.4,99.8,13.4
T01134,2025-07-09 13:26:17,13,2,7,day,OP1051,BCK004,Backhoe,Grading,Cloudy,Clay,Expert,11.2,2020.8,40.1,6.63,30.2,198.1,38.6,19.3,43.1,45.6,2.5
T01135,2025-11-05 06:43:34,6,2,11,day,OP1056,LDR001,Loader,Grading,Sunny,Wet,Intermediate,4.7,3873.2,55.0,17.02,17.7,129.8,44.2,63.1,45.7,57.3,11.6
T01136,2026-07-16 19:40:52,19,3,7,night,OP1040,BCK004,Backhoe,Trenching,Foggy,Rocky,Intermediate,8.2,4738.3,48.0,16.48,30.7,23.9,31.3,22.6,70.1,82.9,12.8
T01137,2026-01-24 12:26:48,12,5,1,day,OP1035,DZR003,Dozer,Material Loading,Sunny,Clay,Beginner,2.8,4914.2,64.6,13.2,12.4,81.0,53.0,49.8,38.6,41.2,2.6
T01138,2025-07-04 08:01:51,8,4,7,day,OP1022,EXC008,Excavator,Earth Excavation,Rainy,Loose,Beginner,0.6,1729.0,69.3,12.96,35.2,132.7,38.2,69.6,76.7,96.5,19.8
T01139,2025-02-14 14:36:31,14,4,2,day,OP1026,GRD001,Grader,Material Loading,Windy,Dry,Beginner,2.3,2567.6,72.3,10.77,17.2,141.0,20.3,66.8,33.2,62.2,29.0
T01140,2025-12-18 18:18:56,18,3,12,night,OP1016,LDR002,Loader,Transfer,Sunny,Wet,Beginner,2.9,2739.7,98,8.14,13.7,73.3,28.7,32.1,27.6,39.2,11.6
T01141,2025-04-03 15:42:50,15,3,4,day,OP1004,EXC008,Excavator,Foundation Digging,Sunny,Clay,Intermediate,6.3,1059.8,60.6,17.66,33.2,177.2,28.5,30.8,82.5,101.4,18.9
T01142,2025-08-20 08:02:33,8,2,8,day,OP1019,LDR002,Loader,Demolition,Windy,Rocky,Intermediate,4.5,1860.6,69.9,10.37,31.0,224.0,5,85.5,112.5,117.8,5.3
T01143,2025-01-11 10:50:12,10,5,1,day,OP1021,EXC003,Excavator,Trenching,Windy,Dry,Intermediate,4.3,1155.6,66.8,18.39,24.0,10,53.4,41.9,49.9,65.4,15.5
T01144,2025-08-23 18:36:40,18,5,8,night,OP1053,EXC003,Excavator,Site Clearing,Rainy,Rocky,Intermediate,7.0,2793.1,90.3,9.92,27.3,10,29.7,108.6,101.6,125.7,24.1
T01145,2025-05-24 18:42:25,18,5,5,night,OP1032,DZR003,Dozer,Earth Excavation,Sunny,Dry,Intermediate,3.9,3127.6,53.4,13.26,30.8,32.0,43.8,97.4,59.5,92.9,33.4
T01146,2025-07-03 14:05:29,14,3,7,day,OP1002,BCK002,Backhoe,Grading,Rainy,Loose,Expert,18.3,3985.0,44.6,10.91,31.8,123.7,17.5,72.7,50.2,47.6,-2.6
T01147,2026-06-20 06:22:16,6,5,6,day,OP1026,LDR003,Loader,Material Loading,Rainy,Rocky,Beginner,2.3,4778.1,87.4,10.02,41.3,223.8,14.3,23.8,51.0,96.6,45.6
T01148,2026-07-18 14:32:15,14,5,7,day,OP1033,DZR004,Dozer,Earth Excavation,Rainy,Loose,Expert,17.2,4991.6,71.4,16.61,26.3,124.1,34.7,31.8,84.3,91.9,7.6
T01149,2025-04-25 13:17:53,13,4,4,day,OP1045,BCK001,Backhoe,Demolition,Windy,Dry,Intermediate,6.5,3879.4,82.4,17.95,38.1,72.0,28.8,91.7,98.2,122.9,24.7
T01150,2025-10-20 07:24:47,7,0,10,day,OP1039,BCK001,Backhoe,Foundation Digging,Sunny,Loose,Expert,10.2,5177.0,48.6,11.47,29.8,157.0,17.3,83.7,87.2,87.0,-0.2
T01151,2026-08-02 03:35:46,3,6,8,night,OP1004,GRD001,Grader,Material Loading,Windy,Wet,Intermediate,6.3,6462.5,82.0,9.18,36.8,265.4,26.8,24.0,44.6,38.6,-6.0
T01152,2026-05-07 10:13:21,10,3,5,day,OP1016,LDR003,Loader,Foundation Digging,Windy,Rocky,Beginner,2.9,4458.1,72.5,10.99,38.1,115.7,37.4,67.5,107.6,151.6,44.0
T01153,2026-04-14 06:43:19,6,1,4,day,OP1060,EXC002,Excavator,Foundation Digging,Sunny,Loose,Expert,10.8,3572.6,79.7,12.35,29.6,146.2,22.9,23.1,82.1,76.8,-5.3
T01154,2025-05-29 08:21:34,8,3,5,day,OP1003,GRD002,Grader,Trenching,Foggy,Dry,Expert,20.4,4139.5,59.6,15.22,39.0,157.9,10.4,33.4,55.9,54.0,-1.9
T01155,2026-07-17 09:49:30,9,4,7,day,OP1055,EXC004,Excavator,Material Loading,Foggy,Dry,Expert,12.2,4993.2,77.3,8.82,37.0,162.0,41.1,21.7,39.4,45.2,5.8
T01156,2025-06-18 09:02:12,9,2,6,day,OP1036,GRD003,Grader,Demolition,Rainy,Rocky,Intermediate,3.3,1314.8,76.5,5.06,34.3,107.6,20.8,85.4,128.6,156.8,28.2
T01157,2025-12-09 22:07:54,22,1,12,night,OP1026,EXC006,Excavator,Material Loading,Cloudy,Rocky,Beginner,2.3,5068.8,84.1,7.09,20.8,147.0,24.8,76.0,45.1,75.5,30.4
T01158,2025-02-11 09:08:21,9,1,2,day,OP1056,BCK001,Backhoe,Material Loading,Windy,Loose,Intermediate,4.7,3345.3,71.0,11.5,23.6,119.3,40.5,67.9,36.7,45.8,9.1
T01159,2025-04-23 14:08:14,14,2,4,day,OP1021,DZR001,Dozer,Earth Excavation,Sunny,Loose,Intermediate,4.3,1619.3,63.7,12.64,29.5,202.4,46.7,103.5,60.9,53.3,-7.6
T01160,2026-03-18 12:52:48,12,2,3,day,OP1021,BCK003,Backhoe,Transfer,Cloudy,Rocky,Intermediate,4.3,4543.8,62.4,12.68,26.6,132.6,39.0,63.5,33.2,51.1,17.9
T01161,2025-09-18 10:02:10,10,3,9,day,OP1008,GRD001,Grader,Grading,Cloudy,Rocky,Beginner,1.2,4143.0,52.9,6.98,28.9,76.2,20.4,86.2,51.7,76.2,24.5
T01162,2026-07-31 02:03:45,2,4,7,night,OP1006,GRD001,Grader,Demolition,Cloudy,Dry,Intermediate,3.3,6447.4,63.5,11.4,31.6,160.7,12.8,48.7,105.0,106.4,1.4
T01163,2026-07-31 12:54:19,12,4,7,day,OP1014,GRD002,Grader,Foundation Digging,Cloudy,Dry,Expert,21.2,7265.3,87.7,13.23,33.0,186.3,27.2,34.3,92.0,90.4,-1.6
T01164,2026-06-13 08:33:30,8,5,6,day,OP1060,BCK003,Backhoe,Material Loading,Cloudy,Clay,Expert,10.8,5177.6,53.9,14.18,37.9,161.0,28.5,102.3,40.1,42.0,1.9
T01165,2025-08-02 09:06:36,9,5,8,day,OP1014,LDR002,Loader,Transfer,Rainy,Clay,Expert,21.2,1729.5,65.4,4.72,29.1,60.5,10.7,50.3,31.3,36.6,5.3
T01166,2025-03-14 22:33:54,22,4,3,night,OP1028,GRD002,Grader,Trenching,Sunny,Wet,Beginner,1.6,3589.0,70.9,14.92,27.2,30.1,51.9,31.2,57.1,86.3,29.2
T01167,2025-07-04 23:03:15,23,4,7,night,OP1030,DZR002,Dozer,Grading,Cloudy,Dry,Intermediate,4.1,3816.5,82.4,10.63,25.5,126.3,10.5,40.4,41.2,45.5,4.3
T01168,2025-03-08 14:01:34,14,5,3,day,OP1022,GRD003,Grader,Site Clearing,Sunny,Clay,Beginner,0.6,571.7,62.3,9.3,27.6,262.6,37.5,91.2,74.8,103.2,28.4
T01169,2026-06-08 13:38:47,13,0,6,day,OP1033,EXC006,Excavator,Foundation Digging,Rainy,Wet,Expert,17.2,6387.5,94.8,13.6,27.7,78.4,39.9,57.5,117.9,124.5,6.6
T01170,2026-05-03 02:00:20,2,6,5,night,OP1027,BCK004,Backhoe,Trenching,Sunny,Loose,Intermediate,6.2,4192.7,90.0,9.12,37.4,104.3,23.3,22.8,53.8,47.6,-6.2
T01171,2025-04-08 15:09:37,15,1,4,day,OP1033,DZR001,Dozer,Earth Excavation,Cloudy,Clay,Expert,17.2,1510.1,52.3,14.65,38.6,150.4,29.6,15.1,65.7,68.4,2.7
T01172,2025-06-12 03:45:35,3,3,6,night,OP1017,LDR005,Loader,Trenching,Sunny,Wet,Expert,13.3,1343.6,50.5,16.1,33.0,108.0,17.3,33.7,54.7,54.6,-0.1
T01173,2025-01-24 06:57:50,6,4,1,day,OP1044,DZR002,Dozer,Foundation Digging,Windy,Wet,Beginner,1.1,2636.3,77.5,6.35,19.7,94.8,49.8,73.6,96.8,130.1,33.3
T01174,2026-07-11 01:02:12,1,5,7,night,OP1005,DZR004,Dozer,Material Loading,Windy,Wet,Expert,18.5,4936.4,87.6,6.05,32.4,120.4,35.9,101.2,43.4,48.7,5.3
T01175,2025-09-01 08:44:25,8,0,9,day,OP1042,LDR004,Loader,Foundation Digging,Cloudy,Clay,Beginner,1.3,3708.0,46.5,15.4,21.3,130.3,25.4,64.4,89.1,106.9,17.8
T01176,2025-08-23 23:31:49,23,5,8,night,OP1001,GRD003,Grader,Transfer,Sunny,Loose,Expert,13.7,1801.0,65.4,5.34,31.4,118.8,36.4,78.9,25.2,35.4,10.2
T01177,2026-06-26 10:12:42,10,4,6,day,OP1018,LDR003,Loader,Transfer,Rainy,Clay,Expert,15.8,4823.1,65.7,11.04,37.3,74.3,16.8,32.2,34.6,33.5,-1.1
T01178,2026-06-23 13:55:20,13,1,6,day,OP1027,DZR004,Dozer,Material Loading,Cloudy,Dry,Intermediate,6.2,4808.9,82.1,8.6,31.4,198.1,36.6,108.8,36.0,37.1,1.1
T01179,2025-12-25 14:03:58,14,3,12,day,OP1054,EXC007,Excavator,Grading,Cloudy,Clay,Intermediate,5.0,5980.5,70.0,12.37,18.7,10,35.5,26.2,49.0,58.2,9.2
T01180,2025-12-27 20:51:39,20,5,12,night,OP1059,EXC007,Excavator,Foundation Digging,Sunny,Dry,Expert,22.2,5997.1,57.1,16.9,19.1,175.9,55.2,87.4,85.5,100.3,14.8
T01181,2026-06-06 14:16:50,14,5,6,day,OP1031,GRD003,Grader,Transfer,Windy,Clay,Expert,22.8,3893.3,64.4,9.05,35.5,370.4,21.7,66.0,30.2,30.2,0.0
T01182,2025-02-25 09:42:03,9,1,2,day,OP1050,LDR005,Loader,Transfer,Sunny,Clay,Intermediate,7.7,564.3,69.6,8.19,21.7,241.5,32.6,53.5,26.4,23.0,-3.4
T01183,2025-06-21 10:27:50,10,5,6,day,OP1011,BCK003,Backhoe,Demolition,Cloudy,Dry,Intermediate,6.7,2572.1,32.4,7.64,37.4,218.3,43.0,87.0,90.9,111.5,20.6
T01184,2025-07-08 07:11:22,7,1,7,day,OP1048,DZR002,Dozer,Transfer,Rainy,Clay,Beginner,2.2,3840.9,75.5,3.73,27.5,281.9,25.0,71.3,33.1,22.8,-10.3
T01185,2025-09-03 11:20:21,11,2,9,day,OP1047,EXC005,Excavator,Site Clearing,Rainy,Clay,Beginner,2.8,4578.5,53.5,12.25,34.3,88.4,29.2,35.0,100.6,138.2,37.6
T01186,2026-04-01 01:37:41,1,2,4,night,OP1011,DZR002,Dozer,Foundation Digging,Windy,Rocky,Intermediate,6.7,5788.3,65.5,13.85,29.5,79.1,37.1,20.8,110.8,132.0,21.2
T01187,2025-04-18 15:49:18,15,4,4,day,OP1034,EXC003,Excavator,Transfer,Cloudy,Wet,Beginner,1.3,1865.2,78.1,7.86,32.4,193.2,12.2,66.8,28.2,50.6,22.4
T01188,2025-06-26 10:52:08,10,3,6,day,OP1029,GRD003,Grader,Earth Excavation,Foggy,Wet,Intermediate,8.7,1373.8,92.4,9.91,34.8,136.0,41.2,56.2,74.8,79.2,4.4
T01189,2026-06-24 14:54:48,14,2,6,day,OP1018,DZR002,Dozer,Transfer,Rainy,Rocky,Expert,15.8,6405.5,81.4,7.57,40.4,176.1,22.5,72.0,42.6,43.3,0.7
T01190,2025-03-24 12:07:28,12,0,3,day,OP1036,GRD002,Grader,Demolition,Sunny,Clay,Intermediate,3.3,3658.9,49.0,15.17,27.4,267.1,15.7,33.1,101.3,92.9,-8.4
T01191,2026-07-31 07:43:17,7,4,7,day,OP1038,LDR005,Loader,Trenching,Cloudy,Clay,Beginner,2.4,4367.0,75.1,10.58,38.7,50.8,38.2,69.9,58.4,95.1,36.7
T01192,2025-02-06 11:00:44,11,3,2,day,OP1059,LDR005,Loader,Foundation Digging,Rainy,Clay,Expert,22.2,426.0,71.7,8.7,23.0,156.2,53.0,32.8,95.6,109.7,14.1
T01193,2026-09-08 14:31:58,14,1,9,day,OP1043,LDR002,Loader,Transfer,Windy,Wet,Expert,19.0,4665.8,65.6,6.01,29.7,149.8,6.1,22.3,31.8,32.9,1.1
T01194,2026-08-10 13:27:44,13,0,8,day,OP1050,EXC006,Excavator,Grading,Sunny,Rocky,Intermediate,7.7,6847.4,73.7,13.2,30.4,90.5,23.0,29.2,55.3,52.9,-2.4
T01195,2025-09-27 13:10:52,13,5,9,day,OP1018,LDR001,Loader,Earth Excavation,Cloudy,Clay,Expert,15.8,3590.5,68.4,12.45,28.2,157.6,33.1,28.9,68.6,69.9,1.3
T01196,2025-03-05 11:28:24,11,2,3,day,OP1029,EXC004,Excavator,Site Clearing,Cloudy,Loose,Intermediate,8.7,1351.0,46.4,5.04,29.9,71.2,30.2,17.6,73.5,80.4,6.9
T01197,2026-01-02 00:22:07,0,4,1,night,OP1023,DZR001,Dozer,Demolition,Sunny,Loose,Beginner,2.1,3469.3,64.4,22.71,15.0,29.5,36.4,63.6,96.0,142.4,46.4
T01198,2025-06-14 10:55:39,10,5,6,day,OP1049,DZR003,Dozer,Grading,Windy,Rocky,Beginner,0.8,3278.5,61.3,1.39,29.9,193.7,35.6,20.9,51.1,67.9,16.8
T01199,2025-09-11 19:34:58,19,3,9,night,OP1054,EXC003,Excavator,Site Clearing,Rainy,Rocky,Intermediate,5.0,2932.1,31.2,11.41,21.7,191.0,41.0,80.7,105.8,121.7,15.9
T01200,2026-06-06 18:29:01,18,5,6,night,OP1030,EXC007,Excavator,Demolition,Cloudy,Loose,Intermediate,4.1,7171.7,50.6,5.45,37.6,222.8,17.8,82.0,113.0,123.7,10.7
T01201,2025-05-22 10:33:32,10,3,5,day,OP1022,EXC001,Excavator,Material Loading,Windy,Dry,Beginner,0.6,3460.1,69.4,9.4,36.2,133.6,32.7,39.5,37.2,32.7,-4.5
T01202,2026-04-11 06:49:15,6,5,4,day,OP1038,LDR001,Loader,Grading,Rainy,Loose,Beginner,2.4,5019.3,93.8,16.67,31.5,243.8,42.6,76.5,50.1,66.1,16.0
T01203,2025-02-08 22:23:28,22,5,2,night,OP1055,BCK001,Backhoe,Site Clearing,Foggy,Dry,Expert,12.2,3327.4,60.2,4.78,15.9,237.1,45.8,91.9,77.0,85.5,8.5
T01204,2026-05-16 15:32:14,15,5,5,day,OP1001,EXC005,Excavator,Site Clearing,Rainy,Wet,Expert,13.7,6441.3,97.0,13.13,36.7,126.0,36.7,32.9,107.1,114.5,7.4
T01205,2025-09-12 03:43:35,3,4,9,night,OP1036,EXC008,Excavator,Foundation Digging,Rainy,Clay,Intermediate,3.3,2238.7,63.4,15.09,29.9,67.0,9.7,103.1,99.7,119.9,20.2
T01206,2025-09-15 14:37:07,14,0,9,day,OP1005,DZR002,Dozer,Demolition,Windy,Rocky,Expert,18.5,4346.8,75.2,13.97,26.9,91.4,48.5,42.9,125.5,142.7,17.2
T01207,2026-03-08 00:31:03,0,6,3,night,OP1058,GRD003,Grader,Site Clearing,Sunny,Wet,Intermediate,3.3,3232.1,56.7,2.87,24.0,200.0,38.1,63.3,79.8,94.6,14.8
T01208,2026-01-27 07:59:39,7,1,1,day,OP1052,LDR003,Loader,Site Clearing,Sunny,Wet,Intermediate,5.8,3727.4,47.2,10.51,21.4,206.3,31.5,52.6,81.3,89.8,8.5
T01209,2025-01-06 13:36:41,13,0,1,day,OP1015,EXC003,Excavator,Demolition,Foggy,Rocky,Beginner,0.6,1119.9,87.1,16.93,13.3,202.4,22.7,53.8,120.8,139.5,18.7
T01210,2026-09-15 14:16:58,14,1,9,day,OP1014,EXC003,Excavator,Material Loading,Windy,Dry,Expert,21.2,5624.2,89.2,9.93,28.7,223.9,19.3,27.8,38.9,39.0,0.1
T01211,2025-05-05 23:28:30,23,0,5,night,OP1016,EXC003,Excavator,Demolition,Sunny,Dry,Beginner,2.9,1991.6,98,10.99,33.7,224.9,34.5,46.4,88.0,120.6,32.6
T01212,2026-07-04 12:14:51,12,5,7,day,OP1026,BCK001,Backhoe,Site Clearing,Rainy,Wet,Beginner,2.3,7054.6,84.4,17.1,28.9,180.1,25.4,74.3,112.3,173.1,60.8
T01213,2025-04-01 08:49:01,8,1,4,day,OP1046,BCK004,Backhoe,Grading,Sunny,Dry,Beginner,2.1,1296.7,73.2,13.11,35.5,226.3,51.9,44.6,38.0,78.7,40.7
T01214,2025-07-25 07:10:54,7,4,7,day,OP1019,EXC005,Excavator,Earth Excavation,Rainy,Loose,Intermediate,4.5,4285.3,73.0,10.72,34.4,267.8,20.1,74.0,76.5,75.6,-0.9
T01215,2025-06-07 07:34:55,7,5,6,day,OP1003,EXC002,Excavator,Site Clearing,Cloudy,Clay,Expert,20.4,1302.6,86.2,15.19,38.0,166.3,5,53.6,77.0,75.7,-1.3
T01216,2025-09-12 07:14:06,7,4,9,day,OP1015,BCK001,Backhoe,Material Loading,Cloudy,Clay,Beginner,0.6,4899.6,97.8,11.76,22.2,102.8,25.6,65.9,39.7,61.1,21.4
T01217,2026-04-28 14:05:25,14,1,4,day,OP1040,DZR002,Dozer,Foundation Digging,Rainy,Wet,Intermediate,8.2,5989.2,87.9,7.79,32.6,170.4,32.0,48.6,117.0,127.0,10.0
T01218,2025-10-22 11:50:06,11,2,10,day,OP1041,BCK001,Backhoe,Site Clearing,Sunny,Loose,Intermediate,4.3,5193.0,57.7,12.01,29.8,116.6,5,36.8,79.1,75.7,-3.4
T01219,2026-04-16 21:51:17,21,3,4,night,OP1016,BCK001,Backhoe,Earth Excavation,Cloudy,Loose,Beginner,2.9,6480.8,73.5,0,31.4,185.1,40.1,80.0,72.7,72.7,0.0
T01220,2026-04-21 09:20:54,9,1,4,day,OP1015,LDR003,Loader,Grading,Cloudy,Loose,Beginner,0.6,4341.0,85.2,11.57,37.0,50.5,23.4,95.7,44.1,43.7,-0.4
T01221,2025-07-04 09:33:10,9,4,7,day,OP1006,EXC006,Excavator,Transfer,Windy,Loose,Intermediate,3.3,3911.6,62.5,7.93,37.3,129.4,15.7,116.2,28.9,24.9,-4.0
T01222,2025-02-05 07:14:14,7,2,2,day,OP1047,GRD001,Grader,Material Loading,Sunny,Loose,Beginner,2.8,2499.7,64.1,3.66,18.5,45.9,23.1,70.0,33.6,29.1,-4.5
T01223,2025-05-06 13:52:14,13,1,5,day,OP1042,EXC007,Excavator,Transfer,Sunny,Wet,Beginner,1.3,4279.5,73.9,6.66,45.2,156.9,21.1,59.3,29.3,23.2,-6.1
T01224,2025-01-28 07:36:51,7,1,1,day,OP1047,LDR001,Loader,Grading,Sunny,Dry,Beginner,2.8,1822.2,68.0,13.54,22.0,266.1,34.5,19.3,38.0,66.3,28.3
T01225,2025-07-21 13:05:58,13,0,7,day,OP1023,LDR005,Loader,Grading,Windy,Wet,Beginner,2.1,1631.2,60.4,10.93,27.4,45.5,36.7,72.1,46.4,56.5,10.1
T01226,2025-04-10 19:19:15,19,3,4,night,OP1042,DZR001,Dozer,Foundation Digging,Rainy,Clay,Beginner,1.3,1526.0,75.2,4.59,27.6,178.6,12.8,51.3,99.5,134.6,35.1
T01227,2026-04-15 09:39:41,9,2,4,day,OP1050,GRD002,Grader,Earth Excavation,Sunny,Wet,Intermediate,7.7,6483.2,65.1,4.45,30.1,80.3,28.2,92.2,76.7,82.3,5.6
T01228,2026-08-04 08:14:59,8,1,8,day,OP1044,LDR001,Loader,Trenching,Cloudy,Clay,Beginner,1.1,5859.3,63.5,12.37,25.1,159.2,42.2,43.5,61.7,83.3,21.6
T01229,2026-04-29 09:00:30,9,2,4,day,OP1042,BCK003,Backhoe,Trenching,Rainy,Dry,Beginner,1.3,4849.2,52.1,19.42,36.4,70.9,33.6,78.5,65.9,99.5,33.6
T01230,2025-02-13 18:57:19,18,3,2,night,OP1040,GRD003,Grader,Earth Excavation,Sunny,Wet,Intermediate,8.2,405.3,90.1,12.62,26.6,229.3,32.1,77.3,66.1,84.6,18.5
T01231,2026-05-28 10:54:39,10,3,5,day,OP1043,EXC004,Excavator,Transfer,Windy,Clay,Expert,19.0,4628.5,89.8,9.64,45.3,165.6,17.3,42.7,30.2,26.2,-4.0
T01232,2025-05-02 09:16:01,9,4,5,day,OP1055,EXC001,Excavator,Material Loading,Sunny,Loose,Expert,12.2,3313.7,68.8,16.37,37.8,128.3,35.8,43.1,34.7,37.7,3.0
T01233,2026-01-19 10:58:28,10,0,1,day,OP1045,EXC003,Excavator,Grading,Foggy,Loose,Intermediate,6.5,3878.5,58.3,4.47,20.2,246.5,32.1,52.3,46.1,72.9,26.8
T01234,2026-04-03 11:52:53,11,4,4,day,OP1019,EXC006,Excavator,Grading,Cloudy,Dry,Intermediate,4.5,5905.2,95.0,13.94,28.3,170.4,25.6,54.0,44.5,48.5,4.0
T01235,2025-03-26 08:43:09,8,2,3,day,OP1023,LDR003,Loader,Material Loading,Foggy,Wet,Beginner,2.1,1486.5,52.4,10.33,27.2,172.4,37.6,32.7,40.5,38.0,-2.5
T01236,2025-12-01 15:10:13,15,0,12,day,OP1023,DZR001,Dozer,Foundation Digging,Cloudy,Clay,Beginner,2.1,3240.2,54.3,11.28,9.2,170.6,26.9,79.7,87.5,103.6,16.1
T01237,2026-03-18 11:10:20,11,2,3,day,OP1057,EXC005,Excavator,Material Loading,Cloudy,Dry,Beginner,2.8,6009.3,74.1,15.39,23.2,226.1,6.3,76.5,37.6,40.6,3.0
T01238,2025-11-29 08:25:09,8,5,11,day,OP1053,LDR005,Loader,Foundation Digging,Windy,Rocky,Intermediate,7.0,2586.0,75.9,3.31,29.0,191.1,35.9,74.3,101.9,97.3,-4.6
T01239,2025-05-05 11:28:44,11,0,5,day,OP1001,DZR003,Dozer,Foundation Digging,Sunny,Clay,Expert,13.7,2986.7,62.5,15.53,37.6,64.8,37.0,37.1,84.1,93.1,9.0
T01240,2026-07-22 07:45:59,7,2,7,day,OP1013,LDR004,Loader,Demolition,Sunny,Rocky,Expert,18.9,6072.9,83.2,6.35,36.4,117.5,14.6,39.8,124.7,120.4,-4.3
T01241,2026-01-15 15:40:48,15,3,1,day,OP1029,EXC005,Excavator,Material Loading,Windy,Clay,Intermediate,8.7,5558.0,51.4,21.35,10.4,153.3,34.2,84.6,41.9,51.7,9.8
T01242,2025-10-20 15:17:04,15,0,10,day,OP1002,EXC003,Excavator,Earth Excavation,Windy,Dry,Expert,18.3,3215.5,47.2,10.06,21.7,79.8,29.9,47.7,61.8,57.9,-3.9
T01243,2025-11-14 11:40:04,11,4,11,day,OP1052,DZR002,Dozer,Demolition,Rainy,Wet,Intermediate,5.8,4783.9,67.1,6.76,20.6,57.8,41.7,71.2,132.1,155.7,23.6
T01244,2025-02-04 08:27:59,8,1,2,day,OP1036,GRD002,Grader,Trenching,Rainy,Dry,Intermediate,3.3,3307.4,91.7,9.9,22.0,27.0,14.3,64.8,60.3,61.0,0.7
T01245,2026-02-05 15:35:19,15,3,2,day,OP1059,DZR003,Dozer,Site Clearing,Cloudy,Rocky,Expert,22.2,5002.7,67.1,11.17,20.7,96.9,57.1,74.7,95.5,103.4,7.9
T01246,2026-03-10 23:19:05,23,1,3,night,OP1052,GRD001,Grader,Foundation Digging,Sunny,Dry,Intermediate,5.8,5410.0,55.3,8.07,26.5,171.7,31.9,26.8,83.7,108.4,24.7
T01247,2025-04-26 22:19:40,22,5,4,night,OP1036,EXC003,Excavator,Demolition,Cloudy,Clay,Intermediate,3.3,1925.6,75.1,7.44,36.5,77.6,18.2,50.1,99.7,119.8,20.1
T01248,2026-08-24 20:00:30,20,0,8,night,OP1052,EXC001,Excavator,Demolition,Rainy,Wet,Intermediate,5.8,6813.7,37.8,12.75,30.7,201.4,39.1,48.1,138.8,176.0,37.2
T01249,2025-10-27 22:08:01,22,0,10,night,OP1007,LDR003,Loader,Site Clearing,Sunny,Rocky,Beginner,1.2,3060.1,53.6,13.74,31.0,153.3,24.9,58.1,86.2,121.8,35.6
T01250,2025-09-17 07:39:28,7,2,9,day,OP1051,LDR003,Loader,Demolition,Cloudy,Wet,Expert,11.2,2763.7,59.2,3.02,32.0,112.8,35.5,86.6,104.4,106.5,2.1
T01251,2025-04-23 07:13:02,7,2,4,day,OP1019,EXC006,Excavator,Material Loading,Rainy,Dry,Intermediate,4.5,3385.3,84.5,3.56,31.7,111.8,26.8,31.6,37.8,46.0,8.2
T01252,2025-01-11 15:51:55,15,5,1,day,OP1053,LDR004,Loader,Earth Excavation,Foggy,Dry,Intermediate,7.0,2009.3,53.1,7.18,20.8,145.0,37.9,36.1,66.9,84.2,17.3
T01253,2025-05-12 12:31:08,12,0,5,day,OP1014,LDR004,Loader,Grading,Cloudy,Loose,Expert,21.2,2891.6,72.7,11.88,39.2,150.6,21.0,58.2,41.7,38.3,-3.4
T01254,2025-12-06 18:52:26,18,5,12,night,OP1048,LDR004,Loader,Site Clearing,Foggy,Rocky,Beginner,2.2,4411.9,70.3,19.22,22.4,142.8,26.6,68.3,103.0,150.6,47.6
T01255,2026-04-10 10:49:12,10,4,4,day,OP1059,GRD001,Grader,Trenching,Sunny,Loose,Expert,22.2,5632.5,93.7,13.56,31.4,75.8,57.6,82.1,56.7,58.7,2.0
T01256,2025-05-10 00:46:59,0,5,5,night,OP1032,DZR001,Dozer,Foundation Digging,Rainy,Rocky,Intermediate,3.9,1739.3,73.4,1.58,40.3,174.0,43.2,35.1,106.0,128.1,22.1
T01257,2025-03-12 06:58:23,6,2,3,day,OP1047,GRD003,Grader,Earth Excavation,Sunny,Wet,Beginner,2.8,598.8,73.1,5.39,28.8,157.7,34.3,22.8,66.1,98.1,32.0
T01258,2026-08-08 09:43:06,9,5,8,day,OP1010,EXC003,Excavator,Material Loading,Cloudy,Clay,Intermediate,8.6,5345.4,48.7,8.86,29.9,184.1,33.1,32.1,40.4,51.1,10.7
T01259,2025-10-24 09:31:56,9,4,10,day,OP1059,EXC008,Excavator,Material Loading,Windy,Dry,Expert,22.2,2547.1,81.2,7.31,28.8,236.1,50.0,37.8,35.1,37.3,2.2
T01260,2025-05-08 11:38:56,11,3,5,day,OP1052,BCK002,Backhoe,Transfer,Cloudy,Clay,Intermediate,5.8,3575.4,89.0,19.0,46,42.3,39.3,92.1,28.4,40.4,12.0
T01261,2026-06-01 08:02:38,8,0,6,day,OP1029,EXC008,Excavator,Site Clearing,Sunny,Wet,Intermediate,8.7,4152.6,73.6,9.33,21.4,208.2,51.6,17.8,82.6,113.4,30.8
T01262,2026-04-11 15:46:47,15,5,4,day,OP1017,DZR004,Dozer,Transfer,Cloudy,Clay,Expert,13.3,4276.6,74.0,13.32,30.9,54.4,19.8,36.2,29.1,37.8,8.7
T01263,2025-06-09 22:20:00,22,0,6,night,OP1025,GRD001,Grader,Site Clearing,Windy,Wet,Expert,17.0,3409.5,65.4,8.94,34.6,163.4,46.6,28.1,90.8,97.6,6.8
T01264,2026-06-16 08:21:04,8,1,6,day,OP1044,LDR001,Loader,Material Loading,Sunny,Clay,Beginner,1.1,5501.6,80.3,11.88,37.3,74.3,39.4,38.2,39.4,46.2,6.8
T01265,2025-01-13 09:36:45,9,0,1,day,OP1032,BCK004,Backhoe,Transfer,Windy,Wet,Intermediate,3.9,727.5,91.4,9.31,12.4,250.8,41.8,34.1,29.8,17.8,-12.0
T01266,2025-06-26 20:07:56,20,3,6,night,OP1042,BCK004,Backhoe,Material Loading,Rainy,Clay,Beginner,1.3,1927.9,58.7,20.37,33.0,211.4,13.4,25.5,43.2,41.5,-1.7
T01267,2026-09-18 06:17:32,6,4,9,day,OP1005,EXC005,Excavator,Material Loading,Sunny,Dry,Expert,18.5,7351.0,54.9,5.71,35.0,135.0,39.4,99.8,38.2,52.5,14.3
T01268,2025-09-16 10:39:02,10,1,9,day,OP1037,LDR005,Loader,Earth Excavation,Foggy,Clay,Expert,24.1,2046.5,98,6.56,35.5,125.9,40.3,21.1,70.5,72.6,2.1
T01269,2025-12-13 02:47:52,2,5,12,night,OP1039,EXC005,Excavator,Earth Excavation,Cloudy,Rocky,Expert,10.2,5313.2,64.0,10.68,20.8,121.1,17.7,63.0,82.4,83.0,0.6
T01270,2025-03-07 03:41:56,3,4,3,night,OP1056,EXC001,Excavator,Trenching,Sunny,Rocky,Intermediate,4.7,2903.2,77.0,5.58,26.5,278.0,39.0,33.1,60.5,70.8,10.3
T01271,2025-02-17 12:28:15,12,0,2,day,OP1004,LDR002,Loader,Earth Excavation,Sunny,Dry,Intermediate,6.3,518.8,82.0,9.22,18.7,143.3,24.1,58.5,58.0,65.5,7.5
T01272,2026-03-02 08:10:17,8,0,3,day,OP1040,BCK001,Backhoe,Earth Excavation,Sunny,Loose,Intermediate,8.2,6148.2,68.7,10.57,23.5,180.5,36.5,76.9,69.8,78.3,8.5
T01273,2026-07-12 00:39:22,0,6,7,night,OP1026,GRD003,Grader,Grading,Rainy,Dry,Beginner,2.3,4152.0,72.8,6.55,29.3,137.5,34.1,73.3,50.2,76.7,26.5
T01274,2026-06-13 13:25:28,13,5,6,day,OP1034,EXC007,Excavator,Grading,Sunny,Dry,Beginner,1.3,7221.3,70.6,10.54,32.8,161.2,24.0,65.2,45.2,54.5,9.3
T01275,2026-05-25 13:07:46,13,0,5,day,OP1035,LDR004,Loader,Grading,Sunny,Wet,Beginner,2.8,5651.2,68.4,4.66,43.2,74.8,48.5,81.0,48.8,60.9,12.1
T01276,2026-02-10 06:53:55,6,1,2,day,OP1022,GRD001,Grader,Demolition,Foggy,Loose,Beginner,0.6,5200.6,63.9,13.15,15.8,278.0,29.9,66.7,111.3,152.7,41.4
T01277,2026-04-09 11:42:42,11,3,4,day,OP1042,EXC008,Excavator,Demolition,Sunny,Rocky,Beginner,1.3,3766.8,48.1,12.19,35.4,178.4,8.6,71.8,114.6,125.7,11.1
T01278,2025-08-21 18:19:28,18,3,8,night,OP1059,GRD002,Grader,Transfer,Sunny,Dry,Expert,22.2,4755.7,50.4,12.48,26.6,293.1,62,5,26.2,31.0,4.8
T01279,2026-08-27 09:21:38,9,3,8,day,OP1045,BCK004,Backhoe,Transfer,Rainy,Loose,Intermediate,6.5,5041.7,94.8,15.51,33.2,175.5,33.4,34.3,33.1,49.4,16.3
T01280,2026-08-12 12:51:31,12,2,8,day,OP1004,LDR004,Loader,Transfer,Windy,Loose,Intermediate,6.3,6227.8,69.4,3.43,32.8,28.0,21.0,35.7,30.0,34.0,4.0
T01281,2026-06-08 10:08:16,10,0,6,day,OP1050,DZR002,Dozer,Foundation Digging,Cloudy,Clay,Intermediate,7.7,6287.3,55.6,7.75,29.3,136.8,22.6,67.2,97.8,120.5,22.7
T01282,2025-12-09 03:52:03,3,1,12,night,OP1025,BCK002,Backhoe,Site Clearing,Sunny,Loose,Expert,17.0,5142.6,43.5,14.54,10.9,275.3,43.1,28.3,78.9,90.0,11.1
T01283,2025-12-11 08:37:17,8,3,12,day,OP1004,EXC004,Excavator,Site Clearing,Cloudy,Clay,Intermediate,6.3,3401.4,91.6,7.47,24.6,254.2,24.9,34.6,79.8,90.4,10.6
T01284,2025-09-11 14:29:08,14,3,9,day,OP1059,LDR003,Loader,Transfer,Windy,Wet,Expert,22.2,2722.0,82.2,7.94,30.6,144.9,53.9,32.3,30.2,34.1,3.9
T01285,2025-11-03 15:42:37,15,0,11,day,OP1046,DZR004,Dozer,Foundation Digging,Foggy,Loose,Beginner,2.1,3115.9,52.0,11.16,26.6,188.6,40.6,20.3,88.4,130.7,42.3
T01286,2026-09-16 10:04:48,10,2,9,day,OP1022,LDR001,Loader,Material Loading,Foggy,Loose,Beginner,0.6,6173.7,59.1,12.15,28.4,149.9,37.5,19.7,44.1,64.5,20.4
T01287,2026-04-01 21:21:58,21,2,4,night,OP1038,EXC001,Excavator,Site Clearing,Sunny,Wet,Beginner,2.4,5755.6,70.2,13.91,31.0,130.7,46.5,44.1,87.6,141.0,53.4
T01288,2025-09-22 13:11:58,13,0,9,day,OP1054,EXC007,Excavator,Earth Excavation,Sunny,Dry,Intermediate,5.0,5294.0,71.5,18.9,31.0,190.0,27.3,21.7,64.5,66.0,1.5
T01289,2025-02-27 12:31:33,12,3,2,day,OP1015,LDR003,Loader,Demolition,Sunny,Clay,Beginner,0.6,1290.6,56.2,13.92,25.0,247.8,22.6,82.0,96.8,128.8,32.0
T01290,2026-05-19 11:27:16,11,1,5,day,OP1042,EXC001,Excavator,Trenching,Sunny,Wet,Beginner,1.3,6103.0,55.9,19.05,36.1,204.8,31.3,12.3,62.6,57.4,-5.2
T01291,2026-02-24 20:23:52,20,1,2,night,OP1054,EXC003,Excavator,Earth Excavation,Foggy,Clay,Intermediate,5.0,4144.2,62.6,10.97,26.7,135.3,23.2,28.8,75.9,92.2,16.3
T01292,2025-06-03 19:36:51,19,1,6,night,OP1028,GRD003,Grader,Grading,Rainy,Loose,Beginner,1.6,1208.5,56.0,18.15,33.6,166.8,40.4,31.7,47.6,70.1,22.5
T01293,2025-06-04 11:32:28,11,2,6,day,OP1014,DZR001,Dozer,Grading,Rainy,Clay,Expert,21.2,1925.1,57.6,18.18,38.9,163.6,14.0,44.6,48.5,45.4,-3.1
T01294,2026-06-05 11:16:06,11,4,6,day,OP1045,DZR004,Dozer,Earth Excavation,Rainy,Wet,Intermediate,6.5,4676.7,74.9,23.91,30.2,74.5,29.0,64.9,82.6,100.3,17.7
T01295,2025-05-12 09:34:43,9,0,5,day,OP1031,DZR003,Dozer,Transfer,Sunny,Rocky,Expert,22.8,3037.2,65.5,10.26,45.5,156.5,33.0,45.5,30.4,41.6,11.2
T01296,2025-12-18 10:32:52,10,3,12,day,OP1058,LDR005,Loader,Site Clearing,Cloudy,Clay,Intermediate,3.3,2725.4,75.3,13.66,18.6,55.2,44.5,71.5,77.7,92.6,14.9
T01297,2025-05-21 21:15:23,21,2,5,night,OP1028,EXC002,Excavator,Earth Excavation,Windy,Rocky,Beginner,1.6,1182.6,68.6,8.21,38.1,109.6,38.8,14.4,75.3,122.2,46.9
T01298,2025-03-05 12:30:53,12,2,3,day,OP1050,EXC005,Excavator,Grading,Sunny,Dry,Intermediate,7.7,3250.3,61.5,9.91,26.7,124.7,10.6,57.0,39.1,39.3,0.2
T01299,2026-02-20 08:00:58,8,4,2,day,OP1015,EXC007,Excavator,Foundation Digging,Cloudy,Dry,Beginner,0.6,6394.7,68.0,11.65,20.5,164.1,27.9,24.2,89.3,127.2,37.9
T01300,2026-04-10 10:22:43,10,4,4,day,OP1017,BCK003,Backhoe,Transfer,Sunny,Loose,Expert,13.3,4710.9,61.7,10.76,39.1,161.4,26.2,34.9,27.4,36.9,9.5
T01301,2026-03-21 00:51:47,0,5,3,night,OP1059,DZR003,Dozer,Demolition,Sunny,Loose,Expert,22.2,5319.4,65.4,12.68,22.5,249.4,56.8,99.6,102.8,124.9,22.1
T01302,2026-05-20 14:46:17,14,2,5,day,OP1013,BCK002,Backhoe,Demolition,Cloudy,Rocky,Expert,18.9,6328.5,58.9,5.56,30.7,10,5,8.1,129.6,130.1,0.5
T01303,2025-12-29 08:35:35,8,0,12,day,OP1002,BCK002,Backhoe,Transfer,Cloudy,Clay,Expert,18.3,5290.0,76.2,14.03,9.1,108.8,40.8,95.9,30.2,39.6,9.4
T01304,2025-11-01 14:44:41,14,5,11,day,OP1047,DZR001,Dozer,Site Clearing,Windy,Dry,Beginner,2.8,3021.1,90.0,11.99,18.8,81.4,54.0,72.2,72.8,111.7,38.9
T01305,2025-01-15 08:10:17,8,2,1,day,OP1012,GRD003,Grader,Grading,Cloudy,Loose,Beginner,1.4,190.4,80.9,8.52,9.6,147.6,53.1,66.2,41.1,60.6,19.5
T01306,2025-02-08 07:35:33,7,5,2,day,OP1036,LDR004,Loader,Trenching,Cloudy,Wet,Intermediate,3.3,2211.2,50.2,9.73,18.9,210.5,5,22.6,56.4,54.7,-1.7
T01307,2026-07-14 13:46:29,13,1,7,day,OP1044,BCK002,Backhoe,Grading,Windy,Loose,Beginner,1.1,6729.7,50.5,10.12,25.5,171.5,32.8,22.3,51.5,64.6,13.1
T01308,2025-07-23 08:03:01,8,2,7,day,OP1030,LDR001,Loader,Material Loading,Rainy,Loose,Intermediate,4.1,3107.1,54.9,7.16,37.0,240.6,15.3,35.9,39.3,48.0,8.7
T01309,2025-04-11 13:37:36,13,4,4,day,OP1003,GRD003,Grader,Trenching,Cloudy,Rocky,Expert,20.4,819.8,79.5,14.13,36.8,108.0,7.9,28.9,61.3,55.2,-6.1
T01310,2026-07-25 14:29:26,14,5,7,day,OP1027,DZR002,Dozer,Grading,Cloudy,Rocky,Intermediate,6.2,6631.7,98,12.22,20.5,169.7,24.9,87.4,56.6,49.4,-7.2
T01311,2025-11-08 19:56:40,19,5,11,night,OP1028,EXC001,Excavator,Demolition,Cloudy,Clay,Beginner,1.6,4703.9,66.7,10.41,28.8,152.9,45.3,35.1,108.5,186.5,78.0
T01312,2025-10-14 00:04:39,0,1,10,night,OP1005,DZR001,Dozer,Transfer,Windy,Rocky,Expert,18.5,2885.2,90.3,9.49,24.8,10,25.0,25.4,31.6,34.6,3.0
T01313,2025-05-06 03:32:04,3,1,5,night,OP1014,LDR001,Loader,Grading,Rainy,Clay,Expert,21.2,2536.4,61.1,16.16,42.3,166.2,25.4,83.8,49.9,59.7,9.8
T01314,2026-04-29 06:42:01,6,2,4,day,OP1044,EXC005,Excavator,Material Loading,Rainy,Wet,Beginner,1.1,6314.5,77.2,3.44,35.4,167.9,28.2,52.8,51.6,56.1,4.5
T01315,2025-11-10 07:04:46,7,0,11,day,OP1055,BCK003,Backhoe,Grading,Cloudy,Wet,Expert,12.2,3607.6,78.1,12.25,17.9,277.0,42.9,20.1,46.6,50.7,4.1
T01316,2025-05-13 10:13:40,10,1,5,day,OP1044,GRD002,Grader,Trenching,Windy,Loose,Beginner,1.1,4023.3,60.9,11.83,34.9,78.1,42.6,37.2,57.0,95.2,38.2
T01317,2025-03-10 23:01:09,23,0,3,night,OP1053,GRD003,Grader,Material Loading,Sunny,Clay,Intermediate,7.0,589.1,65.3,17.4,23.2,67.4,25.6,81.4,35.2,41.9,6.7
T01318,2026-09-11 11:00:05,11,4,9,day,OP1029,BCK001,Backhoe,Demolition,Cloudy,Clay,Intermediate,8.7,7557.9,41.3,18.84,29.5,217.9,41.9,61.3,119.9,143.0,23.1
T01319,2026-04-01 23:19:38,23,2,4,night,OP1036,DZR003,Dozer,Earth Excavation,Windy,Rocky,Intermediate,3.3,5406.6,46.4,12.89,27.7,202.3,5,70.0,90.1,107.5,17.4
T01320,2025-09-08 12:55:38,12,0,9,day,OP1030,BCK002,Backhoe,Site Clearing,Cloudy,Dry,Intermediate,4.1,4473.7,64.5,11.29,23.8,223.6,21.3,37.9,75.6,83.8,8.2
T01321,2026-01-15 08:38:04,8,3,1,day,OP1025,EXC002,Excavator,Trenching,Cloudy,Wet,Expert,17.0,2923.5,75.5,5.48,19.1,124.2,50.1,64.7,57.3,61.7,4.4
T01322,2026-04-13 13:18:20,13,0,4,day,OP1041,DZR001,Dozer,Grading,Cloudy,Dry,Intermediate,4.3,4210.5,89.3,10.06,33.4,117.4,18.6,32.8,41.8,47.4,5.6
T01323,2026-01-06 10:25:37,10,1,1,day,OP1012,EXC002,Excavator,Earth Excavation,Sunny,Wet,Beginner,1.4,2858.3,81.3,12.17,23.4,159.1,46.1,48.3,67.1,114.2,47.1
T01324,2026-01-23 08:21:45,8,4,1,day,OP1001,DZR004,Dozer,Site Clearing,Sunny,Dry,Expert,13.7,3704.9,56.6,14.09,21.9,173.5,30.4,59.1,71.3,70.5,-0.8
T01325,2026-04-16 00:06:01,0,3,4,night,OP1030,DZR001,Dozer,Transfer,Sunny,Loose,Intermediate,4.1,4228.4,77.6,16.62,27.3,229.0,16.1,31.9,26.9,33.3,6.4
T01326,2026-04-30 21:58:17,21,3,4,night,OP1050,DZR002,Dozer,Grading,Windy,Rocky,Intermediate,7.7,6006.2,77.7,15.6,31.2,199.5,28.6,77.0,57.0,62.0,5.0
T01327,2025-12-16 15:37:25,15,1,12,day,OP1020,LDR002,Loader,Foundation Digging,Windy,Wet,Intermediate,8.4,2724.3,70.4,11.74,15.3,206.7,25.3,19.8,92.9,114.2,21.3
T01328,2025-05-07 09:07:52,9,2,5,day,OP1015,EXC004,Excavator,Foundation Digging,Foggy,Loose,Beginner,0.6,1810.2,98,10.92,40.4,162.6,26.2,85.4,89.7,116.2,26.5
T01329,2025-10-08 08:57:48,8,2,10,day,OP1015,DZR003,Dozer,Grading,Cloudy,Wet,Beginner,0.6,4124.7,64.3,4.14,27.4,314.3,26.1,41.3,47.5,57.2,9.7
T01330,2025-09-29 06:40:33,6,0,9,day,OP1017,EXC002,Excavator,Foundation Digging,Rainy,Wet,Expert,13.3,2134.5,67.0,8.75,28.5,156.8,27.7,49.4,106.8,109.9,3.1
T01331,2026-04-29 14:31:04,14,2,4,day,OP1031,LDR003,Loader,Transfer,Cloudy,Clay,Expert,22.8,4401.0,46.4,7.35,28.8,153.8,17.5,47.0,29.3,31.9,2.6
T01332,2025-05-17 14:34:23,14,5,5,day,OP1051,LDR003,Loader,Foundation Digging,Sunny,Dry,Expert,11.2,1867.9,63.9,19.57,33.3,251.5,47.8,21.4,75.0,75.7,0.7
T01333,2026-01-14 08:37:18,8,2,1,day,OP1027,EXC007,Excavator,Trenching,Sunny,Loose,Intermediate,6.2,6124.8,68.3,6.02,21.8,255.8,27.8,27.9,57.7,69.9,12.2
T01334,2026-09-03 11:50:45,11,3,9,day,OP1058,EXC007,Excavator,Earth Excavation,Cloudy,Wet,Intermediate,3.3,7819.4,63.0,13.23,29.4,279.6,31.0,24.0,82.6,90.4,7.8
T01335,2025-09-28 00:59:15,0,6,9,night,OP1027,EXC004,Excavator,Grading,Sunny,Clay,Intermediate,6.2,2858.9,59.7,4.36,32.3,85.6,38.5,63.2,42.4,44.3,1.9
T01336,2026-03-25 09:29:45,9,2,3,day,OP1015,LDR003,Loader,Foundation Digging,Windy,Wet,Beginner,0.6,4144.0,39.7,2.9,23.2,102.9,34.0,57.2,96.5,118.4,21.9
T01337,2026-02-18 14:08:06,14,2,2,day,OP1005,GRD003,Grader,Material Loading,Cloudy,Dry,Expert,18.5,3104.9,49.0,17.97,15.7,64.1,47.1,11.0,33.8,34.4,0.6
T01338,2025-08-18 06:36:50,6,0,8,day,OP1045,GRD001,Grader,Foundation Digging,Cloudy,Clay,Intermediate,6.5,3915.7,81.6,14.27,30.8,37.8,25.3,44.5,89.8,101.9,12.1
T01339,2026-07-21 11:19:58,11,1,7,day,OP1048,LDR003,Loader,Earth Excavation,Rainy,Loose,Beginner,2.2,5005.9,57.9,15.37,29.9,78.3,16.8,61.7,76.4,91.6,15.2
T01340,2025-05-14 12:27:05,12,2,5,day,OP1058,EXC007,Excavator,Site Clearing,Rainy,Dry,Intermediate,3.3,4337.5,78.8,13.79,33.8,165.7,46.0,71.9,84.4,108.8,24.4
T01341,2025-10-03 03:45:09,3,4,10,night,OP1046,EXC006,Excavator,Demolition,Sunny,Wet,Beginner,2.1,4574.1,50.6,12.88,24.0,133.7,27.7,21.5,108.6,142.1,33.5
T01342,2025-10-13 09:15:29,9,0,10,day,OP1001,EXC004,Excavator,Trenching,Cloudy,Rocky,Expert,13.7,2970.9,78.8,11.39,27.4,50.1,37.0,52.4,62.5,59.3,-3.2
T01343,2025-01-14 09:14:58,9,1,1,day,OP1027,LDR004,Loader,Trenching,Sunny,Clay,Intermediate,6.2,2029.2,72.5,3.97,16.7,339.3,40.8,89.1,52.8,71.8,19.0
T01344,2025-03-24 22:48:27,22,0,3,night,OP1021,LDR002,Loader,Material Loading,Sunny,Rocky,Intermediate,4.3,777.4,68.6,7.17,33.1,82.3,47.4,37.4,39.7,55.5,15.8
T01345,2026-01-20 12:15:39,12,1,1,day,OP1012,BCK004,Backhoe,Material Loading,Sunny,Wet,Beginner,1.4,3443.9,84.7,6.62,18.2,212.2,53.8,27.1,37.9,72.8,34.9
T01346,2025-04-26 07:09:19,7,5,4,day,OP1005,BCK001,Backhoe,Grading,Cloudy,Dry,Expert,18.5,3884.9,47.1,11.8,36.6,82.4,38.3,48.6,41.3,39.3,-2.0
T01347,2025-08-18 08:06:55,8,0,8,day,OP1052,LDR002,Loader,Grading,Foggy,Rocky,Intermediate,5.8,1846.0,84.0,17.83,32.0,99.2,26.2,105.6,53.0,51.8,-1.2
T01348,2025-12-15 08:40:43,8,0,12,day,OP1036,EXC006,Excavator,Foundation Digging,Foggy,Wet,Intermediate,3.3,5108.5,65.4,8.11,14.5,160.7,15.0,65.7,101.0,101.5,0.5
T01349,2026-09-23 03:53:23,3,2,9,night,OP1039,LDR001,Loader,Transfer,Windy,Dry,Expert,10.2,6223.0,85.8,18.55,30.0,58.7,9.5,73.0,28.6,28.8,0.2
T01350,2025-11-10 14:04:30,14,0,11,day,OP1034,EXC007,Excavator,Earth Excavation,Sunny,Clay,Beginner,1.3,5652.0,56.9,14.51,24.1,212.6,5,95.8,71.8,94.6,22.8
T01351,2026-06-08 11:59:35,11,0,6,day,OP1040,GRD002,Grader,Demolition,Rainy,Loose,Intermediate,8.2,6878.1,54.2,14.9,32.7,59.3,42.1,57.7,128.7,161.7,33.0
T01352,2025-04-14 15:38:34,15,0,4,day,OP1014,DZR004,Dozer,Demolition,Rainy,Loose,Expert,21.2,1633.9,79.0,13.24,36.2,76.4,23.6,67.9,116.2,116.0,-0.2
T01353,2025-04-30 12:42:22,12,2,4,day,OP1017,GRD002,Grader,Material Loading,Sunny,Wet,Expert,13.3,3929.1,67.3,20.8,36.8,10,17.7,83.1,38.6,31.9,-6.7
T01354,2026-05-08 23:52:19,23,4,5,night,OP1015,DZR003,Dozer,Site Clearing,Sunny,Wet,Beginner,0.6,5676.8,47.8,10.75,41.0,191.8,23.7,30.3,87.4,147.6,60.2
T01355,2025-06-10 15:48:29,15,1,6,day,OP1044,EXC008,Excavator,Site Clearing,Windy,Loose,Beginner,1.1,1556.2,74.0,4.95,31.8,244.1,23.2,73.1,74.8,82.9,8.1
T01356,2026-05-07 02:42:52,2,3,5,night,OP1043,LDR005,Loader,Grading,Sunny,Rocky,Expert,19.0,3745.0,93.5,17.65,39.2,210.1,18.9,69.6,49.5,45.8,-3.7
T01357,2025-01-08 00:30:58,0,2,1,night,OP1033,LDR004,Loader,Material Loading,Windy,Loose,Expert,17.2,1982.7,74.6,11.08,13.3,121.3,34.0,42.5,36.2,40.8,4.6
T01358,2025-12-08 12:03:09,12,0,12,day,OP1026,DZR004,Dozer,Foundation Digging,Windy,Wet,Beginner,2.3,3370.2,88.5,9.82,18.5,106.9,27.0,87.7,96.9,123.8,26.9
T01359,2025-09-26 02:53:15,2,4,9,night,OP1020,LDR001,Loader,Site Clearing,Rainy,Loose,Intermediate,8.4,3580.1,83.7,13.22,31.9,187.4,19.7,67.3,84.9,91.5,6.6
T01360,2026-08-12 20:50:00,20,2,8,night,OP1032,LDR004,Loader,Demolition,Rainy,Wet,Intermediate,3.9,6230.2,59.6,10.43,38.1,105.2,43.6,30.2,140.5,161.7,21.2
T01361,2025-10-18 10:47:27,10,5,10,day,OP1036,DZR003,Dozer,Demolition,Sunny,Wet,Intermediate,3.3,4198.3,74.2,7.29,35.9,178.3,11.6,50.2,107.1,99.1,-8.0
T01362,2025-09-10 11:59:11,11,2,9,day,OP1051,EXC002,Excavator,Earth Excavation,Rainy,Rocky,Expert,11.2,1997.4,43.3,8.05,29.5,195.6,35.2,87.6,85.8,87.9,2.1
T01363,2026-02-07 10:22:15,10,5,2,day,OP1016,LDR003,Loader,Material Loading,Windy,Wet,Beginner,2.9,3808.4,64.3,17.69,25.0,167.6,48.9,47.7,41.4,59.5,18.1
T01364,2025-03-29 08:38:37,8,5,3,day,OP1020,GRD002,Grader,Site Clearing,Rainy,Dry,Intermediate,8.4,3694.3,80.9,6.24,32.4,89.0,25.3,25.4,86.6,90.3,3.7
T01365,2026-06-24 20:56:51,20,2,6,night,OP1028,EXC003,Excavator,Demolition,Rainy,Loose,Beginner,1.6,5020.3,80.8,3.37,25.4,136.4,40.3,65.5,121.2,170.3,49.1
T01366,2026-04-08 07:41:08,7,2,4,day,OP1040,EXC001,Excavator,Site Clearing,Rainy,Rocky,Intermediate,8.2,5802.5,93.5,10.29,23.9,137.9,30.7,28.5,112.8,128.5,15.7
T01367,2025-08-15 15:06:20,15,4,8,day,OP1055,EXC001,Excavator,Site Clearing,Cloudy,Loose,Expert,12.2,4082.0,51.0,2.18,28.6,223.0,36.9,49.6,78.2,82.7,4.5
T01368,2026-08-07 14:42:33,14,4,8,day,OP1014,GRD001,Grader,Trenching,Cloudy,Clay,Expert,21.2,6502.3,79.9,9.84,29.3,205.6,26.7,93.6,63.1,58.7,-4.4
T01369,2025-07-23 20:27:10,20,2,7,night,OP1033,DZR003,Dozer,Grading,Windy,Dry,Expert,17.2,3566.1,64.2,8.23,24.5,10,19.0,38.1,42.5,45.0,2.5
T01370,2026-03-19 12:49:28,12,3,3,day,OP1001,EXC005,Excavator,Site Clearing,Cloudy,Wet,Expert,13.7,6017.1,98,7.57,25.9,177.2,37.1,57.8,91.1,96.0,4.9
T01371,2026-02-20 02:06:56,2,4,2,night,OP1004,GRD002,Grader,Demolition,Rainy,Dry,Intermediate,6.3,6086.7,50.0,6.89,30.2,120.8,17.3,59.1,118.1,129.8,11.7
T01372,2025-09-08 19:11:48,19,0,9,night,OP1015,LDR002,Loader,Trenching,Rainy,Dry,Beginner,0.6,2002.7,23.2,12.6,28.6,138.2,25.9,99.8,59.4,71.2,11.8
T01373,2025-07-11 12:10:50,12,4,7,day,OP1024,GRD002,Grader,Transfer,Rainy,Wet,Beginner,1.5,4454.6,66.0,14.95,38.7,41.9,19.9,70.6,36.8,88.5,51.7
T01374,2025-12-24 19:06:33,19,2,12,night,OP1016,EXC003,Excavator,Site Clearing,Windy,Rocky,Beginner,2.9,3691.2,92.2,14.78,13.0,125.5,41.0,89.0,97.3,138.5,41.2
T01375,2025-05-06 00:15:44,0,1,5,night,OP1057,BCK004,Backhoe,Foundation Digging,Sunny,Clay,Beginner,2.8,1549.6,94.2,9.05,35.8,214.4,11.6,77.2,82.5,119.8,37.3
T01376,2025-08-13 07:12:29,7,2,8,day,OP1027,GRD003,Grader,Demolition,Cloudy,Dry,Intermediate,6.2,1723.1,81.4,20.22,25.7,78.4,28.7,45.6,90.6,101.5,10.9
T01377,2025-04-26 14:58:40,14,5,4,day,OP1057,BCK003,Backhoe,Material Loading,Sunny,Rocky,Beginner,2.8,2164.6,88.4,8.95,37.4,168.4,14.8,7.6,39.7,50.1,10.4
T01378,2026-04-30 13:52:33,13,3,4,day,OP1054,GRD003,Grader,Foundation Digging,Foggy,Dry,Intermediate,5.0,3623.1,66.1,2.93,27.4,147.9,26.5,38.8,86.0,86.6,0.6
T01379,2026-03-02 13:39:38,13,0,3,day,OP1036,BCK001,Backhoe,Transfer,Sunny,Wet,Intermediate,3.3,6149.8,73.1,17.41,27.5,117.7,19.1,63.1,31.4,39.3,7.9
T01380,2026-07-13 19:39:40,19,0,7,night,OP1023,EXC003,Excavator,Demolition,Cloudy,Dry,Beginner,2.1,5158.7,98,17.07,24.5,55.4,49.2,79.0,100.3,155.0,54.7
T01381,2025-08-11 10:19:49,10,0,8,day,OP1023,LDR002,Loader,Transfer,Cloudy,Loose,Beginner,2.1,1795.6,50.8,7.12,29.1,245.3,47.3,71.5,26.0,40.9,14.9
T01382,2026-04-15 14:26:59,14,2,4,day,OP1028,EXC005,Excavator,Grading,Cloudy,Loose,Beginner,1.6,6214.7,63.4,2.32,24.0,199.3,40.9,53.2,47.2,62.2,15.0
T01383,2025-06-07 19:35:45,19,5,6,night,OP1038,EXC001,Excavator,Trenching,Foggy,Wet,Beginner,2.4,3579.6,69.3,9.44,33.5,283.9,35.1,67.8,64.0,94.3,30.3
T01384,2026-02-03 13:16:48,13,1,2,day,OP1017,DZR004,Dozer,Site Clearing,Windy,Clay,Expert,13.3,3786.7,90.8,10.56,24.1,173.4,22.4,18.1,80.6,79.1,-1.5
T01385,2026-06-16 08:35:01,8,1,6,day,OP1023,EXC003,Excavator,Foundation Digging,Rainy,Dry,Beginner,2.1,4958.2,57.8,12.19,35.5,253.0,32.6,88.9,102.5,149.9,47.4
T01386,2026-05-14 21:29:03,21,3,5,night,OP1045,BCK002,Backhoe,Material Loading,Cloudy,Wet,Intermediate,6.5,6286.7,86.4,7.53,34.0,50.6,33.9,26.9,43.3,48.5,5.2
T01387,2025-09-23 09:53:30,9,1,9,day,OP1003,DZR001,Dozer,Site Clearing,Rainy,Rocky,Expert,20.4,2734.9,44.3,6.4,26.8,152.3,5,75.1,101.0,103.6,2.6
T01388,2025-12-06 14:21:06,14,5,12,day,OP1031,LDR003,Loader,Material Loading,Sunny,Rocky,Expert,22.8,3349.7,65.3,1.5,16.9,167.5,20.4,14.8,41.0,40.7,-0.3
T01389,2026-07-06 19:05:53,19,0,7,night,OP1044,EXC003,Excavator,Demolition,Foggy,Loose,Beginner,1.1,5107.4,30.9,13.7,26.4,212.6,36.4,25.1,111.8,167.0,55.2
T01390,2025-11-21 09:43:01,9,4,11,day,OP1021,EXC003,Excavator,Site Clearing,Rainy,Loose,Intermediate,4.3,3447.4,76.8,6.46,22.3,197.6,29.6,70.5,89.7,99.6,9.9
T01391,2026-08-31 18:50:41,18,0,8,night,OP1008,LDR005,Loader,Grading,Windy,Dry,Beginner,1.2,4596.7,56.7,4.65,31.2,161.5,36.9,40.6,43.8,53.8,10.0
T01392,2025-07-24 10:14:58,10,3,7,day,OP1004,GRD002,Grader,Demolition,Rainy,Dry,Intermediate,6.3,4548.9,62.4,19.42,37.9,10,20.8,59.1,118.3,136.3,18.0
T01393,2025-09-24 08:36:34,8,2,9,day,OP1051,DZR004,Dozer,Foundation Digging,Rainy,Loose,Expert,11.2,2821.7,78.4,10.67,32.9,222.7,45.7,32.9,96.4,101.7,5.3
T01394,2025-11-21 02:17:26,2,4,11,night,OP1026,BCK001,Backhoe,Material Loading,Cloudy,Dry,Beginner,2.3,5409.1,51.9,5.5,18.4,216.0,28.3,31.8,36.8,26.2,-10.6
T01395,2026-02-26 13:27:14,13,3,2,day,OP1060,BCK002,Backhoe,Material Loading,Windy,Rocky,Expert,10.8,5722.2,60.8,18.98,20.8,224.2,20.8,46.2,47.0,42.3,-4.7
T01396,2026-01-22 07:07:15,7,3,1,day,OP1011,LDR005,Loader,Material Loading,Cloudy,Wet,Intermediate,6.7,2979.8,64.9,5.66,21.6,157.6,37.5,35.7,38.3,46.0,7.7
T01397,2026-02-19 13:52:02,13,3,2,day,OP1037,BCK003,Backhoe,Trenching,Cloudy,Dry,Expert,24.1,4347.0,74.0,16.33,17.3,185.8,39.6,78.6,53.1,58.1,5.0
T01398,2025-12-01 07:59:02,7,0,12,day,OP1049,BCK002,Backhoe,Grading,Cloudy,Rocky,Beginner,0.8,5085.4,55.4,6.53,15.6,174.5,39.9,65.2,53.6,92.8,39.2
T01399,2025-09-13 09:13:57,9,5,9,day,OP1050,DZR001,Dozer,Transfer,Rainy,Dry,Intermediate,7.7,2661.7,83.2,0.83,27.9,73.3,21.9,65.7,29.2,34.8,5.6
T01400,2025-10-20 07:20:50,7,0,10,day,OP1014,LDR004,Loader,Transfer,Cloudy,Dry,Expert,21.2,4065.3,63.8,17.14,27.0,111.6,10.2,93.6,26.3,18.4,-7.9
T01401,2025-11-14 10:57:59,10,4,11,day,OP1012,LDR004,Loader,Site Clearing,Cloudy,Clay,Beginner,1.4,4248.9,79.8,11.6,21.4,203.7,56.8,84.4,82.4,112.6,30.2
T01402,2025-09-18 09:18:43,9,3,9,day,OP1016,EXC005,Excavator,Site Clearing,Foggy,Rocky,Beginner,2.9,4687.4,60.8,8.27,22.8,57.0,45.0,85.8,98.7,139.8,41.1
T01403,2026-05-01 13:55:38,13,4,5,day,OP1059,DZR004,Dozer,Demolition,Cloudy,Dry,Expert,22.2,4422.0,54.8,11.54,38.7,268.1,46.8,62.6,97.6,107.6,10.0
T01404,2026-06-20 07:11:10,7,5,6,day,OP1047,DZR003,Dozer,Transfer,Rainy,Wet,Beginner,2.8,5985.7,68.8,8.69,36.0,198.4,31.8,41.0,36.4,35.2,-1.2
T01405,2025-05-31 08:06:42,8,5,5,day,OP1053,LDR005,Loader,Trenching,Sunny,Loose,Intermediate,7.0,1257.3,88.4,10.31,34.5,127.1,44.6,87.2,50.4,62.6,12.2
T01406,2026-06-05 19:59:11,19,4,6,night,OP1034,LDR003,Loader,Site Clearing,Rainy,Loose,Beginner,1.3,4672.8,65.0,10.98,35.9,73.5,17.4,66.8,88.7,126.0,37.3
T01407,2026-06-01 08:35:29,8,0,6,day,OP1057,BCK002,Backhoe,Site Clearing,Rainy,Clay,Beginner,2.8,6414.2,79.5,8.7,30.1,156.3,5,45.7,106.3,133.7,27.4
T01408,2025-08-25 06:58:31,6,0,8,day,OP1013,EXC002,Excavator,Transfer,Windy,Rocky,Expert,18.9,1879.1,88.3,14.19,33.9,136.8,5,48.1,33.1,26.4,-6.7
T01409,2025-03-21 20:51:47,20,4,3,night,OP1002,EXC007,Excavator,Earth Excavation,Rainy,Loose,Expert,18.3,3945.8,60.4,6.83,25.7,224.6,38.0,19.2,76.9,92.0,15.1
T01410,2025-08-10 00:46:35,0,6,8,night,OP1016,BCK004,Backhoe,Transfer,Rainy,Rocky,Beginner,2.9,2250.5,44.0,14.37,29.1,214.2,39.3,36.1,36.2,59.5,23.3
T01411,2025-07-23 12:21:34,12,2,7,day,OP1011,LDR003,Loader,Material Loading,Rainy,Dry,Intermediate,6.7,2356.3,60.8,12.4,35.7,53.6,40.6,61.7,39.3,54.8,15.5
T01412,2026-01-21 08:49:30,8,2,1,day,OP1041,LDR001,Loader,Foundation Digging,Windy,Wet,Intermediate,4.3,4436.0,90.7,9.49,20.6,201.2,18.7,74.7,100.0,111.3,11.3
T01413,2025-01-27 07:39:27,7,0,1,day,OP1014,GRD001,Grader,Trenching,Rainy,Wet,Expert,21.2,2434.1,82.6,7.57,8.8,172.4,33.5,100.2,68.9,77.4,8.5
T01414,2025-07-22 06:58:34,6,1,7,day,OP1043,DZR004,Dozer,Grading,Cloudy,Rocky,Expert,19.0,2354.0,75.2,13.35,30.9,172.5,18.9,82.1,48.5,48.2,-0.3
T01415,2025-12-19 10:57:29,10,4,12,day,OP1047,GRD002,Grader,Earth Excavation,Foggy,Loose,Beginner,2.8,5629.5,85.8,11.4,8.2,228.6,38.8,70.9,76.5,101.2,24.7
T01416,2026-05-18 07:09:52,7,0,5,day,OP1010,EXC002,Excavator,Demolition,Cloudy,Clay,Intermediate,8.6,3821.0,72.9,9.37,37.0,229.1,37.9,30.2,105.0,127.3,22.3
T01417,2026-02-02 20:45:10,20,0,2,night,OP1028,DZR002,Dozer,Demolition,Sunny,Clay,Beginner,1.6,5370.7,72.1,9.63,22.0,33.4,48.4,93.0,107.9,159.4,51.5
T01418,2026-08-10 08:29:14,8,0,8,day,OP1009,LDR003,Loader,Trenching,Rainy,Clay,Intermediate,5.2,5151.1,71.5,4.04,29.7,105.4,17.9,49.2,67.7,68.9,1.2
T01419,2025-01-18 07:57:27,7,5,1,day,OP1022,EXC008,Excavator,Trenching,Cloudy,Loose,Beginner,0.6,509.9,44.1,9.51,17.1,183.7,30.9,41.7,51.9,52.1,0.2
T01420,2026-09-07 13:58:42,13,0,9,day,OP1033,EXC001,Excavator,Material Loading,Windy,Clay,Expert,17.2,6914.0,95.7,8.8,30.8,185.1,26.8,47.8,44.3,51.9,7.6
T01421,2025-04-16 09:32:46,9,2,4,day,OP1017,LDR005,Loader,Grading,Rainy,Rocky,Expert,13.3,929.3,91.3,10.63,38.9,81.4,33.2,20.8,57.7,62.0,4.3
T01422,2026-09-10 23:56:00,23,3,9,night,OP1031,GRD002,Grader,Earth Excavation,Windy,Rocky,Expert,22.8,7568.0,42.1,5.98,32.8,170.0,11.1,59.0,94.8,94.0,-0.8
T01423,2026-01-02 08:43:23,8,4,1,day,OP1060,BCK003,Backhoe,Foundation Digging,Sunny,Dry,Expert,10.8,3995.0,67.4,13.76,21.0,26.8,18.3,26.2,79.5,84.1,4.6
T01424,2026-07-01 22:11:10,22,2,7,night,OP1030,BCK002,Backhoe,Foundation Digging,Windy,Dry,Intermediate,4.1,6637.3,76.9,5.95,28.8,311.1,32.3,5,90.0,111.5,21.5
T01425,2026-07-23 18:41:05,18,3,7,night,OP1015,EXC006,Excavator,Demolition,Rainy,Loose,Beginner,0.6,6717.6,46.0,1.53,30.9,195.0,41.0,85.4,133.5,184.3,50.8
T01426,2025-12-07 02:37:23,2,6,12,night,OP1038,LDR002,Loader,Transfer,Windy,Wet,Beginner,2.4,2654.7,54.4,15.44,20.8,140.7,45.5,13.8,29.5,25.9,-3.6
T01427,2026-03-12 01:15:05,1,3,3,night,OP1020,DZR003,Dozer,Foundation Digging,Windy,Dry,Intermediate,8.4,5253.9,80.8,16.09,30.6,141.4,23.8,100.3,87.0,105.0,18.0
T01428,2026-07-03 10:01:37,10,4,7,day,OP1037,EXC007,Excavator,Demolition,Rainy,Rocky,Expert,24.1,7366.2,62.1,11.31,36.7,46.3,37.7,69.1,151.7,163.5,11.8
T01429,2026-04-04 01:21:24,1,5,4,night,OP1012,BCK001,Backhoe,Foundation Digging,Sunny,Clay,Beginner,1.4,6387.0,81.4,9.87,35.8,139.2,47.9,11.1,95.3,146.4,51.1
T01430,2025-09-08 14:57:27,14,0,9,day,OP1027,EXC005,Excavator,Foundation Digging,Cloudy,Loose,Intermediate,6.2,4616.1,53.6,14.62,23.0,10,39.3,66.9,88.0,103.2,15.2
T01431,2026-05-21 12:41:30,12,3,5,day,OP1003,DZR001,Dozer,Material Loading,Sunny,Wet,Expert,20.4,4487.7,92.6,11.24,38.7,120.9,11.0,51.0,39.4,30.3,-9.1
T01432,2025-02-08 03:31:52,3,5,2,night,OP1025,GRD002,Grader,Demolition,Rainy,Dry,Expert,17.0,3335.0,78.2,13.8,18.0,195.1,46.7,29.2,107.8,123.2,15.4
T01433,2025-03-04 09:58:47,9,1,3,day,OP1017,LDR001,Loader,Site Clearing,Sunny,Loose,Expert,13.3,2078.4,56.6,20.01,27.7,264.0,15.2,43.0,71.4,66.7,-4.7
T01434,2025-01-13 15:45:02,15,0,1,day,OP1027,LDR002,Loader,Material Loading,Cloudy,Dry,Intermediate,6.2,264.3,73.8,16.43,10.1,116.4,23.2,65.1,33.0,47.0,14.0
T01435,2025-06-10 08:40:43,8,1,6,day,OP1005,DZR003,Dozer,Earth Excavation,Windy,Dry,Expert,18.5,3248.6,53.5,8.9,29.4,212.5,36.0,36.2,63.4,65.6,2.2
T01436,2026-09-17 14:18:25,14,3,9,day,OP1045,EXC003,Excavator,Demolition,Rainy,Rocky,Intermediate,6.5,5638.8,59.0,14.83,23.5,267.7,20.8,77.9,146.5,160.5,14.0
T01437,2025-08-12 11:11:20,11,1,8,day,OP1031,EXC001,Excavator,Earth Excavation,Cloudy,Dry,Expert,22.8,4058.9,85.6,10.03,33.0,170.9,28.5,29.5,63.5,64.6,1.1
T01438,2026-08-12 09:49:26,9,2,8,day,OP1018,EXC003,Excavator,Foundation Digging,Cloudy,Loose,Expert,15.8,5374.7,55.0,10.5,26.7,121.1,25.5,24.1,90.4,83.8,-6.6
T01439,2026-03-06 12:53:21,12,4,3,day,OP1037,DZR002,Dozer,Demolition,Sunny,Dry,Expert,24.1,5601.9,93.8,16.23,27.8,176.6,42.5,28.1,98.9,113.1,14.2
T01440,2025-06-25 00:57:56,0,2,6,night,OP1014,LDR005,Loader,Earth Excavation,Rainy,Dry,Expert,21.2,1437.7,59.8,13.57,36.4,139.0,29.0,98.4,69.4,74.2,4.8
T01441,2026-07-09 09:48:30,9,3,7,day,OP1047,EXC004,Excavator,Foundation Digging,Rainy,Loose,Beginner,2.8,4934.8,66.9,12.21,30.5,166.3,35.3,36.4,98.5,141.9,43.4
T01442,2025-07-02 22:38:13,22,2,7,night,OP1001,LDR001,Loader,Grading,Rainy,Clay,Expert,13.7,2958.3,77.5,14.48,29.7,107.9,44.2,64.3,53.6,64.4,10.8
T01443,2026-06-19 12:06:54,12,4,6,day,OP1002,DZR002,Dozer,Site Clearing,Windy,Loose,Expert,18.3,6368.2,98,22.56,31.4,138.8,38.1,18.8,85.3,91.7,6.4
T01444,2025-04-10 11:34:04,11,3,4,day,OP1045,EXC003,Excavator,Material Loading,Sunny,Clay,Intermediate,6.5,1805.5,58.4,17.25,43.0,83.4,32.5,102.1,35.2,53.7,18.5
T01445,2025-12-26 09:13:50,9,4,12,day,OP1041,LDR003,Loader,Demolition,Rainy,Loose,Intermediate,4.3,3494.2,68.9,15.32,15.6,133.4,5,76.6,115.4,127.5,12.1
T01446,2025-02-27 00:13:49,0,3,2,night,OP1037,EXC002,Excavator,Grading,Sunny,Clay,Expert,24.1,570.3,52.9,14.58,17.6,205.0,53.6,35.0,41.8,49.1,7.3
T01447,2026-03-04 10:54:33,10,2,3,day,OP1009,LDR002,Loader,Material Loading,Cloudy,Wet,Intermediate,5.2,3292.3,78.3,11.66,29.2,161.0,16.3,66.5,38.8,36.8,-2.0
T01448,2025-03-18 00:52:04,0,1,3,night,OP1010,DZR002,Dozer,Grading,Sunny,Dry,Intermediate,8.6,3021.3,60.4,12.6,27.0,203.9,43.4,73.6,38.8,48.8,10.0
T01449,2025-03-25 07:28:38,7,1,3,day,OP1040,EXC008,Excavator,Grading,Foggy,Clay,Intermediate,8.2,991.5,65.8,7.35,20.6,165.4,37.1,50.5,46.2,48.2,2.0
T01450,2026-05-19 15:08:16,15,1,5,day,OP1031,DZR003,Dozer,Trenching,Foggy,Wet,Expert,22.8,5754.5,67.7,13.33,38.5,214.5,34.7,13.7,69.0,73.2,4.2
T01451,2025-09-04 11:44:13,11,3,9,day,OP1037,EXC002,Excavator,Earth Excavation,Rainy,Loose,Expert,24.1,1953.5,86.6,8.66,23.3,94.9,34.1,72.2,71.6,77.2,5.6
T01452,2025-08-04 07:28:05,7,0,8,day,OP1040,DZR003,Dozer,Material Loading,Rainy,Dry,Intermediate,8.2,3649.7,53.9,5.12,30.6,258.0,37.1,35.2,39.8,41.7,1.9
T01453,2025-12-02 08:19:01,8,1,12,day,OP1050,BCK002,Backhoe,Material Loading,Windy,Rocky,Intermediate,7.7,5092.8,85.0,9.6,20.1,81.5,28.0,69.3,46.2,49.7,3.5
T01454,2026-02-16 15:00:24,15,0,2,day,OP1044,EXC007,Excavator,Earth Excavation,Sunny,Wet,Beginner,1.1,6367.6,73.2,12.62,19.4,201.3,30.2,69.4,76.3,111.0,34.7
T01455,2026-02-24 15:10:46,15,1,2,day,OP1026,EXC002,Excavator,Material Loading,Sunny,Wet,Beginner,2.3,3217.5,94.6,9.05,17.6,147.6,31.6,20.5,37.5,46.4,8.9
T01456,2025-03-08 07:44:06,7,5,3,day,OP1042,BCK002,Backhoe,Demolition,Windy,Loose,Beginner,1.3,3128.9,75.7,7.85,26.4,95.3,23.2,71.7,106.4,142.3,35.9
T01457,2026-09-15 07:08:18,7,1,9,day,OP1016,BCK004,Backhoe,Site Clearing,Windy,Rocky,Beginner,2.9,5179.7,59.6,8.67,29.4,49.5,38.4,68.3,96.1,146.7,50.6
T01458,2026-01-15 15:30:23,15,3,1,day,OP1058,LDR005,Loader,Foundation Digging,Windy,Wet,Intermediate,3.3,2931.3,64.6,13.46,23.5,189.5,38.7,98.0,94.9,108.8,13.9
T01459,2026-03-18 01:13:55,1,2,3,night,OP1016,LDR003,Loader,Material Loading,Sunny,Dry,Beginner,2.9,4090.3,79.2,9.57,17.8,202.2,47.7,80.5,34.0,35.8,1.8
T01460,2026-07-09 21:14:03,21,3,7,night,OP1044,EXC007,Excavator,Foundation Digging,Sunny,Clay,Beginner,1.1,7413.4,76.7,12.31,37.6,150.3,45.8,64.8,98.7,128.7,30.0
T01461,2026-08-08 23:21:48,23,5,8,night,OP1036,EXC004,Excavator,Grading,Sunny,Loose,Intermediate,3.3,5157.9,57.7,11.24,28.8,236.2,7.4,75.8,44.1,54.6,10.5
T01462,2025-03-01 00:22:12,0,5,3,night,OP1043,GRD002,Grader,Foundation Digging,Cloudy,Loose,Expert,19.0,3487.4,51.4,13.74,21.3,217.4,15.5,31.7,84.3,85.3,1.0
T01463,2025-05-19 15:27:01,15,0,5,day,OP1019,DZR002,Dozer,Material Loading,Cloudy,Loose,Intermediate,4.5,3478.4,85.2,16.39,39.0,155.0,19.7,39.3,36.0,28.7,-7.3
T01464,2026-09-18 23:56:37,23,4,9,night,OP1037,LDR004,Loader,Trenching,Rainy,Rocky,Expert,24.1,6501.3,67.0,12.41,35.4,225.0,48.0,93.7,78.7,93.8,15.1
T01465,2026-05-19 06:55:00,6,1,5,day,OP1036,LDR003,Loader,Transfer,Windy,Dry,Intermediate,3.3,4544.7,76.4,17.42,34.7,176.4,18.0,16.6,27.8,20.5,-7.3
T01466,2026-06-13 15:20:13,15,5,6,day,OP1002,BCK004,Backhoe,Earth Excavation,Sunny,Clay,Expert,18.3,4496.0,58.1,7.11,35.9,260.8,33.5,37.5,68.9,69.7,0.8
T01467,2026-08-20 10:56:24,10,3,8,day,OP1038,EXC006,Excavator,Foundation Digging,Sunny,Rocky,Beginner,2.4,6919.6,63.4,13.1,25.3,147.8,36.9,72.1,109.4,169.1,59.7
T01468,2026-02-18 15:55:38,15,2,2,day,OP1033,BCK004,Backhoe,Earth Excavation,Rainy,Clay,Expert,17.2,3656.7,55.8,6.21,27.7,108.6,29.1,17.5,81.8,83.7,1.9
T01469,2025-12-08 08:23:33,8,0,12,day,OP1043,EXC002,Excavator,Earth Excavation,Sunny,Dry,Expert,19.0,2646.0,82.6,6.32,17.1,76.1,16.8,90.2,58.3,54.1,-4.2
T01470,2026-01-15 22:16:47,22,3,1,night,OP1025,EXC005,Excavator,Transfer,Rainy,Rocky,Expert,17.0,5560.1,82.0,9.19,22.4,174.2,60.3,92.2,40.8,51.2,10.4
T01471,2025-12-13 09:58:36,9,5,12,day,OP1030,DZR002,Dozer,Trenching,Sunny,Dry,Intermediate,4.1,4995.1,54.7,10.29,15.4,10,30.2,40.7,52.8,56.0,3.2
T01472,2026-05-13 06:40:24,6,2,5,day,OP1035,EXC004,Excavator,Material Loading,Sunny,Wet,Beginner,2.8,4517.7,71.5,11.69,32.9,59.3,39.4,64.6,39.4,68.8,29.4
T01473,2026-01-27 02:09:02,2,1,1,night,OP1055,LDR002,Loader,Demolition,Cloudy,Dry,Expert,12.2,3026.8,91.2,10.66,22.4,240.3,34.7,90.0,92.5,99.0,6.5
T01474,2025-04-07 06:39:18,6,0,4,day,OP1005,EXC004,Excavator,Earth Excavation,Rainy,Loose,Expert,18.5,1590.4,50.9,14.85,30.6,10,42.4,22.1,71.9,77.6,5.7
T01475,2026-07-03 01:55:57,1,4,7,night,OP1056,DZR004,Dozer,Trenching,Windy,Clay,Intermediate,4.7,4878.3,50.4,10.11,32.8,10,34.8,44.2,60.1,78.4,18.3
T01476,2025-09-15 15:41:45,15,0,9,day,OP1015,LDR001,Loader,Trenching,Cloudy,Wet,Beginner,0.6,3503.6,51.9,17.82,30.2,240.1,32.3,74.6,58.6,69.0,10.4
T01477,2025-10-09 12:27:09,12,3,10,day,OP1029,GRD002,Grader,Earth Excavation,Sunny,Loose,Intermediate,8.7,5111.7,73.4,18.44,31.7,146.1,40.0,54.0,67.3,71.3,4.0
T01478,2025-09-16 08:10:47,8,1,9,day,OP1017,LDR004,Loader,Foundation Digging,Cloudy,Loose,Expert,13.3,3817.4,88.1,4.61,34.8,174.0,17.8,59.6,85.4,90.8,5.4
T01479,2026-06-26 12:16:40,12,4,6,day,OP1038,GRD003,Grader,Transfer,Sunny,Wet,Beginner,2.4,4038.7,77.1,11.99,34.0,268.4,42.9,31.9,29.0,42.1,13.1
T01480,2026-04-10 07:53:10,7,4,4,day,OP1049,DZR002,Dozer,Site Clearing,Sunny,Dry,Beginner,0.8,5855.9,51.7,5.09,31.5,284.7,42.0,61.1,77.1,96.1,19.0
T01481,2025-12-24 07:10:21,7,2,12,day,OP1021,EXC008,Excavator,Foundation Digging,Sunny,Rocky,Intermediate,4.3,2991.7,71.6,9.62,21.2,233.1,38.6,77.3,94.8,101.5,6.7
T01482,2026-09-04 06:55:33,6,4,9,day,OP1001,BCK001,Backhoe,Grading,Rainy,Dry,Expert,13.7,7505.6,70.8,17.27,31.3,60.8,37.2,24.1,57.5,64.9,7.4
T01483,2026-01-10 14:08:13,14,5,1,day,OP1053,EXC002,Excavator,Transfer,Cloudy,Dry,Intermediate,7.0,2888.7,67.6,16.5,19.4,217.6,33.4,59.8,25.1,25.9,0.8
T01484,2025-12-22 15:43:28,15,0,12,day,OP1023,LDR003,Loader,Foundation Digging,Cloudy,Wet,Beginner,2.1,3467.0,92.1,4.4,18.7,131.8,30.8,33.5,91.5,120.1,28.6
T01485,2025-02-07 01:20:13,1,4,2,night,OP1024,EXC008,Excavator,Earth Excavation,Windy,Dry,Beginner,1.5,653.9,91.4,8.57,18.7,120.8,5,14.0,59.3,70.1,10.8
T01486,2026-07-04 15:56:45,15,5,7,day,OP1014,GRD002,Grader,Demolition,Rainy,Wet,Expert,21.2,7069.1,87.4,9.24,30.3,10,27.5,86.7,145.0,151.8,6.8
T01487,2025-07-09 00:40:25,0,2,7,night,OP1025,GRD001,Grader,Transfer,Rainy,Rocky,Expert,17.0,3621.9,26.1,14.48,27.3,129.7,54.5,29.9,38.4,43.5,5.1
T01488,2026-03-18 12:30:02,12,2,3,day,OP1031,EXC008,Excavator,Site Clearing,Cloudy,Wet,Expert,22.8,3606.5,86.1,7.87,31.7,189.0,14.9,51.6,83.4,83.5,0.1
T01489,2025-09-11 23:28:02,23,3,9,night,OP1039,DZR002,Dozer,Earth Excavation,Sunny,Rocky,Expert,10.2,4320.3,52.0,8.57,27.1,221.4,17.9,30.9,77.2,68.1,-9.1
T01490,2026-04-22 13:32:12,13,2,4,day,OP1010,LDR004,Loader,Site Clearing,Sunny,Dry,Intermediate,8.6,5410.4,88.4,17.02,30.3,337.7,46.4,48.8,75.9,95.3,19.4
T01491,2025-04-03 14:29:57,14,3,4,day,OP1030,EXC007,Excavator,Demolition,Rainy,Clay,Intermediate,4.1,4038.8,65.6,19.37,31.8,97.3,33.9,32.1,121.8,131.0,9.2
T01492,2026-03-31 00:20:19,0,1,3,night,OP1049,BCK002,Backhoe,Foundation Digging,Cloudy,Wet,Beginner,0.8,5959.1,60.7,17.17,25.7,186.7,36.3,21.4,100.3,143.1,42.8
T01493,2026-03-15 01:18:54,1,6,3,night,OP1005,GRD003,Grader,Material Loading,Sunny,Dry,Expert,18.5,3283.5,51.7,12.62,27.7,176.1,30.3,85.6,33.0,39.2,6.2
T01494,2025-09-29 19:45:59,19,0,9,night,OP1027,LDR001,Loader,Trenching,Rainy,Loose,Intermediate,6.2,3607.1,60.2,14.7,26.7,298.8,26.2,21.2,62.8,79.5,16.7
T01495,2025-03-28 01:24:29,1,4,3,night,OP1043,EXC006,Excavator,Site Clearing,Sunny,Clay,Expert,19.0,3193.7,95.2,13.76,31.9,17.4,20.3,34.1,76.9,75.0,-1.9
T01496,2025-07-22 21:18:07,21,1,7,night,OP1059,GRD003,Grader,Foundation Digging,Rainy,Rocky,Expert,22.2,1566.8,87.2,11.22,29.5,88.4,62,67.0,106.0,127.1,21.1
T01497,2025-09-27 10:24:15,10,5,9,day,OP1002,GRD003,Grader,Earth Excavation,Cloudy,Loose,Expert,18.3,2052.5,73.8,9.29,22.4,208.2,27.4,39.4,62.7,61.1,-1.6
T01498,2026-08-04 15:18:30,15,1,8,day,OP1004,EXC006,Excavator,Site Clearing,Rainy,Wet,Intermediate,6.3,6804.1,72.4,21.7,37.4,92.6,19.3,33.2,114.5,125.5,11.0
T01499,2025-06-28 11:12:36,11,5,6,day,OP1005,GRD001,Grader,Earth Excavation,Sunny,Rocky,Expert,18.5,3544.8,87.3,6.25,30.9,109.1,41.5,19.0,74.9,80.4,5.5
T01500,2026-02-23 15:37:34,15,0,2,day,OP1053,EXC005,Excavator,Demolition,Rainy,Rocky,Intermediate,7.0,5842.7,64.7,7.88,20.4,151.7,23.1,75.1,149.6,171.2,21.6
T01501,2026-07-13 19:15:52,19,0,7,night,OP1011,LDR004,Loader,Demolition,Rainy,Wet,Intermediate,6.7,6010.7,73.6,12.33,31.3,147.0,35.0,37.4,134.9,175.3,40.4
T01502,2025-06-20 08:25:33,8,4,6,day,OP1059,EXC006,Excavator,Trenching,Sunny,Loose,Expert,22.2,3809.0,53.4,11.81,32.0,189.0,46.5,74.9,53.0,59.8,6.8
T01503,2026-07-23 06:52:28,6,3,7,day,OP1029,EXC001,Excavator,Demolition,Sunny,Loose,Intermediate,8.7,6576.1,92.4,4.41,30.9,191.0,25.9,39.2,107.5,130.8,23.3
T01504,2026-01-31 07:08:27,7,5,1,day,OP1046,EXC001,Excavator,Earth Excavation,Foggy,Dry,Beginner,2.1,5313.2,71.5,9.15,19.9,232.9,38.3,81.3,73.5,104.6,31.1
T01505,2025-01-17 19:33:45,19,4,1,night,OP1016,LDR003,Loader,Earth Excavation,Sunny,Clay,Beginner,2.9,993.4,93.3,12.31,18.7,200.6,46.8,105.3,63.8,78.6,14.8
T01506,2026-06-09 19:37:48,19,1,6,night,OP1036,EXC001,Excavator,Trenching,Windy,Loose,Intermediate,3.3,6258.7,85.4,14.84,34.8,98.5,7.6,98.1,62.1,67.5,5.4
T01507,2025-11-03 06:26:01,6,0,11,day,OP1007,DZR001,Dozer,Foundation Digging,Sunny,Loose,Beginner,1.2,3033.1,70.6,9.15,29.1,273.6,36.9,70.5,80.4,114.9,34.5
T01508,2026-05-13 19:54:25,19,2,5,night,OP1001,GRD002,Grader,Material Loading,Sunny,Dry,Expert,13.7,6690.7,80.2,17.13,35.8,156.7,37.9,59.4,37.4,44.7,7.3
T01509,2025-07-18 21:52:53,21,4,7,night,OP1045,EXC008,Excavator,Material Loading,Sunny,Clay,Intermediate,6.5,1835.4,64.8,12.54,34.3,103.1,23.7,91.6,35.2,21.0,-14.2
T01510,2026-01-06 10:11:41,10,1,1,day,OP1022,BCK004,Backhoe,Grading,Cloudy,Dry,Beginner,0.6,3341.1,63.7,17.69,18.2,78.7,32.3,65.4,40.5,37.7,-2.8
T01511,2025-08-05 08:24:18,8,1,8,day,OP1029,LDR001,Loader,Earth Excavation,Foggy,Dry,Intermediate,8.7,3202.1,98,12.8,30.7,57.3,36.9,22.6,69.8,88.2,18.4
T01512,2026-01-09 19:31:46,19,4,1,night,OP1039,EXC008,Excavator,Site Clearing,Foggy,Rocky,Expert,10.2,3112.2,63.6,8.72,24.6,84.5,16.6,65.5,93.5,96.7,3.2
T01513,2025-04-21 08:05:11,8,0,4,day,OP1029,GRD002,Grader,Grading,Sunny,Rocky,Intermediate,8.7,3862.0,53.2,15.78,33.2,130.6,36.7,68.5,49.7,51.1,1.4
T01514,2026-03-07 23:48:42,23,5,3,night,OP1059,EXC002,Excavator,Trenching,Windy,Wet,Expert,22.2,3300.4,93.6,13.13,29.9,257.4,51.3,51.4,59.9,71.2,11.3
T01515,2025-03-31 11:11:56,11,0,3,day,OP1037,DZR004,Dozer,Grading,Sunny,Loose,Expert,24.1,1530.4,98,10.55,25.3,20.8,40.8,8.5,39.9,40.0,0.1
T01516,2026-02-02 15:21:59,15,0,2,day,OP1059,EXC008,Excavator,Grading,Cloudy,Loose,Expert,22.2,3286.1,39.0,6.86,20.9,10,61.0,84.1,42.4,45.6,3.2
T01517,2025-10-13 22:48:26,22,0,10,night,OP1045,EXC008,Excavator,Earth Excavation,Rainy,Clay,Intermediate,6.5,2470.8,70.1,11.48,28.4,244.5,16.4,65.7,77.0,76.3,-0.7
T01518,2025-11-03 21:16:10,21,0,11,night,OP1008,EXC002,Excavator,Transfer,Cloudy,Wet,Beginner,1.2,2394.4,61.9,4.46,22.9,12.9,33.1,32.5,28.2,48.9,20.7
T01519,2025-11-11 11:54:08,11,1,11,day,OP1059,DZR004,Dozer,Grading,Windy,Clay,Expert,22.2,3173.1,88.5,9.57,20.3,50.8,62,82.3,47.8,57.1,9.3
T01520,2026-08-21 12:44:36,12,4,8,day,OP1052,GRD001,Grader,Trenching,Cloudy,Clay,Intermediate,5.8,6604.0,96.0,17.76,28.3,138.6,19.9,40.1,63.3,56.3,-7.0
T01521,2026-07-16 10:01:56,10,3,7,day,OP1057,BCK002,Backhoe,Grading,Cloudy,Dry,Beginner,2.8,6743.1,69.2,7.85,30.8,142.4,5,34.6,45.8,65.3,19.5
T01522,2025-08-19 11:58:54,11,1,8,day,OP1022,EXC005,Excavator,Site Clearing,Rainy,Dry,Beginner,0.6,4469.2,59.4,12.08,30.6,10,39.4,67.2,87.3,142.8,55.5
T01523,2026-02-04 21:01:34,21,2,2,night,OP1029,EXC005,Excavator,Demolition,Cloudy,Dry,Intermediate,8.7,5705.7,98,11.14,25.0,231.0,43.2,73.7,102.3,121.5,19.2
T01524,2026-02-20 15:52:12,15,4,2,day,OP1003,EXC005,Excavator,Earth Excavation,Sunny,Dry,Expert,20.4,5820.9,71.1,7.63,19.5,176.7,16.5,79.8,65.7,65.0,-0.7
T01525,2025-10-31 00:04:16,0,4,10,night,OP1041,EXC005,Excavator,Transfer,Rainy,Dry,Intermediate,4.3,4998.5,58.9,6.76,30.0,174.2,14.7,27.9,32.8,49.2,16.4
T01526,2025-02-06 09:08:10,9,3,2,day,OP1027,GRD001,Grader,Site Clearing,Sunny,Dry,Intermediate,6.2,2507.6,64.4,6.23,24.6,303.9,26.2,73.1,68.0,76.4,8.4
T01527,2026-01-13 20:21:35,20,1,1,night,OP1042,EXC005,Excavator,Transfer,Cloudy,Wet,Beginner,1.3,5544.9,60.6,10.32,13.2,284.2,33.5,41.2,31.6,23.1,-8.5
T01528,2025-06-24 22:23:05,22,1,6,night,OP1060,GRD002,Grader,Earth Excavation,Cloudy,Wet,Expert,10.8,4333.6,85.6,8.12,37.0,193.2,27.9,58.8,73.1,79.9,6.8
T01529,2025-03-27 00:51:45,0,3,3,night,OP1012,EXC002,Excavator,Earth Excavation,Sunny,Wet,Beginner,1.4,774.9,90.6,5.14,26.9,172.0,59.2,58.6,66.1,86.6,20.5
T01530,2025-10-08 12:26:35,12,2,10,day,OP1054,EXC003,Excavator,Material Loading,Cloudy,Loose,Intermediate,5.0,3127.1,49.9,17.67,29.1,239.9,30.7,45.6,35.5,27.6,-7.9
T01531,2025-06-04 23:13:52,23,2,6,night,OP1042,DZR002,Dozer,Transfer,Rainy,Wet,Beginner,1.3,3597.5,71.4,9.7,32.7,238.6,16.5,24.8,34.9,44.4,9.5
T01532,2025-08-25 13:00:23,13,0,8,day,OP1034,BCK003,Backhoe,Earth Excavation,Foggy,Wet,Beginner,1.3,3047.3,79.3,14.53,26.4,165.3,9.2,74.3,75.3,92.7,17.4
T01533,2026-05-19 02:15:49,2,1,5,night,OP1042,DZR001,Dozer,Demolition,Cloudy,Rocky,Beginner,1.3,4470.0,41.4,13.22,46,219.7,17.8,91.9,121.3,172.1,50.8
T01534,2025-01-10 01:03:57,1,4,1,night,OP1018,DZR001,Dozer,Site Clearing,Cloudy,Loose,Expert,15.8,863.4,65.1,8.72,18.2,161.7,13.8,14.7,73.5,77.6,4.1
T01535,2025-03-19 19:34:45,19,2,3,night,OP1051,EXC005,Excavator,Foundation Digging,Rainy,Dry,Expert,11.2,3354.6,45.7,10.78,25.2,225.4,45.1,24.1,96.4,111.3,14.9
T01536,2026-04-25 06:21:11,6,5,4,day,OP1013,EXC003,Excavator,Foundation Digging,Sunny,Loose,Expert,18.9,4577.9,66.2,9.9,38.2,165.2,5,51.1,85.3,78.5,-6.8
T01537,2026-03-12 09:53:15,9,3,3,day,OP1044,LDR001,Loader,Trenching,Windy,Dry,Beginner,1.1,4801.3,80.4,16.68,31.7,131.3,35.4,26.4,56.1,80.6,24.5
T01538,2026-04-28 15:00:34,15,1,4,day,OP1024,EXC006,Excavator,Earth Excavation,Cloudy,Dry,Beginner,1.5,6088.6,65.0,11.73,32.8,122.0,19.0,80.5,68.3,89.8,21.5
T01539,2025-12-22 12:46:46,12,0,12,day,OP1021,EXC003,Excavator,Trenching,Sunny,Clay,Intermediate,4.3,3674.7,67.8,2.89,19.2,171.7,32.9,58.4,55.3,65.7,10.4
T01540,2025-12-16 07:50:37,7,1,12,day,OP1049,BCK001,Backhoe,Grading,Rainy,Clay,Beginner,0.8,5593.3,75.5,13.76,18.7,142.0,50.8,16.1,56.1,62.0,5.9
T01541,2026-02-07 14:42:52,14,5,2,day,OP1028,LDR003,Loader,Transfer,Windy,Rocky,Beginner,1.6,3809.8,62.1,14.86,22.2,235.1,42.0,69.5,33.0,60.3,27.3
T01542,2025-05-20 13:15:29,13,1,5,day,OP1029,LDR002,Loader,Earth Excavation,Windy,Rocky,Intermediate,8.7,1190.6,87.7,12.9,45.1,221.8,38.5,21.8,74.2,84.3,10.1
T01543,2026-06-24 07:22:23,7,2,6,day,OP1044,LDR005,Loader,Earth Excavation,Windy,Rocky,Beginner,1.1,4096.8,91.3,12.78,30.2,67.5,33.7,65.8,81.5,121.3,39.8
T01544,2025-11-29 12:13:10,12,5,11,day,OP1033,EXC002,Excavator,Grading,Foggy,Rocky,Expert,17.2,2581.5,69.8,10.34,20.6,33.3,27.5,61.2,52.1,53.7,1.6
T01545,2026-03-27 21:20:38,21,4,3,night,OP1029,BCK004,Backhoe,Trenching,Sunny,Dry,Intermediate,8.7,3928.5,90.7,15.61,35.6,96.9,41.0,65.3,50.7,62.4,11.7
T01546,2026-01-24 14:13:49,14,5,1,day,OP1005,EXC008,Excavator,Site Clearing,Windy,Loose,Expert,18.5,3220.1,85.0,17.25,22.4,180.5,39.4,80.1,74.9,79.7,4.8
T01547,2025-07-10 14:37:10,14,3,7,day,OP1017,EXC005,Excavator,Site Clearing,Rainy,Loose,Expert,13.3,4178.0,63.1,8.94,29.9,203.0,19.2,21.9,94.8,96.0,1.2
T01548,2025-03-23 02:05:33,2,6,3,night,OP1031,BCK002,Backhoe,Demolition,Cloudy,Clay,Expert,22.8,3236.7,82.6,13.79,26.4,146.4,25.0,61.2,102.6,112.4,9.8
T01549,2025-08-08 10:26:25,10,4,8,day,OP1030,EXC006,Excavator,Transfer,Cloudy,Dry,Intermediate,4.1,4167.4,57.1,16.25,32.3,256.5,26.6,86.8,26.4,22.4,-4.0
T01550,2026-07-10 21:28:25,21,4,7,night,OP1018,LDR003,Loader,Demolition,Windy,Rocky,Expert,15.8,4928.7,67.7,21.06,33.9,149.5,23.4,35.1,131.9,137.9,6.0
T01551,2026-06-09 10:40:24,10,1,6,day,OP1043,EXC003,Excavator,Grading,Cloudy,Wet,Expert,19.0,4907.7,69.6,13.08,33.1,194.8,22.3,86.6,48.9,42.6,-6.3
T01552,2026-05-06 14:53:56,14,2,5,day,OP1024,DZR001,Dozer,Foundation Digging,Sunny,Wet,Beginner,1.5,4378.9,59.4,20.31,37.1,26.6,18.5,72.3,91.9,119.8,27.9
T01553,2025-10-09 06:35:32,6,3,10,day,OP1046,EXC005,Excavator,Transfer,Cloudy,Rocky,Beginner,2.1,4839.9,74.9,16.94,28.1,10,44.9,46.3,33.5,38.3,4.8
T01554,2026-07-04 21:41:00,21,5,7,night,OP1013,EXC003,Excavator,Trenching,Sunny,Dry,Expert,18.9,5093.6,92.5,2.29,32.6,152.7,5.3,53.1,53.0,58.8,5.8
T01555,2026-02-24 11:13:44,11,1,2,day,OP1033,LDR005,Loader,Foundation Digging,Sunny,Loose,Expert,17.2,3222.0,95.2,20.1,17.5,228.3,39.6,52.3,81.0,91.1,10.1
T01556,2026-04-06 06:39:16,6,0,4,day,OP1060,LDR003,Loader,Demolition,Sunny,Clay,Expert,10.8,4230.7,67.9,1.79,29.6,108.8,38.1,87.1,103.5,111.6,8.1
T01557,2025-09-25 19:53:01,19,3,9,night,OP1040,GRD001,Grader,Transfer,Sunny,Wet,Intermediate,8.2,4197.1,78.6,20.0,30.6,160.9,40.4,83.0,29.2,29.7,0.5
T01558,2026-04-15 15:27:40,15,2,4,day,OP1045,BCK002,Backhoe,Site Clearing,Sunny,Wet,Intermediate,6.5,6073.2,65.5,18.16,26.6,131.1,36.0,35.5,88.6,124.0,35.4
T01559,2025-01-14 12:44:30,12,1,1,day,OP1015,EXC008,Excavator,Demolition,Rainy,Rocky,Beginner,0.6,482.2,46.8,17.35,20.6,130.7,22.7,81.6,136.0,195.1,59.1
T01560,2026-06-30 13:12:35,13,1,6,day,OP1003,EXC002,Excavator,Demolition,Cloudy,Rocky,Expert,20.4,4136.7,65.5,9.43,27.9,150.0,10.5,41.5,119.8,110.9,-8.9
T01561,2025-02-01 07:50:28,7,5,2,day,OP1017,EXC002,Excavator,Material Loading,Cloudy,Rocky,Expert,13.3,382.9,84.9,4.68,20.0,64.7,15.3,5,40.9,36.6,-4.3
T01562,2025-05-09 15:43:04,15,4,5,day,OP1035,EXC003,Excavator,Site Clearing,Rainy,Loose,Beginner,2.8,2018.5,47.2,5.77,32.8,208.6,47.1,79.9,85.4,119.6,34.2
T01563,2025-11-17 22:27:16,22,0,11,night,OP1048,EXC008,Excavator,Grading,Sunny,Wet,Beginner,2.2,2726.2,66.0,9.64,21.9,88.1,21.2,17.3,43.7,61.1,17.4
T01564,2025-07-17 12:14:45,12,3,7,day,OP1021,GRD002,Grader,Demolition,Foggy,Loose,Intermediate,4.3,4498.4,87.2,16.66,30.3,159.4,43.2,35.8,113.2,130.6,17.4
T01565,2026-09-08 07:23:38,7,1,9,day,OP1047,DZR004,Dozer,Transfer,Sunny,Loose,Beginner,2.8,5369.0,78.4,7.49,31.8,219.5,46.8,56.3,28.1,35.7,7.6
T01566,2025-09-23 08:58:55,8,1,9,day,OP1052,EXC007,Excavator,Site Clearing,Rainy,Dry,Intermediate,5.8,5300.0,85.9,5.62,34.0,150.1,13.4,85.3,88.6,87.8,-0.8
T01567,2025-12-24 11:04:21,11,2,12,day,OP1037,LDR003,Loader,Site Clearing,Foggy,Dry,Expert,24.1,3480.1,61.6,6.91,20.7,53.0,35.1,58.1,76.2,85.7,9.5
T01568,2025-12-13 23:42:06,23,5,12,night,OP1040,LDR004,Loader,Material Loading,Rainy,Wet,Intermediate,8.2,4464.5,47.9,5.51,17.6,246.2,39.5,37.0,47.3,55.6,8.3
T01569,2025-03-26 13:10:12,13,2,3,day,OP1006,LDR002,Loader,Site Clearing,Cloudy,Rocky,Intermediate,3.3,789.1,74.8,13.24,26.4,272.0,13.9,63.3,86.8,92.7,5.9
T01570,2025-06-23 06:48:09,6,0,6,day,OP1053,BCK004,Backhoe,Site Clearing,Rainy,Wet,Intermediate,7.0,1901.9,98,12.64,38.4,25.4,30.8,94.1,92.9,119.2,26.3
T01571,2025-10-11 14:23:45,14,5,10,day,OP1051,EXC001,Excavator,Demolition,Sunny,Dry,Expert,11.2,4497.9,41.0,5.53,31.8,252.9,44.5,79.8,95.0,104.2,9.2
T01572,2026-07-30 08:42:56,8,3,7,day,OP1009,BCK001,Backhoe,Grading,Windy,Rocky,Intermediate,5.2,7243.3,71.8,5.3,30.8,111.7,36.1,32.1,57.4,60.9,3.5
T01573,2026-08-28 22:51:42,22,4,8,night,OP1013,EXC007,Excavator,Foundation Digging,Rainy,Loose,Expert,18.9,7778.9,76.8,12.31,27.3,196.0,14.4,42.6,118.3,113.4,-4.9
T01574,2025-09-05 15:56:27,15,4,9,day,OP1003,EXC003,Excavator,Demolition,Rainy,Rocky,Expert,20.4,2887.2,66.7,4.97,27.8,128.7,5,42.0,127.1,120.5,-6.6
T01575,2025-08-18 11:49:46,11,0,8,day,OP1044,GRD002,Grader,Earth Excavation,Rainy,Dry,Beginner,1.1,4731.9,61.4,6.49,29.8,205.2,37.4,16.5,77.6,118.7,41.1
T01576,2026-04-27 15:55:08,15,0,4,day,OP1060,BCK003,Backhoe,Trenching,Windy,Dry,Expert,10.8,4836.7,71.6,7.47,38.8,10,27.6,27.3,57.5,57.1,-0.4
T01577,2025-09-08 18:28:24,18,0,9,night,OP1057,EXC008,Excavator,Demolition,Foggy,Rocky,Beginner,2.8,2214.0,61.3,12.73,26.5,137.2,13.9,66.6,119.2,157.2,38.0
T01578,2025-07-08 14:37:54,14,1,7,day,OP1030,EXC005,Excavator,Grading,Sunny,Loose,Intermediate,4.1,4163.4,59.7,4.27,31.1,232.7,14.1,22.1,42.6,25.9,-16.7
T01579,2025-03-12 14:54:57,14,2,3,day,OP1049,DZR002,Dozer,Earth Excavation,Foggy,Clay,Beginner,0.8,2981.8,50.8,12.3,21.0,220.8,45.4,66.1,76.1,93.8,17.7
T01580,2026-04-24 12:08:41,12,4,4,day,OP1056,BCK003,Backhoe,Material Loading,Foggy,Wet,Intermediate,4.7,4813.7,86.4,13.12,33.9,151.6,38.6,44.7,44.9,50.5,5.6
T01581,2025-03-04 08:10:46,8,1,3,day,OP1012,EXC007,Excavator,Demolition,Sunny,Dry,Beginner,1.4,3817.9,55.4,17.0,28.2,61.7,43.2,61.9,92.6,143.2,50.6
T01582,2025-01-11 23:03:20,23,5,1,night,OP1010,DZR004,Dozer,Site Clearing,Windy,Wet,Intermediate,8.6,957.3,52.6,9.11,16.0,196.2,30.3,60.2,82.2,94.2,12.0
T01583,2025-02-04 03:12:48,3,1,2,night,OP1034,EXC006,Excavator,Grading,Cloudy,Clay,Beginner,1.3,2814.7,66.2,10.27,18.5,97.1,25.2,22.0,43.6,61.3,17.7
T01584,2025-10-14 10:31:48,10,1,10,day,OP1034,LDR002,Loader,Foundation Digging,Cloudy,Rocky,Beginner,1.3,2262.9,67.3,14.32,21.5,124.6,9.1,56.7,95.8,125.4,29.6
T01585,2025-07-25 10:56:15,10,4,7,day,OP1003,EXC004,Excavator,Demolition,Cloudy,Rocky,Expert,20.4,2387.4,70.2,10.98,32.9,85.6,7.0,21.0,112.4,98.3,-14.1
T01586,2025-03-28 11:30:19,11,4,3,day,OP1008,EXC004,Excavator,Demolition,Sunny,Dry,Beginner,1.2,1518.9,46.3,15.82,32.2,186.6,40.0,75.2,88.0,111.8,23.8
T01587,2026-02-28 19:57:38,19,5,2,night,OP1026,DZR004,Dozer,Grading,Cloudy,Rocky,Beginner,2.3,3971.2,53.7,24.69,29.5,102.9,22.7,88.0,51.4,55.5,4.1
T01588,2026-01-16 09:32:42,9,4,1,day,OP1037,LDR004,Loader,Foundation Digging,Windy,Dry,Expert,24.1,4708.4,72.6,12.18,30.5,118.4,51.5,27.2,90.8,97.8,7.0
T01589,2026-03-31 22:50:52,22,1,3,night,OP1018,BCK002,Backhoe,Material Loading,Rainy,Loose,Expert,15.8,5965.9,43.0,6.72,26.7,203.5,10.0,54.2,47.2,42.6,-4.6
T01590,2025-08-25 13:51:49,13,0,8,day,OP1039,GRD002,Grader,Trenching,Rainy,Rocky,Expert,10.2,4783.6,71.5,14.04,32.9,270.5,18.5,35.1,78.2,72.6,-5.6
T01591,2025-08-20 03:37:18,3,2,8,night,OP1053,DZR002,Dozer,Earth Excavation,Sunny,Loose,Intermediate,7.0,4153.7,85.3,4.58,33.2,94.3,22.7,36.7,64.9,73.4,8.5
T01592,2026-04-13 09:27:38,9,0,4,day,OP1009,EXC003,Excavator,Transfer,Windy,Rocky,Intermediate,5.2,4491.3,63.4,8.08,34.2,218.8,27.7,46.8,33.5,46.5,13.0
T01593,2025-12-11 09:21:34,9,3,12,day,OP1012,EXC008,Excavator,Site Clearing,Rainy,Loose,Beginner,1.4,2897.4,51.6,13.1,16.8,74.6,54.2,16.2,86.2,122.5,36.3
T01594,2025-04-23 10:47:05,10,2,4,day,OP1007,EXC005,Excavator,Demolition,Cloudy,Rocky,Beginner,1.2,3607.5,81.8,10.74,23.7,89.7,46.5,68.8,117.4,162.0,44.6
T01595,2025-10-25 09:40:06,9,5,10,day,OP1010,GRD001,Grader,Grading,Cloudy,Loose,Intermediate,8.6,4413.0,86.2,6.82,30.4,157.4,29.2,55.8,44.2,62.8,18.6
T01596,2026-04-02 10:41:57,10,3,4,day,OP1046,DZR003,Dozer,Trenching,Rainy,Rocky,Beginner,2.1,5410.0,69.1,9.27,30.9,10,45.6,5,83.6,116.3,32.7
T01597,2025-04-03 03:22:33,3,3,4,night,OP1032,BCK004,Backhoe,Trenching,Sunny,Loose,Intermediate,3.9,1309.6,78.6,8.19,35.5,178.4,45.7,43.2,50.4,77.3,26.9
T01598,2026-07-06 09:12:30,9,0,7,day,OP1047,LDR002,Loader,Transfer,Cloudy,Clay,Beginner,2.8,4197.0,55.3,12.15,37.9,10,36.2,36.9,29.0,20.7,-8.3
T01599,2026-07-07 10:49:13,10,1,7,day,OP1036,EXC004,Excavator,Material Loading,Cloudy,Wet,Intermediate,3.3,4920.5,75.8,16.58,30.1,201.2,16.1,9.7,41.2,39.6,-1.6
T01600,2026-05-08 10:15:58,10,4,5,day,OP1002,EXC005,Excavator,Foundation Digging,Sunny,Wet,Expert,18.3,6381.3,66.8,0,35.3,33.0,26.0,78.1,98.8,100.7,1.9
T01601,2025-01-07 20:05:30,20,1,1,night,OP1048,DZR003,Dozer,Earth Excavation,Windy,Clay,Beginner,2.2,2127.9,67.4,14.24,18.5,161.3,24.0,74.5,66.8,101.9,35.1
T01602,2025-10-01 11:06:44,11,2,10,day,OP1054,BCK003,Backhoe,Earth Excavation,Cloudy,Clay,Intermediate,5.0,3316.9,87.7,5.41,28.5,82.7,26.5,75.0,67.9,73.9,6.0
T01603,2026-05-09 14:33:40,14,5,5,day,OP1052,LDR002,Loader,Demolition,Rainy,Loose,Intermediate,5.8,3775.2,77.3,6.82,37.1,157.9,35.3,52.4,112.3,125.3,13.0
T01604,2026-02-27 15:12:52,15,4,2,day,OP1003,EXC007,Excavator,Demolition,Cloudy,Wet,Expert,20.4,6448.0,64.7,8.38,21.0,163.1,5,36.8,119.6,116.4,-3.2
T01605,2025-11-06 15:32:31,15,3,11,day,OP1024,DZR002,Dozer,Grading,Sunny,Clay,Beginner,1.5,4726.7,56.5,16.01,28.7,144.5,18.7,48.8,45.5,67.0,21.5
T01606,2025-06-30 08:53:58,8,0,6,day,OP1026,BCK004,Backhoe,Transfer,Cloudy,Wet,Beginner,2.3,1953.7,86.0,4.67,31.2,156.9,24.4,66.5,28.2,55.7,27.5
T01607,2026-05-07 08:17:11,8,3,5,day,OP1009,DZR003,Dozer,Foundation Digging,Sunny,Rocky,Intermediate,5.2,5664.8,83.5,8.21,41.4,204.9,26.1,17.6,104.8,107.5,2.7
T01608,2026-08-22 08:03:56,8,5,8,day,OP1049,GRD002,Grader,Grading,Sunny,Wet,Beginner,0.8,7424.4,47.8,14.3,33.3,36.2,43.8,84.1,51.9,71.8,19.9
T01609,2026-06-22 08:10:32,8,0,6,day,OP1015,EXC007,Excavator,Trenching,Rainy,Clay,Beginner,0.6,7285.4,58.3,6.79,37.7,130.1,14.0,8.4,73.6,83.1,9.5
T01610,2025-11-22 10:32:20,10,5,11,day,OP1038,DZR004,Dozer,Site Clearing,Rainy,Dry,Beginner,2.4,3253.0,72.2,7.96,18.9,66.4,45.1,64.2,82.5,126.5,44.0
T01611,2025-06-26 11:01:20,11,3,6,day,OP1045,GRD001,Grader,Grading,Rainy,Wet,Intermediate,6.5,3530.1,71.5,11.68,33.1,185.5,33.1,67.9,52.4,72.6,20.2
T01612,2025-06-12 11:40:18,11,3,6,day,OP1041,GRD002,Grader,Earth Excavation,Cloudy,Loose,Intermediate,4.3,4242.7,56.6,16.79,29.9,86.8,6.3,37.1,67.1,72.6,5.5
T01613,2026-09-07 11:55:16,11,0,9,day,OP1044,DZR001,Dozer,Site Clearing,Rainy,Dry,Beginner,1.1,5283.2,48.1,11.48,27.3,153.3,22.3,84.6,87.3,122.2,34.9
T01614,2025-12-26 10:50:33,10,4,12,day,OP1056,LDR002,Loader,Foundation Digging,Sunny,Clay,Intermediate,4.7,2795.9,57.9,17.18,12.4,209.5,42.9,98.8,83.5,102.9,19.4
T01615,2026-03-02 10:09:15,10,0,3,day,OP1059,BCK002,Backhoe,Transfer,Sunny,Clay,Expert,22.2,5750.4,56.1,8.15,25.2,112.0,52.0,71.8,29.8,39.1,9.3
T01616,2026-05-15 13:50:32,13,4,5,day,OP1042,LDR004,Loader,Grading,Sunny,Dry,Beginner,1.3,5578.4,69.1,17.96,35.2,185.6,33.9,33.6,42.7,72.9,30.2
T01617,2025-07-24 10:03:27,10,3,7,day,OP1051,DZR002,Dozer,Grading,Rainy,Wet,Expert,11.2,3958.5,91.3,9.83,34.1,231.8,39.9,56.3,53.4,51.6,-1.8
T01618,2025-02-14 09:11:52,9,4,2,day,OP1034,DZR001,Dozer,Foundation Digging,Rainy,Dry,Beginner,1.3,1121.4,59.8,12.65,21.0,111.4,9.7,49.4,90.6,102.3,11.7
T01619,2026-07-20 12:14:12,12,0,7,day,OP1041,LDR001,Loader,Trenching,Rainy,Loose,Intermediate,4.3,5751.0,44.7,10.27,33.0,134.1,12.2,80.1,66.9,59.2,-7.7
T01620,2025-05-14 09:39:47,9,2,5,day,OP1032,EXC008,Excavator,Demolition,Cloudy,Clay,Intermediate,3.9,1357.2,60.1,7.88,39.6,147.0,51.3,21.8,99.7,110.2,10.5
T01621,2026-01-29 15:26:52,15,3,1,day,OP1002,BCK002,Backhoe,Site Clearing,Cloudy,Rocky,Expert,18.3,5518.4,66.8,13.03,19.5,232.5,42.0,11.8,97.3,99.4,2.1
T01622,2026-06-20 14:11:56,14,5,6,day,OP1023,EXC002,Excavator,Foundation Digging,Rainy,Clay,Beginner,2.1,4064.0,74.2,13.18,34.3,200.5,34.5,77.9,104.0,139.3,35.3
T01623,2025-09-27 14:46:47,14,5,9,day,OP1023,LDR001,Loader,Foundation Digging,Rainy,Wet,Beginner,2.1,3591.0,69.8,14.38,32.6,187.1,38.3,25.8,111.1,157.1,46.0
T01624,2026-01-10 09:05:04,9,5,1,day,OP1028,EXC001,Excavator,Demolition,Cloudy,Dry,Beginner,1.6,5160.5,84.8,6.34,19.0,175.0,46.2,32.2,100.3,151.4,51.1
T01625,2025-10-17 02:12:26,2,4,10,night,OP1026,BCK003,Backhoe,Site Clearing,Foggy,Clay,Beginner,2.3,3430.9,47.1,9.3,29.5,31.8,15.9,38.2,88.9,129.9,41.0
T01626,2025-09-26 09:53:05,9,4,9,day,OP1055,GRD001,Grader,Foundation Digging,Rainy,Loose,Expert,12.2,4201.4,70.2,7.1,37.3,138.6,48.8,32.0,95.9,106.0,10.1
T01627,2025-01-18 14:47:26,14,5,1,day,OP1002,EXC003,Excavator,Material Loading,Windy,Rocky,Expert,18.3,1207.9,64.7,1.44,19.1,102.0,26.5,43.7,41.5,39.9,-1.6
T01628,2026-04-29 13:18:33,13,2,4,day,OP1003,LDR004,Loader,Site Clearing,Sunny,Dry,Expert,20.4,5461.4,48.3,3.9,29.9,66.6,5,41.2,76.1,70.2,-5.9
T01629,2025-01-18 12:12:02,12,5,1,day,OP1010,GRD003,Grader,Grading,Rainy,Clay,Intermediate,8.6,213.5,49.5,18.79,26.3,10,51.6,50.9,49.6,59.8,10.2
T01630,2025-06-21 08:08:54,8,5,6,day,OP1037,LDR004,Loader,Material Loading,Foggy,Dry,Expert,24.1,3182.3,56.3,11.48,25.2,86.7,33.4,13.2,37.8,37.4,-0.4
T01631,2026-03-14 09:39:01,9,5,3,day,OP1010,BCK003,Backhoe,Transfer,Sunny,Dry,Intermediate,8.6,4513.6,74.6,7.5,25.5,10,51.1,29.0,25.9,19.0,-6.9
T01632,2026-03-24 22:26:09,22,1,3,night,OP1032,BCK002,Backhoe,Trenching,Sunny,Dry,Intermediate,3.9,5914.7,68.4,7.5,25.8,71.6,54.7,21.5,54.6,55.4,0.8
T01633,2025-09-26 08:01:32,8,4,9,day,OP1023,GRD002,Grader,Transfer,Rainy,Wet,Beginner,2.1,5015.4,79.7,12.43,36.6,275.5,35.9,65.0,34.4,5.0,-29.4
T01634,2025-05-11 02:50:39,2,6,5,night,OP1046,LDR005,Loader,Trenching,Cloudy,Loose,Beginner,2.1,1109.7,66.4,10.73,38.8,163.2,39.7,61.8,51.9,76.6,24.7
T01635,2025-11-29 03:25:44,3,5,11,night,OP1057,GRD001,Grader,Earth Excavation,Sunny,Loose,Beginner,2.8,4666.6,44.1,8.93,27.4,35.2,5,58.0,66.2,98.5,32.3
T01636,2026-01-29 11:46:07,11,3,1,day,OP1023,EXC001,Excavator,Foundation Digging,Sunny,Rocky,Beginner,2.1,5300.1,40.9,19.24,22.2,175.5,30.5,55.6,103.4,157.9,54.5
T01637,2026-02-25 06:38:45,6,2,2,day,OP1017,EXC005,Excavator,Demolition,Sunny,Wet,Expert,13.3,5854.6,51.1,9.94,18.0,213.5,44.7,6.7,113.8,118.1,4.3
T01638,2025-12-15 13:35:21,13,0,12,day,OP1039,EXC003,Excavator,Site Clearing,Sunny,Dry,Expert,10.2,3623.8,88.7,10.45,11.9,185.0,22.1,22.5,71.1,73.7,2.6
T01639,2025-01-22 13:52:39,13,2,1,day,OP1044,LDR005,Loader,Material Loading,Cloudy,Loose,Beginner,1.1,317.4,68.3,11.24,19.6,70.9,36.5,60.1,34.6,43.4,8.8
T01640,2026-04-29 00:02:46,0,2,4,night,OP1041,BCK002,Backhoe,Foundation Digging,Cloudy,Dry,Intermediate,4.3,6170.7,80.2,13.9,35.7,218.5,5,59.0,88.6,86.7,-1.9
T01641,2025-06-12 13:14:19,13,3,6,day,OP1010,LDR003,Loader,Material Loading,Cloudy,Wet,Intermediate,8.6,2057.3,81.6,10.61,32.0,10,42.2,88.0,37.6,45.8,8.2
T01642,2025-03-13 07:42:51,7,3,3,day,OP1041,LDR004,Loader,Grading,Sunny,Dry,Intermediate,4.3,2452.1,77.0,9.6,27.8,311.3,20.8,39.7,38.0,51.9,13.9
T01643,2025-06-02 07:04:50,7,0,6,day,OP1010,GRD002,Grader,Demolition,Windy,Wet,Intermediate,8.6,4168.3,43.7,9.82,32.9,259.4,37.7,48.7,110.8,120.3,9.5
T01644,2025-11-18 14:03:12,14,1,11,day,OP1013,BCK002,Backhoe,Transfer,Windy,Loose,Expert,18.9,4992.3,59.8,9.57,18.8,85.8,13.0,42.6,30.1,31.5,1.4
T01645,2026-09-15 07:18:47,7,1,9,day,OP1001,EXC002,Excavator,Foundation Digging,Sunny,Rocky,Expert,13.7,4697.0,83.1,16.44,32.1,141.2,25.1,23.5,101.2,103.1,1.9
T01646,2026-02-24 22:18:57,22,1,2,night,OP1050,BCK003,Backhoe,Demolition,Cloudy,Clay,Intermediate,7.7,4386.1,89.6,19.38,25.1,138.1,27.4,40.3,107.2,129.1,21.9
T01647,2026-07-17 00:52:32,0,4,7,night,OP1049,EXC006,Excavator,Earth Excavation,Cloudy,Wet,Beginner,0.8,6668.3,84.3,5.81,31.0,114.4,36.5,57.1,79.5,116.9,37.4
T01648,2026-04-02 23:26:22,23,3,4,night,OP1035,GRD001,Grader,Transfer,Sunny,Clay,Beginner,2.8,5577.9,77.9,15.34,26.9,221.4,45.3,42.3,29.7,51.2,21.5
T01649,2026-03-26 01:09:58,1,3,3,night,OP1026,EXC005,Excavator,Trenching,Rainy,Dry,Beginner,2.3,6064.6,71.5,12.5,23.7,126.5,27.1,48.9,65.1,85.0,19.9
T01650,2025-12-13 12:00:39,12,5,12,day,OP1056,GRD003,Grader,Foundation Digging,Foggy,Rocky,Intermediate,4.7,2615.1,57.5,13.84,17.1,123.3,34.2,14.7,105.8,117.5,11.7
T01651,2025-10-23 01:54:30,1,3,10,night,OP1060,DZR002,Dozer,Material Loading,Cloudy,Clay,Expert,10.8,4620.4,71.3,11.0,26.3,20.8,26.2,78.2,39.3,46.3,7.0
T01652,2026-03-07 01:14:24,1,5,3,night,OP1041,EXC003,Excavator,Trenching,Windy,Loose,Intermediate,4.3,4218.7,69.6,8.45,25.7,10,13.7,28.0,57.6,70.2,12.6
T01653,2025-09-24 11:02:15,11,2,9,day,OP1019,GRD002,Grader,Earth Excavation,Foggy,Wet,Intermediate,4.5,5001.7,78.6,14.55,30.5,284.7,17.4,37.8,79.1,64.6,-14.5
T01654,2025-09-23 23:40:00,23,1,9,night,OP1020,DZR002,Dozer,Transfer,Rainy,Loose,Intermediate,8.4,4408.0,86.6,11.8,29.8,217.7,39.1,41.7,32.5,38.5,6.0
T01655,2025-06-20 15:55:35,15,4,6,day,OP1055,EXC005,Excavator,Trenching,Windy,Wet,Expert,12.2,4032.4,49.0,15.14,35.3,215.9,47.3,64.6,60.5,66.9,6.4
T01656,2026-06-15 08:47:56,8,0,6,day,OP1051,EXC007,Excavator,Grading,Cloudy,Dry,Expert,11.2,7234.5,56.7,7.18,39.3,221.7,45.3,44.8,46.6,50.8,4.2
T01657,2025-11-27 15:53:17,15,3,11,day,OP1007,EXC006,Excavator,Grading,Sunny,Rocky,Beginner,1.2,4979.3,83.1,12.36,24.0,89.0,44.2,37.3,51.8,70.4,18.6
T01658,2026-02-28 15:40:37,15,5,2,day,OP1012,EXC004,Excavator,Earth Excavation,Windy,Wet,Beginner,1.4,3980.2,74.6,4.04,15.1,164.2,43.2,55.7,73.4,101.5,28.1
T01659,2026-05-11 23:53:56,23,0,5,night,OP1060,LDR004,Loader,Site Clearing,Cloudy,Rocky,Expert,10.8,5552.2,88.2,3.46,40.8,145.3,28.9,71.1,97.5,110.4,12.9
T01660,2026-08-12 10:25:11,10,2,8,day,OP1032,DZR003,Dozer,Transfer,Cloudy,Wet,Intermediate,3.9,6373.5,84.7,18.67,27.7,207.0,43.4,60.9,32.5,29.5,-3.0
T01661,2025-12-26 13:55:10,13,4,12,day,OP1055,EXC005,Excavator,Grading,Sunny,Clay,Expert,12.2,5411.5,72.2,12.3,25.3,114.9,36.0,45.7,46.7,53.0,6.3
T01662,2025-01-06 08:02:18,8,0,1,day,OP1013,DZR001,Dozer,Demolition,Cloudy,Wet,Expert,18.9,836.3,58.3,10.38,18.2,138.9,24.2,75.3,103.3,94.5,-8.8
T01663,2025-11-01 01:06:51,1,5,11,night,OP1002,LDR002,Loader,Trenching,Sunny,Loose,Expert,18.3,2391.4,91.8,15.88,29.0,158.8,39.3,33.6,50.4,57.4,7.0
T01664,2025-05-27 08:01:01,8,1,5,day,OP1013,DZR002,Dozer,Material Loading,Cloudy,Wet,Expert,18.9,3534.5,65.4,6.56,37.4,140.8,5,74.4,39.1,37.2,-1.9
T01665,2026-03-16 12:53:59,12,0,3,day,OP1040,EXC007,Excavator,Material Loading,Rainy,Loose,Intermediate,8.2,6571.4,71.6,9.38,25.0,86.5,22.6,8.6,46.4,39.0,-7.4
T01666,2026-05-14 15:40:21,15,3,5,day,OP1028,DZR004,Dozer,Site Clearing,Cloudy,Clay,Beginner,1.6,4517.4,42.1,9.18,34.9,72.8,61.9,78.6,83.3,119.7,36.4
T01667,2026-08-01 02:13:26,2,5,8,night,OP1054,GRD002,Grader,Demolition,Windy,Wet,Intermediate,5.0,7269.4,69.3,10.29,35.1,232.0,31.8,31.0,130.4,163.1,32.7
T01668,2026-02-28 14:07:57,14,5,2,day,OP1052,LDR001,Loader,Site Clearing,Cloudy,Loose,Intermediate,5.8,4715.0,77.7,7.94,18.7,115.6,34.6,69.7,80.1,108.2,28.1
T01669,2025-11-04 00:33:56,0,1,11,night,OP1046,BCK001,Backhoe,Material Loading,Sunny,Rocky,Beginner,2.1,5284.4,87.5,10.62,23.3,140.3,36.7,57.1,44.1,54.8,10.7
T01670,2025-02-06 14:05:46,14,3,2,day,OP1023,LDR001,Loader,Earth Excavation,Windy,Loose,Beginner,2.1,1889.9,67.7,8.07,17.2,135.0,17.7,32.3,67.5,104.9,37.4
T01671,2026-01-02 23:22:02,23,4,1,night,OP1045,LDR001,Loader,Earth Excavation,Cloudy,Loose,Intermediate,6.5,4301.7,98,12.36,20.7,122.4,45.5,38.2,67.2,87.0,19.8
T01672,2025-05-08 13:26:47,13,3,5,day,OP1010,DZR001,Dozer,Site Clearing,Cloudy,Clay,Intermediate,8.6,1728.6,75.9,13.59,33.0,296.9,43.0,68.9,77.0,75.3,-1.7
T01673,2026-06-05 20:39:52,20,4,6,night,OP1055,EXC005,Excavator,Transfer,Cloudy,Clay,Expert,12.2,6588.9,62.0,9.7,31.7,181.3,51.3,97.9,31.6,36.2,4.6
T01674,2026-08-12 10:57:31,10,2,8,day,OP1035,EXC004,Excavator,Site Clearing,Sunny,Rocky,Beginner,2.8,5183.3,68.3,14.75,34.1,87.1,43.3,32.0,93.4,132.5,39.1
T01675,2025-11-01 09:23:02,9,5,11,day,OP1056,BCK001,Backhoe,Site Clearing,Sunny,Loose,Intermediate,4.7,5265.2,68.2,5.1,20.3,297.1,51.0,22.6,79.3,100.1,20.8
T01676,2026-07-21 13:37:23,13,1,7,day,OP1004,DZR003,Dozer,Trenching,Rainy,Clay,Intermediate,6.3,6213.9,63.1,12.53,30.1,185.2,28.0,39.9,74.8,90.9,16.1
T01677,2025-11-04 12:32:05,12,1,11,day,OP1034,LDR002,Loader,Trenching,Rainy,Wet,Beginner,1.3,2416.8,63.9,6.5,25.5,191.8,31.1,59.5,64.9,94.3,29.4
T01678,2026-05-04 21:47:34,21,0,5,night,OP1057,EXC001,Excavator,Foundation Digging,Sunny,Loose,Beginner,2.8,5996.6,73.7,12.56,42.3,234.5,5,77.7,89.8,118.3,28.5
T01679,2026-02-28 10:28:13,10,5,2,day,OP1056,LDR003,Loader,Demolition,Rainy,Dry,Intermediate,4.7,3961.8,47.3,7.26,26.5,86.3,32.6,36.5,114.8,124.7,9.9
T01680,2026-04-16 20:44:57,20,3,4,night,OP1048,EXC003,Excavator,Foundation Digging,Cloudy,Clay,Beginner,2.2,4516.6,88.7,16.19,30.4,10,41.1,67.0,91.8,141.8,50.0
T01681,2025-02-14 14:54:10,14,4,2,day,OP1028,EXC001,Excavator,Site Clearing,Sunny,Clay,Beginner,1.6,2753.3,66.5,10.89,20.1,100.9,52.1,17.0,75.6,100.5,24.9
T01682,2025-09-24 12:06:13,12,2,9,day,OP1058,EXC006,Excavator,Grading,Cloudy,Loose,Intermediate,3.3,4511.0,98,12.09,23.7,142.5,30.7,58.8,44.4,52.4,8.0
T01683,2026-07-13 07:50:33,7,0,7,day,OP1008,EXC005,Excavator,Site Clearing,Cloudy,Clay,Beginner,1.2,6862.4,68.0,13.33,34.5,150.4,49.2,45.8,90.5,117.5,27.0
T01684,2026-09-15 15:06:30,15,1,9,day,OP1020,DZR004,Dozer,Trenching,Rainy,Dry,Intermediate,8.4,5422.5,56.6,21.75,22.0,210.7,24.8,33.5,64.9,77.3,12.4
T01685,2026-06-23 23:58:20,23,1,6,night,OP1034,BCK004,Backhoe,Material Loading,Cloudy,Rocky,Beginner,1.3,4571.7,59.8,8.91,31.7,139.2,20.9,12.4,44.3,31.8,-12.5
T01686,2026-06-12 02:33:23,2,4,6,night,OP1038,LDR004,Loader,Trenching,Rainy,Wet,Beginner,2.4,5779.4,59.6,6.41,36.6,161.1,28.7,45.4,73.1,103.5,30.4
T01687,2026-09-10 10:22:35,10,3,9,day,OP1047,GRD003,Grader,Site Clearing,Windy,Rocky,Beginner,2.8,4592.9,53.5,17.42,29.8,226.2,43.9,89.8,97.6,108.9,11.3
T01688,2026-01-29 23:13:35,23,3,1,night,OP1009,BCK001,Backhoe,Demolition,Sunny,Rocky,Intermediate,5.2,5919.1,78.6,21.31,26.6,174.2,10.6,82.4,124.0,118.7,-5.3
T01689,2026-03-21 23:12:21,23,5,3,night,OP1005,EXC002,Excavator,Material Loading,Rainy,Loose,Expert,18.5,3402.4,75.0,2.91,23.7,191.6,28.8,67.9,39.8,48.5,8.7
T01690,2025-05-26 11:15:52,11,0,5,day,OP1010,LDR002,Loader,Grading,Cloudy,Loose,Intermediate,8.6,1233.8,68.2,14.41,37.4,168.4,32.7,98.0,41.1,39.5,-1.6
T01691,2025-11-19 02:29:35,2,2,11,night,OP1007,DZR001,Dozer,Foundation Digging,Sunny,Clay,Beginner,1.2,3148.7,83.2,12.27,20.7,114.1,33.2,82.0,84.6,105.9,21.3
T01692,2025-11-15 13:57:52,13,5,11,day,OP1025,LDR002,Loader,Trenching,Rainy,Wet,Expert,17.0,2497.5,71.3,8.62,17.0,174.9,58.7,71.8,68.9,80.1,11.2
T01693,2025-03-05 09:00:30,9,2,3,day,OP1024,LDR003,Loader,Grading,Rainy,Rocky,Beginner,1.5,1333.3,98,14.26,20.7,98.8,13.7,51.1,54.4,66.3,11.9
T01694,2026-03-27 03:17:45,3,4,3,night,OP1031,BCK003,Backhoe,Foundation Digging,Cloudy,Dry,Expert,22.8,4606.6,60.3,10.65,20.5,152.4,36.4,46.6,83.8,88.9,5.1
T01695,2025-04-10 09:51:46,9,3,4,day,OP1022,BCK002,Backhoe,Transfer,Cloudy,Wet,Beginner,0.6,3370.5,83.2,7.85,38.3,159.6,24.4,65.5,29.2,32.2,3.0
T01696,2026-05-22 11:51:48,11,4,5,day,OP1057,DZR004,Dozer,Site Clearing,Cloudy,Dry,Beginner,2.8,4574.7,69.5,5.71,39.0,236.7,8.6,52.6,75.9,97.6,21.7
T01697,2025-03-04 13:09:16,13,1,3,day,OP1044,BCK002,Backhoe,Grading,Rainy,Clay,Beginner,1.1,3101.4,77.2,20.52,22.7,188.5,28.1,5,48.8,64.7,15.9
T01698,2025-09-15 09:00:44,9,0,9,day,OP1029,DZR004,Dozer,Trenching,Rainy,Loose,Intermediate,8.7,2756.1,54.2,11.09,30.6,300.0,45.9,43.2,59.4,66.9,7.5
T01699,2025-08-15 22:11:46,22,4,8,night,OP1019,DZR003,Dozer,Demolition,Sunny,Loose,Intermediate,4.5,3734.5,97.3,10.69,28.3,253.3,25.0,49.1,97.0,115.6,18.6
T01700,2026-01-31 12:54:36,12,5,1,day,OP1036,DZR003,Dozer,Transfer,Windy,Rocky,Intermediate,3.3,4965.4,89.2,8.94,17.3,230.0,11.3,79.2,35.9,36.6,0.7
T01701,2026-02-09 14:09:04,14,0,2,day,OP1022,DZR001,Dozer,Foundation Digging,Cloudy,Wet,Beginner,0.6,3750.9,81.4,16.9,22.1,107.2,32.2,42.7,92.5,114.5,22.0
T01702,2026-04-14 12:45:35,12,1,4,day,OP1052,DZR004,Dozer,Trenching,Foggy,Dry,Intermediate,5.8,4297.6,54.2,14.15,30.4,61.9,38.6,23.3,59.8,83.3,23.5
T01703,2025-10-02 08:29:47,8,3,10,day,OP1046,GRD001,Grader,Demolition,Sunny,Loose,Beginner,2.1,4244.8,65.1,5.79,27.3,137.0,33.8,91.6,98.8,123.7,24.9
T01704,2026-01-31 12:56:35,12,5,1,day,OP1059,LDR003,Loader,Transfer,Rainy,Rocky,Expert,22.2,3758.1,55.2,5.91,20.0,219.4,62,51.7,37.9,47.7,9.8
T01705,2026-05-27 08:44:26,8,2,5,day,OP1039,LDR001,Loader,Grading,Foggy,Wet,Expert,10.2,5355.7,73.5,8.07,38.6,175.5,10.8,91.1,54.8,52.8,-2.0
T01706,2026-09-07 08:41:17,8,0,9,day,OP1046,EXC004,Excavator,Site Clearing,Sunny,Wet,Beginner,2.1,5372.4,88.8,21.0,27.4,254.8,28.7,81.6,86.4,107.8,21.4
T01707,2026-01-19 23:35:11,23,0,1,night,OP1004,GRD001,Grader,Trenching,Rainy,Wet,Intermediate,6.3,5045.0,55.2,9.67,24.5,59.4,36.2,63.9,71.9,78.4,6.5
T01708,2025-03-03 19:30:22,19,0,3,night,OP1014,GRD001,Grader,Trenching,Sunny,Dry,Expert,21.2,2693.2,58.1,0,32.8,138.2,22.9,44.1,48.4,52.0,3.6
T01709,2026-07-09 00:37:46,0,3,7,night,OP1054,LDR002,Loader,Foundation Digging,Cloudy,Clay,Intermediate,5.0,4216.3,73.8,4.09,38.7,164.7,23.7,61.4,90.8,123.0,32.2
T01710,2026-08-29 18:41:10,18,5,8,night,OP1056,EXC001,Excavator,Transfer,Rainy,Rocky,Intermediate,4.7,6849.8,73.0,16.36,31.8,191.8,50.6,52.7,43.3,57.8,14.5
T01711,2025-09-02 19:19:29,19,1,9,night,OP1029,EXC008,Excavator,Material Loading,Sunny,Wet,Intermediate,8.7,2170.5,73.9,9.39,31.8,276.8,39.8,79.4,36.5,53.1,16.6
T01712,2026-05-14 21:33:45,21,3,5,night,OP1002,DZR001,Dozer,Material Loading,Sunny,Rocky,Expert,18.3,4439.3,77.4,8.63,36.9,156.0,37.9,27.0,42.8,45.4,2.6
T01713,2025-01-14 21:43:24,21,1,1,night,OP1048,BCK002,Backhoe,Foundation Digging,Cloudy,Dry,Beginner,2.2,2746.3,70.5,9.26,17.7,152.0,30.4,51.2,78.0,101.2,23.2
T01714,2025-08-08 21:48:30,21,4,8,night,OP1051,EXC007,Excavator,Grading,Rainy,Wet,Expert,11.2,4968.1,73.1,10.48,39.0,205.4,35.1,42.8,58.5,64.7,6.2
T01715,2026-06-17 08:05:10,8,2,6,day,OP1056,EXC004,Excavator,Grading,Sunny,Rocky,Intermediate,4.7,4773.6,90.4,6.3,36.7,193.2,34.0,91.8,51.4,60.9,9.5
T01716,2025-03-29 00:36:40,0,5,3,night,OP1005,LDR003,Loader,Demolition,Cloudy,Dry,Expert,18.5,1506.0,63.3,8.71,27.3,114.7,35.0,45.2,90.6,98.7,8.1
T01717,2026-08-04 21:50:27,21,1,8,night,OP1020,EXC007,Excavator,Transfer,Rainy,Dry,Intermediate,8.4,7603.4,70.5,12.83,38.4,122.7,27.2,14.7,34.9,38.5,3.6
T01718,2026-07-11 15:40:29,15,5,7,day,OP1018,DZR002,Dozer,Earth Excavation,Sunny,Wet,Expert,15.8,6529.8,89.6,6.9,27.6,78.9,14.6,18.4,76.8,71.8,-5.0
T01719,2026-06-25 14:30:24,14,3,6,day,OP1024,LDR005,Loader,Trenching,Rainy,Clay,Beginner,1.5,4106.3,71.4,6.84,33.0,91.7,16.7,6.6,70.8,87.3,16.5
T01720,2026-03-14 23:59:57,23,5,3,night,OP1050,LDR005,Loader,Grading,Sunny,Dry,Intermediate,7.7,3357.3,70.8,13.85,24.2,105.4,15.4,88.0,39.3,54.4,15.1
T01721,2025-12-26 02:44:00,2,4,12,night,OP1053,EXC005,Excavator,Site Clearing,Cloudy,Rocky,Intermediate,7.0,5408.1,74.5,19.24,12.2,10,36.0,87.0,97.0,121.5,24.5
T01722,2026-01-23 12:36:44,12,4,1,day,OP1047,EXC006,Excavator,Transfer,Sunny,Wet,Beginner,2.8,5394.4,83.5,19.39,12.3,125.7,26.2,30.3,30.5,38.1,7.6
T01723,2025-05-26 12:09:43,12,0,5,day,OP1051,EXC008,Excavator,Foundation Digging,Windy,Clay,Expert,11.2,1445.6,53.9,11.21,34.8,139.8,30.9,52.0,88.8,95.6,6.8
T01724,2025-07-25 09:36:39,9,4,7,day,OP1055,BCK002,Backhoe,Transfer,Rainy,Loose,Expert,12.2,4144.2,48.8,16.78,35.2,201.7,24.3,36.1,32.6,30.9,-1.7
T01725,2026-04-29 06:31:28,6,2,4,day,OP1032,DZR002,Dozer,Grading,Cloudy,Clay,Intermediate,3.9,5994.2,87.6,8.98,29.0,130.9,42.8,54.0,49.1,40.9,-8.2
T01726,2026-03-21 14:35:27,14,5,3,day,OP1047,GRD002,Grader,Transfer,Rainy,Clay,Beginner,2.8,6302.2,49.8,10.15,28.1,164.0,28.3,97.9,37.9,58.4,20.5
T01727,2026-03-14 11:37:19,11,5,3,day,OP1047,EXC004,Excavator,Transfer,Rainy,Rocky,Beginner,2.8,4081.2,67.8,10.01,17.4,225.5,33.9,91.9,37.4,47.7,10.3
T01728,2026-07-20 19:58:48,19,0,7,night,OP1010,EXC002,Excavator,Trenching,Rainy,Dry,Intermediate,8.6,4284.8,40.1,5.72,28.2,189.3,43.6,65.6,59.4,72.1,12.7
T01729,2025-09-13 12:51:46,12,5,9,day,OP1014,BCK001,Backhoe,Trenching,Cloudy,Clay,Expert,21.2,4908.6,71.4,9.06,27.2,212.7,32.0,39.9,59.6,59.3,-0.3
T01730,2025-07-29 12:04:57,12,1,7,day,OP1018,GRD001,Grader,Transfer,Cloudy,Clay,Expert,15.8,3771.4,76.8,14.3,32.8,228.9,17.6,61.2,28.6,26.6,-2.0
T01731,2025-06-18 07:03:22,7,2,6,day,OP1042,DZR002,Dozer,Foundation Digging,Cloudy,Dry,Beginner,1.3,3694.8,51.3,9.79,35.4,263.2,29.0,48.4,80.9,92.7,11.8
T01732,2026-08-05 23:44:05,23,2,8,night,OP1030,LDR002,Loader,Grading,Sunny,Wet,Intermediate,4.1,4420.4,61.0,9.06,29.7,105.6,23.6,75.3,46.6,66.8,20.2
T01733,2025-06-23 22:43:45,22,0,6,night,OP1004,GRD003,Grader,Demolition,Rainy,Wet,Intermediate,6.3,1355.5,85.9,6.48,29.4,222.1,27.2,87.6,122.1,148.2,26.1
T01734,2026-07-10 02:06:51,2,4,7,night,OP1035,LDR003,Loader,Site Clearing,Sunny,Clay,Beginner,2.8,4922.8,59.2,16.71,31.2,94.8,44.6,79.4,82.0,148.4,66.4
T01735,2026-07-25 08:07:52,8,5,7,day,OP1018,GRD002,Grader,Material Loading,Sunny,Dry,Expert,15.8,7220.0,81.4,16.1,34.8,185.7,15.4,38.4,38.0,32.0,-6.0
T01736,2025-10-25 15:43:06,15,5,10,day,OP1021,EXC007,Excavator,Demolition,Rainy,Dry,Intermediate,4.3,5535.7,77.9,2.16,30.9,145.5,42.3,69.0,113.5,129.4,15.9
T01737,2025-07-17 09:11:36,9,3,7,day,OP1022,LDR003,Loader,Demolition,Rainy,Wet,Beginner,0.6,2311.6,70.2,13.33,33.5,183.0,26.6,11.4,122.3,177.4,55.1
T01738,2025-04-15 20:38:58,20,1,4,night,OP1019,EXC008,Excavator,Demolition,Sunny,Dry,Intermediate,4.5,1148.9,56.8,18.61,39.3,81.3,20.7,76.2,88.0,112.4,24.4
T01739,2025-04-07 11:53:10,11,0,4,day,OP1050,LDR004,Loader,Trenching,Sunny,Rocky,Intermediate,7.7,2635.9,78.7,11.15,35.1,113.4,30.7,55.8,59.8,70.7,10.9
T01740,2026-09-11 12:10:18,12,4,9,day,OP1028,LDR001,Loader,Trenching,Rainy,Rocky,Beginner,1.6,6137.9,79.7,8.79,29.7,73.8,39.1,48.7,77.7,89.8,12.1
T01741,2026-02-03 01:02:32,1,1,2,night,OP1057,LDR003,Loader,Trenching,Cloudy,Clay,Beginner,2.8,3776.4,78.4,8.29,24.1,152.6,13.5,91.9,57.2,49.5,-7.7
T01742,2025-05-08 07:48:37,7,3,5,day,OP1038,GRD003,Grader,Demolition,Cloudy,Rocky,Beginner,2.4,1015.2,71.1,18.15,38.4,214.5,47.5,70.6,112.4,155.9,43.5
T01743,2025-07-25 07:44:59,7,4,7,day,OP1058,EXC004,Excavator,Material Loading,Windy,Dry,Intermediate,3.3,2386.4,78.0,12.41,33.6,151.5,46.6,78.0,35.3,41.9,6.6
T01744,2026-05-01 09:08:55,9,4,5,day,OP1005,BCK003,Backhoe,Material Loading,Cloudy,Clay,Expert,18.5,4863.9,85.6,4.56,42.2,174.7,56.5,65.8,39.7,44.7,5.0
T01745,2026-01-14 07:42:28,7,2,1,day,OP1008,GRD001,Grader,Earth Excavation,Windy,Dry,Beginner,1.2,5003.7,86.9,13.33,19.8,109.7,25.9,49.4,67.4,98.5,31.1
T01746,2025-01-20 19:41:19,19,0,1,night,OP1047,BCK004,Backhoe,Demolition,Cloudy,Loose,Beginner,2.8,781.7,70.9,11.36,16.4,275.4,36.8,38.4,95.2,131.9,36.7
T01747,2026-05-27 06:38:01,6,2,5,day,OP1029,DZR003,Dozer,Foundation Digging,Sunny,Wet,Intermediate,8.7,5810.3,53.4,7.31,33.2,58.2,31.7,10.4,96.8,114.2,17.4
T01748,2026-07-21 15:43:14,15,1,7,day,OP1045,DZR003,Dozer,Transfer,Windy,Dry,Intermediate,6.5,6214.6,75.4,12.62,36.6,201.2,30.5,35.7,28.1,34.2,6.1
T01749,2026-08-17 19:39:36,19,0,8,night,OP1052,DZR002,Dozer,Material Loading,Cloudy,Wet,Intermediate,5.8,6801.2,75.1,17.83,28.0,194.0,33.0,25.2,44.0,42.0,-2.0
T01750,2025-10-11 09:21:39,9,5,10,day,OP1012,EXC008,Excavator,Trenching,Rainy,Wet,Beginner,1.4,2452.1,52.8,12.6,29.3,213.5,50.8,48.7,66.1,82.1,16.0
T01751,2026-07-31 01:26:29,1,4,7,night,OP1003,LDR001,Loader,Material Loading,Rainy,Wet,Expert,20.4,5828.0,96.6,11.48,25.7,91.2,5,35.9,50.2,50.9,0.7
T01752,2025-08-16 12:35:43,12,5,8,day,OP1021,EXC008,Excavator,Demolition,Rainy,Dry,Intermediate,4.3,2044.3,92.7,26.11,26.8,118.6,52.3,58.3,104.9,122.9,18.0
T01753,2025-12-09 12:11:30,12,1,12,day,OP1051,LDR005,Loader,Grading,Windy,Loose,Expert,11.2,2660.2,80.8,13.25,15.0,134.9,48.4,64.5,41.0,49.2,8.2
T01754,2025-11-08 13:27:48,13,5,11,day,OP1018,BCK004,Backhoe,Material Loading,Sunny,Rocky,Expert,15.8,2911.4,63.3,13.89,19.9,281.9,20.7,71.0,40.3,42.0,1.7
T01755,2026-03-04 13:32:22,13,2,3,day,OP1060,EXC004,Excavator,Earth Excavation,Cloudy,Loose,Expert,10.8,4008.8,76.7,12.1,26.3,292.7,29.3,64.4,66.5,62.6,-3.9
T01756,2025-11-01 08:33:51,8,5,11,day,OP1057,EXC005,Excavator,Material Loading,Sunny,Wet,Beginner,2.8,5008.4,81.3,15.38,17.5,35.1,5,64.4,40.1,42.7,2.6
T01757,2025-09-20 11:33:49,11,5,9,day,OP1009,DZR004,Dozer,Trenching,Rainy,Clay,Intermediate,5.2,2793.4,50.0,8.06,32.3,121.8,30.0,20.5,63.9,76.5,12.6
T01758,2025-05-28 07:49:19,7,2,5,day,OP1048,LDR003,Loader,Foundation Digging,Sunny,Loose,Beginner,2.2,1946.2,63.4,16.24,40.2,198.6,31.4,45.5,78.8,107.7,28.9
T01759,2025-10-20 10:27:42,10,0,10,day,OP1050,LDR003,Loader,Demolition,Rainy,Dry,Intermediate,7.7,3005.5,74.6,5.74,35.2,126.8,34.7,90.2,104.4,121.9,17.5
T01760,2025-02-27 11:07:58,11,3,2,day,OP1020,EXC003,Excavator,Demolition,Sunny,Dry,Intermediate,8.4,1498.8,72.6,10.65,19.0,223.4,18.6,30.9,88.0,98.0,10.0
T01761,2026-07-31 02:34:36,2,4,7,night,OP1014,BCK002,Backhoe,Material Loading,Foggy,Rocky,Expert,21.2,6850.4,82.0,7.89,32.3,146.4,25.3,57.8,53.9,51.5,-2.4
T01762,2025-12-23 18:16:08,18,1,12,night,OP1001,BCK001,Backhoe,Demolition,Sunny,Dry,Expert,13.7,5647.5,84.3,15.8,18.4,124.5,33.8,27.5,99.1,106.0,6.9
T01763,2025-10-09 09:44:02,9,3,10,day,OP1049,BCK003,Backhoe,Transfer,Sunny,Dry,Beginner,0.8,3374.8,71.8,15.85,20.9,187.3,45.7,5,24.8,20.8,-4.0
T01764,2026-07-29 03:11:55,3,2,7,night,OP1056,EXC003,Excavator,Grading,Rainy,Loose,Intermediate,4.7,5270.4,63.4,12.28,29.8,235.6,33.2,20.8,51.2,64.3,13.1
T01765,2025-10-01 09:46:19,9,2,10,day,OP1038,LDR001,Loader,Site Clearing,Sunny,Clay,Beginner,2.4,3618.6,79.6,14.09,24.0,50.1,40.4,16.2,78.1,106.9,28.8
T01766,2026-05-02 01:20:49,1,5,5,night,OP1003,EXC008,Excavator,Trenching,Sunny,Loose,Expert,20.4,3931.6,53.1,3.84,39.6,33.2,20.9,89.4,53.3,58.7,5.4
T01767,2025-12-05 00:06:33,0,4,12,night,OP1050,EXC008,Excavator,Material Loading,Cloudy,Clay,Intermediate,7.7,2850.8,73.4,6.41,17.6,193.2,32.4,37.1,36.8,46.5,9.7
T01768,2026-03-05 11:41:58,11,3,3,day,OP1018,EXC006,Excavator,Earth Excavation,Rainy,Rocky,Expert,15.8,5693.4,86.8,9.54,23.3,21.5,17.5,49.6,92.5,89.2,-3.3
T01769,2026-05-14 13:03:38,13,3,5,day,OP1033,DZR004,Dozer,Material Loading,Cloudy,Wet,Expert,17.2,4516.6,65.8,11.09,45.1,126.1,44.5,63.0,40.6,42.9,2.3
T01770,2025-03-28 01:52:38,1,4,3,night,OP1019,LDR005,Loader,Trenching,Rainy,Rocky,Intermediate,4.5,788.2,53.8,21.74,24.6,162.6,33.4,102.1,69.1,87.6,18.5
T01771,2025-11-27 10:28:32,10,3,11,day,OP1050,LDR002,Loader,Demolition,Rainy,Loose,Intermediate,7.7,2584.1,74.2,6.16,25.9,119.6,24.8,49.4,107.1,119.6,12.5
T01772,2026-01-30 06:42:29,6,4,1,day,OP1019,BCK002,Backhoe,Demolition,Sunny,Dry,Intermediate,4.5,5523.0,71.8,14.54,15.9,52.1,22.6,8.6,98.6,97.5,-1.1
T01773,2025-09-17 06:48:22,6,2,9,day,OP1052,EXC008,Excavator,Trenching,Rainy,Loose,Intermediate,5.8,2276.1,48.3,4.99,24.2,144.9,41.7,41.5,60.4,68.5,8.1
T01774,2025-08-22 11:14:19,11,4,8,day,OP1050,LDR002,Loader,Grading,Sunny,Dry,Intermediate,7.7,1876.2,38.8,7.92,34.5,17.0,33.9,44.1,38.0,38.3,0.3
T01775,2025-01-31 08:36:35,8,4,1,day,OP1049,DZR002,Dozer,Demolition,Sunny,Wet,Beginner,0.8,2687.9,81.7,9.45,15.6,87.7,56.6,64.3,101.1,160.7,59.6
T01776,2025-07-09 06:57:43,6,2,7,day,OP1022,LDR001,Loader,Trenching,Rainy,Dry,Beginner,0.6,3004.6,51.6,13.41,23.5,151.9,23.9,47.6,58.5,100.0,41.5
T01777,2026-03-12 19:58:16,19,3,3,night,OP1044,LDR002,Loader,Demolition,Sunny,Loose,Beginner,1.1,3353.4,54.3,14.36,27.9,140.2,35.8,65.9,95.6,140.8,45.2
T01778,2026-05-09 12:55:58,12,5,5,day,OP1043,GRD003,Grader,Demolition,Sunny,Wet,Expert,19.0,3688.5,82.1,2.42,32.7,114.0,14.3,75.2,105.1,99.5,-5.6
T01779,2026-03-21 07:17:16,7,5,3,day,OP1055,GRD003,Grader,Demolition,Foggy,Wet,Expert,12.2,3329.1,62.3,8.51,27.7,204.1,35.6,69.0,115.7,115.2,-0.5
T01780,2025-07-29 06:32:42,6,1,7,day,OP1002,DZR003,Dozer,Site Clearing,Sunny,Loose,Expert,18.3,3605.7,52.5,3.01,30.0,65.2,27.7,28.4,74.6,67.5,-7.1
T01781,2026-03-09 13:06:41,13,0,3,day,OP1031,DZR003,Dozer,Transfer,Cloudy,Rocky,Expert,22.8,5235.6,58.2,4.82,27.6,229.7,25.0,98.3,34.0,34.3,0.3
T01782,2026-09-08 22:03:15,22,1,9,night,OP1035,DZR001,Dozer,Material Loading,Foggy,Loose,Beginner,2.8,5293.6,80.8,12.31,27.5,225.7,48.4,92.8,41.2,50.9,9.7
T01783,2025-05-06 06:27:57,6,1,5,day,OP1055,LDR001,Loader,Earth Excavation,Cloudy,Rocky,Expert,12.2,2537.2,98,10.28,37.8,43.8,46.1,63.4,74.2,74.8,0.6
T01784,2025-06-24 01:29:45,1,1,6,night,OP1030,EXC001,Excavator,Transfer,Rainy,Loose,Intermediate,4.1,3698.2,65.8,18.4,37.6,94.4,21.8,38.3,31.0,43.3,12.3
T01785,2025-10-09 03:47:26,3,3,10,night,OP1050,GRD002,Grader,Demolition,Sunny,Clay,Intermediate,7.7,5109.0,69.0,21.04,23.1,88.0,15.0,35.9,106.9,128.3,21.4
T01786,2025-11-17 13:19:39,13,0,11,day,OP1022,LDR002,Loader,Site Clearing,Rainy,Rocky,Beginner,0.6,2511.9,49.6,12.97,26.6,112.5,28.0,5,100.5,113.2,12.7
T01787,2025-06-26 07:17:17,7,3,6,day,OP1015,EXC005,Excavator,Material Loading,Windy,Rocky,Beginner,0.6,4073.6,64.9,8.51,35.9,114.9,36.3,5,46.0,57.7,11.7
T01788,2025-02-11 20:56:54,20,1,2,night,OP1003,LDR001,Loader,Foundation Digging,Cloudy,Rocky,Expert,20.4,1928.4,75.2,7.16,22.9,206.8,22.5,59.7,95.8,98.1,2.3
T01789,2025-07-17 13:48:20,13,3,7,day,OP1019,BCK002,Backhoe,Site Clearing,Rainy,Wet,Intermediate,4.5,4087.1,36.5,21.81,33.5,119.1,6.2,84.8,94.0,106.8,12.8
T01790,2026-01-20 08:21:57,8,1,1,day,OP1049,EXC008,Excavator,Transfer,Sunny,Wet,Beginner,0.8,3189.1,52.3,11.99,17.0,221.3,44.2,60.3,28.1,50.9,22.8
T01791,2025-07-22 08:08:19,8,1,7,day,OP1041,BCK001,Backhoe,Demolition,Foggy,Clay,Intermediate,4.3,4520.3,90.3,8.79,24.8,81.2,14.5,16.1,120.1,122.7,2.6
T01792,2025-05-19 21:43:18,21,0,5,night,OP1001,GRD001,Grader,Grading,Sunny,Loose,Expert,13.7,3256.0,91.8,7.13,39.0,115.4,29.8,39.2,41.1,43.4,2.3
T01793,2025-06-10 15:53:30,15,1,6,day,OP1057,LDR001,Loader,Trenching,Rainy,Clay,Beginner,2.8,2795.6,96.8,11.74,29.5,31.8,5,75.6,61.0,57.4,-3.6
T01794,2026-05-12 06:25:50,6,1,5,day,OP1039,EXC002,Excavator,Transfer,Sunny,Dry,Expert,10.2,3776.9,62.1,13.26,32.8,167.4,15.2,73.4,25.2,24.1,-1.1
T01795,2026-05-14 19:31:52,19,3,5,night,OP1014,EXC003,Excavator,Site Clearing,Rainy,Clay,Expert,21.2,4720.6,68.3,8.04,33.6,212.1,14.4,43.6,98.0,96.7,-1.3
T01796,2025-03-15 02:40:16,2,5,3,night,OP1057,GRD003,Grader,Demolition,Windy,Loose,Beginner,2.8,619.4,77.8,12.02,25.7,86.7,23.0,48.9,100.2,146.4,46.2
T01797,2026-09-14 22:58:29,22,0,9,night,OP1022,BCK002,Backhoe,Site Clearing,Foggy,Dry,Beginner,0.6,7185.1,59.7,14.34,25.5,183.8,26.0,45.6,88.7,128.9,40.2
T01798,2026-04-20 07:59:07,7,0,4,day,OP1028,LDR003,Loader,Trenching,Cloudy,Dry,Beginner,1.6,4333.3,92.3,18.75,31.6,177.6,55.9,79.5,53.1,88.3,35.2
T01799,2025-11-11 19:40:32,19,1,11,night,OP1032,LDR005,Loader,Demolition,Rainy,Rocky,Intermediate,3.9,2458.1,63.8,7.69,20.9,117.4,33.5,86.1,124.4,156.4,32.0
T01800,2026-05-21 13:25:25,13,3,5,day,OP1056,BCK003,Backhoe,Site Clearing,Cloudy,Loose,Intermediate,4.7,5011.2,75.9,11.01,37.8,119.9,32.1,5,80.9,96.0,15.1
T01801,2026-06-24 12:37:04,12,2,6,day,OP1029,GRD001,Grader,Site Clearing,Cloudy,Loose,Intermediate,8.7,6180.5,82.7,10.44,43.9,196.0,40.8,77.4,84.4,104.0,19.6
T01802,2025-11-11 03:52:08,3,1,11,night,OP1029,GRD001,Grader,Earth Excavation,Sunny,Dry,Intermediate,8.7,4535.4,86.6,7.22,21.8,105.4,44.3,30.0,62.7,86.7,24.0
T01803,2025-06-21 02:22:42,2,5,6,night,OP1050,EXC008,Excavator,Material Loading,Rainy,Wet,Intermediate,7.7,1632.4,64.2,14.16,40.7,193.1,40.3,24.9,44.4,58.6,14.2
T01804,2026-07-06 14:39:34,14,0,7,day,OP1023,GRD002,Grader,Trenching,Cloudy,Wet,Beginner,2.1,7083.3,60.9,11.71,30.3,72.5,42.0,58.6,66.7,94.5,27.8
T01805,2026-05-07 06:42:00,6,3,5,day,OP1014,EXC001,Excavator,Grading,Windy,Rocky,Expert,21.2,6013.9,84.6,11.17,45.9,251.7,21.2,74.6,59.0,70.2,11.2
T01806,2026-06-20 02:04:34,2,5,6,night,OP1053,EXC001,Excavator,Transfer,Rainy,Loose,Intermediate,7.0,6333.7,74.8,12.91,38.5,132.1,34.5,32.7,35.2,53.5,18.3
T01807,2026-08-12 02:56:39,2,2,8,night,OP1019,EXC007,Excavator,Foundation Digging,Rainy,Dry,Intermediate,4.5,7656.1,51.9,13.54,28.0,84.9,10.4,74.6,109.1,127.1,18.0
T01808,2026-08-14 02:21:58,2,4,8,night,OP1048,LDR003,Loader,Demolition,Foggy,Clay,Beginner,2.2,5178.4,72.9,15.5,29.1,247.2,25.5,77.8,123.4,157.1,33.7
T01809,2025-10-31 13:24:23,13,4,10,day,OP1033,DZR004,Dozer,Transfer,Sunny,Wet,Expert,17.2,3093.3,47.9,14.0,26.4,238.7,39.9,46.3,28.0,30.4,2.4
T01810,2025-05-31 15:42:21,15,5,5,day,OP1043,BCK003,Backhoe,Earth Excavation,Sunny,Rocky,Expert,19.0,2420.4,66.3,11.9,40.9,68.2,23.7,61.6,71.9,79.6,7.7
T01811,2026-04-03 09:08:34,9,4,4,day,OP1027,GRD001,Grader,Grading,Cloudy,Dry,Intermediate,6.2,5580.9,86.0,9.21,27.0,220.1,15.4,39.8,44.0,53.5,9.5
T01812,2026-06-06 14:38:52,14,5,6,day,OP1031,LDR005,Loader,Earth Excavation,Rainy,Wet,Expert,22.8,3967.6,71.2,18.89,40.0,81.4,29.7,77.9,88.2,93.0,4.8
T01813,2025-12-15 11:29:18,11,0,12,day,OP1032,DZR004,Dozer,Material Loading,Cloudy,Clay,Intermediate,3.9,3421.2,70.6,6.27,15.8,239.6,46.8,48.9,37.6,37.8,0.2
T01814,2025-07-28 11:28:40,11,0,7,day,OP1051,BCK002,Backhoe,Grading,Rainy,Loose,Expert,11.2,4166.7,58.2,18.48,31.7,195.9,45.1,84.6,51.2,62.3,11.1
T01815,2025-11-08 08:08:28,8,5,11,day,OP1035,BCK003,Backhoe,Grading,Foggy,Wet,Beginner,2.8,3593.4,73.0,19.93,23.0,225.6,49.0,44.4,49.4,68.6,19.2
T01816,2026-08-24 07:33:03,7,0,8,day,OP1019,LDR004,Loader,Material Loading,Rainy,Dry,Intermediate,4.5,6313.8,80.0,6.76,29.2,188.5,21.2,51.2,42.8,42.6,-0.2
T01817,2025-09-01 10:41:55,10,0,9,day,OP1060,EXC003,Excavator,Grading,Cloudy,Loose,Expert,10.8,2856.4,60.8,2.62,38.5,208.6,22.1,61.2,41.7,42.6,0.9
T01818,2026-07-14 15:15:12,15,1,7,day,OP1021,BCK002,Backhoe,Foundation Digging,Windy,Dry,Intermediate,4.3,6730.1,55.3,18.76,25.6,139.5,50.8,81.6,89.4,118.3,28.9
T01819,2025-07-25 10:05:06,10,4,7,day,OP1057,BCK002,Backhoe,Demolition,Sunny,Clay,Beginner,2.8,4144.3,48.0,5.02,35.9,154.3,10.5,70.8,103.2,158.1,54.9
T01820,2026-08-20 00:09:55,0,3,8,night,OP1004,BCK002,Backhoe,Site Clearing,Windy,Wet,Intermediate,6.3,6995.6,61.7,15.76,32.3,122.0,25.7,71.7,95.2,98.7,3.5
T01821,2026-04-07 09:13:16,9,1,4,day,OP1047,LDR001,Loader,Foundation Digging,Rainy,Wet,Beginner,2.8,4990.9,73.3,8.19,36.9,168.8,35.4,52.3,115.0,164.1,49.1
T01822,2025-06-07 12:49:03,12,5,6,day,OP1006,LDR001,Loader,Earth Excavation,Cloudy,Loose,Intermediate,3.3,2772.8,98,6.45,30.2,93.3,15.8,49.5,63.4,67.0,3.6
T01823,2026-02-23 08:58:48,8,0,2,day,OP1001,BCK004,Backhoe,Grading,Windy,Wet,Expert,13.7,3691.1,63.5,14.94,25.5,60.3,41.6,12.9,48.7,52.3,3.6
T01824,2025-09-04 15:05:46,15,3,9,day,OP1001,DZR002,Dozer,Transfer,Sunny,Clay,Expert,13.7,4266.7,90.0,10.02,32.8,91.7,45.1,15.3,28.3,30.8,2.5
T01825,2025-11-08 06:52:56,6,5,11,day,OP1009,DZR002,Dozer,Site Clearing,Cloudy,Wet,Intermediate,5.2,4738.7,81.0,14.32,21.2,117.5,28.4,72.1,87.0,94.3,7.3
T01826,2025-09-22 23:52:36,23,0,9,night,OP1056,EXC005,Excavator,Demolition,Sunny,Dry,Intermediate,4.7,4721.0,36.7,5.07,35.0,289.1,54.0,52.4,95.8,128.6,32.8
T01827,2026-02-04 14:56:36,14,2,2,day,OP1052,DZR002,Dozer,Transfer,Sunny,Clay,Intermediate,5.8,5383.5,73.4,16.94,22.9,32.4,40.1,74.5,29.4,28.7,-0.7
T01828,2026-03-14 12:45:45,12,5,3,day,OP1006,LDR002,Loader,Material Loading,Sunny,Dry,Intermediate,3.3,3365.9,80.6,12.17,21.7,142.9,24.2,62.6,33.1,21.9,-11.2
T01829,2025-08-20 14:47:46,14,2,8,day,OP1026,LDR001,Loader,Demolition,Cloudy,Wet,Beginner,2.3,3313.6,50.7,12.65,31.0,48.9,25.6,65.0,106.7,165.9,59.2
T01830,2026-06-17 11:07:37,11,2,6,day,OP1021,EXC006,Excavator,Transfer,Rainy,Clay,Intermediate,4.3,6452.5,50.6,14.48,41.4,113.9,42.0,38.5,37.5,47.1,9.6
T01831,2025-02-27 00:44:22,0,3,2,night,OP1014,BCK001,Backhoe,Material Loading,Cloudy,Loose,Expert,21.2,3459.5,56.5,7.2,18.2,167.4,16.4,56.7,35.9,40.6,4.7
T01832,2025-02-07 08:55:25,8,4,2,day,OP1027,BCK001,Backhoe,Grading,Sunny,Rocky,Intermediate,6.2,3316.0,57.3,12.84,22.6,21.9,16.2,100.4,48.7,63.7,15.0
T01833,2025-09-02 10:47:20,10,1,9,day,OP1032,EXC007,Excavator,Site Clearing,Foggy,Dry,Intermediate,3.9,5147.3,53.6,16.66,32.0,221.2,53.4,74.4,82.3,110.2,27.9
T01834,2026-01-31 18:22:22,18,5,1,night,OP1051,BCK001,Backhoe,Grading,Rainy,Loose,Expert,11.2,5932.3,61.3,6.91,17.9,113.2,39.7,41.1,56.4,70.5,14.1
T01835,2026-01-29 08:50:21,8,3,1,day,OP1023,DZR003,Dozer,Site Clearing,Windy,Wet,Beginner,2.1,4949.6,72.3,6.37,16.0,152.4,32.5,84.7,91.9,113.6,21.7
T01836,2025-04-08 10:59:42,10,1,4,day,OP1012,GRD002,Grader,Material Loading,Sunny,Clay,Beginner,1.4,3768.0,56.0,11.18,33.7,80.3,51.6,31.0,37.0,58.3,21.3
T01837,2026-01-05 15:00:11,15,0,1,day,OP1036,LDR001,Loader,Earth Excavation,Cloudy,Loose,Intermediate,3.3,4321.0,50.0,12.1,15.4,98.7,22.6,43.1,67.3,66.0,-1.3
T01838,2025-02-03 15:46:32,15,0,2,day,OP1033,EXC005,Excavator,Demolition,Cloudy,Loose,Expert,17.2,3032.3,68.2,8.92,24.9,234.9,23.0,65.6,97.2,101.0,3.8
T01839,2026-09-01 12:54:07,12,1,9,day,OP1023,BCK004,Backhoe,Earth Excavation,Rainy,Rocky,Beginner,2.1,5079.3,63.5,9.19,26.8,111.5,28.9,76.1,90.4,150.6,60.2
T01840,2025-06-25 13:24:37,13,2,6,day,OP1011,DZR003,Dozer,Grading,Rainy,Rocky,Intermediate,6.7,3359.6,39.6,18.35,32.3,79.5,35.9,53.5,58.3,80.2,21.9
T01841,2025-10-20 08:42:04,8,0,10,day,OP1057,DZR001,Dozer,Foundation Digging,Sunny,Dry,Beginner,2.8,2931.6,98,8.83,22.3,260.6,5,84.9,76.3,91.8,15.5
T01842,2026-09-18 15:34:06,15,4,9,day,OP1040,EXC006,Excavator,Demolition,Foggy,Clay,Intermediate,8.2,7132.7,62.9,14.36,32.4,151.7,43.2,60.0,126.3,146.0,19.7
T01843,2025-04-18 09:10:19,9,4,4,day,OP1004,GRD001,Grader,Grading,Rainy,Wet,Intermediate,6.3,3025.9,56.2,8.8,36.4,134.5,18.7,20.3,52.5,68.3,15.8
T01844,2025-09-05 11:03:53,11,4,9,day,OP1051,EXC008,Excavator,Earth Excavation,Sunny,Wet,Expert,11.2,2189.8,92.7,13.77,33.8,169.2,33.8,57.9,66.1,66.7,0.6
T01845,2025-09-20 08:08:59,8,5,9,day,OP1053,LDR005,Loader,Grading,Rainy,Rocky,Intermediate,7.0,2075.0,50.0,12.2,30.6,185.8,40.5,77.5,56.0,73.5,17.5
T01846,2025-01-28 03:29:55,3,1,1,night,OP1007,BCK002,Backhoe,Transfer,Cloudy,Rocky,Beginner,1.2,2842.9,81.7,10.79,13.8,136.3,41.0,48.2,31.1,75.2,44.1
T01847,2025-09-16 19:56:53,19,1,9,night,OP1019,LDR002,Loader,Grading,Cloudy,Wet,Intermediate,4.5,2061.3,52.5,11.39,31.0,108.7,26.5,18.6,44.6,66.8,22.2
T01848,2025-03-16 00:58:37,0,6,3,night,OP1029,EXC001,Excavator,Material Loading,Cloudy,Clay,Intermediate,8.7,2968.1,63.4,11.83,35.5,124.4,29.4,45.7,36.9,37.5,0.6
T01849,2025-05-21 08:14:51,8,2,5,day,OP1008,LDR005,Loader,Earth Excavation,Sunny,Clay,Beginner,1.2,1184.4,62.4,10.83,39.9,174.7,35.3,86.1,63.8,95.3,31.5
T01850,2025-02-25 19:06:37,19,1,2,night,OP1008,EXC004,Excavator,Foundation Digging,Cloudy,Rocky,Beginner,1.2,1294.9,61.1,18.14,20.6,110.1,37.6,68.3,95.8,148.5,52.7
T01851,2025-05-21 03:52:31,3,2,5,night,OP1030,BCK004,Backhoe,Foundation Digging,Rainy,Clay,Intermediate,4.1,1660.2,70.6,8.33,41.5,222.3,31.7,60.8,94.0,118.0,24.0
T01852,2025-12-29 12:56:10,12,0,12,day,OP1060,LDR003,Loader,Grading,Rainy,Dry,Expert,10.8,3517.2,92.0,9.08,16.8,183.1,20.3,41.9,48.8,50.2,1.4
T01853,2025-01-08 11:08:33,11,2,1,day,OP1011,GRD001,Grader,Demolition,Cloudy,Loose,Intermediate,6.7,2296.5,73.6,7.58,15.3,146.2,31.4,62.1,95.2,108.3,13.1
T01854,2026-04-20 09:07:03,9,0,4,day,OP1003,LDR003,Loader,Grading,Sunny,Dry,Expert,20.4,4333.6,86.3,6.37,40.5,174.5,5,24.7,40.8,42.4,1.6
T01855,2025-10-14 09:46:11,9,1,10,day,OP1006,EXC006,Excavator,Trenching,Rainy,Rocky,Intermediate,3.3,4656.2,75.5,14.26,36.4,69.9,26.7,65.4,76.5,87.5,11.0
T01856,2025-03-25 12:28:15,12,1,3,day,OP1054,LDR001,Loader,Transfer,Rainy,Dry,Intermediate,5.0,2232.5,75.4,10.44,21.2,214.2,32.3,63.0,29.8,30.8,1.0
T01857,2025-04-22 15:33:51,15,1,4,day,OP1051,LDR001,Loader,Earth Excavation,Cloudy,Clay,Expert,11.2,2437.8,73.4,9.23,38.6,136.8,40.9,82.2,65.7,74.3,8.6
T01858,2025-11-28 21:31:07,21,4,11,night,OP1027,DZR003,Dozer,Foundation Digging,Cloudy,Loose,Intermediate,6.2,4500.8,58.5,9.13,27.3,195.3,26.8,25.7,87.6,107.8,20.2
T01859,2026-02-05 15:01:12,15,3,2,day,OP1056,DZR002,Dozer,Earth Excavation,Sunny,Wet,Intermediate,4.7,5390.8,53.5,10.87,18.4,362.7,47.9,29.3,73.8,94.3,20.5
T01860,2025-07-02 15:11:40,15,2,7,day,OP1041,GRD002,Grader,Material Loading,Rainy,Clay,Intermediate,4.3,4389.8,63.3,11.63,26.8,262.3,5,32.2,43.2,54.6,11.4
T01861,2026-02-15 02:56:40,2,6,2,night,OP1041,EXC001,Excavator,Material Loading,Rainy,Rocky,Intermediate,4.3,5421.5,75.2,11.24,28.2,233.6,8.8,81.2,53.3,62.4,9.1
T01862,2026-07-02 11:40:59,11,3,7,day,OP1021,BCK004,Backhoe,Foundation Digging,Rainy,Rocky,Intermediate,4.3,4633.6,78.1,17.46,33.0,202.0,37.7,38.6,121.7,163.9,42.2
T01863,2025-10-03 02:36:16,2,4,10,night,OP1058,EXC001,Excavator,Foundation Digging,Cloudy,Dry,Intermediate,3.3,4435.9,57.6,12.22,30.5,200.9,43.4,35.4,83.2,120.1,36.9
T01864,2026-02-19 14:46:05,14,3,2,day,OP1014,LDR005,Loader,Material Loading,Windy,Clay,Expert,21.2,3186.6,66.7,11.88,18.6,214.9,29.1,69.9,40.0,32.4,-7.6
T01865,2026-01-06 14:44:41,14,1,1,day,OP1060,EXC005,Excavator,Trenching,Sunny,Loose,Expert,10.8,5492.1,96.6,9.69,13.5,375.9,19.7,46.9,56.4,53.2,-3.2
T01866,2025-08-08 01:44:26,1,4,8,night,OP1025,EXC008,Excavator,Trenching,Windy,Dry,Expert,17.0,1982.6,76.2,15.57,32.0,134.8,53.6,14.8,50.1,64.0,13.9
T01867,2026-08-27 19:56:30,19,3,8,night,OP1029,BCK004,Backhoe,Grading,Cloudy,Clay,Intermediate,8.7,5044.9,49.0,6.43,24.9,221.5,39.2,47.5,47.4,63.8,16.4
T01868,2025-04-05 20:23:50,20,5,4,night,OP1018,DZR003,Dozer,Material Loading,Windy,Wet,Expert,15.8,2770.4,81.4,13.21,42.6,56.6,19.3,67.7,39.7,45.4,5.7
T01869,2025-12-30 20:34:35,20,1,12,night,OP1031,GRD001,Grader,Foundation Digging,Foggy,Rocky,Expert,22.8,4898.1,74.5,11.72,18.3,118.8,24.0,87.4,110.4,119.7,9.3
T01870,2026-04-02 00:03:02,0,3,4,night,OP1027,EXC008,Excavator,Transfer,Windy,Clay,Intermediate,6.2,3712.2,86.5,13.43,38.9,17.6,20.1,56.3,29.7,40.7,11.0
T01871,2026-06-12 11:55:03,11,4,6,day,OP1007,EXC004,Excavator,Material Loading,Cloudy,Wet,Beginner,1.2,4738.3,60.3,10.78,33.6,147.2,37.6,27.9,40.9,46.5,5.6
T01872,2026-09-09 00:28:44,0,2,9,night,OP1008,EXC006,Excavator,Earth Excavation,Rainy,Dry,Beginner,1.2,7062.4,93.2,8.63,29.4,132.7,41.8,78.1,82.6,100.1,17.5
T01873,2026-06-30 08:47:50,8,1,6,day,OP1003,EXC002,Excavator,Trenching,Cloudy,Rocky,Expert,20.4,4135.4,63.1,5.97,35.1,212.3,6.4,51.7,65.3,63.4,-1.9
T01874,2026-03-04 07:54:14,7,2,3,day,OP1046,LDR003,Loader,Demolition,Cloudy,Rocky,Beginner,2.1,3990.2,50.4,12.72,23.7,267.2,26.5,33.3,119.1,172.0,52.9
T01875,2026-07-20 12:06:28,12,0,7,day,OP1035,EXC007,Excavator,Foundation Digging,Rainy,Dry,Beginner,2.8,7491.0,74.6,14.5,24.7,187.2,47.5,57.4,105.5,141.8,36.3
T01876,2025-03-13 21:34:29,21,3,3,night,OP1052,DZR001,Dozer,Earth Excavation,Windy,Clay,Intermediate,5.8,1322.2,85.0,5.63,23.9,202.0,29.0,87.8,69.9,86.5,16.6
T01877,2025-01-25 21:26:05,21,5,1,night,OP1006,EXC006,Excavator,Trenching,Sunny,Clay,Intermediate,3.3,2747.2,84.4,8.72,17.0,82.3,21.0,39.6,53.3,66.0,12.7
T01878,2025-12-22 09:39:11,9,0,12,day,OP1051,GRD003,Grader,Grading,Cloudy,Rocky,Expert,11.2,2680.1,78.8,10.44,18.1,200.3,42.2,47.8,48.9,46.8,-2.1
T01879,2026-03-14 21:23:48,21,5,3,night,OP1058,EXC008,Excavator,Transfer,Windy,Rocky,Intermediate,3.3,3580.0,60.8,9.94,20.8,25.4,38.3,21.3,34.0,32.6,-1.4
T01880,2025-12-18 13:58:58,13,3,12,day,OP1055,BCK001,Backhoe,Earth Excavation,Sunny,Loose,Expert,12.2,5609.7,45.7,16.26,20.4,27.6,26.4,23.0,68.5,56.5,-12.0
T01881,2026-01-31 20:17:16,20,5,1,night,OP1040,LDR005,Loader,Transfer,Sunny,Clay,Intermediate,8.2,3049.5,64.1,12.5,22.9,153.6,33.7,102.3,27.0,27.6,0.6
T01882,2026-02-18 07:03:03,7,2,2,day,OP1009,LDR002,Loader,Material Loading,Cloudy,Rocky,Intermediate,5.2,3188.9,72.5,13.93,17.5,64.8,44.4,40.0,42.0,55.9,13.9
T01883,2025-03-31 13:17:57,13,0,3,day,OP1048,EXC006,Excavator,Earth Excavation,Sunny,Clay,Beginner,2.2,3219.2,72.5,11.77,26.5,95.9,28.5,20.8,65.6,94.3,28.7
T01884,2026-04-08 03:58:00,3,2,4,night,OP1058,EXC007,Excavator,Grading,Rainy,Dry,Intermediate,3.3,6736.6,93.0,7.09,31.6,89.0,42.6,37.5,54.5,55.5,1.0
T01885,2025-10-08 14:11:53,14,2,10,day,OP1019,LDR002,Loader,Trenching,Cloudy,Rocky,Intermediate,4.5,2220.2,91.8,11.99,28.0,126.2,21.8,39.9,61.3,66.5,5.2
T01886,2025-07-14 06:54:05,6,0,7,day,OP1038,EXC008,Excavator,Foundation Digging,Rainy,Loose,Beginner,2.4,1801.7,70.1,7.75,26.6,157.5,26.8,34.3,92.4,140.7,48.3
T01887,2025-03-15 15:01:12,15,5,3,day,OP1033,EXC004,Excavator,Site Clearing,Rainy,Rocky,Expert,17.2,1425.0,94.6,10.62,29.0,109.7,39.2,41.7,98.3,105.3,7.0
T01888,2025-06-16 08:40:57,8,0,6,day,OP1042,EXC003,Excavator,Grading,Cloudy,Dry,Beginner,1.3,2293.7,90.3,8.04,31.8,259.1,26.7,75.5,39.1,37.8,-1.3
T01889,2026-04-10 13:14:37,13,4,4,day,OP1021,BCK001,Backhoe,Trenching,Rainy,Rocky,Intermediate,4.3,6434.4,86.8,9.02,31.4,158.8,62,75.0,80.8,102.5,21.7
T01890,2026-07-01 14:23:38,14,2,7,day,OP1038,DZR002,Dozer,Grading,Sunny,Clay,Beginner,2.4,6456.5,85.8,8.61,30.1,220.7,39.2,64.3,48.4,54.1,5.7
T01891,2025-09-09 13:44:31,13,1,9,day,OP1011,LDR004,Loader,Material Loading,Rainy,Clay,Intermediate,6.7,3768.0,68.4,15.74,35.1,83.0,47.8,75.9,45.1,60.7,15.6
T01892,2026-02-07 06:54:19,6,5,2,day,OP1046,BCK003,Backhoe,Demolition,Cloudy,Loose,Beginner,2.1,4257.3,59.6,9.97,19.2,199.4,36.2,66.0,101.9,148.4,46.5
T01893,2025-07-11 02:49:07,2,4,7,night,OP1048,DZR004,Dozer,Foundation Digging,Rainy,Rocky,Beginner,2.2,2272.4,85.3,12.7,28.7,146.7,16.4,57.3,111.8,136.2,24.4
T01894,2025-02-27 00:15:23,0,3,2,night,OP1049,EXC008,Excavator,Foundation Digging,Cloudy,Rocky,Beginner,0.8,799.6,55.9,16.82,26.4,81.4,54.4,54.5,95.8,151.8,56.0
T01895,2025-10-21 14:32:36,14,1,10,day,OP1003,BCK002,Backhoe,Grading,Sunny,Dry,Expert,20.4,4788.1,82.4,10.87,28.6,45.2,12.4,61.1,41.5,40.3,-1.2
T01896,2026-08-11 12:33:50,12,1,8,day,OP1046,DZR004,Dozer,Grading,Windy,Clay,Beginner,2.1,5166.2,52.6,14.3,31.1,104.6,43.9,64.0,50.8,69.6,18.8
T01897,2026-02-24 10:48:50,10,1,2,day,OP1045,LDR003,Loader,Site Clearing,Windy,Loose,Intermediate,6.5,3932.7,77.6,5.47,24.7,108.7,30.4,41.4,82.6,99.2,16.6
T01898,2025-01-22 14:51:19,14,2,1,day,OP1021,EXC004,Excavator,Foundation Digging,Sunny,Dry,Intermediate,4.3,1045.4,89.6,8.5,19.0,169.5,54.6,67.2,75.0,91.6,16.6
T01899,2025-06-07 07:40:00,7,5,6,day,OP1046,DZR001,Dozer,Transfer,Windy,Rocky,Beginner,2.1,1945.8,61.0,15.25,27.7,76.2,30.3,70.2,31.5,46.7,15.2
T01900,2026-02-24 12:21:46,12,1,2,day,OP1017,BCK003,Backhoe,Grading,Cloudy,Wet,Expert,13.3,4383.0,82.6,9.32,22.6,133.2,23.2,56.8,48.0,44.4,-3.6
T01901,2025-01-17 10:03:24,10,4,1,day,OP1007,GRD003,Grader,Trenching,Cloudy,Clay,Beginner,1.2,205.5,61.5,17.53,19.9,142.4,41.1,58.3,54.4,79.9,25.5
T01902,2025-08-23 08:05:18,8,5,8,day,OP1027,DZR003,Dozer,Grading,Rainy,Rocky,Intermediate,6.2,3788.6,70.9,8.29,27.1,102.5,29.1,33.5,61.1,70.3,9.2
T01903,2025-02-17 13:30:31,13,0,2,day,OP1031,EXC007,Excavator,Earth Excavation,Sunny,Wet,Expert,22.8,3710.0,87.0,10.03,19.2,83.1,22.5,56.9,69.3,61.3,-8.0
T01904,2025-04-11 11:16:11,11,4,4,day,OP1049,EXC005,Excavator,Earth Excavation,Foggy,Clay,Beginner,0.8,3520.0,70.6,15.19,40.7,57.3,43.2,64.5,73.1,101.7,28.6
T01905,2025-03-22 19:09:55,19,5,3,night,OP1060,EXC006,Excavator,Trenching,Cloudy,Clay,Expert,10.8,3155.3,76.7,7.93,36.3,85.1,19.2,95.4,55.8,55.4,-0.4
T01906,2026-01-30 08:58:43,8,4,1,day,OP1001,EXC007,Excavator,Grading,Foggy,Loose,Expert,13.7,6241.7,54.7,7.99,13.1,56.6,36.3,37.8,50.8,51.2,0.4
T01907,2025-05-14 07:45:51,7,2,5,day,OP1017,BCK004,Backhoe,Site Clearing,Sunny,Loose,Expert,13.3,1610.2,66.1,9.05,41.4,155.2,21.8,35.3,71.4,72.9,1.5
T01908,2025-03-26 14:37:00,14,2,3,day,OP1026,LDR003,Loader,Material Loading,Sunny,Clay,Beginner,2.3,1488.3,88.1,14.79,25.7,175.8,28.6,22.5,35.2,30.4,-4.8
T01909,2025-04-03 08:56:46,8,3,4,day,OP1030,DZR002,Dozer,Transfer,Cloudy,Clay,Intermediate,4.1,3140.6,78.1,18.64,36.4,220.2,10.9,40.4,27.9,26.1,-1.8
T01910,2026-04-13 11:46:59,11,0,4,day,OP1021,BCK002,Backhoe,Demolition,Rainy,Clay,Intermediate,4.3,6057.5,67.2,12.49,32.6,114.0,39.7,110.2,135.9,148.1,12.2
T01911,2026-01-22 14:22:41,14,3,1,day,OP1027,LDR005,Loader,Trenching,Windy,Wet,Intermediate,6.2,2982.0,60.9,5.18,22.3,185.6,39.6,60.0,57.5,71.9,14.4
T01912,2026-02-24 01:30:42,1,1,2,night,OP1033,EXC007,Excavator,Material Loading,Foggy,Clay,Expert,17.2,6421.9,31.9,11.92,17.5,75.2,41.3,31.7,47.2,57.5,10.3
T01913,2025-04-19 10:43:54,10,5,4,day,OP1027,LDR005,Loader,Trenching,Cloudy,Rocky,Intermediate,6.2,951.5,56.4,9.55,31.1,61.0,44.0,39.3,61.3,63.5,2.2
T01914,2025-09-18 11:36:14,11,3,9,day,OP1005,EXC006,Excavator,Earth Excavation,Rainy,Clay,Expert,18.5,4467.0,59.8,0,27.0,175.3,24.4,48.1,81.4,76.6,-4.8
T01915,2026-03-30 10:57:33,10,0,3,day,OP1030,BCK001,Backhoe,Trenching,Cloudy,Dry,Intermediate,4.1,6353.4,88.0,7.26,23.6,265.6,30.6,55.3,57.1,79.7,22.6
T01916,2025-09-03 06:59:23,6,2,9,day,OP1017,BCK004,Backhoe,Earth Excavation,Rainy,Rocky,Expert,13.3,2427.6,85.7,5.72,29.5,116.5,23.1,49.1,86.4,85.8,-0.6
T01917,2025-03-15 21:28:21,21,5,3,night,OP1007,EXC005,Excavator,Material Loading,Cloudy,Loose,Beginner,1.2,3326.0,78.6,5.64,29.2,147.6,39.4,68.9,35.8,32.4,-3.4
T01918,2026-04-11 09:19:33,9,5,4,day,OP1051,DZR002,Dozer,Earth Excavation,Sunny,Dry,Expert,11.2,5863.6,58.8,21.02,38.2,109.0,32.4,72.4,65.8,65.0,-0.8
T01919,2026-01-09 21:00:35,21,4,1,night,OP1055,LDR005,Loader,Grading,Windy,Dry,Expert,12.2,2889.2,66.0,12.44,15.0,240.1,31.0,38.3,41.6,51.2,9.6
T01920,2026-02-27 15:20:31,15,4,2,day,OP1035,BCK001,Backhoe,Demolition,Rainy,Wet,Beginner,2.8,6128.4,74.4,19.32,20.1,228.9,43.8,61.4,131.0,186.1,55.1
T01921,2025-12-09 08:01:08,8,1,12,day,OP1037,DZR002,Dozer,Earth Excavation,Windy,Wet,Expert,24.1,4965.3,61.8,4.38,18.1,103.1,33.0,43.0,77.3,74.3,-3.0
T01922,2026-01-23 02:24:57,2,4,1,night,OP1058,EXC007,Excavator,Demolition,Sunny,Wet,Intermediate,3.3,6188.6,59.1,7.9,11.2,154.7,32.7,40.4,115.1,144.2,29.1
T01923,2025-09-06 14:45:28,14,5,9,day,OP1053,DZR002,Dozer,Earth Excavation,Cloudy,Loose,Intermediate,7.0,4281.2,79.1,13.3,30.1,146.1,43.6,61.8,67.2,78.0,10.8
T01924,2026-07-21 06:48:02,6,1,7,day,OP1029,DZR002,Dozer,Foundation Digging,Windy,Loose,Intermediate,8.7,6600.1,73.5,8.41,33.0,10,32.1,18.9,93.5,108.7,15.2
T01925,2026-06-19 10:31:08,10,4,6,day,OP1003,LDR004,Loader,Material Loading,Cloudy,Dry,Expert,20.4,5832.9,72.3,5.89,34.2,180.0,15.9,47.6,37.4,33.9,-3.5
T01926,2026-01-27 14:50:03,14,1,1,day,OP1005,EXC007,Excavator,Foundation Digging,Sunny,Loose,Expert,18.5,6221.6,71.7,6.47,14.9,232.3,38.3,76.1,90.5,84.9,-5.6
T01927,2025-12-26 15:30:14,15,4,12,day,OP1034,GRD001,Grader,Material Loading,Foggy,Rocky,Beginner,1.3,4867.4,82.0,14.4,20.7,60.1,26.2,64.1,49.2,69.0,19.8
T01928,2026-06-06 08:41:02,8,5,6,day,OP1015,GRD001,Grader,Site Clearing,Sunny,Loose,Beginner,0.6,6047.9,80.7,9.76,28.1,145.7,19.2,71.0,81.5,104.3,22.8
T01929,2025-03-27 20:25:39,20,3,3,night,OP1028,LDR003,Loader,Earth Excavation,Sunny,Loose,Beginner,1.6,1497.4,98,20.63,22.8,199.0,43.6,86.9,60.9,71.0,10.1
T01930,2025-07-04 12:19:50,12,4,7,day,OP1057,LDR004,Loader,Material Loading,Cloudy,Rocky,Beginner,2.8,3278.4,74.0,7.22,27.5,286.2,5,43.5,42.1,51.8,9.7
T01931,2025-07-24 03:57:17,3,3,7,night,OP1048,EXC005,Excavator,Transfer,Sunny,Dry,Beginner,2.2,4277.0,48.6,8.95,27.6,173.4,34.0,68.9,25.7,20.7,-5.0
T01932,2025-08-09 03:58:37,3,5,8,night,OP1041,DZR003,Dozer,Earth Excavation,Cloudy,Clay,Intermediate,4.3,3685.2,98,3.56,23.9,169.0,11.3,56.5,68.8,62.7,-6.1
T01933,2025-07-09 11:49:34,11,2,7,day,OP1018,EXC003,Excavator,Material Loading,Windy,Wet,Expert,15.8,2462.6,89.3,21.64,35.3,146.1,27.0,67.9,40.5,39.5,-1.0
T01934,2026-08-27 09:34:54,9,3,8,day,OP1018,EXC003,Excavator,Material Loading,Cloudy,Clay,Expert,15.8,5484.1,48.4,17.59,37.8,210.4,24.8,77.8,40.6,38.2,-2.4
T01935,2026-06-04 09:25:56,9,3,6,day,OP1020,GRD003,Grader,Earth Excavation,Cloudy,Loose,Intermediate,8.4,3877.2,57.9,15.06,28.1,123.6,37.1,88.3,66.2,87.7,21.5
T01936,2026-03-19 10:19:25,10,3,3,day,OP1055,GRD001,Grader,Foundation Digging,Windy,Rocky,Expert,12.2,5471.7,95.0,12.19,19.3,223.1,44.8,37.7,115.3,120.7,5.4
T01937,2025-08-05 13:57:58,13,1,8,day,OP1041,LDR002,Loader,Foundation Digging,Rainy,Wet,Intermediate,4.3,1752.9,73.8,11.24,29.7,158.1,5,44.0,97.5,98.7,1.2
T01938,2025-01-22 08:16:22,8,2,1,day,OP1057,LDR005,Loader,Demolition,Cloudy,Clay,Beginner,2.8,315.7,59.1,15.0,19.5,87.2,5,67.7,99.7,102.8,3.1
T01939,2025-02-15 07:10:35,7,5,2,day,OP1046,BCK003,Backhoe,Trenching,Cloudy,Wet,Beginner,2.1,1651.3,54.2,22.92,21.5,125.9,31.8,66.3,56.4,76.4,20.0
T01940,2026-07-01 15:16:57,15,2,7,day,OP1025,EXC005,Excavator,Material Loading,Windy,Rocky,Expert,17.0,6777.0,83.1,7.41,37.8,78.1,50.6,74.2,47.4,45.8,-1.6
T01941,2025-03-18 10:02:50,10,1,3,day,OP1001,LDR002,Loader,Foundation Digging,Cloudy,Dry,Expert,13.7,729.7,77.3,8.24,21.9,222.1,32.3,70.8,77.2,81.1,3.9
T01942,2025-02-03 12:21:29,12,0,2,day,OP1035,GRD001,Grader,Demolition,Cloudy,Loose,Beginner,2.8,2486.6,62.4,15.62,23.0,10,44.2,33.7,95.2,120.1,24.9
T01943,2025-08-26 13:29:23,13,1,8,day,OP1055,EXC001,Excavator,Transfer,Sunny,Dry,Expert,12.2,4161.8,67.9,8.31,30.6,155.3,33.3,37.7,25.6,34.1,8.5
T01944,2025-02-11 22:28:43,22,1,2,night,OP1007,LDR001,Loader,Site Clearing,Sunny,Wet,Beginner,1.2,1928.9,48.3,9.16,17.2,145.1,26.3,73.6,77.5,135.0,57.5
T01945,2025-07-22 13:38:41,13,1,7,day,OP1012,EXC006,Excavator,Earth Excavation,Windy,Wet,Beginner,1.4,4044.2,68.9,6.97,25.0,123.7,45.8,64.9,78.2,98.7,20.5
T01946,2025-05-29 19:47:23,19,3,5,night,OP1039,DZR001,Dozer,Material Loading,Sunny,Dry,Expert,10.2,1883.8,49.6,7.8,42.0,152.7,13.7,38.6,32.0,36.1,4.1
T01947,2025-07-25 13:28:59,13,4,7,day,OP1011,DZR003,Dozer,Demolition,Rainy,Wet,Intermediate,6.7,3578.6,59.2,12.41,31.7,334.1,35.9,57.4,121.4,151.8,30.4
T01948,2025-11-19 13:22:50,13,2,11,day,OP1049,LDR004,Loader,Earth Excavation,Sunny,Dry,Beginner,0.8,4286.1,66.9,12.6,17.3,89.3,39.9,36.8,62.1,89.1,27.0
T01949,2025-03-14 20:54:20,20,4,3,night,OP1043,DZR004,Dozer,Transfer,Rainy,Rocky,Expert,19.0,1409.2,55.5,12.72,20.4,171.2,18.5,61.5,36.1,40.0,3.9
T01950,2025-10-09 12:59:42,12,3,10,day,OP1031,EXC004,Excavator,Transfer,Windy,Dry,Expert,22.8,2942.8,74.4,7.58,34.2,217.1,33.1,63.3,27.6,24.0,-3.6
T01951,2025-12-03 10:11:50,10,2,12,day,OP1001,DZR002,Dozer,Material Loading,Sunny,Loose,Expert,13.7,4922.2,44.6,15.76,17.1,37.6,34.2,54.8,36.9,38.0,1.1
T01952,2025-07-08 14:36:41,14,1,7,day,OP1051,GRD001,Grader,Demolition,Sunny,Wet,Expert,11.2,3618.8,57.4,11.64,25.0,154.6,30.9,80.6,104.8,114.1,9.3
T01953,2026-05-20 15:29:04,15,2,5,day,OP1060,EXC002,Excavator,Grading,Rainy,Dry,Expert,10.8,3838.1,76.7,6.06,34.4,132.9,32.5,66.4,48.1,51.7,3.6
T01954,2026-09-12 12:13:46,12,5,9,day,OP1001,EXC007,Excavator,Site Clearing,Cloudy,Rocky,Expert,13.7,7885.2,87.5,11.77,34.1,127.2,23.2,10.1,105.6,97.9,-7.7
T01955,2025-12-18 18:32:39,18,3,12,night,OP1006,LDR001,Loader,Transfer,Windy,Rocky,Intermediate,3.3,4190.7,73.7,10.57,14.6,95.2,23.2,14.4,34.4,39.2,4.8
T01956,2026-05-19 06:54:41,6,1,5,day,OP1020,LDR004,Loader,Foundation Digging,Foggy,Rocky,Intermediate,8.4,5605.5,53.6,11.47,29.4,218.5,26.8,35.0,115.9,134.4,18.5
T01957,2026-04-30 14:31:37,14,3,4,day,OP1038,EXC004,Excavator,Earth Excavation,Cloudy,Dry,Beginner,2.4,4425.2,77.0,5.64,32.5,10,33.3,103.5,64.3,63.0,-1.3
T01958,2025-05-09 23:09:10,23,4,5,night,OP1051,DZR004,Dozer,Transfer,Rainy,Dry,Expert,11.2,1818.7,55.8,16.31,36.1,98.6,34.1,41.3,28.9,29.5,0.6
T01959,2025-11-17 09:29:06,9,0,11,day,OP1036,BCK003,Backhoe,Foundation Digging,Cloudy,Dry,Intermediate,3.3,3659.5,64.6,13.52,26.7,37.4,11.9,30.6,80.8,95.7,14.9
T01960,2026-09-05 12:34:23,12,5,9,day,OP1017,GRD002,Grader,Trenching,Rainy,Loose,Expert,13.3,7528.0,73.0,16.62,34.8,213.0,19.3,54.2,73.8,70.8,-3.0
T01961,2025-12-03 15:01:01,15,2,12,day,OP1014,EXC004,Excavator,Site Clearing,Cloudy,Loose,Expert,21.2,3344.9,69.4,13.09,18.8,72.8,19.7,41.6,76.0,74.7,-1.3
T01962,2025-11-26 10:35:04,10,2,11,day,OP1027,EXC002,Excavator,Material Loading,Sunny,Dry,Intermediate,6.2,2559.1,74.9,12.27,27.0,140.8,29.3,15.7,32.1,47.3,15.2
T01963,2026-08-29 09:28:09,9,5,8,day,OP1051,LDR002,Loader,Material Loading,Rainy,Wet,Expert,11.2,4591.3,58.4,6.6,30.9,99.3,44.6,53.4,49.8,51.6,1.8
T01964,2025-08-26 22:13:36,22,1,8,night,OP1053,LDR003,Loader,Demolition,Rainy,Rocky,Intermediate,7.0,2607.5,68.4,14.62,23.4,45.0,52.5,26.4,136.3,178.1,41.8
T01965,2026-01-26 11:58:22,11,0,1,day,OP1045,EXC005,Excavator,Site Clearing,Rainy,Clay,Intermediate,6.5,5637.2,75.4,12.74,22.0,67.0,26.7,72.2,105.8,121.3,15.5
T01966,2025-01-29 15:38:21,15,2,1,day,OP1011,LDR004,Loader,Foundation Digging,Foggy,Dry,Intermediate,6.7,2140.6,72.2,14.74,19.9,99.9,32.7,76.5,85.1,97.6,12.5
T01967,2025-07-10 23:51:45,23,3,7,night,OP1046,BCK004,Backhoe,Transfer,Sunny,Loose,Beginner,2.1,2031.2,98,20.13,33.3,153.9,38.7,16.5,25.2,26.0,0.8
T01968,2025-09-13 12:23:00,12,5,9,day,OP1032,BCK004,Backhoe,Foundation Digging,Rainy,Wet,Intermediate,3.9,2502.2,66.3,11.89,32.2,131.7,45.9,37.7,97.5,120.6,23.1
T01969,2026-09-07 10:21:17,10,0,9,day,OP1057,DZR003,Dozer,Material Loading,Cloudy,Dry,Beginner,2.8,6563.3,56.9,1.72,31.8,177.1,13.2,52.6,38.3,41.6,3.3
T01970,2026-02-28 14:10:41,14,5,2,day,OP1026,EXC003,Excavator,Grading,Sunny,Clay,Beginner,2.3,4171.5,57.7,13.02,24.1,167.4,28.5,57.7,44.6,57.2,12.6
T01971,2025-01-10 13:25:29,13,4,1,day,OP1012,LDR001,Loader,Material Loading,Rainy,Dry,Beginner,1.4,1692.6,55.6,8.08,16.5,123.9,47.8,82.1,39.6,45.3,5.7
T01972,2025-03-27 15:40:42,15,3,3,day,OP1003,LDR003,Loader,Transfer,Sunny,Dry,Expert,20.4,1495.9,95.6,5.61,28.1,178.3,14.4,68.1,24.0,25.9,1.9
T01973,2026-01-16 10:32:40,10,4,1,day,OP1048,LDR004,Loader,Site Clearing,Foggy,Dry,Beginner,2.2,4708.7,98,7.88,11.4,94.4,18.5,82.4,84.7,138.3,53.6
T01974,2026-06-08 15:20:40,15,0,6,day,OP1021,GRD001,Grader,Foundation Digging,Rainy,Loose,Intermediate,4.3,6064.5,85.9,17.35,34.1,168.6,41.0,77.5,113.4,129.4,16.0
T01975,2026-06-23 09:47:29,9,1,6,day,OP1056,GRD002,Grader,Grading,Rainy,Clay,Intermediate,4.7,6987.0,83.5,22.44,34.0,230.2,37.7,90.3,59.8,60.5,0.7
T01976,2026-08-17 07:48:18,7,0,8,day,OP1013,LDR001,Loader,Foundation Digging,Rainy,Loose,Expert,18.9,5954.0,84.4,6.48,30.3,305.3,15.4,56.0,107.6,107.9,0.3
T01977,2025-11-14 01:47:39,1,4,11,night,OP1003,BCK004,Backhoe,Trenching,Foggy,Dry,Expert,20.4,2951.6,81.5,15.63,26.8,207.3,5,93.8,52.3,44.3,-8.0
T01978,2025-11-01 13:44:18,13,5,11,day,OP1020,GRD001,Grader,Trenching,Rainy,Loose,Intermediate,8.4,4465.4,68.3,14.05,18.4,119.5,25.3,43.6,64.0,62.4,-1.6
T01979,2026-02-04 03:06:48,3,2,2,night,OP1033,EXC002,Excavator,Trenching,Sunny,Wet,Expert,17.2,3067.8,93.2,25.21,22.3,182.8,21.8,51.6,56.0,54.5,-1.5
T01980,2026-09-17 00:39:30,0,3,9,night,OP1052,GRD002,Grader,Earth Excavation,Rainy,Dry,Intermediate,5.8,7612.0,15,16.73,32.8,211.9,30.7,26.8,84.9,92.9,8.0
T01981,2026-06-04 02:20:14,2,3,6,night,OP1050,LDR001,Loader,Material Loading,Rainy,Wet,Intermediate,7.7,5412.2,46.9,7.87,32.2,220.0,28.3,77.3,46.4,44.6,-1.8
T01982,2025-11-15 12:58:47,12,5,11,day,OP1021,GRD003,Grader,Trenching,Windy,Loose,Intermediate,4.3,2411.0,70.6,14.21,28.3,145.2,43.4,65.8,56.8,78.0,21.2
T01983,2025-05-28 22:03:35,22,2,5,night,OP1032,DZR004,Dozer,Trenching,Sunny,Rocky,Intermediate,3.9,1957.1,67.4,13.24,43.5,93.3,54.5,68.1,59.5,83.5,24.0
T01984,2026-04-10 13:18:36,13,4,4,day,OP1060,GRD002,Grader,Site Clearing,Sunny,Wet,Expert,10.8,6447.8,41.1,25.86,33.9,181.0,39.5,22.9,89.8,96.8,7.0
T01985,2025-09-22 11:47:34,11,0,9,day,OP1053,LDR004,Loader,Transfer,Cloudy,Clay,Intermediate,7.0,3862.3,80.7,14.96,26.2,150.5,26.3,87.6,28.7,38.3,9.6
T01986,2025-12-05 00:50:04,0,4,12,night,OP1031,DZR004,Dozer,Site Clearing,Cloudy,Clay,Expert,22.8,3344.9,76.5,6.96,19.7,175.0,21.5,73.4,79.6,73.4,-6.2
T01987,2026-06-10 07:36:13,7,2,6,day,OP1027,GRD001,Grader,Grading,Sunny,Wet,Intermediate,6.2,6076.8,72.0,10.85,31.2,237.4,20.9,57.3,49.5,56.1,6.6
T01988,2025-02-13 15:37:42,15,3,2,day,OP1060,EXC005,Excavator,Earth Excavation,Sunny,Loose,Expert,10.8,3105.2,70.4,13.34,15.0,151.6,20.7,81.1,62.4,58.1,-4.3
T01989,2026-07-02 09:48:22,9,3,7,day,OP1014,LDR001,Loader,Trenching,Foggy,Rocky,Expert,21.2,5618.9,50.3,14.09,29.2,155.0,34.5,41.9,73.9,73.2,-0.7
T01990,2026-07-19 00:27:43,0,6,7,night,OP1057,DZR001,Dozer,Foundation Digging,Rainy,Rocky,Beginner,2.8,4914.7,74.0,11.96,25.3,163.4,10.2,55.8,120.9,156.1,35.2
T01991,2026-07-18 19:56:26,19,5,7,night,OP1002,EXC003,Excavator,Transfer,Rainy,Loose,Expert,18.3,5195.2,45.6,9.21,32.5,106.8,47.8,20.6,34.0,44.5,10.5
T01992,2025-06-14 09:45:38,9,5,6,day,OP1049,DZR003,Dozer,Transfer,Rainy,Wet,Beginner,0.8,3278.1,73.1,7.14,31.1,167.8,46.0,72.9,34.1,40.8,6.7
T01993,2026-06-05 20:27:57,20,4,6,night,OP1025,EXC007,Excavator,Grading,Rainy,Loose,Expert,17.0,7165.0,52.0,5.84,32.8,121.8,49.7,78.9,57.0,69.4,12.4
T01994,2025-10-27 11:09:14,11,0,10,day,OP1039,LDR002,Loader,Transfer,Rainy,Dry,Expert,10.2,2358.0,56.6,19.08,31.8,103.3,13.2,61.2,28.9,31.6,2.7
T01995,2026-01-19 07:02:30,7,0,1,day,OP1027,BCK003,Backhoe,Transfer,Cloudy,Rocky,Intermediate,6.2,4118.6,93.4,7.63,8.0,72.7,30.5,61.0,32.6,29.2,-3.4
T01996,2026-01-29 09:04:59,9,3,1,day,OP1041,LDR003,Loader,Material Loading,Rainy,Dry,Intermediate,4.3,3742.3,82.7,10.97,21.9,98.8,17.2,54.9,41.2,53.4,12.2
T01997,2026-05-25 12:49:41,12,0,5,day,OP1033,GRD002,Grader,Foundation Digging,Windy,Rocky,Expert,17.2,6776.2,98,19.66,35.3,91.7,28.7,9.9,115.0,110.2,-4.8
T01998,2025-01-29 13:15:05,13,2,1,day,OP1008,EXC001,Excavator,Earth Excavation,Sunny,Rocky,Beginner,1.2,2636.0,94.9,8.01,21.2,57.2,29.3,74.5,72.3,114.2,41.9
T01999,2025-02-25 10:07:33,10,1,2,day,OP1007,BCK001,Backhoe,Earth Excavation,Rainy,Dry,Beginner,1.2,3447.8,70.1,16.03,24.1,111.8,33.2,32.8,70.7,78.2,7.5
T02000,2026-04-21 13:06:42,13,1,4,day,OP1009,GRD003,Grader,Demolition,Rainy,Wet,Intermediate,5.2,3557.2,40.8,8.2,38.9,213.4,20.9,64.4,131.1,139.8,8.7
T02001,2025-10-13 15:27:33,15,0,10,day,OP1030,LDR004,Loader,Transfer,Rainy,Loose,Intermediate,4.1,4016.7,73.9,9.55,25.1,10,13.3,82.7,30.9,36.2,5.3
T02002,2025-01-16 12:33:31,12,3,1,day,OP1029,GRD003,Grader,Trenching,Sunny,Loose,Intermediate,8.7,199.0,66.9,16.01,19.3,80.6,37.8,72.8,50.4,58.0,7.6
T02003,2025-11-17 22:04:55,22,0,11,night,OP1046,DZR001,Dozer,Transfer,Windy,Rocky,Beginner,2.1,3140.1,74.2,17.0,16.0,70.3,27.1,37.0,33.3,56.8,23.5
T02004,2025-10-25 01:25:10,1,5,10,night,OP1014,EXC005,Excavator,Site Clearing,Rainy,Loose,Expert,21.2,4955.1,57.7,4.6,35.0,92.5,28.2,16.9,93.2,99.5,6.3
T02005,2025-01-17 11:42:44,11,4,1,day,OP1006,BCK004,Backhoe,Earth Excavation,Rainy,Wet,Intermediate,3.3,757.3,68.5,4.21,15.2,67.7,21.0,67.0,79.3,92.1,12.8
T02006,2025-04-21 13:03:08,13,0,4,day,OP1051,GRD003,Grader,Grading,Rainy,Wet,Expert,11.2,892.6,82.2,16.16,37.1,316.5,33.9,92.3,51.9,48.6,-3.3
T02007,2025-03-22 14:24:33,14,5,3,day,OP1026,LDR005,Loader,Grading,Foggy,Dry,Beginner,2.3,748.3,61.8,17.28,25.5,280.1,26.3,44.2,40.7,51.8,11.1
T02008,2025-03-13 02:25:58,2,3,3,night,OP1033,EXC004,Excavator,Trenching,Sunny,Rocky,Expert,17.2,1406.6,38.5,14.51,27.8,308.9,31.1,18.2,59.5,71.7,12.2
T02009,2025-07-20 00:03:28,0,6,7,night,OP1038,BCK004,Backhoe,Foundation Digging,Rainy,Loose,Beginner,2.4,2097.0,57.2,9.2,29.8,241.0,36.7,44.8,99.2,136.6,37.4
T02010,2025-04-30 13:06:43,13,2,4,day,OP1012,DZR003,Dozer,Earth Excavation,Sunny,Wet,Beginner,1.4,2950.7,65.3,10.29,30.5,111.8,54.0,36.5,67.3,99.4,32.1
T02011,2026-06-09 02:28:55,2,1,6,night,OP1019,EXC003,Excavator,Site Clearing,Rainy,Dry,Intermediate,4.5,4905.2,46.9,16.49,31.7,139.7,25.9,82.9,93.1,96.4,3.3
T02012,2026-07-24 15:52:48,15,4,7,day,OP1024,LDR003,Loader,Material Loading,Sunny,Rocky,Beginner,1.5,5029.2,76.0,5.51,29.6,117.3,10.9,53.9,43.7,60.5,16.8
T02013,2025-08-05 08:25:20,8,1,8,day,OP1016,LDR004,Loader,Material Loading,Rainy,Loose,Beginner,2.9,3510.8,67.0,4.28,26.4,257.6,29.7,96.0,40.9,65.7,24.8
T02014,2026-08-24 08:57:02,8,0,8,day,OP1024,LDR003,Loader,Earth Excavation,Rainy,Wet,Beginner,1.5,5253.4,63.2,11.52,33.4,10,24.2,78.6,87.9,105.7,17.8
T02015,2026-08-01 13:27:55,13,5,8,day,OP1053,LDR004,Loader,Earth Excavation,Rainy,Rocky,Intermediate,7.0,6147.7,64.2,10.72,25.4,154.9,50.6,75.2,95.1,115.4,20.3
T02016,2026-06-09 08:19:06,8,1,6,day,OP1035,BCK004,Backhoe,Foundation Digging,Cloudy,Loose,Beginner,2.8,4464.7,57.8,11.27,34.7,89.3,47.5,34.0,87.5,130.8,43.3
T02017,2026-08-01 14:38:27,14,5,8,day,OP1010,BCK003,Backhoe,Foundation Digging,Windy,Wet,Intermediate,8.6,5537.1,69.7,11.13,25.5,146.1,37.1,33.7,108.4,132.8,24.4
T02018,2025-05-23 06:20:04,6,4,5,day,OP1059,BCK001,Backhoe,Earth Excavation,Sunny,Wet,Expert,22.2,4081.7,66.5,1.24,38.0,167.4,53.0,45.2,70.3,78.6,8.3
T02019,2026-05-09 11:49:42,11,5,5,day,OP1049,BCK004,Backhoe,Site Clearing,Cloudy,Clay,Beginner,0.8,4239.5,64.4,7.33,34.0,341.7,45.2,50.8,82.4,114.1,31.7
T02020,2025-12-29 12:03:25,12,0,12,day,OP1044,LDR004,Loader,Site Clearing,Cloudy,Wet,Beginner,1.1,4577.7,83.8,0,22.3,103.4,34.4,96.2,86.5,107.6,21.1
T02021,2026-02-14 10:54:19,10,5,2,day,OP1031,LDR001,Loader,Grading,Cloudy,Wet,Expert,22.8,4611.8,75.1,10.25,23.5,226.7,14.6,67.0,48.4,48.9,0.5
T02022,2026-09-17 09:53:23,9,3,9,day,OP1038,BCK002,Backhoe,Grading,Sunny,Wet,Beginner,2.4,7203.0,66.0,12.82,30.4,10,36.6,89.7,51.5,83.0,31.5
T02023,2026-03-17 09:23:40,9,1,3,day,OP1037,EXC003,Excavator,Grading,Sunny,Wet,Expert,24.1,4294.1,77.5,6.02,26.5,18.3,44.9,41.9,46.4,54.0,7.6
T02024,2026-05-06 08:13:16,8,2,5,day,OP1057,EXC007,Excavator,Site Clearing,Cloudy,Loose,Beginner,2.8,6942.3,98,6.17,34.6,97.1,5,14.2,86.6,114.2,27.6
T02025,2025-01-06 11:42:40,11,0,1,day,OP1049,BCK001,Backhoe,Site Clearing,Rainy,Clay,Beginner,0.8,3083.2,54.5,12.4,15.1,15.2,52.1,73.7,91.9,135.8,43.9
T02026,2026-09-13 02:42:34,2,6,9,night,OP1055,LDR005,Loader,Foundation Digging,Sunny,Loose,Expert,12.2,4686.7,28.6,7.0,22.7,143.6,34.3,59.5,85.6,93.3,7.7
T02027,2026-06-20 00:06:21,0,5,6,night,OP1011,GRD003,Grader,Earth Excavation,Rainy,Dry,Intermediate,6.7,3991.2,61.1,9.32,39.0,33.7,43.2,33.0,71.5,91.3,19.8
T02028,2026-01-03 13:26:38,13,5,1,day,OP1028,DZR003,Dozer,Trenching,Sunny,Loose,Beginner,1.6,4761.2,88.0,17.06,15.8,10,54.2,83.7,55.0,96.2,41.2
T02029,2026-07-09 15:49:35,15,3,7,day,OP1043,DZR004,Dozer,Demolition,Sunny,Rocky,Expert,19.0,4926.3,45.2,8.03,29.4,18.4,9.0,82.8,119.7,113.2,-6.5
T02030,2026-03-24 10:40:15,10,1,3,day,OP1045,EXC001,Excavator,Site Clearing,Sunny,Wet,Intermediate,6.5,5693.9,57.7,8.54,29.5,169.1,32.6,53.4,87.4,100.8,13.4
T02031,2025-08-12 15:27:26,15,1,8,day,OP1060,LDR003,Loader,Grading,Rainy,Clay,Expert,10.8,2503.3,62.8,18.17,31.3,128.8,26.1,28.4,51.2,48.4,-2.8
T02032,2025-08-22 14:19:53,14,4,8,day,OP1034,LDR004,Loader,Grading,Sunny,Clay,Beginner,1.3,3636.7,98,13.53,30.4,287.7,17.6,28.0,43.7,52.4,8.7
T02033,2026-05-14 10:08:28,10,3,5,day,OP1031,LDR004,Loader,Site Clearing,Cloudy,Loose,Expert,22.8,5570.0,46.1,11.09,39.4,78.3,25.3,24.5,82.6,84.2,1.6
T02034,2025-02-21 12:57:44,12,4,2,day,OP1052,BCK004,Backhoe,Trenching,Sunny,Clay,Intermediate,5.8,1013.2,55.7,8.46,27.2,137.3,32.7,79.9,52.8,61.0,8.2
T02035,2025-12-16 18:24:36,18,1,12,night,OP1019,EXC003,Excavator,Site Clearing,Sunny,Loose,Intermediate,4.5,3632.6,35.0,9.9,17.1,198.1,20.3,49.1,74.6,90.4,15.8
T02036,2026-03-19 15:41:59,15,3,3,day,OP1006,EXC008,Excavator,Demolition,Sunny,Rocky,Intermediate,3.3,3614.8,78.0,12.26,21.6,151.1,21.0,78.5,114.0,122.6,8.6
T02037,2026-07-30 14:46:22,14,3,7,day,OP1037,GRD003,Grader,Earth Excavation,Windy,Loose,Expert,24.1,4287.7,94.6,8.12,28.4,97.7,35.1,42.1,69.2,69.8,0.6
T02038,2025-09-22 11:00:02,11,0,9,day,OP1056,EXC006,Excavator,Demolition,Cloudy,Clay,Intermediate,4.7,4496.0,66.6,18.07,31.6,174.0,42.4,92.4,107.7,139.7,32.0
T02039,2026-05-06 08:39:57,8,2,5,day,OP1039,EXC002,Excavator,Earth Excavation,Rainy,Rocky,Expert,10.2,3733.8,85.7,16.38,34.7,114.7,12.3,106.9,88.7,87.4,-1.3
T02040,2026-03-31 10:30:57,10,1,3,day,OP1037,GRD002,Grader,Transfer,Sunny,Loose,Expert,24.1,6374.0,37.0,8.77,31.5,144.7,36.2,55.3,29.1,26.5,-2.6
T02041,2026-04-03 12:52:25,12,4,4,day,OP1036,EXC004,Excavator,Site Clearing,Sunny,Loose,Intermediate,3.3,4227.6,81.7,0,33.0,278.1,10.9,38.4,76.3,85.5,9.2
T02042,2026-08-26 07:55:44,7,2,8,day,OP1056,EXC006,Excavator,Site Clearing,Windy,Clay,Intermediate,4.7,6962.5,63.8,7.24,35.3,217.1,35.3,11.3,98.2,111.0,12.8
T02043,2026-02-11 19:10:01,19,2,2,night,OP1028,EXC002,Excavator,Demolition,Sunny,Dry,Beginner,1.6,3123.8,98,10.97,20.2,177.1,45.4,89.6,90.2,144.6,54.4
T02044,2026-02-21 11:07:37,11,5,2,day,OP1041,EXC005,Excavator,Foundation Digging,Windy,Rocky,Intermediate,4.3,5826.8,55.7,16.76,20.5,202.9,5,26.9,110.3,110.6,0.3
T02045,2026-09-02 10:25:42,10,2,9,day,OP1002,GRD003,Grader,Grading,Rainy,Wet,Expert,18.3,4534.5,76.9,17.66,25.0,93.5,31.3,30.8,56.2,54.6,-1.6
T02046,2025-05-29 08:47:59,8,3,5,day,OP1049,LDR001,Loader,Earth Excavation,Rainy,Loose,Beginner,0.8,2705.9,60.9,11.94,37.1,185.6,40.2,47.4,77.4,81.9,4.5
T02047,2025-09-10 15:24:13,15,2,9,day,OP1056,BCK003,Backhoe,Site Clearing,Cloudy,Dry,Intermediate,4.7,3164.9,63.6,19.23,26.7,80.2,33.8,9.1,71.9,77.4,5.5
T02048,2025-03-20 08:55:12,8,3,3,day,OP1057,DZR004,Dozer,Material Loading,Rainy,Loose,Beginner,2.8,1449.4,74.8,8.63,27.9,177.1,17.8,41.6,38.3,38.3,0.0
T02049,2026-05-06 10:39:00,10,2,5,day,OP1016,EXC005,Excavator,Foundation Digging,Sunny,Loose,Beginner,2.9,6366.8,62.0,8.61,41.7,294.9,34.4,60.2,90.9,110.2,19.3
T02050,2026-06-23 10:42:48,10,1,6,day,OP1019,GRD002,Grader,Material Loading,Foggy,Rocky,Intermediate,4.5,6987.2,90.5,11.7,33.4,96.1,11.4,25.2,52.0,38.2,-13.8
T02051,2026-05-08 13:09:57,13,4,5,day,OP1039,EXC001,Excavator,Site Clearing,Sunny,Loose,Expert,10.2,6023.2,57.0,11.73,42.6,191.6,17.6,49.3,81.5,80.0,-1.5
T02052,2026-01-01 08:16:18,8,3,1,day,OP1044,GRD001,Grader,Grading,Sunny,Dry,Beginner,1.1,4909.0,48.0,6.2,14.0,10.3,36.5,76.2,41.7,58.0,16.3
T02053,2025-06-16 14:43:11,14,0,6,day,OP1056,GRD003,Grader,Grading,Rainy,Clay,Intermediate,4.7,1302.0,58.7,11.75,31.7,179.0,39.8,62.6,48.2,62.0,13.8
T02054,2025-11-13 02:38:14,2,3,11,night,OP1038,EXC003,Excavator,Earth Excavation,Rainy,Loose,Beginner,2.4,3386.9,71.2,13.9,27.2,253.7,33.6,65.9,78.1,110.8,32.7
T02055,2025-06-25 15:31:51,15,2,6,day,OP1036,BCK001,Backhoe,Material Loading,Sunny,Rocky,Intermediate,3.3,4325.4,86.0,13.53,39.5,143.2,21.5,44.7,42.6,64.3,21.7
T02056,2025-06-04 11:24:40,11,2,6,day,OP1003,EXC003,Excavator,Site Clearing,Windy,Clay,Expert,20.4,2206.9,58.8,8.39,37.6,83.8,5,23.9,81.9,75.9,-6.0
T02057,2026-05-25 10:19:45,10,0,5,day,OP1024,EXC002,Excavator,Grading,Cloudy,Dry,Beginner,1.5,3873.0,50.9,14.82,38.4,10,19.4,40.3,41.3,47.1,5.8
T02058,2025-04-15 01:36:20,1,1,4,night,OP1038,EXC001,Excavator,Grading,Cloudy,Clay,Beginner,2.4,3187.3,64.6,14.52,34.8,109.5,39.7,14.8,44.2,65.0,20.8
T02059,2025-12-11 11:15:29,11,3,12,day,OP1021,BCK001,Backhoe,Transfer,Rainy,Clay,Intermediate,4.3,5557.8,52.7,13.52,21.1,162.6,44.8,73.9,36.2,38.2,2.0
T02060,2025-06-16 12:47:18,12,0,6,day,OP1012,LDR003,Loader,Demolition,Sunny,Rocky,Beginner,1.4,2086.4,53.8,11.05,27.5,258.8,50.4,59.7,109.1,157.4,48.3
T02061,2026-01-12 08:51:56,8,0,1,day,OP1035,EXC002,Excavator,Earth Excavation,Cloudy,Clay,Beginner,2.8,2901.7,98,11.07,23.2,92.6,38.4,46.6,66.8,89.6,22.8
T02062,2025-01-25 15:12:05,15,5,1,day,OP1035,EXC008,Excavator,Transfer,Cloudy,Dry,Beginner,2.8,563.2,57.5,9.89,21.3,149.2,36.5,38.5,24.7,29.8,5.1
T02063,2025-10-04 03:54:57,3,5,10,night,OP1046,DZR004,Dozer,Earth Excavation,Sunny,Wet,Beginner,2.1,2893.3,97.1,7.68,28.6,200.5,37.2,59.1,67.2,107.6,40.4
T02064,2025-09-02 03:12:22,3,1,9,night,OP1021,EXC006,Excavator,Earth Excavation,Windy,Loose,Intermediate,4.3,4347.7,78.0,12.48,31.2,140.6,41.8,73.0,68.9,96.0,27.1
T02065,2025-10-03 09:56:47,9,4,10,day,OP1019,EXC002,Excavator,Material Loading,Sunny,Dry,Intermediate,4.5,2164.7,72.5,5.2,29.6,177.1,16.0,82.8,32.0,27.4,-4.6
T02066,2026-03-13 06:58:03,6,4,3,day,OP1058,BCK003,Backhoe,Earth Excavation,Sunny,Rocky,Intermediate,3.3,4505.5,78.4,13.31,23.3,45.3,42.3,48.4,77.7,94.0,16.3
T02067,2026-03-13 07:19:00,7,4,3,day,OP1042,EXC001,Excavator,Material Loading,Rainy,Clay,Beginner,1.3,5612.6,55.7,12.5,27.8,144.1,15.4,68.1,48.5,58.5,10.0
T02068,2026-06-22 09:03:12,9,0,6,day,OP1043,LDR002,Loader,Earth Excavation,Cloudy,Dry,Expert,19.0,4094.7,70.1,14.64,31.4,208.4,9.9,5,63.6,63.0,-0.6
T02069,2025-05-30 10:46:47,10,4,5,day,OP1059,DZR004,Dozer,Trenching,Cloudy,Clay,Expert,22.2,1968.3,64.8,14.87,39.2,133.0,59.9,86.6,54.4,67.9,13.5
T02070,2026-08-26 09:48:05,9,2,8,day,OP1020,DZR001,Dozer,Transfer,Cloudy,Wet,Intermediate,8.4,5195.0,81.8,2.52,22.5,172.0,25.8,52.9,31.2,50.5,19.3
T02071,2026-01-20 11:32:30,11,1,1,day,OP1031,BCK004,Backhoe,Earth Excavation,Sunny,Dry,Expert,22.8,3443.7,56.4,13.92,22.5,10,12.4,38.9,60.2,56.3,-3.9
T02072,2025-05-09 10:39:22,10,4,5,day,OP1035,EXC008,Excavator,Trenching,Rainy,Clay,Beginner,2.8,1321.0,54.0,9.94,34.1,150.1,46.6,85.5,60.8,90.3,29.5
T02073,2025-03-22 14:33:28,14,5,3,day,OP1060,BCK004,Backhoe,Site Clearing,Sunny,Wet,Expert,10.8,1225.4,46.4,8.7,28.2,10,8.0,78.1,77.5,75.4,-2.1
T02074,2025-07-30 12:41:33,12,2,7,day,OP1054,EXC003,Excavator,Trenching,Cloudy,Loose,Intermediate,5.0,2616.1,81.4,7.18,29.6,193.9,27.6,51.8,52.2,61.9,9.7
T02075,2025-12-22 06:57:52,6,0,12,day,OP1006,DZR001,Dozer,Demolition,Cloudy,Wet,Intermediate,3.3,3391.0,65.7,7.6,8.3,105.1,13.6,24.2,107.0,116.8,9.8
T02076,2025-03-24 23:04:43,23,0,3,night,OP1028,LDR001,Loader,Site Clearing,Sunny,Wet,Beginner,1.6,2228.4,79.3,14.96,30.5,71.3,44.2,79.7,77.5,131.6,54.1
T02077,2026-07-29 03:18:08,3,2,7,night,OP1007,EXC008,Excavator,Demolition,Rainy,Wet,Beginner,1.2,4574.6,51.3,16.26,26.5,151.6,29.0,13.4,124.8,163.5,38.7
T02078,2026-03-30 11:41:05,11,0,3,day,OP1050,DZR004,Dozer,Grading,Foggy,Rocky,Intermediate,7.7,4187.7,83.9,3.17,31.7,10,18.6,13.4,57.1,84.8,27.7
T02079,2026-07-20 13:39:02,13,0,7,day,OP1031,EXC002,Excavator,Trenching,Rainy,Clay,Expert,22.8,4282.8,61.3,19.17,31.3,101.9,36.2,34.1,68.5,72.0,3.5
T02080,2025-09-18 07:03:19,7,3,9,day,OP1048,EXC004,Excavator,Site Clearing,Rainy,Clay,Beginner,2.2,2787.7,62.8,6.46,26.1,48.4,20.8,80.0,90.1,131.2,41.1
T02081,2026-08-05 19:44:35,19,2,8,night,OP1005,DZR004,Dozer,Demolition,Rainy,Wet,Expert,18.5,5124.6,81.3,8.57,27.3,175.7,47.1,20.7,131.9,149.8,17.9
T02082,2026-02-23 18:35:36,18,0,2,night,OP1045,BCK004,Backhoe,Foundation Digging,Sunny,Loose,Intermediate,6.5,3694.0,67.5,6.89,12.6,87.2,19.9,54.0,82.5,96.6,14.1
T02083,2025-05-26 11:55:48,11,0,5,day,OP1039,EXC005,Excavator,Material Loading,Rainy,Wet,Expert,10.2,3848.7,98,12.77,40.5,213.5,8.6,38.1,44.7,38.4,-6.3
T02084,2026-05-27 10:44:23,10,2,5,day,OP1008,LDR001,Loader,Trenching,Sunny,Wet,Beginner,1.2,5356.3,70.5,12.14,31.7,191.6,31.2,16.9,61.0,61.5,0.5
T02085,2026-01-09 18:21:56,18,4,1,night,OP1017,EXC006,Excavator,Earth Excavation,Cloudy,Wet,Expert,13.3,5294.0,62.9,7.34,20.5,210.3,33.3,95.5,75.7,79.5,3.8
T02086,2025-06-17 14:30:26,14,1,6,day,OP1022,EXC008,Excavator,Earth Excavation,Windy,Clay,Beginner,0.6,1606.9,87.3,10.62,30.0,50.8,17.2,38.8,70.0,97.8,27.8
T02087,2026-02-25 08:25:10,8,2,2,day,OP1047,BCK001,Backhoe,Trenching,Cloudy,Dry,Beginner,2.8,6111.7,76.1,11.14,22.6,180.0,27.6,23.6,56.6,77.4,20.8
T02088,2026-03-27 00:50:41,0,4,3,night,OP1012,LDR001,Loader,Foundation Digging,Foggy,Rocky,Beginner,1.4,4908.0,62.0,13.72,34.3,35.8,50.1,26.9,114.4,182.2,67.8
T02089,2025-02-14 13:54:25,13,4,2,day,OP1034,LDR003,Loader,Transfer,Sunny,Clay,Beginner,1.3,1196.1,88.7,12.71,19.2,96.0,24.0,69.1,26.4,32.6,6.2
T02090,2025-07-26 15:30:40,15,5,7,day,OP1008,DZR001,Dozer,Material Loading,Sunny,Dry,Beginner,1.2,2305.9,67.9,12.13,25.5,97.2,37.2,40.3,32.0,41.1,9.1
T02091,2025-10-27 08:10:26,8,0,10,day,OP1041,LDR001,Loader,Transfer,Windy,Wet,Intermediate,4.3,3808.0,68.2,12.3,26.3,66.5,6.8,61.2,32.3,35.1,2.8
T02092,2026-08-11 18:23:55,18,1,8,night,OP1021,EXC008,Excavator,Site Clearing,Cloudy,Clay,Intermediate,4.3,4674.1,66.5,15.95,23.2,97.8,47.2,61.7,83.7,101.4,17.7
T02093,2026-09-15 18:48:54,18,1,9,night,OP1060,EXC005,Excavator,Demolition,Rainy,Clay,Expert,10.8,7332.9,66.1,16.26,36.7,123.4,24.3,39.6,143.5,153.8,10.3
T02094,2025-10-13 06:34:29,6,0,10,day,OP1050,EXC001,Excavator,Foundation Digging,Cloudy,Loose,Intermediate,7.7,4510.1,81.8,10.0,35.8,95.8,26.4,45.1,87.6,97.9,10.3
T02095,2026-02-06 08:23:49,8,4,2,day,OP1039,EXC008,Excavator,Transfer,Sunny,Dry,Expert,10.2,3313.2,60.3,15.87,22.7,175.4,5,35.6,24.8,20.3,-4.5
T02096,2025-02-07 14:09:17,14,4,2,day,OP1038,EXC005,Excavator,Earth Excavation,Windy,Rocky,Beginner,2.4,3061.0,68.6,14.52,24.8,207.1,39.5,76.8,79.8,121.5,41.7
T02097,2025-11-24 20:37:38,20,0,11,night,OP1024,LDR003,Loader,Earth Excavation,Rainy,Rocky,Beginner,1.5,3264.0,53.1,7.8,25.7,103.2,23.2,16.5,87.9,122.6,34.7
T02098,2025-07-15 01:32:36,1,1,7,night,OP1003,GRD003,Grader,Site Clearing,Rainy,Clay,Expert,20.4,1509.6,71.6,8.64,33.9,35.2,24.4,50.3,85.3,81.9,-3.4
T02099,2025-11-15 10:29:43,10,5,11,day,OP1046,DZR002,Dozer,Trenching,Rainy,Loose,Beginner,2.1,4790.9,98,14.82,21.9,158.7,54.9,78.3,69.3,86.9,17.6
T02100,2026-01-29 14:01:34,14,3,1,day,OP1018,EXC001,Excavator,Material Loading,Sunny,Loose,Expert,15.8,5300.7,48.7,6.13,13.6,84.9,20.7,85.3,37.4,35.5,-1.9
T02101,2025-02-14 12:23:03,12,4,2,day,OP1004,LDR005,Loader,Transfer,Sunny,Dry,Intermediate,6.3,484.8,48.1,10.35,24.9,224.2,20.8,66.6,24.0,27.8,3.8
T02102,2026-05-13 09:44:53,9,2,5,day,OP1040,DZR002,Dozer,Foundation Digging,Cloudy,Wet,Intermediate,8.2,6097.3,98,12.53,35.0,80.1,31.5,33.8,100.7,121.5,20.8
T02103,2025-03-18 08:07:33,8,1,3,day,OP1003,BCK003,Backhoe,Transfer,Cloudy,Dry,Expert,20.4,1877.8,79.5,15.54,31.0,284.1,6.8,20.6,24.7,22.2,-2.5
T02104,2026-02-03 09:15:20,9,1,2,day,OP1007,LDR003,Loader,Earth Excavation,Cloudy,Dry,Beginner,1.2,3778.9,58.6,6.39,21.5,61.1,25.1,77.6,62.8,76.9,14.1
T02105,2025-02-21 14:57:14,14,4,2,day,OP1050,EXC006,Excavator,Grading,Sunny,Loose,Intermediate,7.7,2942.3,73.0,3.5,19.9,291.9,30.6,96.4,40.6,59.4,18.8
T02106,2026-09-01 13:39:04,13,1,9,day,OP1017,BCK002,Backhoe,Demolition,Sunny,Clay,Expert,13.3,7087.3,87.7,12.28,30.7,10,31.0,7.2,114.6,111.4,-3.2
T02107,2026-08-18 00:03:28,0,1,8,night,OP1046,EXC006,Excavator,Transfer,Rainy,Rocky,Beginner,2.1,6901.7,69.1,17.34,32.7,16.0,35.8,102.0,42.1,48.9,6.8
T02108,2025-11-06 20:32:15,20,3,11,night,OP1051,GRD002,Grader,Material Loading,Cloudy,Rocky,Expert,11.2,5318.5,59.3,5.23,15.8,143.1,35.5,27.3,45.5,45.8,0.3
T02109,2025-11-05 22:49:57,22,2,11,night,OP1014,DZR002,Dozer,Earth Excavation,Sunny,Rocky,Expert,21.2,4721.6,59.1,2.84,25.3,88.3,16.6,27.5,78.3,80.6,2.3
T02110,2026-04-29 00:59:51,0,2,4,night,OP1006,GRD002,Grader,Trenching,Cloudy,Rocky,Intermediate,3.3,6582.8,94.5,15.14,36.9,215.1,15.1,17.4,71.3,67.2,-4.1
T02111,2026-03-05 14:36:33,14,3,3,day,OP1021,GRD002,Grader,Trenching,Sunny,Rocky,Intermediate,4.3,6185.4,56.8,12.81,29.4,14.6,43.3,57.7,68.3,70.6,2.3
T02112,2026-07-30 03:11:16,3,3,7,night,OP1008,LDR001,Loader,Earth Excavation,Cloudy,Loose,Beginner,1.2,5821.2,56.1,13.16,33.5,126.7,22.8,80.1,71.1,94.6,23.5
T02113,2025-12-08 14:20:58,14,0,12,day,OP1040,BCK003,Backhoe,Site Clearing,Cloudy,Rocky,Intermediate,8.2,3814.2,81.0,7.42,20.7,81.5,37.6,85.1,91.4,95.6,4.2
T02114,2026-04-17 03:24:37,3,4,4,night,OP1044,DZR001,Dozer,Grading,Sunny,Rocky,Beginner,1.1,4236.7,32.8,20.75,29.1,148.3,21.3,109.7,50.4,60.8,10.4
T02115,2026-07-21 12:20:38,12,1,7,day,OP1045,EXC005,Excavator,Transfer,Cloudy,Rocky,Intermediate,6.5,6922.1,42.7,0.1,27.1,147.3,10.9,19.5,36.1,41.5,5.4
T02116,2025-10-13 10:22:50,10,0,10,day,OP1040,GRD001,Grader,Earth Excavation,Rainy,Wet,Intermediate,8.2,4325.6,54.2,13.49,28.7,103.5,39.4,111.0,86.0,104.5,18.5
T02117,2026-04-25 22:27:55,22,5,4,night,OP1015,DZR003,Dozer,Transfer,Windy,Loose,Beginner,0.6,5581.5,59.5,10.62,31.7,180.0,35.2,47.4,29.9,37.8,7.9
T02118,2026-02-07 14:24:16,14,5,2,day,OP1031,EXC006,Excavator,Site Clearing,Cloudy,Rocky,Expert,22.8,5504.5,73.3,15.25,24.9,180.5,22.4,32.6,97.3,97.8,0.5
T02119,2025-08-28 14:32:13,14,3,8,day,OP1020,BCK004,Backhoe,Earth Excavation,Sunny,Loose,Intermediate,8.4,2386.1,78.9,16.86,30.2,137.1,24.0,68.2,60.9,67.8,6.9
T02120,2026-03-03 00:13:42,0,1,3,night,OP1008,BCK001,Backhoe,Material Loading,Cloudy,Rocky,Beginner,1.2,6153.0,75.6,11.24,24.3,374.9,25.6,44.0,46.8,61.4,14.6
T02121,2025-04-14 06:31:05,6,0,4,day,OP1013,EXC008,Excavator,Earth Excavation,Foggy,Clay,Expert,18.9,1137.3,57.2,8.24,44.0,47.2,12.8,96.4,72.0,76.3,4.3
T02122,2025-12-13 23:24:59,23,5,12,night,OP1020,LDR005,Loader,Grading,Cloudy,Loose,Intermediate,8.4,2692.8,91.1,8.27,18.3,96.6,26.4,30.3,41.4,59.4,18.0
T02123,2026-07-01 14:11:12,14,2,7,day,OP1026,EXC006,Excavator,Site Clearing,Sunny,Rocky,Beginner,2.3,6555.6,77.0,5.24,29.6,180.6,23.3,110.7,98.0,143.4,45.4
T02124,2026-04-23 01:15:26,1,3,4,night,OP1049,BCK003,Backhoe,Transfer,Cloudy,Wet,Beginner,0.8,4803.1,39.3,2.62,32.2,121.5,46.2,28.3,30.8,51.9,21.1
T02125,2026-08-01 13:56:14,13,5,8,day,OP1025,GRD003,Grader,Trenching,Sunny,Dry,Expert,17.0,4302.0,78.2,12.68,25.1,109.7,46.5,86.6,51.5,62.5,11.0
T02126,2026-08-08 12:44:26,12,5,8,day,OP1004,EXC005,Excavator,Earth Excavation,Cloudy,Rocky,Intermediate,6.3,7053.7,84.9,8.97,38.5,153.6,31.3,94.8,87.6,106.8,19.2
T02127,2025-08-08 10:31:06,10,4,8,day,OP1060,EXC004,Excavator,Demolition,Rainy,Wet,Expert,10.8,2489.5,57.5,13.71,32.1,169.5,25.3,52.2,122.3,125.7,3.4
T02128,2026-04-23 08:26:46,8,3,4,day,OP1057,EXC003,Excavator,Grading,Cloudy,Dry,Beginner,2.8,4563.9,46.5,17.89,32.0,135.7,6.9,31.7,42.4,5.0,-37.4
T02129,2025-01-13 07:15:38,7,0,1,day,OP1060,BCK003,Backhoe,Transfer,Sunny,Wet,Expert,10.8,1410.4,90.1,13.48,18.5,43.0,37.3,70.5,27.4,31.1,3.7
T02130,2025-07-11 14:02:21,14,4,7,day,OP1036,GRD003,Grader,Material Loading,Windy,Wet,Intermediate,3.3,1484.2,62.9,10.11,36.7,358.3,10.2,79.1,40.9,32.6,-8.3
T02131,2025-03-10 12:35:26,12,0,3,day,OP1055,EXC003,Excavator,Demolition,Sunny,Clay,Expert,12.2,1579.5,42.0,11.89,25.7,117.4,40.1,41.4,96.8,104.1,7.3
T02132,2026-01-18 03:14:47,3,6,1,night,OP1046,EXC004,Excavator,Site Clearing,Cloudy,Loose,Beginner,2.1,3677.2,83.8,4.94,27.6,156.5,43.8,111.4,77.0,114.8,37.8
T02133,2026-06-11 14:30:41,14,3,6,day,OP1017,DZR004,Dozer,Site Clearing,Cloudy,Rocky,Expert,13.3,4721.5,70.3,10.59,33.5,191.7,18.8,63.5,94.6,87.1,-7.5
T02134,2026-05-16 01:51:30,1,5,5,night,OP1049,DZR003,Dozer,Site Clearing,Windy,Dry,Beginner,0.8,5728.5,61.2,11.37,37.8,109.4,51.1,58.3,83.6,115.7,32.1
T02135,2026-08-25 14:39:44,14,1,8,day,OP1023,DZR003,Dozer,Earth Excavation,Rainy,Loose,Beginner,2.1,6469.7,71.0,13.36,26.0,91.2,38.6,90.8,86.7,117.7,31.0
T02136,2025-11-13 01:33:00,1,3,11,night,OP1032,BCK001,Backhoe,Earth Excavation,Cloudy,Dry,Intermediate,3.9,5350.4,42.3,18.64,20.6,199.9,47.8,92.7,66.6,88.2,21.6
T02137,2026-06-19 07:38:38,7,4,6,day,OP1005,DZR001,Dozer,Trenching,Cloudy,Dry,Expert,18.5,4697.9,75.0,6.3,30.3,125.4,47.6,48.8,53.8,62.3,8.5
T02138,2025-10-02 12:35:34,12,3,10,day,OP1030,LDR005,Loader,Foundation Digging,Rainy,Dry,Intermediate,4.1,2163.9,77.0,9.18,27.2,153.0,35.5,80.0,94.5,104.2,9.7
T02139,2025-05-17 23:29:04,23,5,5,night,OP1001,EXC001,Excavator,Transfer,Windy,Clay,Expert,13.7,3427.5,87.8,15.21,38.0,133.4,26.6,80.7,28.8,31.7,2.9
T02140,2025-06-11 12:08:24,12,2,6,day,OP1011,EXC006,Excavator,Grading,Cloudy,Dry,Intermediate,6.7,3744.5,72.2,5.7,34.0,44.7,42.4,36.5,41.1,47.8,6.7
T02141,2026-07-13 20:59:01,20,0,7,night,OP1045,EXC002,Excavator,Trenching,Sunny,Dry,Intermediate,6.5,4234.0,86.4,10.59,28.0,206.3,17.0,80.3,51.3,57.3,6.0
T02142,2025-04-23 13:47:54,13,2,4,day,OP1022,LDR005,Loader,Material Loading,Sunny,Wet,Beginner,0.6,981.7,82.6,14.57,27.3,72.9,34.6,69.2,36.5,43.7,7.2
T02143,2025-03-03 22:07:57,22,0,3,night,OP1016,DZR002,Dozer,Earth Excavation,Sunny,Rocky,Beginner,2.9,2918.3,60.8,15.71,32.0,75.7,35.8,85.9,73.1,125.8,52.7
T02144,2026-05-06 03:41:26,3,2,5,night,OP1035,LDR005,Loader,Grading,Sunny,Dry,Beginner,2.8,3738.0,80.5,15.34,40.5,136.2,30.5,60.0,39.9,47.9,8.0
T02145,2025-01-29 08:51:54,8,2,1,day,OP1040,DZR002,Dozer,Transfer,Windy,Clay,Intermediate,8.2,2673.4,70.1,16.36,16.2,10,28.6,40.5,27.1,24.0,-3.1
T02146,2026-01-26 11:16:26,11,0,1,day,OP1016,BCK003,Backhoe,Grading,Foggy,Dry,Beginner,2.9,4171.0,75.3,9.83,17.8,83.0,34.4,14.0,43.4,48.3,4.9
T02147,2025-10-24 12:19:56,12,4,10,day,OP1001,LDR002,Loader,Demolition,Cloudy,Clay,Expert,13.7,2336.4,67.0,18.06,33.6,104.5,35.6,20.3,99.7,103.9,4.2
T02148,2026-07-03 09:50:28,9,4,7,day,OP1013,EXC001,Excavator,Earth Excavation,Cloudy,Dry,Expert,18.9,6431.0,65.5,3.63,32.6,24.9,9.1,100.3,69.1,64.8,-4.3
T02149,2025-12-09 09:14:51,9,1,12,day,OP1025,EXC006,Excavator,Material Loading,Cloudy,Dry,Expert,17.0,5064.9,74.7,11.12,14.5,157.0,47.2,39.2,36.3,38.5,2.2
T02150,2026-02-03 10:48:50,10,1,2,day,OP1006,DZR002,Dozer,Transfer,Rainy,Rocky,Intermediate,3.3,5375.0,71.2,13.34,24.8,290.1,17.9,81.9,40.1,28.4,-11.7
T02151,2025-05-07 15:41:08,15,2,5,day,OP1060,EXC001,Excavator,Transfer,Sunny,Dry,Expert,10.8,3352.1,66.6,8.17,44.5,193.0,11.1,25.1,24.8,25.7,0.9
T02152,2025-06-27 21:58:51,21,4,6,night,OP1037,GRD002,Grader,Demolition,Rainy,Clay,Expert,24.1,4355.4,74.4,21.18,28.6,190.9,39.9,31.3,121.6,136.8,15.2
T02153,2026-05-12 22:31:46,22,1,5,night,OP1010,LDR002,Loader,Trenching,Sunny,Wet,Intermediate,8.6,3799.5,62.0,16.54,35.4,200.9,23.5,33.2,57.6,71.9,14.3
T02154,2025-12-26 10:25:06,10,4,12,day,OP1044,BCK003,Backhoe,Grading,Sunny,Rocky,Beginner,1.1,3944.4,47.0,8.88,26.6,50.4,37.3,63.8,49.8,72.2,22.4
T02155,2026-01-23 03:10:56,3,4,1,night,OP1025,BCK003,Backhoe,Grading,Windy,Dry,Expert,17.0,4146.6,65.6,2.89,12.6,71.9,54.4,49.3,43.4,57.3,13.9
T02156,2025-10-21 00:59:31,0,1,10,night,OP1034,BCK001,Backhoe,Grading,Sunny,Clay,Beginner,1.3,5182.4,86.8,8.22,22.8,237.0,14.6,51.3,46.3,83.6,37.3
T02157,2026-06-09 22:25:48,22,1,6,night,OP1020,DZR002,Dozer,Earth Excavation,Rainy,Wet,Intermediate,8.4,6298.3,85.8,6.01,29.0,164.1,19.2,74.5,92.5,122.1,29.6
T02158,2026-08-08 06:48:51,6,5,8,day,OP1036,DZR004,Dozer,Material Loading,Cloudy,Dry,Intermediate,3.3,5142.5,68.6,0,30.1,10,8.7,21.4,36.4,45.3,8.9
T02159,2026-04-23 06:16:51,6,3,4,day,OP1033,BCK002,Backhoe,Foundation Digging,Windy,Loose,Expert,17.2,6128.8,78.6,8.9,23.9,63.2,24.2,55.0,96.7,93.8,-2.9
T02160,2026-08-31 11:21:17,11,0,8,day,OP1057,EXC006,Excavator,Transfer,Rainy,Rocky,Beginner,2.8,7000.0,61.1,14.17,30.7,243.8,5,67.9,40.0,31.4,-8.6
T02161,2025-07-11 07:14:00,7,4,7,day,OP1040,GRD003,Grader,Transfer,Foggy,Loose,Intermediate,8.2,1482.2,70.4,5.82,33.0,112.3,31.3,87.2,29.5,20.9,-8.6
T02162,2025-02-28 02:02:01,2,4,2,night,OP1018,GRD001,Grader,Grading,Sunny,Loose,Expert,15.8,2666.0,62.3,6.05,23.8,225.3,28.6,66.4,40.2,48.5,8.3
T02163,2025-02-10 10:22:09,10,0,2,day,OP1047,DZR001,Dozer,Demolition,Sunny,Clay,Beginner,2.8,1092.5,58.6,9.71,24.4,96.3,41.1,60.1,96.8,130.6,33.8
T02164,2026-02-10 02:26:57,2,1,2,night,OP1029,EXC004,Excavator,Material Loading,Cloudy,Clay,Intermediate,8.7,3844.8,69.4,12.84,20.1,143.6,38.1,37.7,38.2,50.1,11.9
T02165,2025-07-24 19:24:52,19,3,7,night,OP1031,BCK002,Backhoe,Site Clearing,Cloudy,Wet,Expert,22.8,4139.9,90.0,9.85,30.3,263.6,25.2,46.8,85.1,96.7,11.6
T02166,2026-03-02 12:15:44,12,0,3,day,OP1027,DZR001,Dozer,Material Loading,Sunny,Rocky,Intermediate,6.2,3903.6,39.8,7.65,31.1,166.9,32.8,53.4,41.9,50.7,8.8
T02167,2026-04-11 12:05:56,12,5,4,day,OP1045,DZR003,Dozer,Site Clearing,Windy,Rocky,Intermediate,6.5,5476.2,60.4,6.1,30.6,267.4,34.8,83.7,102.0,127.8,25.8
T02168,2026-07-13 15:49:51,15,0,7,day,OP1027,DZR003,Dozer,Demolition,Sunny,Dry,Intermediate,6.2,6156.2,96.2,10.8,40.8,198.8,33.9,54.3,100.9,115.0,14.1
T02169,2025-06-17 02:23:04,2,1,6,night,OP1043,GRD003,Grader,Foundation Digging,Sunny,Rocky,Expert,19.0,1305.5,60.9,6.63,32.2,45.8,19.4,86.4,93.0,98.5,5.5
T02170,2025-11-22 06:45:18,6,5,11,day,OP1059,LDR002,Loader,Grading,Cloudy,Dry,Expert,22.2,2546.4,42.7,6.94,20.9,108.0,47.1,60.0,39.2,40.5,1.3
T02171,2026-06-01 09:01:56,9,0,6,day,OP1025,BCK001,Backhoe,Earth Excavation,Rainy,Loose,Expert,17.0,6812.7,79.3,20.56,38.8,181.9,55.3,49.9,83.3,87.2,3.9
T02172,2026-01-09 09:16:55,9,4,1,day,OP1047,EXC008,Excavator,Earth Excavation,Sunny,Loose,Beginner,2.8,3109.1,50.0,12.45,24.1,113.6,32.2,74.1,62.4,105.9,43.5
T02173,2026-01-16 13:12:44,13,4,1,day,OP1022,BCK002,Backhoe,Transfer,Rainy,Wet,Beginner,0.6,5422.8,79.0,11.69,24.5,179.1,36.5,74.4,36.1,44.8,8.7
T02174,2026-05-02 18:53:26,18,5,5,night,OP1008,DZR003,Dozer,Trenching,Sunny,Rocky,Beginner,1.2,5631.5,70.0,11.94,40.3,148.3,33.7,30.7,67.0,109.3,42.3
T02175,2026-01-06 22:17:07,22,1,1,night,OP1009,DZR001,Dozer,Site Clearing,Sunny,Rocky,Intermediate,5.2,3505.2,67.9,16.14,21.2,73.0,24.1,79.9,87.7,86.5,-1.2
T02176,2025-08-23 03:49:38,3,5,8,night,OP1036,GRD001,Grader,Transfer,Cloudy,Clay,Intermediate,3.3,3951.3,55.2,16.13,27.7,100.1,14.2,43.8,28.8,44.2,15.4
T02177,2025-07-21 18:44:05,18,0,7,night,OP1056,EXC004,Excavator,Foundation Digging,Windy,Rocky,Intermediate,4.7,2360.6,67.0,7.57,30.9,56.4,51.7,23.6,100.1,124.4,24.3
T02178,2025-10-05 03:45:31,3,6,10,night,OP1038,BCK003,Backhoe,Demolition,Sunny,Loose,Beginner,2.4,3343.8,64.2,16.96,18.4,86.4,35.4,33.5,95.5,139.9,44.4
T02179,2025-11-14 13:42:14,13,4,11,day,OP1047,LDR001,Loader,Transfer,Sunny,Clay,Beginner,2.8,3941.0,95.1,17.4,24.7,225.4,24.6,57.0,27.9,40.7,12.8
T02180,2025-07-31 07:51:33,7,3,7,day,OP1037,EXC008,Excavator,Trenching,Cloudy,Rocky,Expert,24.1,1926.1,75.8,13.95,32.4,195.2,36.3,71.3,61.3,68.5,7.2
T02181,2025-04-01 12:31:18,12,1,4,day,OP1031,GRD002,Grader,Trenching,Sunny,Clay,Expert,22.8,3717.4,59.2,9.18,32.9,82.2,11.9,53.1,55.4,55.5,0.1
T02182,2025-03-13 22:48:25,22,3,3,night,OP1002,DZR004,Dozer,Earth Excavation,Cloudy,Wet,Expert,18.3,1402.5,80.5,5.8,32.9,89.3,31.3,34.2,68.1,69.5,1.4
T02183,2025-01-30 20:17:25,20,3,1,night,OP1045,BCK004,Backhoe,Trenching,Sunny,Wet,Intermediate,6.5,854.8,73.1,15.05,19.7,177.5,29.0,43.9,54.7,65.2,10.5
T02184,2025-09-23 00:26:51,0,1,9,night,OP1030,EXC002,Excavator,Transfer,Sunny,Dry,Intermediate,4.1,2088.8,77.2,17.8,24.8,105.8,12.9,53.7,24.0,37.1,13.1
T02185,2025-09-04 09:30:48,9,3,9,day,OP1010,EXC001,Excavator,Transfer,Rainy,Dry,Intermediate,8.6,4226.3,87.4,4.77,29.8,157.3,39.5,15.5,29.2,34.5,5.3
T02186,2025-07-19 00:36:17,0,5,7,night,OP1040,GRD002,Grader,Foundation Digging,Windy,Wet,Intermediate,8.2,4509.5,87.5,12.42,25.5,86.2,31.8,43.6,98.1,121.5,23.4
T02187,2025-07-08 10:08:51,10,1,7,day,OP1010,BCK004,Backhoe,Earth Excavation,Sunny,Rocky,Intermediate,8.6,2012.5,82.5,8.6,35.3,123.9,42.8,18.3,71.9,90.7,18.8
T02188,2025-09-06 12:33:50,12,5,9,day,OP1037,EXC008,Excavator,Trenching,Rainy,Wet,Expert,24.1,2197.6,48.6,8.88,25.3,209.7,54.1,56.8,67.0,73.4,6.4
T02189,2025-01-30 01:54:44,1,3,1,night,OP1011,DZR003,Dozer,Foundation Digging,Cloudy,Clay,Intermediate,6.7,2290.3,56.0,13.22,18.5,61.7,51.4,11.7,85.0,112.7,27.7
T02190,2026-01-29 15:00:01,15,3,1,day,OP1004,BCK001,Backhoe,Foundation Digging,Sunny,Clay,Intermediate,6.3,5916.6,57.2,12.12,16.9,230.8,39.1,16.9,93.8,97.3,3.5
T02191,2025-07-25 03:16:25,3,4,7,night,OP1032,LDR002,Loader,Foundation Digging,Rainy,Wet,Intermediate,3.9,1669.4,81.0,7.99,27.2,102.9,56.2,78.5,104.0,127.2,23.2
T02192,2025-06-14 18:30:22,18,5,6,night,OP1021,DZR002,Dozer,Grading,Rainy,Rocky,Intermediate,4.3,3669.1,60.3,8.99,36.2,96.2,45.0,69.2,58.3,54.4,-3.9
T02193,2026-04-09 08:48:40,8,3,4,day,OP1013,GRD001,Grader,Demolition,Sunny,Clay,Expert,18.9,5624.6,62.3,14.32,39.0,212.8,15.5,66.3,108.9,102.1,-6.8
T02194,2026-02-05 10:35:08,10,3,2,day,OP1021,BCK002,Backhoe,Trenching,Windy,Wet,Intermediate,4.3,5568.0,87.5,11.82,17.6,157.7,48.0,91.3,67.6,83.7,16.1
T02195,2025-11-28 13:28:57,13,4,11,day,OP1027,DZR001,Dozer,Trenching,Cloudy,Loose,Intermediate,6.2,3217.8,47.4,14.39,22.2,10,27.7,84.1,53.4,59.7,6.3
T02196,2025-08-14 09:52:38,9,3,8,day,OP1030,LDR005,Loader,Demolition,Rainy,Loose,Intermediate,4.1,1805.4,45.9,13.36,35.3,80.9,23.0,7.2,107.3,117.9,10.6
T02197,2025-03-17 10:28:26,10,0,3,day,OP1021,GRD003,Grader,Earth Excavation,Rainy,Wet,Intermediate,4.3,636.4,75.0,12.98,27.1,10,34.6,56.4,78.2,91.6,13.4
T02198,2025-05-03 03:31:12,3,5,5,night,OP1022,EXC008,Excavator,Transfer,Sunny,Dry,Beginner,0.6,1275.0,93.3,12.9,35.0,112.9,15.6,31.2,24.0,39.4,15.4
T02199,2026-04-01 14:42:34,14,2,4,day,OP1031,EXC004,Excavator,Earth Excavation,Cloudy,Dry,Expert,22.8,4213.5,73.0,2.69,31.9,206.5,33.4,93.6,63.8,61.3,-2.5
T02200,2026-07-20 10:26:59,10,0,7,day,OP1013,EXC004,Excavator,Demolition,Rainy,Dry,Expert,18.9,5015.3,61.4,8.36,25.9,61.1,12.0,60.4,117.7,108.0,-9.7
T02201,2025-01-27 13:34:18,13,0,1,day,OP1035,DZR004,Dozer,Demolition,Rainy,Loose,Beginner,2.8,1071.2,54.9,13.16,20.9,121.0,47.7,62.0,116.4,163.4,47.0
T02202,2025-08-05 08:43:22,8,1,8,day,OP1033,EXC006,Excavator,Grading,Sunny,Dry,Expert,17.2,4144.9,63.1,13.8,27.1,110.8,36.3,53.3,40.5,48.8,8.3
T02203,2025-09-20 14:36:52,14,5,9,day,OP1047,BCK002,Backhoe,Trenching,Sunny,Rocky,Beginner,2.8,4561.8,87.2,9.35,25.0,141.2,37.0,32.8,64.4,107.1,42.7
T02204,2025-05-27 10:37:53,10,1,5,day,OP1027,LDR003,Loader,Earth Excavation,Cloudy,Wet,Intermediate,6.2,1939.7,47.5,8.68,34.4,83.6,19.2,16.7,68.1,90.3,22.2
T02205,2025-03-21 11:14:54,11,4,3,day,OP1005,BCK003,Backhoe,Grading,Sunny,Clay,Expert,18.5,1900.7,66.7,15.95,27.3,87.2,36.4,106.4,41.8,49.7,7.9
T02206,2025-03-24 12:08:50,12,0,3,day,OP1015,GRD003,Grader,Demolition,Windy,Loose,Beginner,0.6,688.0,58.5,18.02,19.2,144.7,35.9,29.6,101.0,136.8,35.8
T02207,2026-08-26 22:24:10,22,2,8,night,OP1044,EXC002,Excavator,Foundation Digging,Windy,Clay,Beginner,1.1,4555.6,86.9,8.7,40.2,288.7,26.5,82.4,97.3,138.9,41.6
T02208,2025-12-03 06:16:08,6,2,12,day,OP1057,DZR003,Dozer,Earth Excavation,Cloudy,Dry,Beginner,2.8,4532.7,85.2,16.67,15.3,132.3,5.7,105.8,64.6,60.0,-4.6
T02209,2026-01-26 19:58:20,19,0,1,night,OP1001,EXC002,Excavator,Grading,Sunny,Dry,Expert,13.7,3007.2,88.6,6.39,13.6,135.3,25.7,80.2,38.8,44.0,5.2
T02210,2026-07-18 12:32:28,12,5,7,day,OP1007,GRD003,Grader,Demolition,Rainy,Rocky,Beginner,1.2,4199.4,43.7,12.79,37.1,209.7,36.1,56.1,145.9,205.7,59.8
T02211,2025-06-14 22:34:11,22,5,6,night,OP1049,DZR003,Dozer,Transfer,Sunny,Rocky,Beginner,0.8,3282.0,56.4,13.71,27.1,221.8,45.3,85.5,30.7,35.7,5.0
T02212,2025-08-11 11:20:42,11,0,8,day,OP1001,EXC004,Excavator,Trenching,Cloudy,Rocky,Expert,13.7,2511.6,72.9,12.2,25.6,34.8,21.5,61.5,61.3,63.5,2.2
T02213,2025-10-29 15:22:01,15,2,10,day,OP1031,LDR004,Loader,Earth Excavation,Cloudy,Wet,Expert,22.8,4133.4,62.9,1.66,25.7,182.0,26.5,31.7,72.6,71.4,-1.2
T02214,2025-09-06 14:01:38,14,5,9,day,OP1031,GRD002,Grader,Foundation Digging,Cloudy,Loose,Expert,22.8,4871.2,71.5,12.04,30.2,195.3,32.1,89.5,88.8,95.8,7.0
T02215,2026-01-05 19:54:51,19,0,1,night,OP1058,LDR002,Loader,Earth Excavation,Cloudy,Clay,Intermediate,3.3,2871.6,82.3,8.24,20.1,196.9,34.2,40.8,66.7,82.0,15.3
T02216,2025-07-12 09:46:18,9,5,7,day,OP1033,DZR002,Dozer,Grading,Cloudy,Clay,Expert,17.2,3870.8,75.2,15.53,34.5,228.6,22.4,57.9,45.4,45.6,0.2
T02217,2025-04-16 14:32:19,14,2,4,day,OP1041,DZR002,Dozer,Earth Excavation,Foggy,Wet,Intermediate,4.3,3237.2,48.0,15.39,36.5,10.9,18.2,63.0,73.2,75.8,2.6
T02218,2026-05-23 11:00:13,11,5,5,day,OP1016,DZR002,Dozer,Transfer,Sunny,Dry,Beginner,2.9,6170.7,52.5,12.98,42.0,99.0,45.2,73.7,27.5,20.3,-7.2
T02219,2026-04-16 21:28:06,21,3,4,night,OP1045,BCK004,Backhoe,Site Clearing,Windy,Loose,Intermediate,6.5,4074.5,55.6,12.4,34.0,81.8,34.4,84.0,82.4,101.4,19.0
T02220,2025-09-09 01:46:23,1,1,9,night,OP1054,LDR001,Loader,Demolition,Rainy,Wet,Intermediate,5.0,3455.6,58.0,8.66,24.8,178.6,32.0,76.7,131.2,151.5,20.3
T02221,2025-09-04 08:48:51,8,3,9,day,OP1005,EXC002,Excavator,Foundation Digging,Rainy,Clay,Expert,18.5,1952.7,92.8,9.72,32.0,125.8,45.8,87.6,104.0,113.2,9.2
T02222,2026-08-20 19:16:53,19,3,8,night,OP1004,EXC008,Excavator,Foundation Digging,Rainy,Dry,Intermediate,6.3,4740.0,85.6,7.21,27.5,56.5,19.0,61.8,96.8,114.5,17.7
T02223,2026-01-21 11:24:17,11,2,1,day,OP1040,GRD002,Grader,Earth Excavation,Rainy,Clay,Intermediate,8.2,5870.5,53.8,6.6,23.2,136.2,34.9,58.9,84.6,80.2,-4.4
T02224,2025-09-06 18:30:00,18,5,9,night,OP1050,DZR001,Dozer,Earth Excavation,Rainy,Rocky,Intermediate,7.7,2613.4,67.4,9.23,35.9,272.5,22.1,45.4,87.6,109.2,21.6
T02225,2026-08-20 02:34:24,2,3,8,night,OP1014,GRD001,Grader,Grading,Rainy,Dry,Expert,21.2,6593.6,64.2,12.33,30.7,133.2,20.8,101.6,52.9,52.2,-0.7
T02226,2026-08-11 13:46:14,13,1,8,day,OP1033,BCK003,Backhoe,Demolition,Sunny,Clay,Expert,17.2,5609.9,87.5,19.04,35.9,173.1,37.2,12.9,108.8,111.9,3.1
T02227,2025-05-10 15:39:14,15,5,5,day,OP1023,GRD003,Grader,Transfer,Sunny,Dry,Beginner,2.1,1032.1,77.8,11.56,38.4,184.0,29.9,58.4,24.0,20.2,-3.8
T02228,2026-01-16 11:37:34,11,4,1,day,OP1056,EXC003,Excavator,Site Clearing,Cloudy,Wet,Intermediate,4.7,3856.8,71.6,12.39,20.8,115.8,34.4,52.0,84.2,94.8,10.6
T02229,2026-02-20 15:21:29,15,4,2,day,OP1002,EXC003,Excavator,Transfer,Cloudy,Wet,Expert,18.3,4113.4,64.5,5.89,21.1,209.4,37.9,70.5,30.0,30.9,0.9
T02230,2025-04-24 21:17:21,21,3,4,night,OP1005,LDR001,Loader,Foundation Digging,Cloudy,Dry,Expert,18.5,2454.2,61.8,2.36,34.9,245.6,25.3,32.7,77.2,86.0,8.8
T02231,2025-01-14 14:27:51,14,1,1,day,OP1014,BCK003,Backhoe,Site Clearing,Sunny,Wet,Expert,21.2,1419.9,75.6,8.63,16.7,172.9,36.4,81.9,77.5,90.5,13.0
T02232,2026-08-07 14:48:54,14,4,8,day,OP1024,BCK002,Backhoe,Trenching,Rainy,Rocky,Beginner,1.5,6905.2,76.3,15.24,33.3,216.2,15.7,33.4,84.0,124.7,40.7
T02233,2025-09-03 12:24:34,12,2,9,day,OP1027,DZR001,Dozer,Site Clearing,Cloudy,Clay,Intermediate,6.2,2589.6,78.2,12.95,36.8,352.7,34.6,84.9,77.3,80.8,3.5
T02234,2025-01-28 18:31:11,18,1,1,night,OP1036,LDR002,Loader,Trenching,Cloudy,Loose,Intermediate,3.3,374.6,70.3,9.91,16.8,67.5,14.6,81.1,51.9,52.5,0.6
T02235,2025-11-07 03:03:51,3,4,11,night,OP1024,LDR004,Loader,Demolition,Sunny,Rocky,Beginner,1.5,4195.4,65.9,3.37,22.1,143.4,19.1,36.7,116.5,155.8,39.3
T02236,2026-09-21 12:08:20,12,0,9,day,OP1026,BCK004,Backhoe,Earth Excavation,Windy,Dry,Beginner,2.3,5225.1,49.5,22.62,34.1,184.9,40.3,55.5,71.5,101.9,30.4
T02237,2025-01-30 07:10:04,7,3,1,day,OP1026,BCK001,Backhoe,Material Loading,Rainy,Clay,Beginner,2.3,3257.1,61.2,13.03,15.7,241.3,19.0,29.3,43.7,56.9,13.2
T02238,2026-08-08 06:32:28,6,5,8,day,OP1015,LDR005,Loader,Site Clearing,Cloudy,Loose,Beginner,0.6,4425.1,78.8,10.87,28.6,276.5,24.3,5.4,79.2,90.7,11.5
T02239,2026-02-12 14:40:13,14,3,2,day,OP1024,GRD002,Grader,Site Clearing,Cloudy,Clay,Beginner,1.5,6032.1,68.8,4.34,22.2,29.5,28.9,65.6,87.9,145.5,57.6
T02240,2025-11-05 10:37:42,10,2,11,day,OP1009,GRD002,Grader,Demolition,Sunny,Dry,Intermediate,5.2,5308.2,76.2,16.39,29.8,159.1,27.7,56.9,97.9,112.3,14.4
T02241,2025-08-29 10:32:13,10,4,8,day,OP1008,DZR003,Dozer,Earth Excavation,Rainy,Dry,Beginner,1.2,3833.2,82.4,5.96,32.9,285.7,37.2,54.8,73.3,122.2,48.9
T02242,2025-02-07 21:37:39,21,4,2,night,OP1060,EXC003,Excavator,Transfer,Cloudy,Dry,Expert,10.8,1356.0,76.4,17.15,23.5,130.6,19.5,44.2,24.7,23.6,-1.1
T02243,2026-05-05 15:03:43,15,1,5,day,OP1002,GRD001,Grader,Material Loading,Rainy,Loose,Expert,18.3,5816.3,36.7,9.02,31.7,159.5,37.6,55.6,45.4,53.0,7.6
T02244,2026-08-01 10:46:10,10,5,8,day,OP1053,LDR004,Loader,Foundation Digging,Sunny,Dry,Intermediate,7.0,6146.9,58.5,17.35,22.5,185.4,20.2,52.7,85.9,91.4,5.5
T02245,2025-07-09 14:51:25,14,2,7,day,OP1057,GRD002,Grader,Material Loading,Rainy,Dry,Beginner,2.8,4440.8,70.9,5.71,35.8,52.7,11.7,37.5,40.8,51.4,10.6
T02246,2026-05-09 11:45:11,11,5,5,day,OP1035,EXC004,Excavator,Earth Excavation,Rainy,Wet,Beginner,2.8,4490.0,68.1,0,35.3,10,59.8,44.3,88.7,135.2,46.5
T02247,2025-10-01 20:27:47,20,2,10,night,OP1058,DZR004,Dozer,Demolition,Sunny,Loose,Intermediate,3.3,2876.4,57.3,8.97,25.1,169.0,37.4,43.9,93.8,101.4,7.6
T02248,2026-07-07 09:42:05,9,1,7,day,OP1032,LDR002,Loader,Demolition,Cloudy,Rocky,Intermediate,3.9,4204.4,72.5,24.59,35.2,61.4,50.4,18.2,120.1,145.1,25.0
T02249,2025-05-25 03:16:33,3,6,5,night,OP1021,BCK004,Backhoe,Site Clearing,Cloudy,Loose,Intermediate,4.3,1689.2,57.2,8.39,33.8,155.6,36.1,51.7,73.5,95.2,21.7
T02250,2025-10-04 06:40:05,6,5,10,day,OP1044,BCK001,Backhoe,Trenching,Cloudy,Dry,Beginner,1.1,5060.0,83.6,7.48,26.1,267.4,48.2,65.8,54.5,80.3,25.8
T02251,2026-09-16 08:29:56,8,2,9,day,OP1037,DZR004,Dozer,Transfer,Cloudy,Clay,Expert,24.1,5427.8,80.9,1.5,34.9,217.7,45.5,32.3,30.4,30.6,0.2
T02252,2025-10-16 08:35:35,8,3,10,day,OP1017,BCK004,Backhoe,Grading,Cloudy,Clay,Expert,13.3,2742.0,73.0,24.12,30.7,256.8,24.2,72.4,43.5,46.3,2.8
T02253,2025-06-25 06:53:14,6,2,6,day,OP1048,LDR002,Loader,Transfer,Cloudy,Wet,Beginner,2.2,1451.5,71.6,5.99,36.7,165.7,27.7,59.6,28.2,30.2,2.0
T02254,2026-05-19 22:39:27,22,1,5,night,OP1060,EXC007,Excavator,Trenching,Rainy,Loose,Expert,10.8,7041.6,69.0,13.04,34.5,213.1,13.6,61.2,68.2,66.3,-1.9
T02255,2025-08-26 09:09:27,9,1,8,day,OP1043,LDR004,Loader,Transfer,Rainy,Dry,Expert,19.0,3664.4,88.2,16.52,23.9,150.7,26.7,93.3,31.1,26.8,-4.3
T02256,2025-06-09 15:29:34,15,0,6,day,OP1052,BCK003,Backhoe,Material Loading,Rainy,Wet,Intermediate,5.8,2486.0,77.0,10.66,29.9,217.8,48.8,14.4,44.3,51.3,7.0
T02257,2025-08-26 11:17:01,11,1,8,day,OP1013,DZR002,Dozer,Material Loading,Rainy,Clay,Expert,18.9,4199.8,51.9,14.84,30.6,143.2,18.0,38.4,45.0,45.4,0.4
T02258,2026-05-13 08:03:10,8,2,5,day,OP1031,EXC007,Excavator,Foundation Digging,Cloudy,Dry,Expert,22.8,6993.3,80.5,10.11,38.8,37.5,28.0,19.4,91.1,93.9,2.8
T02259,2026-02-22 00:40:36,0,6,2,night,OP1012,LDR004,Loader,Grading,Sunny,Wet,Beginner,1.4,4975.8,78.0,12.35,24.4,154.5,47.7,62.2,47.6,69.8,22.2
T02260,2025-07-09 09:16:12,9,2,7,day,OP1001,DZR003,Dozer,Material Loading,Rainy,Rocky,Expert,13.7,3460.5,68.9,10.41,29.5,160.8,28.3,41.5,50.4,56.6,6.2
T02261,2025-09-26 11:30:55,11,4,9,day,OP1058,BCK001,Backhoe,Grading,Foggy,Dry,Intermediate,3.3,5003.1,38.8,18.8,31.4,116.4,40.7,31.2,46.8,62.4,15.6
T02262,2026-05-23 13:21:32,13,5,5,day,OP1016,EXC006,Excavator,Earth Excavation,Cloudy,Rocky,Beginner,2.9,6270.6,55.7,12.21,39.6,120.5,25.3,42.5,85.3,98.0,12.7
T02263,2025-02-10 11:51:57,11,0,2,day,OP1025,DZR003,Dozer,Earth Excavation,Foggy,Rocky,Expert,17.0,2373.6,64.2,16.51,20.5,272.0,59.3,48.1,84.0,105.7,21.7
T02264,2025-09-03 19:29:58,19,2,9,night,OP1036,DZR002,Dozer,Demolition,Rainy,Loose,Intermediate,3.3,4260.7,95.4,0,32.9,88.7,12.0,40.1,119.4,138.4,19.0
T02265,2025-02-05 03:44:55,3,2,2,night,OP1013,GRD003,Grader,Site Clearing,Rainy,Wet,Expert,18.9,342.3,80.7,6.87,16.7,106.0,13.7,65.1,91.1,99.6,8.5
T02266,2026-05-04 20:37:33,20,0,5,night,OP1016,DZR003,Dozer,Site Clearing,Cloudy,Dry,Beginner,2.9,5646.6,60.1,8.5,42.0,199.7,28.1,73.5,78.9,126.1,47.2
T02267,2025-10-11 11:28:23,11,5,10,day,OP1044,DZR004,Dozer,Grading,Cloudy,Rocky,Beginner,1.1,2946.7,65.0,14.81,23.0,254.3,40.7,80.4,49.4,69.3,19.9
T02268,2026-04-16 06:51:24,6,3,4,day,OP1008,DZR003,Dozer,Material Loading,Cloudy,Clay,Beginner,1.2,5511.1,58.7,17.49,24.7,79.3,31.2,5,40.6,64.6,24.0
T02269,2025-09-29 23:12:08,23,0,9,night,OP1053,BCK004,Backhoe,Earth Excavation,Cloudy,Loose,Intermediate,7.0,2622.3,91.0,2.24,29.8,206.0,34.5,74.5,63.0,77.2,14.2
T02270,2025-05-07 12:02:14,12,2,5,day,OP1059,EXC001,Excavator,Transfer,Windy,Clay,Expert,22.2,3351.0,95.6,9.57,39.9,95.6,55.6,21.9,28.2,40.0,11.8
T02271,2025-03-25 22:11:04,22,1,3,night,OP1029,LDR004,Loader,Site Clearing,Sunny,Rocky,Intermediate,8.7,2544.1,68.6,12.03,24.3,168.2,51.9,25.8,84.5,101.6,17.1
T02272,2026-02-12 22:55:07,22,3,2,night,OP1034,BCK003,Backhoe,Demolition,Sunny,Clay,Beginner,1.3,4298.6,84.7,10.76,15.3,10,18.9,37.2,103.8,146.0,42.2
T02273,2025-01-30 19:51:14,19,3,1,night,OP1019,BCK003,Backhoe,Site Clearing,Cloudy,Loose,Intermediate,4.5,1538.3,63.7,13.68,17.5,171.3,22.2,49.5,73.5,91.3,17.8
T02274,2026-03-13 13:54:24,13,4,3,day,OP1025,GRD001,Grader,Grading,Sunny,Wet,Expert,17.0,5429.0,77.1,11.5,23.6,236.1,58.9,89.1,48.4,57.0,8.6
T02275,2025-05-23 13:38:18,13,4,5,day,OP1034,GRD001,Grader,Earth Excavation,Sunny,Rocky,Beginner,1.3,3282.7,62.5,21.53,36.3,124.1,10.1,46.5,74.2,103.9,29.7
T02276,2025-10-21 00:13:17,0,1,10,night,OP1056,EXC006,Excavator,Material Loading,Rainy,Clay,Intermediate,4.7,4704.4,73.1,8.74,28.2,95.5,45.8,59.8,46.8,58.8,12.0
T02277,2026-02-05 00:09:53,0,3,2,night,OP1039,EXC001,Excavator,Earth Excavation,Cloudy,Rocky,Expert,10.2,5347.6,85.2,14.45,15.3,68.5,18.6,81.7,82.5,91.0,8.5
T02278,2025-08-29 06:58:06,6,4,8,day,OP1044,LDR004,Loader,Trenching,Foggy,Dry,Beginner,1.1,3685.6,80.7,5.85,30.4,152.7,29.6,77.5,54.8,55.1,0.3
T02279,2025-06-12 12:06:51,12,3,6,day,OP1031,EXC007,Excavator,Transfer,Sunny,Loose,Expert,22.8,4549.1,72.4,0,30.5,208.6,25.5,85.2,27.3,25.0,-2.3
T02280,2025-12-03 20:13:58,20,2,12,night,OP1060,BCK004,Backhoe,Material Loading,Cloudy,Clay,Expert,10.8,3095.9,76.4,14.17,13.1,130.0,18.5,83.9,37.1,35.3,-1.8
T02281,2025-01-15 10:55:10,10,2,1,day,OP1028,EXC008,Excavator,Trenching,Foggy,Rocky,Beginner,1.6,488.9,86.0,10.44,22.4,163.7,45.5,41.4,66.6,105.9,39.3
T02282,2026-07-07 07:35:33,7,1,7,day,OP1020,LDR001,Loader,Site Clearing,Rainy,Loose,Intermediate,8.4,5654.7,68.0,8.24,29.7,110.9,28.4,17.7,96.3,111.8,15.5
T02283,2025-10-25 15:19:58,15,5,10,day,OP1025,EXC001,Excavator,Grading,Cloudy,Wet,Expert,17.0,4600.3,65.9,14.83,37.4,157.6,44.1,45.6,48.4,49.0,0.6
T02284,2026-08-19 06:15:14,6,2,8,day,OP1047,DZR003,Dozer,Site Clearing,Sunny,Wet,Beginner,2.8,6423.4,59.7,12.74,25.7,277.0,18.8,49.9,89.7,84.3,-5.4
T02285,2026-07-30 09:13:07,9,3,7,day,OP1044,LDR005,Loader,Grading,Sunny,Loose,Beginner,1.1,4360.2,64.5,7.23,31.3,188.7,34.1,55.6,42.9,35.5,-7.4
T02286,2026-04-18 11:27:28,11,5,4,day,OP1016,EXC001,Excavator,Grading,Sunny,Loose,Beginner,2.9,5876.7,86.6,7.47,37.2,93.1,44.0,76.6,45.3,57.7,12.4
T02287,2026-01-14 09:08:42,9,2,1,day,OP1052,EXC008,Excavator,Demolition,Foggy,Rocky,Intermediate,5.8,3145.6,77.8,8.47,17.5,84.9,45.6,62.5,128.4,146.4,18.0
T02288,2025-11-05 19:50:39,19,2,11,night,OP1001,EXC001,Excavator,Material Loading,Rainy,Rocky,Expert,13.7,4682.0,84.8,17.29,23.1,162.2,28.6,82.5,51.4,56.0,4.6
T02289,2025-09-23 13:54:35,13,1,9,day,OP1021,EXC005,Excavator,Demolition,Sunny,Rocky,Intermediate,4.3,4725.3,65.2,9.08,31.6,221.3,38.8,31.2,118.8,139.1,20.3
T02290,2025-08-01 14:11:17,14,4,8,day,OP1047,GRD002,Grader,Grading,Rainy,Wet,Beginner,2.8,4608.5,83.4,16.77,31.2,106.0,34.1,86.6,56.3,85.1,28.8
T02291,2026-05-16 01:14:36,1,5,5,night,OP1012,GRD002,Grader,Site Clearing,Sunny,Loose,Beginner,1.4,6707.0,72.5,14.4,37.9,175.2,36.3,5,83.4,110.0,26.6
T02292,2025-06-21 12:26:12,12,5,6,day,OP1028,LDR004,Loader,Site Clearing,Cloudy,Dry,Beginner,1.6,3183.6,85.8,18.05,38.1,192.9,36.0,69.9,72.0,119.7,47.7
T02293,2025-04-06 03:26:54,3,6,4,night,OP1049,DZR004,Dozer,Material Loading,Rainy,Clay,Beginner,0.8,1571.8,65.6,10.04,34.6,194.0,41.9,95.2,42.8,37.8,-5.0
T02294,2025-06-04 23:26:46,23,2,6,night,OP1056,DZR001,Dozer,Earth Excavation,Rainy,Clay,Intermediate,4.7,1928.7,82.8,14.39,39.8,10,39.9,86.5,77.7,83.8,6.1
T02295,2026-07-13 12:16:47,12,0,7,day,OP1033,BCK004,Backhoe,Site Clearing,Sunny,Clay,Expert,17.2,4714.1,64.6,10.5,32.6,271.1,29.8,78.8,81.4,86.1,4.7
T02296,2025-02-01 12:32:08,12,5,2,day,OP1007,EXC004,Excavator,Site Clearing,Windy,Loose,Beginner,1.2,1117.7,85.8,7.25,21.8,262.0,38.3,98.4,77.5,82.8,5.3
T02297,2025-11-26 01:38:41,1,2,11,night,OP1036,EXC001,Excavator,Site Clearing,Sunny,Dry,Intermediate,3.3,4829.8,87.0,12.35,34.2,25.5,16.6,73.2,74.3,100.4,26.1
T02298,2026-02-18 11:55:22,11,2,2,day,OP1055,EXC002,Excavator,Grading,Windy,Wet,Expert,12.2,3172.7,61.7,13.41,27.2,207.6,41.0,69.7,46.3,57.0,10.7
T02299,2026-04-08 02:54:32,2,2,4,night,OP1020,GRD003,Grader,Transfer,Sunny,Rocky,Intermediate,8.4,3459.2,53.9,7.93,32.5,12.3,30.0,73.0,30.9,33.9,3.0
T02300,2026-08-31 13:40:41,13,0,8,day,OP1036,DZR002,Dozer,Material Loading,Rainy,Clay,Intermediate,3.3,6901.5,69.0,13.34,31.6,88.8,20.4,59.9,48.1,53.7,5.6
T02301,2026-06-06 00:24:13,0,5,6,night,OP1038,BCK002,Backhoe,Demolition,Rainy,Dry,Beginner,2.4,6448.2,48.2,8.45,37.3,210.7,32.0,59.2,122.1,180.9,58.8
T02302,2025-05-04 02:07:13,2,6,5,night,OP1033,DZR002,Dozer,Site Clearing,Cloudy,Rocky,Expert,17.2,3364.8,76.5,15.57,43.0,64.5,38.9,34.4,89.9,98.3,8.4
T02303,2026-07-11 20:16:46,20,5,7,night,OP1002,BCK001,Backhoe,Foundation Digging,Windy,Clay,Expert,18.3,7108.1,98,12.0,30.9,187.3,38.8,101.6,100.0,111.4,11.4
T02304,2025-05-06 07:02:12,7,1,5,day,OP1035,BCK001,Backhoe,Earth Excavation,Sunny,Wet,Beginner,2.8,3957.8,73.5,3.1,40.5,243.7,32.1,27.6,70.0,72.9,2.9
T02305,2026-06-06 12:28:35,12,5,6,day,OP1026,DZR001,Dozer,Foundation Digging,Cloudy,Dry,Beginner,2.3,4604.5,69.0,7.28,38.6,114.3,18.8,36.4,83.8,105.9,22.1
T02306,2025-08-23 06:18:01,6,5,8,day,OP1048,LDR005,Loader,Trenching,Rainy,Clay,Beginner,2.2,1870.0,76.4,14.18,31.3,226.6,39.3,30.6,62.3,95.6,33.3
T02307,2025-11-21 06:37:02,6,4,11,day,OP1025,EXC001,Excavator,Demolition,Sunny,Wet,Expert,17.0,4794.8,79.9,13.06,26.8,287.3,49.3,109.7,109.5,120.7,11.2
T02308,2026-04-20 10:40:43,10,0,4,day,OP1042,EXC008,Excavator,Transfer,Windy,Clay,Beginner,1.3,3846.8,65.9,13.06,27.6,161.8,27.1,34.8,29.6,25.8,-3.8
T02309,2025-03-02 00:38:21,0,6,3,night,OP1030,EXC002,Excavator,Site Clearing,Rainy,Rocky,Intermediate,4.1,592.4,76.6,7.36,19.1,174.2,18.1,58.4,100.5,127.0,26.5
T02310,2026-04-27 14:44:21,14,0,4,day,OP1021,BCK001,Backhoe,Demolition,Rainy,Clay,Intermediate,4.3,6559.0,65.9,16.9,40.5,157.9,37.2,26.7,134.5,158.3,23.8
T02311,2026-04-30 08:22:04,8,3,4,day,OP1003,GRD001,Grader,Earth Excavation,Sunny,Wet,Expert,20.4,5777.7,98,17.12,35.8,161.0,5,23.2,74.8,77.0,2.2
T02312,2026-07-18 08:48:12,8,5,7,day,OP1023,EXC007,Excavator,Foundation Digging,Rainy,Dry,Beginner,2.1,7475.4,66.7,12.18,33.6,168.6,20.6,42.0,113.3,152.9,39.6
T02313,2026-07-27 19:57:32,19,0,7,night,OP1025,EXC008,Excavator,Grading,Windy,Clay,Expert,17.0,4565.0,65.1,20.49,31.1,89.2,35.6,47.4,48.0,44.6,-3.4
T02314,2025-04-09 13:46:29,13,2,4,day,OP1033,EXC001,Excavator,Demolition,Sunny,Wet,Expert,17.2,3147.2,85.6,7.73,43.5,26.6,35.9,45.1,102.9,113.4,10.5
T02315,2025-04-30 02:32:51,2,2,4,night,OP1056,DZR002,Dozer,Foundation Digging,Windy,Wet,Intermediate,4.7,3335.7,65.9,5.75,34.8,295.4,29.1,26.3,94.8,93.9,-0.9
T02316,2026-05-11 10:28:23,10,0,5,day,OP1027,BCK004,Backhoe,Demolition,Sunny,Loose,Intermediate,6.2,4253.7,60.9,7.96,40.8,104.7,22.2,20.7,98.9,119.0,20.1
T02317,2026-04-03 14:23:14,14,4,4,day,OP1041,BCK003,Backhoe,Transfer,Rainy,Wet,Intermediate,4.3,4661.1,52.3,16.37,30.8,200.5,7.4,37.6,37.4,27.7,-9.7
T02318,2025-02-10 12:50:40,12,0,2,day,OP1002,GRD003,Grader,Site Clearing,Rainy,Dry,Expert,18.3,381.6,45.9,12.56,17.9,80.3,36.1,74.8,81.1,87.6,6.5
T02319,2026-01-07 11:02:24,11,2,1,day,OP1022,BCK003,Backhoe,Foundation Digging,Sunny,Dry,Beginner,0.6,4032.2,98,5.54,11.3,71.1,26.0,22.4,79.6,98.8,19.2
T02320,2025-06-05 03:53:01,3,3,6,night,OP1053,GRD002,Grader,Earth Excavation,Rainy,Clay,Intermediate,7.0,4189.3,52.2,8.01,33.6,249.4,33.5,40.2,85.8,102.1,16.3
T02321,2025-04-15 08:21:02,8,1,4,day,OP1060,EXC007,Excavator,Demolition,Rainy,Wet,Expert,10.8,4124.5,77.3,4.19,30.1,125.2,32.2,32.2,127.7,129.8,2.1
T02322,2026-05-27 07:39:23,7,2,5,day,OP1052,GRD001,Grader,Transfer,Rainy,Wet,Intermediate,5.8,5974.6,72.0,8.62,42.1,145.1,34.8,32.9,37.2,46.4,9.2
T02323,2025-07-30 09:31:19,9,2,7,day,OP1027,BCK002,Backhoe,Material Loading,Rainy,Clay,Intermediate,6.2,4180.7,73.3,10.26,34.3,276.9,22.8,47.0,45.6,59.2,13.6
T02324,2025-06-10 15:31:19,15,1,6,day,OP1036,DZR002,Dozer,Foundation Digging,Foggy,Wet,Intermediate,3.3,3639.0,81.5,14.86,33.7,194.4,17.9,17.2,100.9,105.7,4.8
T02325,2026-04-29 22:09:39,22,2,4,night,OP1052,LDR003,Loader,Trenching,Cloudy,Wet,Intermediate,5.8,4403.3,75.9,7.71,36.5,158.6,35.8,81.8,60.7,76.0,15.3
T02326,2026-01-30 06:28:27,6,4,1,day,OP1052,DZR002,Dozer,Demolition,Rainy,Clay,Intermediate,5.8,5344.4,65.2,6.13,22.4,189.9,33.9,37.3,132.9,156.0,23.1
T02327,2025-10-13 12:09:53,12,0,10,day,OP1035,EXC006,Excavator,Material Loading,Windy,Rocky,Beginner,2.8,4649.7,90.1,12.85,33.2,56.6,56.8,54.5,44.5,81.0,36.5
T02328,2026-03-03 07:17:22,7,1,3,day,OP1017,EXC004,Excavator,Trenching,Cloudy,Clay,Expert,13.3,3999.6,66.8,16.45,26.4,210.9,18.4,50.0,57.6,55.9,-1.7
T02329,2026-01-14 08:59:48,8,2,1,day,OP1058,BCK003,Backhoe,Earth Excavation,Rainy,Wet,Intermediate,3.3,4082.7,71.5,20.51,16.5,10,33.3,49.8,80.1,106.4,26.3
T02330,2025-01-10 19:11:13,19,4,1,night,OP1029,LDR002,Loader,Demolition,Cloudy,Rocky,Intermediate,8.7,243.4,71.6,10.4,22.9,129.9,41.3,8.7,112.4,135.2,22.8
T02331,2025-05-01 13:41:50,13,3,5,day,OP1021,GRD001,Grader,Demolition,Sunny,Clay,Intermediate,4.3,3122.1,85.7,7.35,38.1,270.2,38.6,20.2,99.2,132.9,33.7
T02332,2026-01-22 15:54:33,15,3,1,day,OP1003,EXC001,Excavator,Earth Excavation,Cloudy,Clay,Expert,20.4,5250.2,74.9,16.02,26.0,47.7,5,37.9,72.9,71.8,-1.1
T02333,2026-04-25 01:25:39,1,5,4,night,OP1041,EXC006,Excavator,Material Loading,Sunny,Wet,Intermediate,4.3,6062.6,70.4,16.6,34.5,136.2,17.1,24.6,41.7,38.5,-3.2
T02334,2026-04-17 09:49:16,9,4,4,day,OP1005,LDR004,Loader,Trenching,Foggy,Clay,Expert,18.5,5372.8,70.4,12.71,33.3,10,36.6,33.8,64.8,74.8,10.0
T02335,2025-07-09 10:14:12,10,2,7,day,OP1022,GRD001,Grader,Grading,Cloudy,Wet,Beginner,0.6,3624.8,55.7,3.8,29.9,98.0,24.1,76.7,46.6,71.1,24.5
T02336,2025-10-07 21:45:16,21,1,10,night,OP1055,DZR004,Dozer,Site Clearing,Cloudy,Wet,Expert,12.2,2920.6,56.4,10.48,32.5,254.0,27.1,30.3,81.2,83.9,2.7
T02337,2026-08-11 06:25:51,6,1,8,day,OP1041,EXC005,Excavator,Foundation Digging,Sunny,Clay,Intermediate,4.3,7073.6,55.0,20.11,25.6,126.5,21.5,66.2,97.6,117.4,19.8
T02338,2025-02-25 12:03:32,12,1,2,day,OP1059,DZR004,Dozer,Trenching,Sunny,Rocky,Expert,22.2,1282.4,67.1,21.02,22.5,224.9,62,28.5,59.5,68.0,8.5
T02339,2026-08-06 08:45:36,8,3,8,day,OP1054,EXC002,Excavator,Material Loading,Rainy,Clay,Intermediate,5.0,4405.4,60.4,5.13,35.1,218.2,40.0,5,43.2,42.0,-1.2
T02340,2025-02-01 14:04:16,14,5,2,day,OP1006,GRD002,Grader,Transfer,Sunny,Wet,Intermediate,3.3,3287.2,65.1,15.89,26.7,142.1,13.9,15.8,28.2,22.4,-5.8
T02341,2026-05-23 13:05:47,13,5,5,day,OP1036,LDR001,Loader,Foundation Digging,Rainy,Dry,Intermediate,3.3,5327.9,70.1,9.75,41.6,115.1,15.7,20.5,99.9,94.5,-5.4
T02342,2025-12-13 00:51:51,0,5,12,night,OP1001,EXC005,Excavator,Site Clearing,Sunny,Dry,Expert,13.7,5312.6,83.5,14.18,13.5,108.5,33.6,80.5,75.7,82.5,6.8
T02343,2025-12-15 10:58:22,10,0,12,day,OP1030,LDR005,Loader,Grading,Foggy,Dry,Intermediate,4.1,2703.6,63.6,9.8,22.6,179.6,21.7,47.3,44.6,51.8,7.2
T02344,2026-05-19 12:29:57,12,1,5,day,OP1020,BCK001,Backhoe,Trenching,Cloudy,Rocky,Intermediate,8.4,6718.9,64.8,9.85,39.7,105.6,38.6,26.0,71.7,98.7,27.0
T02345,2026-06-07 01:48:09,1,6,6,night,OP1049,EXC006,Excavator,Transfer,Cloudy,Loose,Beginner,0.8,6376.6,80.9,14.45,31.6,213.5,28.8,57.9,30.0,30.9,0.9
T02346,2026-08-26 07:53:09,7,2,8,day,OP1026,LDR002,Loader,Transfer,Sunny,Dry,Beginner,2.3,4568.9,73.0,8.25,33.4,206.2,24.4,61.2,26.0,49.1,23.1
T02347,2026-09-04 10:41:14,10,4,9,day,OP1019,EXC004,Excavator,Demolition,Cloudy,Rocky,Intermediate,4.5,5351.1,57.2,11.49,28.0,59.3,7.5,59.6,125.2,123.2,-2.0
T02348,2025-08-29 10:32:54,10,4,8,day,OP1056,LDR004,Loader,Site Clearing,Cloudy,Rocky,Intermediate,4.7,3686.7,86.8,17.18,33.7,103.6,42.6,59.7,91.0,98.2,7.2
T02349,2026-07-11 19:02:22,19,5,7,night,OP1001,EXC004,Excavator,Foundation Digging,Rainy,Loose,Expert,13.7,4952.2,96.6,4.86,29.0,242.3,16.6,58.9,100.8,102.3,1.5
T02350,2026-05-16 08:53:42,8,5,5,day,OP1017,GRD003,Grader,Grading,Foggy,Rocky,Expert,13.3,3738.4,55.3,16.27,38.6,115.6,25.2,61.8,54.8,50.6,-4.2
T02351,2026-08-03 21:59:06,21,0,8,night,OP1047,LDR003,Loader,Earth Excavation,Rainy,Wet,Beginner,2.8,5104.1,80.2,9.22,35.8,111.6,42.8,65.6,87.2,147.4,60.2
T02352,2025-06-14 18:26:36,18,5,6,night,OP1021,BCK003,Backhoe,Transfer,Cloudy,Wet,Intermediate,4.3,2523.4,43.0,0.84,44.8,111.0,53.1,16.5,28.2,32.6,4.4
T02353,2025-07-28 07:07:55,7,0,7,day,OP1003,DZR003,Dozer,Grading,Rainy,Wet,Expert,20.4,3598.5,81.5,9.46,34.8,80.5,7.9,35.2,54.8,56.7,1.9
T02354,2025-09-03 09:51:19,9,2,9,day,OP1034,EXC002,Excavator,Material Loading,Cloudy,Rocky,Beginner,1.3,1945.7,64.8,14.55,30.8,188.9,20.2,104.8,40.9,46.5,5.6
T02355,2025-06-04 10:15:49,10,2,6,day,OP1009,DZR003,Dozer,Earth Excavation,Sunny,Dry,Intermediate,5.2,3205.3,74.7,13.29,28.5,134.4,24.3,71.4,59.6,66.7,7.1
T02356,2025-12-25 08:16:27,8,3,12,day,OP1044,DZR001,Dozer,Earth Excavation,Sunny,Loose,Beginner,1.1,3413.3,68.1,10.28,20.7,70.4,41.9,37.5,63.1,87.2,24.1
T02357,2025-07-29 07:10:21,7,1,7,day,OP1047,BCK004,Backhoe,Trenching,Cloudy,Wet,Beginner,2.8,2164.9,60.4,12.97,38.4,167.4,35.1,79.1,56.4,65.6,9.2
T02358,2026-03-16 06:45:00,6,0,3,day,OP1057,EXC005,Excavator,Grading,Sunny,Loose,Beginner,2.8,5993.3,77.5,14.85,28.4,159.6,6.6,26.8,45.5,58.5,13.0
T02359,2025-10-02 06:17:29,6,3,10,day,OP1024,BCK001,Backhoe,Material Loading,Cloudy,Wet,Beginner,1.5,5045.3,74.6,3.5,28.4,151.4,7.0,48.4,41.4,58.5,17.1
T02360,2026-03-24 06:52:02,6,1,3,day,OP1050,EXC005,Excavator,Demolition,Windy,Clay,Intermediate,7.7,6051.8,63.7,6.61,23.0,131.1,21.9,66.7,114.5,122.0,7.5
T02361,2025-09-04 18:16:55,18,3,9,night,OP1040,BCK004,Backhoe,Material Loading,Rainy,Loose,Intermediate,8.2,2438.3,70.1,14.42,36.0,148.6,37.4,40.3,39.2,58.5,19.3
T02362,2026-04-18 09:24:05,9,5,4,day,OP1039,GRD003,Grader,Earth Excavation,Cloudy,Rocky,Expert,10.2,3534.1,66.7,3.41,29.1,63.9,14.9,13.1,77.1,74.9,-2.2
T02363,2025-03-19 12:58:46,12,2,3,day,OP1037,EXC004,Excavator,Earth Excavation,Rainy,Clay,Expert,24.1,1453.6,75.6,10.77,19.4,88.7,42.2,37.1,76.9,84.2,7.3
T02364,2025-07-01 03:45:54,3,1,7,night,OP1010,GRD001,Grader,Foundation Digging,Sunny,Wet,Intermediate,8.6,3564.4,88.6,6.7,35.1,10,36.3,22.5,89.1,113.2,24.1
T02365,2025-07-10 08:35:19,8,3,7,day,OP1010,EXC008,Excavator,Material Loading,Rainy,Dry,Intermediate,8.6,1773.0,70.6,14.78,32.8,211.6,29.0,22.9,38.3,47.3,9.0
T02366,2026-08-12 13:12:46,13,2,8,day,OP1015,LDR003,Loader,Grading,Rainy,Clay,Beginner,0.6,5167.1,83.2,7.6,29.3,79.8,18.3,96.5,53.7,72.0,18.3
T02367,2026-07-02 15:21:21,15,3,7,day,OP1014,LDR005,Loader,Trenching,Windy,Dry,Expert,21.2,4157.6,69.9,5.08,30.9,167.1,12.0,54.0,55.3,49.7,-5.6
T02368,2026-02-09 14:26:06,14,0,2,day,OP1011,DZR001,Dozer,Trenching,Cloudy,Wet,Intermediate,6.7,3751.0,78.6,8.88,16.2,277.4,34.8,10.4,59.2,63.4,4.2
T02369,2025-12-30 11:08:56,11,1,12,day,OP1005,LDR001,Loader,Foundation Digging,Sunny,Wet,Expert,18.5,4276.1,98,19.33,24.2,96.1,43.8,66.1,91.6,104.4,12.8
T02370,2025-09-22 15:56:43,15,0,9,day,OP1025,EXC005,Excavator,Transfer,Rainy,Clay,Expert,17.0,4718.6,60.5,19.76,32.1,132.8,61.1,75.3,34.3,41.3,7.0
T02371,2025-07-09 09:51:15,9,2,7,day,OP1029,BCK002,Backhoe,Earth Excavation,Rainy,Clay,Intermediate,8.7,4027.5,93.1,16.76,32.2,79.9,33.4,39.9,80.0,102.6,22.6
T02372,2026-07-08 09:41:09,9,2,7,day,OP1013,LDR003,Loader,Grading,Cloudy,Clay,Expert,18.9,4910.5,77.1,4.12,25.6,79.6,26.3,70.5,47.2,44.4,-2.8
T02373,2026-02-16 09:46:25,9,0,2,day,OP1023,EXC002,Excavator,Material Loading,Cloudy,Loose,Beginner,2.1,3157.4,76.9,10.06,22.7,98.7,33.9,75.0,35.5,58.4,22.9
T02374,2026-08-29 22:05:22,22,5,8,night,OP1030,LDR002,Loader,Transfer,Rainy,Rocky,Intermediate,4.1,4595.1,88.2,10.6,33.7,201.4,16.6,80.9,40.5,48.6,8.1
T02375,2025-06-20 15:24:08,15,4,6,day,OP1060,BCK002,Backhoe,Earth Excavation,Rainy,Rocky,Expert,10.8,3890.5,49.5,5.5,36.5,243.9,22.0,39.8,92.5,94.1,1.6
T02376,2026-03-20 10:15:07,10,4,3,day,OP1042,LDR002,Loader,Trenching,Sunny,Loose,Beginner,1.3,3408.9,80.7,3.11,19.0,138.9,37.3,48.9,52.2,75.5,23.3
T02377,2025-09-02 08:50:58,8,1,9,day,OP1054,LDR002,Loader,Site Clearing,Rainy,Wet,Intermediate,5.0,1955.8,71.9,15.31,33.5,46.6,34.0,57.5,92.4,97.5,5.1
T02378,2025-09-10 09:36:57,9,2,9,day,OP1057,BCK003,Backhoe,Demolition,Cloudy,Dry,Beginner,2.8,3163.1,71.5,6.26,31.4,10,5,54.4,93.0,129.2,36.2
T02379,2025-04-08 20:04:00,20,1,4,night,OP1024,EXC006,Excavator,Foundation Digging,Sunny,Loose,Beginner,1.5,3279.7,88.6,15.47,32.0,175.5,13.1,79.6,81.2,102.6,21.4
T02380,2026-07-17 01:26:10,1,4,7,night,OP1030,DZR004,Dozer,Trenching,Rainy,Dry,Intermediate,4.1,4980.3,62.8,8.63,30.8,282.9,20.4,88.0,61.0,68.6,7.6
T02381,2026-09-05 13:14:07,13,5,9,day,OP1042,EXC001,Excavator,Earth Excavation,Cloudy,Clay,Beginner,1.3,6899.2,72.1,18.07,31.2,121.7,15.2,54.9,77.3,93.2,15.9
T02382,2025-02-11 12:06:33,12,1,2,day,OP1002,BCK003,Backhoe,Foundation Digging,Sunny,Rocky,Expert,18.3,1623.6,73.0,4.52,22.3,173.9,30.2,79.1,93.0,92.3,-0.7
T02383,2026-03-17 23:15:26,23,1,3,night,OP1036,LDR003,Loader,Earth Excavation,Sunny,Dry,Intermediate,3.3,4089.7,53.9,13.39,27.6,44.3,13.8,47.4,61.7,74.7,13.0
T02384,2025-05-29 07:31:58,7,3,5,day,OP1030,DZR003,Dozer,Earth Excavation,Rainy,Dry,Intermediate,4.1,3160.7,79.1,9.38,36.4,167.8,21.6,80.2,73.2,75.2,2.0
T02385,2026-03-23 08:48:59,8,0,3,day,OP1003,LDR005,Loader,Trenching,Cloudy,Loose,Expert,20.4,3418.4,69.5,10.79,27.6,260.9,5,68.2,53.8,50.1,-3.7
T02386,2025-04-04 06:19:02,6,4,4,day,OP1010,LDR003,Loader,Earth Excavation,Cloudy,Rocky,Intermediate,8.6,1551.5,91.7,15.56,30.2,298.5,28.8,54.1,74.1,79.8,5.7
T02387,2025-10-07 22:13:23,22,1,10,night,OP1007,BCK002,Backhoe,Earth Excavation,Windy,Clay,Beginner,1.2,4688.2,49.4,11.14,27.5,174.4,51.5,63.2,73.8,100.6,26.8
T02388,2025-05-22 13:15:31,13,3,5,day,OP1040,DZR002,Dozer,Trenching,Foggy,Clay,Intermediate,8.2,3499.6,87.5,11.76,42.1,98.8,18.6,84.9,58.8,56.4,-2.4
T02389,2025-07-03 20:49:50,20,3,7,night,OP1013,LDR002,Loader,Site Clearing,Windy,Wet,Expert,18.9,1514.1,76.5,12.55,28.4,194.6,19.8,70.1,79.1,78.9,-0.2
T02390,2025-02-19 15:32:02,15,2,2,day,OP1011,GRD002,Grader,Material Loading,Rainy,Loose,Intermediate,6.7,3419.0,79.6,15.71,22.9,154.5,29.7,41.0,41.0,46.4,5.4
T02391,2025-01-09 14:56:05,14,3,1,day,OP1017,EXC002,Excavator,Grading,Rainy,Dry,Expert,13.3,217.1,40.9,12.44,16.3,266.2,28.6,38.4,46.5,51.5,5.0
T02392,2025-04-15 22:01:36,22,1,4,night,OP1011,EXC001,Excavator,Trenching,Cloudy,Wet,Intermediate,6.7,3193.5,49.1,10.3,24.2,32.5,29.3,90.7,57.9,64.7,6.8
T02393,2026-05-27 03:46:52,3,2,5,night,OP1055,EXC001,Excavator,Demolition,Sunny,Wet,Expert,12.2,6159.0,52.6,13.78,33.3,244.2,42.3,19.5,115.0,125.3,10.3
T02394,2025-09-09 11:56:10,11,1,9,day,OP1042,LDR004,Loader,Earth Excavation,Cloudy,Loose,Beginner,1.3,3767.4,56.3,18.13,27.1,151.4,20.0,69.6,65.9,74.8,8.9
T02395,2025-03-10 06:40:11,6,0,3,day,OP1041,GRD003,Grader,Material Loading,Sunny,Clay,Intermediate,4.3,584.1,41.9,3.68,27.5,309.7,6.1,97.2,35.2,33.2,-2.0
T02396,2025-03-27 20:47:49,20,3,3,night,OP1027,EXC003,Excavator,Foundation Digging,Sunny,Dry,Intermediate,6.2,1706.1,50.8,11.06,25.3,45.6,35.6,45.5,75.0,91.0,16.0
T02397,2026-01-10 11:28:54,11,5,1,day,OP1027,DZR003,Dozer,Demolition,Cloudy,Wet,Intermediate,6.2,4811.7,97.0,7.54,24.4,163.8,33.6,32.0,112.9,131.5,18.6
T02398,2025-02-22 14:18:03,14,5,2,day,OP1022,BCK001,Backhoe,Grading,Windy,Dry,Beginner,0.6,3427.1,84.2,6.91,18.8,57.5,32.7,73.5,42.6,45.2,2.6
T02399,2025-08-29 18:49:26,18,4,8,night,OP1028,DZR003,Dozer,Demolition,Rainy,Loose,Beginner,1.6,3835.7,44.9,6.76,35.9,157.6,50.7,68.4,119.1,147.7,28.6
T02400,2026-08-18 12:05:05,12,1,8,day,OP1009,DZR003,Dozer,Earth Excavation,Rainy,Wet,Intermediate,5.2,6417.9,76.6,11.56,35.7,26.5,26.7,72.4,93.5,117.3,23.8
T02401,2026-08-28 08:35:00,8,4,8,day,OP1059,EXC004,Excavator,Foundation Digging,Sunny,Clay,Expert,22.2,5299.4,72.6,5.56,35.4,151.2,59.2,64.5,91.7,104.6,12.9
T02402,2026-01-13 12:05:32,12,1,1,day,OP1018,EXC008,Excavator,Demolition,Windy,Loose,Expert,15.8,3139.2,54.3,9.6,17.1,114.1,23.8,35.7,102.4,107.9,5.5
T02403,2025-02-19 09:58:12,9,2,2,day,OP1048,EXC006,Excavator,Demolition,Windy,Loose,Beginner,2.2,2926.2,80.6,12.23,18.8,170.5,20.4,73.0,97.3,104.2,6.9
T02404,2025-08-22 10:38:07,10,4,8,day,OP1018,LDR004,Loader,Grading,Windy,Dry,Expert,15.8,3635.6,68.1,5.45,28.6,120.6,9.6,99.2,43.3,37.9,-5.4
T02405,2026-06-16 21:55:58,21,1,6,night,OP1042,BCK001,Backhoe,Earth Excavation,Rainy,Dry,Beginner,1.3,6926.1,68.8,12.26,29.7,266.0,19.2,30.2,85.3,107.6,22.3
T02406,2025-01-24 09:02:01,9,4,1,day,OP1038,EXC006,Excavator,Transfer,Cloudy,Rocky,Beginner,2.4,2736.1,78.4,2.09,19.5,253.6,39.4,34.2,30.9,44.1,13.2
T02407,2026-09-22 22:14:12,22,1,9,night,OP1006,EXC001,Excavator,Foundation Digging,Foggy,Loose,Intermediate,3.3,7026.0,57.3,7.16,33.3,83.7,21.2,76.7,106.7,130.4,23.7
T02408,2026-02-03 12:28:35,12,1,2,day,OP1003,BCK001,Backhoe,Demolition,Windy,Rocky,Expert,20.4,5952.4,71.2,6.94,23.9,110.9,5,83.6,139.2,132.4,-6.8
T02409,2026-09-22 08:45:37,8,1,9,day,OP1039,DZR004,Dozer,Foundation Digging,Foggy,Wet,Expert,10.2,5471.6,60.6,9.44,26.8,191.8,10.8,20.6,107.7,101.3,-6.4
T02410,2025-01-25 12:06:32,12,5,1,day,OP1007,GRD003,Grader,Earth Excavation,Windy,Clay,Beginner,1.2,264.6,52.9,12.68,16.4,134.7,47.9,45.2,67.5,96.3,28.8
T02411,2025-03-31 11:23:46,11,0,3,day,OP1039,BCK001,Backhoe,Demolition,Sunny,Dry,Expert,10.2,3696.3,69.5,5.54,24.3,147.2,12.3,101.2,92.2,89.9,-2.3
T02412,2025-09-27 07:32:44,7,5,9,day,OP1053,EXC007,Excavator,Site Clearing,Windy,Dry,Intermediate,7.0,5328.8,48.1,6.54,25.8,172.6,29.5,61.6,81.4,91.0,9.6
T02413,2026-04-09 00:36:36,0,3,4,night,OP1026,DZR002,Dozer,Grading,Sunny,Loose,Beginner,2.3,5846.4,73.9,10.93,35.3,205.9,37.6,47.4,45.2,75.4,30.2
T02414,2026-05-17 00:30:08,0,6,5,night,OP1033,BCK003,Backhoe,Material Loading,Foggy,Rocky,Expert,17.2,4978.0,57.3,9.29,35.6,136.6,22.0,64.8,50.0,53.4,3.4
T02415,2025-11-12 22:03:44,22,2,11,night,OP1006,DZR003,Dozer,Demolition,Rainy,Clay,Intermediate,3.3,4384.2,72.4,10.76,22.3,118.6,17.4,68.1,121.6,131.0,9.4
T02416,2026-05-29 22:35:58,22,4,5,night,OP1016,BCK001,Backhoe,Transfer,Cloudy,Loose,Beginner,2.9,6794.9,70.2,12.7,38.0,320.0,35.2,69.1,30.4,72.1,41.7
T02417,2025-06-06 13:52:22,13,4,6,day,OP1027,LDR004,Loader,Foundation Digging,Foggy,Wet,Intermediate,6.2,3074.5,55.9,7.96,26.0,194.8,31.1,98.4,102.3,117.9,15.6
T02418,2026-09-08 03:42:40,3,1,9,night,OP1016,GRD003,Grader,Transfer,Cloudy,Rocky,Beginner,2.9,4576.3,83.3,7.81,28.1,314.3,39.6,91.5,33.2,37.7,4.5
T02419,2026-04-25 14:47:38,14,5,4,day,OP1045,EXC007,Excavator,Earth Excavation,Sunny,Clay,Intermediate,6.5,6864.0,53.3,12.29,32.4,10,35.0,99.2,74.9,97.9,23.0
T02420,2026-09-17 14:33:00,14,3,9,day,OP1023,BCK003,Backhoe,Grading,Cloudy,Rocky,Beginner,2.1,5880.2,77.9,5.04,30.3,87.9,22.4,72.0,55.1,81.7,26.6
T02421,2025-07-10 15:57:20,15,3,7,day,OP1017,GRD001,Grader,Earth Excavation,Cloudy,Loose,Expert,13.3,3633.8,68.6,9.97,27.1,41.0,21.1,43.1,65.6,72.7,7.1
T02422,2025-11-06 19:56:50,19,3,11,night,OP1011,LDR002,Loader,Transfer,Rainy,Dry,Intermediate,6.7,2433.6,80.5,6.05,26.3,168.4,42.0,73.2,30.2,48.7,18.5
T02423,2025-09-15 10:52:07,10,0,9,day,OP1006,EXC008,Excavator,Transfer,Cloudy,Rocky,Intermediate,3.3,2262.8,72.7,11.38,35.7,174.0,16.7,69.4,30.7,36.3,5.6
T02424,2026-04-24 11:34:08,11,4,4,day,OP1047,GRD002,Grader,Foundation Digging,Cloudy,Loose,Beginner,2.8,6549.5,91.6,8.16,36.1,144.3,14.5,39.2,94.3,94.4,0.1
T02425,2026-05-26 15:52:20,15,1,5,day,OP1030,EXC004,Excavator,Foundation Digging,Windy,Dry,Intermediate,4.1,4615.4,56.2,6.49,34.9,109.2,28.3,78.3,85.6,100.6,15.0
T02426,2026-08-28 15:58:34,15,4,8,day,OP1051,GRD003,Grader,Grading,Cloudy,Dry,Expert,11.2,4499.7,86.0,10.97,31.7,204.4,48.4,47.6,42.3,57.7,15.4
T02427,2025-08-09 23:41:03,23,5,8,night,OP1053,GRD002,Grader,Site Clearing,Sunny,Dry,Intermediate,7.0,4669.8,31.5,10.02,33.1,150.2,25.6,42.7,73.9,95.4,21.5
T02428,2025-12-26 11:38:49,11,4,12,day,OP1013,LDR005,Loader,Demolition,Sunny,Rocky,Expert,18.9,2784.1,67.7,14.27,25.8,131.4,9.0,13.6,110.4,105.5,-4.9
T02429,2025-12-30 10:38:55,10,1,12,day,OP1050,GRD003,Grader,Trenching,Sunny,Clay,Intermediate,7.7,2738.8,57.7,3.05,16.2,81.8,21.9,49.1,53.3,66.1,12.8
T02430,2025-06-04 08:09:45,8,2,6,day,OP1003,EXC003,Excavator,Demolition,Rainy,Wet,Expert,20.4,2206.0,82.7,14.03,32.2,10,8.2,14.1,116.4,112.5,-3.9
T02431,2025-12-30 21:17:27,21,1,12,night,OP1020,GRD002,Grader,Trenching,Sunny,Loose,Intermediate,8.4,5713.0,65.9,14.13,20.4,202.1,22.1,34.5,56.9,64.0,7.1
T02432,2025-06-21 23:54:37,23,5,6,night,OP1010,GRD003,Grader,Material Loading,Rainy,Dry,Intermediate,8.6,1341.2,63.9,0.33,32.1,206.6,28.2,51.4,40.1,49.2,9.1
T02433,2025-03-18 13:26:38,13,1,3,day,OP1033,DZR003,Dozer,Material Loading,Windy,Dry,Expert,17.2,2636.9,72.2,3.81,27.5,136.2,29.2,52.8,35.7,26.7,-9.0
T02434,2026-03-20 15:25:02,15,4,3,day,OP1032,DZR001,Dozer,Trenching,Cloudy,Dry,Intermediate,3.9,4036.0,29.4,0.02,25.2,130.2,57.3,62.6,52.5,54.8,2.3
T02435,2026-05-22 07:01:21,7,4,5,day,OP1045,EXC007,Excavator,Trenching,Rainy,Rocky,Intermediate,6.5,7058.7,80.8,15.23,38.7,145.4,30.7,55.7,88.7,108.7,20.0
T02436,2025-06-10 13:38:46,13,1,6,day,OP1031,GRD003,Grader,Trenching,Rainy,Clay,Expert,22.8,1257.8,65.6,13.17,34.4,103.7,22.7,88.4,62.0,67.9,5.9
T02437,2026-03-21 21:12:02,21,5,3,night,OP1041,EXC007,Excavator,Foundation Digging,Sunny,Clay,Intermediate,4.3,6610.4,68.0,15.69,35.4,138.6,7.9,47.3,96.1,83.8,-12.3
T02438,2026-05-18 10:00:13,10,0,5,day,OP1014,GRD003,Grader,Demolition,Sunny,Wet,Expert,21.2,3753.3,43.6,8.67,33.2,146.7,32.9,58.3,105.3,115.1,9.8
T02439,2025-02-08 07:59:45,7,5,2,day,OP1050,LDR004,Loader,Foundation Digging,Windy,Rocky,Intermediate,7.7,2211.3,23.3,2.48,14.9,102.0,17.4,43.4,97.7,104.0,6.3
T02440,2026-05-12 14:51:49,14,1,5,day,OP1022,LDR003,Loader,Site Clearing,Foggy,Dry,Beginner,0.6,4496.0,52.2,12.77,35.9,260.6,36.0,26.1,82.4,106.7,24.3
T02441,2025-09-06 11:46:34,11,5,9,day,OP1041,EXC001,Excavator,Grading,Rainy,Clay,Intermediate,4.3,4241.6,76.7,11.63,33.6,57.6,7.4,52.5,56.3,54.5,-1.8
T02442,2026-08-31 21:56:33,21,0,8,night,OP1057,BCK003,Backhoe,Earth Excavation,Cloudy,Wet,Beginner,2.8,5758.3,64.8,26.12,29.2,167.2,5,30.4,77.0,92.6,15.6
T02443,2026-08-06 08:11:56,8,3,8,day,OP1046,GRD001,Grader,Earth Excavation,Cloudy,Dry,Beginner,2.1,6493.1,86.5,11.02,32.0,101.7,32.4,86.2,69.3,92.5,23.2
T02444,2025-03-20 11:19:29,11,3,3,day,OP1036,EXC003,Excavator,Grading,Sunny,Dry,Intermediate,3.3,1652.1,56.3,5.19,26.4,10,16.8,48.4,38.0,34.3,-3.7
T02445,2026-08-19 18:16:22,18,2,8,night,OP1018,DZR004,Dozer,Site Clearing,Cloudy,Dry,Expert,15.8,5226.3,44.6,10.62,29.9,31.6,15.8,35.7,77.7,82.1,4.4
T02446,2026-01-20 08:40:40,8,1,1,day,OP1037,LDR005,Loader,Material Loading,Cloudy,Rocky,Expert,24.1,2965.7,75.0,13.1,15.1,170.9,53.4,19.1,41.6,47.4,5.8
T02447,2025-06-09 07:40:12,7,0,6,day,OP1017,EXC004,Excavator,Transfer,Rainy,Dry,Expert,13.3,2050.6,90.0,6.77,40.4,330.2,29.7,74.7,27.5,27.7,0.2
T02448,2026-05-12 19:32:03,19,1,5,night,OP1025,DZR001,Dozer,Demolition,Cloudy,Dry,Expert,17.0,4424.1,70.1,10.21,39.5,93.9,52.2,18.2,97.6,114.6,17.0
T02449,2026-04-16 15:04:49,15,3,4,day,OP1012,EXC008,Excavator,Grading,Sunny,Rocky,Beginner,1.4,3819.0,76.5,9.13,35.4,299.8,50.8,36.7,49.6,85.5,35.9
T02450,2026-09-09 14:37:52,14,2,9,day,OP1037,BCK001,Backhoe,Earth Excavation,Cloudy,Clay,Expert,24.1,7544.4,85.3,16.98,26.3,75.9,40.8,62.5,79.0,92.2,13.2
T02451,2026-08-15 06:30:22,6,5,8,day,OP1033,DZR003,Dozer,Material Loading,Rainy,Dry,Expert,17.2,6394.3,61.8,9.72,38.2,166.9,38.9,21.1,46.0,42.1,-3.9
T02452,2025-04-16 09:31:38,9,2,4,day,OP1036,LDR002,Loader,Site Clearing,Rainy,Rocky,Intermediate,3.3,941.3,83.7,11.08,35.1,210.5,19.6,42.5,99.4,99.2,-0.2
T02453,2025-07-29 06:49:56,6,1,7,day,OP1011,EXC001,Excavator,Material Loading,Rainy,Loose,Intermediate,6.7,3955.4,69.0,12.02,34.9,37.1,39.4,67.4,42.2,50.4,8.2
T02454,2025-10-24 09:47:17,9,4,10,day,OP1049,LDR005,Loader,Material Loading,Rainy,Wet,Beginner,0.8,2323.7,72.0,16.65,29.3,256.7,44.6,50.1,44.1,73.8,29.7
T02455,2025-04-15 10:47:00,10,1,4,day,OP1031,DZR004,Dozer,Earth Excavation,Foggy,Rocky,Expert,22.8,1639.8,98,12.56,28.5,175.6,17.0,33.8,78.5,74.5,-4.0
T02456,2026-07-24 13:25:34,13,4,7,day,OP1034,DZR002,Dozer,Material Loading,Cloudy,Clay,Beginner,1.3,6624.1,80.2,13.74,24.6,169.3,23.1,76.3,42.2,60.8,18.6
T02457,2026-06-23 20:06:09,20,1,6,night,OP1037,DZR001,Dozer,Earth Excavation,Foggy,Loose,Expert,24.1,4730.9,74.6,14.46,35.4,78.3,58.2,76.6,75.2,90.9,15.7
T02458,2026-08-07 03:44:13,3,4,8,night,OP1047,LDR002,Loader,Material Loading,Sunny,Rocky,Beginner,2.8,4428.9,60.0,11.65,36.8,263.8,40.6,63.6,42.7,81.8,39.1
T02459,2025-04-04 10:12:34,10,4,4,day,OP1056,GRD003,Grader,Transfer,Sunny,Rocky,Intermediate,4.7,767.7,61.8,5.81,36.5,152.3,59.9,93.8,29.8,44.1,14.3
T02460,2026-07-01 11:55:59,11,2,7,day,OP1059,EXC007,Excavator,Transfer,Sunny,Rocky,Expert,22.2,7352.2,62.9,15.56,35.4,150.0,61.8,40.9,35.5,36.1,0.6
T02461,2025-12-13 01:28:20,1,5,12,night,OP1055,EXC007,Excavator,Transfer,Sunny,Rocky,Expert,12.2,5889.0,74.5,10.41,13.1,159.1,31.6,14.1,33.8,35.3,1.5
T02462,2025-11-10 08:58:16,8,0,11,day,OP1004,EXC005,Excavator,Transfer,Rainy,Clay,Intermediate,6.3,5074.2,64.5,9.86,21.0,195.9,19.0,69.9,34.6,50.1,15.5
T02463,2026-07-07 11:30:03,11,1,7,day,OP1005,DZR001,Dozer,Trenching,Rainy,Loose,Expert,18.5,4830.5,48.9,9.61,29.8,223.1,38.4,100.1,65.3,65.2,-0.1
T02464,2025-10-22 12:29:26,12,2,10,day,OP1041,DZR004,Dozer,Trenching,Sunny,Loose,Intermediate,4.3,3027.3,80.9,14.37,26.5,24.7,9.1,88.2,51.5,57.5,6.0
T02465,2026-07-09 13:15:43,13,3,7,day,OP1031,DZR002,Dozer,Earth Excavation,Windy,Rocky,Expert,22.8,6514.5,78.8,12.73,29.6,143.4,28.9,107.6,91.0,91.3,0.3
T02466,2025-05-15 11:51:11,11,3,5,day,OP1036,LDR004,Loader,Foundation Digging,Cloudy,Wet,Intermediate,3.3,2913.3,84.3,7.46,37.8,235.5,10.0,40.4,89.5,91.9,2.4
T02467,2025-07-10 22:11:04,22,3,7,night,OP1059,EXC005,Excavator,Demolition,Cloudy,Rocky,Expert,22.2,4180.3,90.4,11.2,34.7,128.9,60.8,64.9,119.9,146.8,26.9
T02468,2026-03-31 13:12:43,13,1,3,day,OP1054,BCK002,Backhoe,Trenching,Rainy,Clay,Intermediate,5.0,5963.0,71.1,1.64,25.8,242.4,23.2,62.3,68.5,73.6,5.1
T02469,2026-02-18 14:26:05,14,2,2,day,OP1040,EXC007,Excavator,Material Loading,Sunny,Dry,Intermediate,8.2,6382.1,76.5,6.35,17.7,203.6,35.3,64.9,37.0,50.2,13.2
T02470,2025-09-22 11:54:31,11,0,9,day,OP1017,EXC003,Excavator,Trenching,Windy,Dry,Expert,13.3,3010.1,44.6,10.49,32.2,127.5,15.9,52.1,55.3,55.0,-0.3
T02471,2025-08-15 09:47:06,9,4,8,day,OP1045,DZR002,Dozer,Site Clearing,Sunny,Loose,Intermediate,6.5,4119.1,74.5,14.56,24.0,96.3,27.2,48.9,76.0,79.2,3.2
T02472,2025-08-06 11:04:43,11,2,8,day,OP1003,LDR002,Loader,Grading,Sunny,Dry,Expert,20.4,1759.3,63.1,13.91,35.0,228.2,5,95.8,38.0,30.4,-7.6
T02473,2025-12-22 13:20:39,13,0,12,day,OP1003,EXC003,Excavator,Transfer,Windy,Loose,Expert,20.4,3674.8,54.0,20.4,15.6,100.0,5.7,33.6,29.1,27.6,-1.5
T02474,2025-07-04 23:24:50,23,4,7,night,OP1024,EXC006,Excavator,Material Loading,Cloudy,Loose,Beginner,1.5,3915.8,80.2,13.29,29.4,15.6,13.7,37.4,36.6,36.9,0.3
T02475,2026-05-09 14:28:52,14,5,5,day,OP1060,BCK003,Backhoe,Material Loading,Cloudy,Loose,Expert,10.8,4923.9,55.9,9.39,37.4,116.0,20.7,19.9,38.0,33.4,-4.6
T02476,2025-04-09 00:13:24,0,2,4,night,OP1048,EXC002,Excavator,Demolition,Cloudy,Loose,Beginner,2.2,869.6,73.8,7.35,35.0,94.3,26.9,50.7,95.2,108.6,13.4
T02477,2025-11-18 10:46:58,10,1,11,day,OP1003,EXC006,Excavator,Foundation Digging,Cloudy,Dry,Expert,20.4,4912.1,78.9,3.78,21.7,217.6,13.4,57.5,84.7,74.9,-9.8
T02478,2026-04-24 11:29:18,11,4,4,day,OP1058,LDR004,Loader,Trenching,Sunny,Clay,Intermediate,3.3,5424.4,73.0,11.13,37.0,23.3,40.4,81.9,59.0,79.4,20.4
T02479,2026-09-04 08:00:07,8,4,9,day,OP1039,BCK003,Backhoe,Material Loading,Rainy,Wet,Expert,10.2,5783.3,51.0,7.91,31.5,179.8,17.5,37.2,50.6,54.2,3.6
T02480,2026-02-04 22:54:52,22,2,2,night,OP1060,LDR005,Loader,Trenching,Cloudy,Rocky,Expert,10.8,3079.5,61.9,6.67,20.0,14.0,36.8,28.1,62.7,67.7,5.0
T02481,2025-12-09 08:12:35,8,1,12,day,OP1053,EXC007,Excavator,Transfer,Cloudy,Loose,Intermediate,7.0,5861.9,64.1,13.94,19.2,59.8,39.8,65.0,29.4,34.3,4.9
T02482,2026-03-23 08:34:34,8,0,3,day,OP1002,EXC002,Excavator,Material Loading,Rainy,Loose,Expert,18.3,3412.6,70.0,12.38,27.7,218.4,35.2,49.0,40.5,45.0,4.5
T02483,2025-04-19 12:54:05,12,5,4,day,OP1014,DZR003,Dozer,Demolition,Cloudy,Wet,Expert,21.2,2870.3,70.1,5.41,27.8,94.7,15.3,54.8,104.9,107.1,2.2
T02484,2025-06-04 13:21:25,13,2,6,day,OP1049,EXC008,Excavator,Foundation Digging,Rainy,Clay,Beginner,0.8,1511.6,94.4,15.99,35.5,160.8,46.9,54.2,97.8,132.0,34.2
T02485,2025-04-05 06:29:53,6,5,4,day,OP1052,DZR004,Dozer,Earth Excavation,Cloudy,Clay,Intermediate,5.8,1565.5,58.4,8.69,32.5,106.6,36.0,75.3,65.7,82.9,17.2
T02486,2025-11-11 11:00:47,11,1,11,day,OP1052,EXC005,Excavator,Transfer,Sunny,Wet,Intermediate,5.8,5082.1,77.8,9.54,25.8,179.4,40.3,39.7,30.2,32.1,1.9
T02487,2026-03-13 13:07:12,13,4,3,day,OP1026,LDR003,Loader,Trenching,Cloudy,Clay,Beginner,2.3,4057.5,85.4,9.27,21.4,241.3,24.2,43.1,57.8,41.9,-15.9
T02488,2026-02-17 21:24:22,21,1,2,night,OP1010,BCK001,Backhoe,Foundation Digging,Cloudy,Rocky,Intermediate,8.6,6057.3,60.5,12.97,24.8,140.0,49.3,45.6,109.4,150.2,40.8
T02489,2025-04-19 15:44:25,15,5,4,day,OP1022,LDR004,Loader,Earth Excavation,Rainy,Wet,Beginner,0.6,2724.7,79.5,13.57,27.4,91.7,31.9,72.6,76.1,116.3,40.2
T02490,2026-03-05 15:24:19,15,3,3,day,OP1038,EXC003,Excavator,Foundation Digging,Foggy,Loose,Beginner,2.4,4208.4,62.2,10.86,23.5,104.2,22.6,91.8,94.6,143.6,49.0
T02491,2025-11-22 12:52:43,12,5,11,day,OP1010,LDR002,Loader,Trenching,Windy,Wet,Intermediate,8.6,2548.3,73.2,3.51,21.2,170.5,34.5,22.7,61.2,66.9,5.7
T02492,2025-05-15 01:59:27,1,3,5,night,OP1054,DZR003,Dozer,Grading,Foggy,Dry,Intermediate,5.0,3056.8,43.4,10.56,34.0,128.6,30.3,60.9,42.7,41.8,-0.9
T02493,2026-03-18 13:21:18,13,2,3,day,OP1021,EXC001,Excavator,Grading,Sunny,Loose,Intermediate,4.3,5650.9,77.5,13.98,29.7,325.7,48.5,79.4,44.9,28.9,-16.0
T02494,2025-03-25 15:38:22,15,1,3,day,OP1039,BCK002,Backhoe,Trenching,Windy,Loose,Expert,10.2,3255.4,97.0,11.21,27.9,86.8,7.5,74.5,54.8,48.7,-6.1
T02495,2025-07-23 07:18:02,7,2,7,day,OP1052,DZR001,Dozer,Material Loading,Rainy,Wet,Intermediate,5.8,2281.5,76.9,18.31,39.9,279.6,27.9,57.5,44.1,58.9,14.8
T02496,2026-01-02 07:24:19,7,4,1,day,OP1036,DZR001,Dozer,Trenching,Windy,Clay,Intermediate,3.3,3471.4,67.2,15.81,22.2,304.7,10.6,83.5,61.1,68.5,7.4
T02497,2026-09-15 19:19:55,19,1,9,night,OP1015,DZR001,Dozer,Transfer,Rainy,Loose,Beginner,0.6,5343.9,73.4,12.81,31.6,86.6,26.6,71.2,32.0,34.8,2.8
T02498,2026-07-20 11:06:25,11,0,7,day,OP1017,DZR003,Dozer,Earth Excavation,Rainy,Rocky,Expert,13.3,6205.9,63.8,13.27,38.0,218.2,11.5,84.3,102.1,101.1,-1.0
T02499,2025-06-21 22:24:19,22,5,6,night,OP1010,EXC002,Excavator,Demolition,Sunny,Loose,Intermediate,8.6,1409.3,78.7,1.73,35.3,10,27.0,5,92.4,104.4,12.0
T02500,2026-08-15 18:23:21,18,5,8,night,OP1050,EXC004,Excavator,Material Loading,Rainy,Rocky,Intermediate,7.7,5207.5,77.6,14.95,31.0,134.4,30.8,48.1,51.4,76.9,25.5
T02501,2025-11-26 12:07:45,12,2,11,day,OP1030,EXC005,Excavator,Foundation Digging,Cloudy,Rocky,Intermediate,4.1,5192.0,82.9,9.69,20.6,131.3,21.9,76.9,106.1,111.2,5.1
T02502,2026-05-08 06:47:53,6,4,5,day,OP1033,LDR003,Loader,Site Clearing,Sunny,Clay,Expert,17.2,4464.3,76.9,12.55,38.8,245.8,40.7,37.3,80.7,90.0,9.3
T02503,2026-03-17 07:18:13,7,1,3,day,OP1039,DZR002,Dozer,Transfer,Cloudy,Clay,Expert,10.2,5680.5,96.5,9.11,21.0,39.8,18.8,96.7,30.7,33.8,3.1
T02504,2026-08-28 06:59:56,6,4,8,day,OP1052,EXC004,Excavator,Foundation Digging,Cloudy,Wet,Intermediate,5.8,5298.9,67.0,11.19,34.6,75.8,39.2,77.0,97.9,110.6,12.7
T02505,2026-08-28 19:30:09,19,4,8,night,OP1017,GRD001,Grader,Foundation Digging,Cloudy,Dry,Expert,13.3,6657.1,54.9,9.44,25.9,57.9,18.8,63.0,90.1,87.5,-2.6
T02506,2025-09-24 14:59:48,14,2,9,day,OP1046,EXC004,Excavator,Demolition,Sunny,Dry,Beginner,2.1,2833.9,80.1,17.41,27.9,35.8,31.6,68.6,89.2,109.5,20.3
T02507,2026-08-19 09:15:54,9,2,8,day,OP1050,LDR004,Loader,Material Loading,Rainy,Loose,Intermediate,7.7,6277.8,57.3,11.81,28.1,138.5,13.2,94.9,44.3,44.6,0.3
T02508,2026-07-01 00:40:27,0,2,7,night,OP1029,GRD002,Grader,Transfer,Cloudy,Dry,Intermediate,8.7,7042.6,62.5,6.71,30.5,38.9,39.8,86.8,29.2,30.7,1.5
T02509,2026-05-07 13:19:56,13,3,5,day,OP1018,EXC004,Excavator,Trenching,Cloudy,Clay,Expert,15.8,4475.9,77.0,13.37,39.3,158.6,15.2,56.4,58.7,55.1,-3.6
T02510,2025-03-22 19:09:47,19,5,3,night,OP1029,LDR001,Loader,Transfer,Sunny,Clay,Intermediate,8.7,2212.6,74.7,9.4,30.5,173.4,32.2,58.9,26.4,32.1,5.7
T02511,2025-12-20 15:18:02,15,5,12,day,OP1019,LDR002,Loader,Material Loading,Windy,Wet,Intermediate,4.5,2753.4,96.3,11.26,20.5,305.5,15.5,76.7,38.0,49.3,11.3
T02512,2025-02-25 09:05:12,9,1,2,day,OP1013,EXC002,Excavator,Material Loading,Sunny,Wet,Expert,18.9,558.4,74.0,17.31,25.1,178.5,15.5,70.9,36.5,40.0,3.5
T02513,2025-10-22 21:05:02,21,2,10,night,OP1060,EXC004,Excavator,Transfer,Rainy,Wet,Expert,10.8,3040.2,92.9,4.89,29.8,10,24.2,20.6,34.9,45.5,10.6
T02514,2025-07-15 09:58:59,9,1,7,day,OP1002,DZR001,Dozer,Grading,Rainy,Wet,Expert,18.3,2223.9,84.1,4.8,39.4,170.6,22.6,55.6,49.4,52.9,3.5
T02515,2025-10-14 23:40:54,23,1,10,night,OP1057,LDR005,Loader,Transfer,Windy,Wet,Beginner,2.8,2254.9,48.7,7.2,29.8,225.8,5,94.2,30.4,27.6,-2.8
T02516,2025-08-19 15:07:17,15,1,8,day,OP1029,BCK003,Backhoe,Material Loading,Rainy,Wet,Intermediate,8.7,3004.2,59.4,8.0,26.7,185.2,40.7,88.7,45.5,62.8,17.3
T02517,2026-02-21 08:47:53,8,5,2,day,OP1001,GRD003,Grader,Earth Excavation,Cloudy,Dry,Expert,13.7,3125.2,52.7,7.6,17.9,209.2,27.8,36.5,61.2,59.9,-1.3
T02518,2025-04-22 14:32:20,14,1,4,day,OP1031,EXC008,Excavator,Grading,Sunny,Clay,Expert,22.8,1198.1,83.5,19.3,34.6,133.1,30.4,54.8,41.8,40.9,-0.9
T02519,2025-07-29 11:41:02,11,1,7,day,OP1036,LDR004,Loader,Site Clearing,Rainy,Dry,Intermediate,3.3,3460.7,80.1,15.87,36.4,213.8,24.6,62.4,83.7,107.5,23.8
T02520,2026-08-15 06:17:17,6,5,8,day,OP1018,EXC002,Excavator,Site Clearing,Sunny,Clay,Expert,15.8,4470.4,56.8,17.69,33.8,126.3,25.4,40.8,80.7,82.2,1.5
T02521,2025-11-02 00:21:51,0,6,11,night,OP1034,EXC008,Excavator,Trenching,Sunny,Wet,Beginner,1.3,2610.0,90.5,12.16,25.8,160.2,13.1,43.1,55.0,53.2,-1.8
T02522,2025-07-30 14:13:15,14,2,7,day,OP1029,LDR003,Loader,Site Clearing,Windy,Dry,Intermediate,8.7,2408.0,78.7,12.43,32.6,153.7,37.3,25.4,73.2,92.2,19.0
T02523,2026-07-17 10:30:35,10,4,7,day,OP1035,GRD003,Grader,Material Loading,Sunny,Wet,Beginner,2.8,4191.5,71.1,13.5,26.8,174.7,43.4,82.9,38.9,43.2,4.3
T02524,2026-02-27 06:52:24,6,4,2,day,OP1011,GRD003,Grader,Site Clearing,Windy,Dry,Intermediate,6.7,3168.4,57.8,9.74,15.4,204.4,39.3,23.9,72.5,93.6,21.1
T02525,2025-08-02 10:19:11,10,5,8,day,OP1019,DZR004,Dozer,Site Clearing,Rainy,Rocky,Intermediate,4.5,2435.3,69.5,2.67,35.3,64.6,17.7,70.6,99.3,92.7,-6.6
T02526,2025-03-08 12:05:27,12,5,3,day,OP1050,GRD002,Grader,Foundation Digging,Windy,Rocky,Intermediate,7.7,3542.1,75.9,8.54,30.5,94.6,39.7,99.8,105.3,128.6,23.3
T02527,2025-11-14 12:12:03,12,4,11,day,OP1040,LDR004,Loader,Earth Excavation,Windy,Clay,Intermediate,8.2,4249.3,77.6,9.27,29.6,73.9,49.6,76.2,76.2,88.6,12.4
T02528,2026-03-25 09:08:00,9,2,3,day,OP1027,EXC005,Excavator,Transfer,Sunny,Wet,Intermediate,6.2,6059.8,73.6,12.18,32.4,187.1,33.0,57.0,31.3,24.2,-7.1
T02529,2025-11-18 09:58:37,9,1,11,day,OP1057,EXC005,Excavator,Transfer,Sunny,Rocky,Beginner,2.8,5132.9,68.2,14.72,24.7,80.1,6.5,71.4,32.9,9.8,-23.1
T02530,2025-12-01 14:06:12,14,0,12,day,OP1039,EXC008,Excavator,Site Clearing,Sunny,Wet,Expert,10.2,2825.9,96.1,9.34,14.1,244.0,20.5,32.4,78.5,74.1,-4.4
T02531,2026-02-14 11:36:49,11,5,2,day,OP1031,BCK001,Backhoe,Site Clearing,Sunny,Dry,Expert,22.8,6032.4,68.0,5.97,19.9,118.8,21.9,52.9,77.6,82.1,4.5
T02532,2025-10-17 14:32:36,14,4,10,day,OP1037,GRD001,Grader,Trenching,Windy,Dry,Expert,24.1,4356.1,71.1,7.49,27.9,34.4,36.4,40.7,54.0,54.0,0.0
T02533,2025-02-07 21:46:51,21,4,2,night,OP1032,LDR004,Loader,Grading,Sunny,Rocky,Intermediate,3.9,2208.2,89.1,11.4,16.9,156.9,45.9,90.1,47.1,70.1,23.0
T02534,2026-05-06 11:48:36,11,2,5,day,OP1054,DZR002,Dozer,Transfer,Sunny,Rocky,Intermediate,5.0,6046.9,73.1,21.32,41.8,305.3,31.1,40.6,34.0,17.4,-16.6
T02535,2026-06-18 23:53:52,23,3,6,night,OP1025,BCK002,Backhoe,Earth Excavation,Foggy,Loose,Expert,17.0,6542.9,82.3,9.12,39.0,125.9,54.3,10.0,80.2,92.9,12.7
T02536,2026-01-15 01:54:07,1,3,1,night,OP1038,LDR004,Loader,Material Loading,Cloudy,Dry,Beginner,2.4,4698.8,51.4,16.35,16.2,16.5,25.5,59.6,35.9,23.4,-12.5
T02537,2025-02-08 06:27:11,6,5,2,day,OP1034,BCK001,Backhoe,Material Loading,Cloudy,Dry,Beginner,1.3,3322.5,71.1,12.28,23.4,281.0,14.6,85.6,34.0,24.6,-9.4
T02538,2026-02-09 22:49:33,22,0,2,night,OP1046,LDR001,Loader,Demolition,Windy,Clay,Beginner,2.1,4578.9,87.5,8.3,17.8,168.6,29.5,106.7,111.5,133.7,22.2
T02539,2026-08-22 19:21:06,19,5,8,night,OP1034,EXC003,Excavator,Trenching,Sunny,Wet,Beginner,1.3,5450.6,86.9,7.93,31.5,244.0,18.0,94.8,61.2,70.9,9.7
T02540,2026-07-16 01:40:47,1,3,7,night,OP1010,DZR003,Dozer,Transfer,Rainy,Loose,Intermediate,8.6,6173.8,94.8,2.79,31.4,157.7,27.8,29.7,35.7,44.4,8.7
T02541,2026-09-03 20:00:54,20,3,9,night,OP1004,LDR002,Loader,Demolition,Rainy,Wet,Intermediate,6.3,4631.0,64.4,3.23,31.3,152.5,23.3,82.6,126.4,144.6,18.2
T02542,2025-12-19 00:46:08,0,4,12,night,OP1022,GRD003,Grader,Earth Excavation,Sunny,Wet,Beginner,0.6,2655.5,69.4,10.68,15.6,178.6,33.3,39.7,66.5,111.0,44.5
T02543,2025-12-01 06:35:25,6,0,12,day,OP1057,EXC002,Excavator,Site Clearing,Windy,Loose,Beginner,2.8,2594.4,64.0,11.69,14.8,114.3,8.5,76.9,76.5,93.6,17.1
T02544,2025-03-03 14:48:58,14,0,3,day,OP1055,EXC005,Excavator,Transfer,Cloudy,Clay,Expert,12.2,3236.4,79.1,11.89,24.8,174.5,35.7,57.5,28.0,30.7,2.7
T02545,2025-06-12 10:42:22,10,3,6,day,OP1050,BCK002,Backhoe,Foundation Digging,Rainy,Rocky,Intermediate,7.7,3830.6,61.0,14.39,32.6,225.2,31.9,80.4,123.4,145.0,21.6
T02546,2026-04-01 12:57:53,12,2,4,day,OP1057,GRD002,Grader,Site Clearing,Sunny,Wet,Beginner,2.8,6382.0,64.4,12.68,33.7,90.3,22.7,77.9,89.6,105.4,15.8
T02547,2026-06-13 09:07:25,9,5,6,day,OP1054,EXC005,Excavator,Earth Excavation,Cloudy,Rocky,Intermediate,5.0,6643.8,57.5,12.51,34.8,170.4,33.2,77.4,86.4,92.7,6.3
T02548,2025-12-10 09:13:31,9,2,12,day,OP1045,LDR004,Loader,Transfer,Cloudy,Dry,Intermediate,6.5,4438.2,46.5,12.3,20.0,179.1,40.0,61.9,26.6,32.5,5.9
T02549,2025-10-06 20:41:15,20,0,10,night,OP1006,DZR003,Dozer,Demolition,Sunny,Wet,Intermediate,3.3,4113.7,67.5,12.18,29.7,29.8,11.9,78.5,106.8,118.9,12.1
T02550,2025-06-13 03:57:56,3,4,6,night,OP1048,EXC004,Excavator,Site Clearing,Cloudy,Wet,Beginner,2.2,2078.7,76.4,22.95,35.0,139.4,26.8,38.0,79.8,117.1,37.3
T02551,2025-12-15 08:00:33,8,0,12,day,OP1056,DZR002,Dozer,Material Loading,Sunny,Rocky,Intermediate,4.7,5009.1,59.6,6.27,22.6,260.2,52.2,80.5,43.7,48.5,4.8
T02552,2026-08-13 20:17:41,20,3,8,night,OP1024,EXC006,Excavator,Trenching,Foggy,Clay,Beginner,1.5,6871.3,85.5,15.89,28.3,128.2,7.9,53.7,69.9,94.7,24.8
T02553,2025-12-07 01:45:59,1,6,12,night,OP1024,EXC004,Excavator,Earth Excavation,Cloudy,Rocky,Beginner,1.5,3370.1,50.8,8.98,18.5,61.2,17.1,42.9,76.7,95.7,19.0
T02554,2025-05-28 14:54:57,14,2,5,day,OP1036,EXC008,Excavator,Demolition,Sunny,Dry,Intermediate,3.3,1461.0,75.1,7.73,35.8,61.3,5,39.8,88.0,99.5,11.5
T02555,2026-07-02 01:44:39,1,3,7,night,OP1029,EXC005,Excavator,Earth Excavation,Cloudy,Clay,Intermediate,8.7,6780.2,60.7,10.08,29.7,203.4,39.9,73.9,77.0,101.7,24.7
T02556,2026-07-08 09:55:03,9,2,7,day,OP1015,EXC005,Excavator,Demolition,Rainy,Dry,Beginner,0.6,6826.5,51.7,7.1,27.8,35.2,28.8,46.1,127.5,166.6,39.1
T02557,2025-06-16 15:04:22,15,0,6,day,OP1024,DZR003,Dozer,Foundation Digging,Windy,Dry,Beginner,1.5,3294.4,73.9,21.36,37.2,290.6,23.2,8.9,78.9,121.8,42.9
T02558,2025-08-04 22:32:46,22,0,8,night,OP1037,GRD002,Grader,Trenching,Cloudy,Clay,Expert,24.1,4632.9,76.3,11.76,31.4,62.3,35.3,74.5,59.0,65.3,6.3
T02559,2025-03-04 08:56:29,8,1,3,day,OP1002,EXC005,Excavator,Transfer,Cloudy,Dry,Expert,18.3,3241.9,90.2,11.77,32.9,218.3,28.8,59.5,25.5,33.6,8.1
T02560,2026-02-26 09:17:40,9,3,2,day,OP1038,DZR003,Dozer,Grading,Cloudy,Loose,Beginner,2.4,5154.1,65.1,16.82,28.3,207.4,35.2,74.1,45.5,64.7,19.2
T02561,2025-08-01 07:00:30,7,4,8,day,OP1011,EXC007,Excavator,Foundation Digging,Cloudy,Loose,Intermediate,6.7,4912.5,67.7,12.87,34.5,171.8,30.8,14.0,88.9,103.8,14.9
T02562,2025-10-10 09:47:18,9,4,10,day,OP1025,DZR002,Dozer,Demolition,Cloudy,Wet,Expert,17.0,4527.9,62.1,16.89,26.9,142.5,47.2,95.7,111.7,118.8,7.1
T02563,2026-03-31 06:59:58,6,1,3,day,OP1039,EXC003,Excavator,Demolition,Sunny,Clay,Expert,10.2,4395.6,68.5,8.59,28.3,180.5,31.0,87.8,104.1,111.1,7.0
T02564,2025-11-06 10:39:21,10,3,11,day,OP1025,BCK004,Backhoe,Material Loading,Sunny,Loose,Expert,17.0,2895.9,81.2,7.3,19.4,66.5,52.3,79.1,34.1,44.4,10.3
T02565,2025-02-26 13:52:18,13,2,2,day,OP1017,EXC005,Excavator,Site Clearing,Sunny,Loose,Expert,13.3,3199.6,67.1,11.24,17.2,176.0,33.0,49.5,73.4,82.3,8.9
T02566,2026-09-08 15:08:49,15,1,9,day,OP1015,EXC003,Excavator,Trenching,Rainy,Dry,Beginner,0.6,5573.4,93.7,11.91,25.5,300.0,22.6,43.4,67.6,66.9,-0.7
T02567,2025-12-05 20:44:12,20,4,12,night,OP1006,LDR004,Loader,Earth Excavation,Rainy,Rocky,Intermediate,3.3,4405.2,90.9,4.92,19.3,60.0,15.9,46.1,89.2,111.2,22.0
T02568,2026-03-24 03:51:49,3,1,3,night,OP1042,EXC008,Excavator,Foundation Digging,Sunny,Rocky,Beginner,1.3,3647.7,57.8,11.48,24.1,63.5,14.4,15.9,97.3,136.4,39.1
T02569,2025-03-16 02:31:09,2,6,3,night,OP1014,LDR005,Loader,Material Loading,Rainy,Rocky,Expert,21.2,700.8,76.6,20.3,24.5,125.0,21.2,23.3,45.4,50.0,4.6
T02570,2025-08-09 20:31:03,20,5,8,night,OP1049,DZR004,Dozer,Trenching,Cloudy,Dry,Beginner,0.8,2489.5,65.9,4.74,27.1,187.0,52.7,60.7,49.4,57.3,7.9
T02571,2025-07-14 22:16:26,22,0,7,night,OP1005,BCK001,Backhoe,Material Loading,Rainy,Wet,Expert,18.5,4466.2,98,11.58,32.8,146.2,47.7,85.1,48.7,57.4,8.7
T02572,2026-08-08 06:47:31,6,5,8,day,OP1014,EXC006,Excavator,Earth Excavation,Rainy,Wet,Expert,21.2,6830.7,77.4,9.88,29.0,124.8,20.9,59.4,90.5,81.8,-8.7
T02573,2025-12-16 06:48:32,6,1,12,day,OP1028,DZR003,Dozer,Site Clearing,Cloudy,Dry,Beginner,1.6,4627.7,87.0,12.23,12.7,261.1,48.6,69.0,76.0,116.5,40.5
T02574,2025-02-15 03:30:31,3,5,2,night,OP1032,EXC001,Excavator,Transfer,Sunny,Rocky,Intermediate,3.9,2757.1,78.7,15.71,17.2,174.5,47.9,29.7,30.1,43.6,13.5
T02575,2025-06-25 12:11:37,12,2,6,day,OP1032,LDR002,Loader,Foundation Digging,Windy,Dry,Intermediate,3.9,1453.1,80.6,4.54,44.2,19.4,49.5,45.6,80.3,106.3,26.0
T02576,2025-06-12 12:50:13,12,3,6,day,OP1051,LDR005,Loader,Foundation Digging,Rainy,Dry,Expert,11.2,1346.4,66.0,20.88,30.3,148.3,43.4,36.7,91.1,98.0,6.9
T02577,2025-07-03 19:32:27,19,3,7,night,OP1008,EXC006,Excavator,Foundation Digging,Rainy,Wet,Beginner,1.2,3907.3,44.4,12.95,37.7,153.7,34.1,41.9,108.9,143.3,34.4
T02578,2025-08-28 01:19:52,1,3,8,night,OP1008,EXC001,Excavator,Foundation Digging,Windy,Loose,Beginner,1.2,4172.7,48.5,11.71,24.6,127.2,39.9,86.8,92.0,118.5,26.5
T02579,2025-10-06 23:41:48,23,0,10,night,OP1048,EXC005,Excavator,Site Clearing,Sunny,Loose,Beginner,2.2,4823.2,78.1,16.9,27.9,126.2,21.7,62.9,78.0,117.1,39.1
T02580,2025-01-29 19:46:13,19,2,1,night,OP1021,LDR001,Loader,Demolition,Windy,Clay,Intermediate,4.3,1833.2,78.5,17.93,15.3,124.5,47.9,44.8,100.0,110.5,10.5
T02581,2025-11-15 06:44:29,6,5,11,day,OP1045,DZR002,Dozer,Site Clearing,Cloudy,Rocky,Intermediate,6.5,4789.7,70.4,7.74,31.2,334.5,28.8,32.7,94.8,118.7,23.9
T02582,2026-01-23 10:33:56,10,4,1,day,OP1008,BCK002,Backhoe,Grading,Sunny,Wet,Beginner,1.2,5473.1,70.7,13.19,19.7,274.9,37.7,81.4,48.5,51.7,3.2
T02583,2026-01-07 07:52:49,7,2,1,day,OP1033,BCK004,Backhoe,Transfer,Cloudy,Loose,Expert,17.2,3347.7,59.1,19.21,22.7,183.7,30.4,70.2,26.8,31.4,4.6
T02584,2026-06-11 09:56:19,9,3,6,day,OP1041,EXC006,Excavator,Foundation Digging,Foggy,Rocky,Intermediate,4.3,6408.3,53.2,16.34,37.0,86.0,10.7,67.0,123.3,129.2,5.9
T02585,2025-11-09 03:42:30,3,6,11,night,OP1041,DZR004,Dozer,Demolition,Rainy,Loose,Intermediate,4.3,3156.0,83.9,14.19,20.5,126.5,15.1,32.4,112.2,128.6,16.4
T02586,2025-09-15 07:57:05,7,0,9,day,OP1059,DZR002,Dozer,Grading,Sunny,Wet,Expert,22.2,4344.8,45.9,7.46,32.3,174.5,57.2,73.2,46.5,45.8,-0.7
T02587,2025-12-18 00:57:49,0,3,12,night,OP1022,BCK001,Backhoe,Demolition,Rainy,Wet,Beginner,0.6,5605.8,67.7,17.36,18.8,163.8,32.8,67.9,131.3,184.1,52.8
T02588,2025-09-03 11:38:34,11,2,9,day,OP1014,EXC005,Excavator,Grading,Cloudy,Rocky,Expert,21.2,4578.6,59.6,6.88,29.5,203.5,25.6,80.4,52.6,49.8,-2.8
T02589,2025-07-02 15:44:19,15,2,7,day,OP1015,BCK003,Backhoe,Earth Excavation,Sunny,Wet,Beginner,0.6,2654.0,54.3,4.64,32.6,225.4,32.1,29.4,66.5,75.1,8.6
T02590,2025-05-22 21:43:20,21,3,5,night,OP1050,DZR004,Dozer,Trenching,Cloudy,Wet,Intermediate,7.7,1913.2,83.6,8.94,38.9,116.8,29.8,29.0,56.4,76.5,20.1
T02591,2025-03-22 15:00:32,15,5,3,day,OP1029,BCK001,Backhoe,Site Clearing,Sunny,Loose,Intermediate,8.7,3631.7,51.5,11.54,29.3,105.3,41.3,49.7,74.6,86.0,11.4
T02592,2025-11-18 06:23:51,6,1,11,day,OP1009,DZR002,Dozer,Transfer,Sunny,Dry,Intermediate,5.2,4811.5,57.8,8.68,21.4,128.1,18.2,44.8,26.2,31.9,5.7
T02593,2025-07-22 02:08:45,2,1,7,night,OP1027,BCK004,Backhoe,Grading,Rainy,Dry,Intermediate,6.2,2112.2,75.9,10.89,33.6,61.9,29.4,40.0,46.8,77.5,30.7
T02594,2025-08-15 14:58:40,14,4,8,day,OP1009,GRD002,Grader,Grading,Sunny,Loose,Intermediate,5.2,4710.9,46.4,9.85,27.5,10,23.5,45.8,43.4,45.9,2.5
T02595,2026-08-22 13:18:39,13,5,8,day,OP1045,GRD001,Grader,Site Clearing,Windy,Dry,Intermediate,6.5,6611.4,79.7,7.66,29.0,154.0,32.5,58.3,86.8,91.9,5.1
T02596,2025-07-17 09:30:13,9,3,7,day,OP1039,DZR002,Dozer,Material Loading,Cloudy,Rocky,Expert,10.2,3907.3,89.4,17.44,27.7,163.0,14.4,64.0,43.2,40.1,-3.1
T02597,2026-07-24 09:23:12,9,4,7,day,OP1018,LDR004,Loader,Grading,Rainy,Dry,Expert,15.8,6088.0,54.1,7.79,30.2,94.8,37.5,61.7,49.5,57.2,7.7
T02598,2025-10-22 01:22:37,1,2,10,night,OP1001,EXC002,Excavator,Material Loading,Rainy,Rocky,Expert,13.7,2300.8,62.9,12.83,33.0,108.4,30.0,28.7,45.2,46.1,0.9
T02599,2025-08-02 19:47:29,19,5,8,night,OP1024,DZR004,Dozer,Transfer,Rainy,Dry,Beginner,1.5,2438.2,76.6,11.63,31.3,120.2,13.0,49.2,28.4,46.3,17.9
T02600,2025-08-04 07:05:37,7,0,8,day,OP1028,GRD002,Grader,Demolition,Cloudy,Clay,Beginner,1.6,4628.2,70.5,20.44,26.0,218.9,49.1,67.3,108.2,154.3,46.1
T02601,2025-03-14 01:53:19,1,4,3,night,OP1018,GRD001,Grader,Material Loading,Sunny,Wet,Expert,15.8,2768.1,53.0,4.94,26.2,60.5,23.8,67.8,36.9,38.6,1.7
T02602,2025-06-23 22:21:06,22,0,6,night,OP1035,BCK002,Backhoe,Transfer,Rainy,Wet,Beginner,2.8,3914.5,55.3,9.11,31.7,202.0,40.4,39.8,36.2,35.2,-1.0
T02603,2026-03-04 09:59:32,9,2,3,day,OP1040,GRD002,Grader,Trenching,Rainy,Wet,Intermediate,8.2,6176.7,69.6,18.2,32.0,118.8,23.4,86.3,74.6,77.2,2.6
T02604,2025-05-03 19:04:01,19,5,5,night,OP1021,LDR005,Loader,Site Clearing,Sunny,Dry,Intermediate,4.3,1056.3,91.9,14.84,41.2,209.1,35.9,69.5,68.0,87.7,19.7
T02605,2026-03-23 23:36:40,23,0,3,night,OP1056,EXC006,Excavator,Material Loading,Cloudy,Dry,Intermediate,4.7,5828.5,76.2,16.78,23.6,208.9,49.2,42.9,37.3,52.3,15.0
T02606,2025-12-18 12:53:44,12,3,12,day,OP1018,LDR002,Loader,Grading,Sunny,Loose,Expert,15.8,2738.1,49.2,14.03,13.7,28.1,31.2,19.9,40.3,35.8,-4.5
T02607,2026-02-23 23:08:20,23,0,2,night,OP1007,LDR005,Loader,Grading,Sunny,Wet,Beginner,1.2,3218.3,63.0,13.07,23.1,10,36.4,60.4,44.6,40.6,-4.0
T02608,2026-05-02 22:40:07,22,5,5,night,OP1004,EXC006,Excavator,Site Clearing,Sunny,Loose,Intermediate,6.3,6120.2,72.0,6.13,36.9,215.2,17.5,79.3,81.7,89.9,8.2
T02609,2026-05-09 14:37:48,14,5,5,day,OP1048,EXC007,Excavator,Material Loading,Sunny,Rocky,Beginner,2.2,6966.1,70.7,8.92,30.0,98.3,28.8,96.7,46.8,88.7,41.9
T02610,2026-01-20 13:46:35,13,1,1,day,OP1004,EXC001,Excavator,Earth Excavation,Windy,Clay,Intermediate,6.3,5235.0,62.6,15.25,16.8,94.7,19.0,53.4,73.9,74.6,0.7
T02611,2026-07-29 07:10:37,7,2,7,day,OP1038,GRD002,Grader,Grading,Rainy,Dry,Beginner,2.4,7249.0,64.7,12.67,35.7,117.2,36.7,48.5,52.6,73.1,20.5
T02612,2026-09-08 11:19:09,11,1,9,day,OP1046,DZR002,Dozer,Site Clearing,Rainy,Wet,Beginner,2.1,6959.2,76.8,11.83,27.1,78.8,34.6,16.7,104.1,140.9,36.8
T02613,2026-06-10 13:33:26,13,2,6,day,OP1032,DZR003,Dozer,Grading,Sunny,Dry,Intermediate,3.9,5914.6,48.9,7.39,37.9,160.1,46.5,40.9,43.2,53.6,10.4
T02614,2025-08-11 21:36:36,21,0,8,night,OP1040,EXC008,Excavator,Transfer,Rainy,Rocky,Intermediate,8.2,2010.5,81.4,13.85,38.3,99.3,32.5,55.4,36.3,47.0,10.7
T02615,2025-04-29 20:42:19,20,1,4,night,OP1045,EXC007,Excavator,Foundation Digging,Sunny,Dry,Intermediate,6.5,4230.5,37.5,11.77,41.0,180.9,31.4,35.4,80.2,102.5,22.3
T02616,2026-05-17 03:37:18,3,6,5,night,OP1029,LDR003,Loader,Transfer,Sunny,Rocky,Intermediate,8.7,4529.1,75.7,9.57,34.9,54.8,46.9,39.4,32.2,37.7,5.5
T02617,2025-06-07 03:04:42,3,5,6,night,OP1033,GRD001,Grader,Transfer,Foggy,Rocky,Expert,17.2,3389.0,41.0,9.12,37.7,187.3,35.0,89.8,35.9,41.3,5.4
T02618,2026-05-16 10:19:36,10,5,5,day,OP1037,DZR001,Dozer,Grading,Cloudy,Rocky,Expert,24.1,4450.5,98,14.4,35.8,175.4,47.8,55.1,52.3,57.8,5.5
T02619,2026-07-07 19:34:10,19,1,7,night,OP1047,BCK004,Backhoe,Transfer,Rainy,Loose,Beginner,2.8,4672.5,89.0,18.36,26.4,104.5,42.2,42.5,34.4,89.4,55.0
T02620,2026-06-16 22:59:53,22,1,6,night,OP1017,LDR002,Loader,Trenching,Sunny,Clay,Expert,13.3,4055.2,89.9,17.11,33.9,72.9,23.9,43.5,56.1,57.1,1.0
T02621,2025-10-25 13:36:50,13,5,10,day,OP1012,DZR003,Dozer,Trenching,Windy,Loose,Beginner,1.4,4250.2,93.0,18.53,30.1,287.7,49.8,59.6,58.3,71.6,13.3
T02622,2025-04-30 23:08:24,23,2,4,night,OP1018,DZR003,Dozer,Transfer,Rainy,Clay,Expert,15.8,2953.7,73.9,15.16,28.1,139.8,9.1,23.9,30.6,31.3,0.7
T02623,2025-04-17 14:46:10,14,3,4,day,OP1006,DZR002,Dozer,Demolition,Cloudy,Clay,Intermediate,3.3,3244.6,74.9,8.25,36.7,10,21.1,51.7,102.7,99.7,-3.0
T02624,2025-09-07 01:40:43,1,6,9,night,OP1043,DZR004,Dozer,Foundation Digging,Cloudy,Loose,Expert,19.0,2695.5,64.3,6.69,24.3,88.2,17.5,34.0,81.7,88.3,6.6
T02625,2025-03-06 03:10:46,3,3,3,night,OP1017,EXC004,Excavator,Trenching,Sunny,Wet,Expert,13.3,1355.7,74.0,3.77,31.2,224.7,28.2,67.9,54.7,55.6,0.9
T02626,2025-03-10 15:53:51,15,0,3,day,OP1049,GRD002,Grader,Foundation Digging,Windy,Dry,Beginner,0.8,3557.8,69.3,13.44,32.0,10,42.6,17.5,85.0,153.3,68.3
T02627,2026-06-19 07:38:56,7,4,6,day,OP1049,GRD002,Grader,Transfer,Rainy,Loose,Beginner,0.8,6957.1,98,13.77,39.6,126.8,42.4,58.0,37.4,52.7,15.3
T02628,2025-08-30 03:10:56,3,5,8,night,OP1041,EXC007,Excavator,Demolition,Rainy,Clay,Intermediate,4.3,5123.0,52.5,2.82,35.3,304.2,24.1,67.8,134.8,155.8,21.0
T02629,2025-03-03 18:32:16,18,0,3,night,OP1012,LDR001,Loader,Trenching,Foggy,Loose,Beginner,1.4,2073.7,73.1,10.91,31.0,300.8,50.4,19.7,55.6,75.5,19.9
T02630,2025-12-20 22:32:17,22,5,12,night,OP1052,DZR004,Dozer,Transfer,Windy,Loose,Intermediate,5.8,3461.0,75.0,1.76,18.8,164.1,24.7,71.1,26.7,27.3,0.6
T02631,2025-02-15 23:04:34,23,5,2,night,OP1032,LDR001,Loader,Material Loading,Sunny,Rocky,Intermediate,3.9,1958.3,49.9,12.36,27.8,10,45.4,61.2,39.7,53.0,13.3
T02632,2025-11-29 14:12:38,14,5,11,day,OP1040,DZR001,Dozer,Site Clearing,Sunny,Loose,Intermediate,8.2,3225.3,80.8,10.15,19.4,230.1,38.4,74.3,73.5,70.6,-2.9
T02633,2025-09-18 09:52:38,9,3,9,day,OP1049,DZR002,Dozer,Transfer,Sunny,Loose,Beginner,0.8,4367.3,73.9,1.09,31.1,39.1,50.6,34.1,27.1,42.1,15.0
T02634,2026-08-13 06:15:50,6,3,8,day,OP1011,BCK001,Backhoe,Transfer,Rainy,Loose,Intermediate,6.7,7344.8,45.8,10.01,32.0,189.8,25.7,37.2,37.9,52.1,14.2
T02635,2026-08-26 06:38:23,6,2,8,day,OP1051,LDR002,Loader,Foundation Digging,Windy,Rocky,Expert,11.2,4568.5,58.9,5.59,32.7,82.2,44.9,78.2,105.6,109.1,3.5
T02636,2025-08-25 06:19:30,6,0,8,day,OP1047,GRD002,Grader,Material Loading,Sunny,Clay,Beginner,2.8,4781.3,58.2,4.6,33.6,164.8,34.7,35.1,38.4,68.1,29.7
T02637,2026-04-11 20:20:24,20,5,4,night,OP1038,EXC005,Excavator,Demolition,Rainy,Loose,Beginner,2.4,6187.3,72.8,7.81,32.8,143.2,40.9,33.0,125.0,194.5,69.5
T02638,2026-01-07 00:59:56,0,2,1,night,OP1024,BCK004,Backhoe,Earth Excavation,Cloudy,Rocky,Beginner,1.5,3345.6,87.9,8.98,13.5,102.0,15.8,90.2,76.6,88.0,11.4
T02639,2026-06-01 15:48:19,15,0,6,day,OP1010,BCK002,Backhoe,Earth Excavation,Rainy,Dry,Intermediate,8.6,6416.4,73.1,7.87,36.1,263.1,33.8,57.4,80.0,87.2,7.2
T02640,2026-04-15 12:07:46,12,2,4,day,OP1043,BCK001,Backhoe,Grading,Rainy,Clay,Expert,19.0,6470.6,58.8,11.99,33.3,191.7,9.6,42.2,55.2,50.9,-4.3
T02641,2025-07-03 07:26:48,7,3,7,day,OP1029,EXC007,Excavator,Foundation Digging,Foggy,Dry,Intermediate,8.7,4700.9,62.2,12.05,34.3,182.6,32.6,50.1,91.8,116.5,24.7
T02642,2025-06-13 12:08:07,12,4,6,day,OP1002,LDR005,Loader,Demolition,Windy,Clay,Expert,18.3,1353.5,82.6,20.36,29.1,71.1,39.8,91.5,104.6,116.3,11.7
T02643,2026-05-08 10:28:50,10,4,5,day,OP1035,EXC003,Excavator,Earth Excavation,Cloudy,Loose,Beginner,2.8,4674.1,81.3,12.95,27.2,57.6,39.9,44.7,68.2,93.8,25.6
T02644,2025-02-28 11:52:05,11,4,2,day,OP1017,DZR001,Dozer,Grading,Sunny,Rocky,Expert,13.3,1224.4,86.9,15.56,22.0,166.0,27.1,47.0,47.1,56.9,9.8
T02645,2026-07-23 10:02:52,10,3,7,day,OP1007,DZR004,Dozer,Demolition,Rainy,Dry,Beginner,1.2,5026.7,51.6,11.05,25.4,114.2,41.4,82.9,116.5,165.0,48.5
T02646,2026-05-02 00:05:39,0,5,5,night,OP1023,DZR003,Dozer,Material Loading,Rainy,Clay,Beginner,2.1,5625.8,72.0,17.6,37.7,277.7,29.7,45.7,45.1,64.4,19.3
T02647,2026-09-08 15:01:08,15,1,9,day,OP1060,BCK003,Backhoe,Material Loading,Rainy,Rocky,Expert,10.8,5814.6,45.8,10.68,25.0,157.6,18.1,79.5,52.8,47.7,-5.1
T02648,2026-08-11 08:27:01,8,1,8,day,OP1019,LDR003,Loader,Grading,Foggy,Rocky,Intermediate,4.5,5158.3,59.9,9.89,28.1,60.3,19.7,8.6,59.4,71.3,11.9
T02649,2026-04-02 19:04:28,19,3,4,night,OP1021,EXC008,Excavator,Grading,Windy,Dry,Intermediate,4.3,3718.0,71.8,6.86,33.4,162.6,56.9,83.5,40.6,44.8,4.2
T02650,2026-06-11 08:37:17,8,3,6,day,OP1035,BCK003,Backhoe,Earth Excavation,Windy,Dry,Beginner,2.8,5163.0,81.1,4.86,34.0,108.8,44.9,69.6,68.3,125.9,57.6
T02651,2025-02-19 14:45:19,14,2,2,day,OP1004,EXC001,Excavator,Foundation Digging,Cloudy,Clay,Intermediate,6.3,2789.8,36.3,4.77,17.0,261.3,17.6,44.8,86.0,100.3,14.3
T02652,2026-06-10 08:19:05,8,2,6,day,OP1009,EXC004,Excavator,Demolition,Rainy,Clay,Intermediate,5.2,4722.6,68.8,11.31,37.4,96.6,27.3,53.2,121.3,142.5,21.2
T02653,2025-09-11 20:34:30,20,3,9,night,OP1006,LDR003,Loader,Foundation Digging,Rainy,Clay,Intermediate,3.3,2723.8,61.0,7.14,33.9,234.4,18.8,31.9,103.4,110.3,6.9
T02654,2025-05-19 06:52:15,6,0,5,day,OP1009,DZR004,Dozer,Transfer,Sunny,Clay,Intermediate,5.2,1886.8,65.6,16.94,37.1,10,20.8,23.5,26.4,33.1,6.7
T02655,2026-06-17 02:06:07,2,2,6,night,OP1038,GRD003,Grader,Foundation Digging,Sunny,Clay,Beginner,2.4,3969.9,67.4,11.56,36.8,97.6,35.6,59.0,87.4,128.6,41.2
T02656,2025-08-20 23:49:00,23,2,8,night,OP1010,BCK001,Backhoe,Foundation Digging,Sunny,Clay,Intermediate,8.6,4736.7,98,7.35,22.1,117.7,29.3,78.1,89.9,99.7,9.8
T02657,2026-06-01 09:15:05,9,0,6,day,OP1005,GRD003,Grader,Material Loading,Windy,Dry,Expert,18.5,3855.3,56.6,7.16,32.5,140.8,33.9,76.9,36.3,31.4,-4.9
T02658,2026-03-25 06:18:57,6,2,3,day,OP1042,LDR002,Loader,Demolition,Cloudy,Dry,Beginner,1.3,3444.2,92.8,17.09,21.9,265.4,27.5,17.5,94.1,133.1,39.0
T02659,2026-03-31 06:47:20,6,1,3,day,OP1054,LDR004,Loader,Earth Excavation,Foggy,Clay,Intermediate,5.0,5247.7,72.3,8.21,31.7,200.6,23.4,40.8,78.8,81.4,2.6
T02660,2025-04-30 21:15:24,21,2,4,night,OP1018,EXC008,Excavator,Transfer,Sunny,Clay,Expert,15.8,1258.5,66.4,14.31,33.6,286.0,30.8,85.5,26.4,29.9,3.5
T02661,2026-05-25 20:54:06,20,0,5,night,OP1005,LDR002,Loader,Material Loading,Sunny,Wet,Expert,18.5,3893.9,76.0,13.3,38.9,53.8,47.1,44.7,38.5,44.0,5.5
T02662,2025-05-16 03:29:48,3,4,5,night,OP1051,EXC008,Excavator,Earth Excavation,Cloudy,Clay,Expert,11.2,1369.9,98,9.17,38.6,177.6,24.7,59.6,65.7,63.1,-2.6
T02663,2025-08-09 08:49:35,8,5,8,day,OP1010,LDR004,Loader,Foundation Digging,Cloudy,Clay,Intermediate,8.6,3540.2,85.8,17.44,25.7,168.4,31.5,71.2,88.5,97.0,8.5
T02664,2025-09-19 09:26:39,9,4,9,day,OP1054,LDR004,Loader,Earth Excavation,Windy,Rocky,Intermediate,5.0,3839.6,92.6,18.43,29.3,135.2,37.0,45.7,80.8,95.6,14.8
T02665,2025-11-28 13:18:32,13,4,11,day,OP1007,LDR002,Loader,Trenching,Sunny,Dry,Beginner,1.2,2592.2,66.7,3.16,26.1,232.2,34.2,38.8,48.2,55.0,6.8
T02666,2026-03-16 07:37:46,7,0,3,day,OP1026,LDR005,Loader,Foundation Digging,Cloudy,Rocky,Beginner,2.3,3366.9,95.4,9.36,25.2,97.4,33.2,25.0,99.1,140.4,41.3
T02667,2026-03-02 06:41:38,6,0,3,day,OP1043,EXC008,Excavator,Demolition,Sunny,Wet,Expert,19.0,3487.9,96.8,14.81,27.8,192.5,19.6,99.6,104.3,98.2,-6.1
T02668,2026-04-18 10:00:10,10,5,4,day,OP1011,GRD001,Grader,Grading,Cloudy,Rocky,Intermediate,6.7,5690.6,68.8,8.85,31.6,181.3,44.9,43.9,54.7,69.0,14.3
T02669,2025-05-16 02:59:34,2,4,5,night,OP1011,DZR003,Dozer,Demolition,Cloudy,Rocky,Intermediate,6.7,3064.4,98,8.41,34.1,122.1,41.3,54.6,114.9,129.5,14.6
T02670,2026-05-07 14:50:27,14,3,5,day,OP1023,DZR004,Dozer,Site Clearing,Rainy,Clay,Beginner,2.1,4466.1,67.6,10.56,46,194.2,35.6,86.3,95.2,154.8,59.6
T02671,2026-01-07 06:31:09,6,2,1,day,OP1029,EXC007,Excavator,Transfer,Sunny,Loose,Intermediate,8.7,6073.1,80.6,6.96,21.7,189.4,25.9,46.3,28.8,38.8,10.0
T02672,2025-07-02 07:05:30,7,2,7,day,OP1003,GRD003,Grader,Site Clearing,Cloudy,Rocky,Expert,20.4,1416.4,85.1,9.06,38.5,92.1,5,79.6,86.8,80.7,-6.1
T02673,2025-04-19 06:43:03,6,5,4,day,OP1054,BCK001,Backhoe,Foundation Digging,Sunny,Dry,Intermediate,5.0,3833.6,82.5,16.24,31.8,144.6,42.5,52.3,79.0,89.9,10.9
T02674,2025-05-15 15:27:53,15,3,5,day,OP1005,LDR004,Loader,Transfer,Sunny,Loose,Expert,18.5,2914.4,88.1,10.09,28.5,264.4,44.9,29.0,25.6,27.8,2.2
T02675,2026-03-28 07:14:44,7,5,3,day,OP1020,LDR004,Loader,Trenching,Sunny,Rocky,Intermediate,8.4,5226.0,81.5,9.45,31.3,79.1,22.0,22.4,66.0,76.2,10.2
T02676,2025-08-02 10:24:24,10,5,8,day,OP1005,DZR004,Dozer,Earth Excavation,Rainy,Wet,Expert,18.5,2435.3,58.9,18.67,34.8,203.8,38.7,30.1,77.7,81.4,3.7
T02677,2025-02-12 06:25:13,6,2,2,day,OP1020,BCK004,Backhoe,Foundation Digging,Sunny,Rocky,Intermediate,8.4,945.5,70.1,17.71,21.8,149.8,25.7,66.9,93.0,102.6,9.6
T02678,2026-07-31 06:45:51,6,4,7,day,OP1012,DZR003,Dozer,Foundation Digging,Cloudy,Wet,Beginner,1.4,6284.8,54.5,14.94,32.6,258.3,48.4,80.5,101.4,161.8,60.4
T02679,2025-02-27 06:43:07,6,3,2,day,OP1030,EXC008,Excavator,Site Clearing,Sunny,Wet,Intermediate,4.1,801.5,91.7,8.63,24.5,85.3,21.5,65.9,77.5,78.5,1.0
T02680,2026-01-05 19:11:28,19,0,1,night,OP1044,BCK002,Backhoe,Site Clearing,Windy,Clay,Beginner,1.1,5344.3,73.4,15.1,15.9,171.7,37.0,25.0,90.7,132.0,41.3
T02681,2025-11-10 08:36:46,8,0,11,day,OP1059,LDR005,Loader,Demolition,Sunny,Dry,Expert,22.2,2447.4,51.5,9.55,16.9,68.7,47.1,41.2,88.0,94.4,6.4
T02682,2025-02-22 07:29:23,7,5,2,day,OP1049,BCK001,Backhoe,Material Loading,Sunny,Clay,Beginner,0.8,3425.1,84.1,1.33,20.8,183.7,48.2,84.0,36.5,39.8,3.3
T02683,2025-07-24 06:52:19,6,3,7,day,OP1031,LDR001,Loader,Transfer,Cloudy,Clay,Expert,22.8,3114.1,86.1,8.36,30.4,201.5,31.6,76.6,27.9,32.9,5.0
T02684,2026-05-26 10:40:37,10,1,5,day,OP1014,EXC003,Excavator,Earth Excavation,Sunny,Wet,Expert,21.2,4805.5,61.9,4.54,35.9,10,31.6,35.0,72.2,75.8,3.6
T02685,2025-12-15 20:20:28,20,0,12,night,OP1051,LDR003,Loader,Demolition,Rainy,Rocky,Expert,11.2,3417.3,53.5,5.94,18.1,109.2,33.7,26.0,133.6,151.9,18.3
T02686,2025-09-19 14:36:24,14,4,9,day,OP1022,BCK003,Backhoe,Grading,Windy,Rocky,Beginner,0.6,3230.3,74.8,13.74,30.7,164.1,42.1,73.0,51.8,39.0,-12.8
T02687,2025-07-05 20:44:37,20,5,7,night,OP1007,LDR004,Loader,Transfer,Rainy,Loose,Beginner,1.2,3288.3,68.2,20.46,31.6,192.3,42.4,60.0,32.3,38.3,6.0
T02688,2026-02-13 19:17:21,19,4,2,night,OP1007,DZR001,Dozer,Grading,Sunny,Wet,Beginner,1.2,3781.6,58.7,21.01,12.7,264.2,44.3,33.1,45.5,67.6,22.1
T02689,2025-12-24 08:13:42,8,2,12,day,OP1031,EXC004,Excavator,Site Clearing,Rainy,Rocky,Expert,22.8,3496.2,95.6,6.6,14.7,203.6,16.6,63.5,106.1,97.5,-8.6
T02690,2025-05-05 10:22:17,10,0,5,day,OP1020,EXC006,Excavator,Grading,Windy,Loose,Intermediate,8.4,3473.8,83.1,10.27,39.4,247.3,30.9,77.0,42.9,51.4,8.5
T02691,2026-02-17 11:47:01,11,1,2,day,OP1016,EXC006,Excavator,Grading,Rainy,Dry,Beginner,2.9,5576.7,80.9,18.63,18.8,294.1,49.2,67.8,50.6,92.5,41.9
T02692,2025-09-19 09:01:14,9,4,9,day,OP1044,GRD002,Grader,Grading,Sunny,Clay,Beginner,1.1,4964.6,51.5,0,30.3,133.5,30.0,17.2,45.9,45.1,-0.8
T02693,2025-09-22 15:31:09,15,0,9,day,OP1037,BCK001,Backhoe,Trenching,Windy,Clay,Expert,24.1,4975.1,98,15.24,27.3,100.9,38.6,52.8,60.6,64.8,4.2
T02694,2026-03-13 11:04:14,11,4,3,day,OP1059,LDR003,Loader,Foundation Digging,Windy,Loose,Expert,22.2,4056.8,79.8,13.57,27.7,218.3,62,90.2,91.0,108.1,17.1
T02695,2026-03-22 02:22:29,2,6,3,night,OP1018,EXC007,Excavator,Trenching,Sunny,Wet,Expert,15.8,6612.0,67.3,8.82,28.2,77.7,27.7,72.8,63.7,69.4,5.7
T02696,2026-05-02 00:55:22,0,5,5,night,OP1019,BCK004,Backhoe,Grading,Sunny,Rocky,Intermediate,4.5,4185.1,83.9,5.57,35.2,10,10.7,5,50.3,60.0,9.7
T02697,2026-02-04 12:11:44,12,2,2,day,OP1039,EXC007,Excavator,Site Clearing,Windy,Rocky,Expert,10.2,6279.2,98,12.32,23.5,199.1,14.0,58.7,107.8,102.1,-5.7
T02698,2025-02-28 12:30:58,12,4,2,day,OP1049,EXC001,Excavator,Trenching,Cloudy,Rocky,Beginner,0.8,2854.8,75.8,15.94,26.0,56.0,48.7,54.0,62.2,77.8,15.6
T02699,2026-03-09 23:41:38,23,0,3,night,OP1001,BCK002,Backhoe,Trenching,Rainy,Rocky,Expert,13.7,5805.6,71.6,14.22,23.8,231.4,30.5,79.9,80.7,90.4,9.7
T02700,2026-06-30 12:59:52,12,1,6,day,OP1045,EXC008,Excavator,Material Loading,Cloudy,Wet,Intermediate,6.5,4365.8,55.9,14.71,28.8,150.1,30.9,62.9,40.4,53.5,13.1
T02701,2025-10-16 01:04:05,1,3,10,night,OP1053,BCK004,Backhoe,Foundation Digging,Cloudy,Rocky,Intermediate,7.0,2739.7,60.4,13.94,28.0,10,22.9,67.7,96.7,110.6,13.9
T02702,2026-01-08 01:44:59,1,3,1,night,OP1025,EXC004,Excavator,Demolition,Windy,Clay,Expert,17.0,3603.7,76.6,11.57,25.0,145.1,54.0,44.6,105.3,130.6,25.3
T02703,2026-01-20 06:58:45,6,1,1,day,OP1022,BCK001,Backhoe,Grading,Sunny,Loose,Beginner,0.6,5848.5,77.6,9.21,23.6,185.9,21.8,75.1,45.2,82.3,37.1
T02704,2026-02-21 08:00:20,8,5,2,day,OP1024,EXC007,Excavator,Transfer,Sunny,Wet,Beginner,1.5,6402.0,71.6,11.4,22.9,198.4,33.8,33.3,31.6,35.4,3.8
T02705,2026-06-21 03:10:58,3,6,6,night,OP1005,EXC007,Excavator,Grading,Sunny,Dry,Expert,18.5,7276.5,85.8,4.82,30.7,143.0,51.8,86.4,45.3,53.4,8.1
T02706,2026-01-01 18:25:18,18,3,1,night,OP1057,GRD003,Grader,Earth Excavation,Foggy,Rocky,Beginner,2.8,2755.8,63.0,18.41,17.3,209.0,5,68.9,79.5,109.3,29.8
T02707,2025-08-27 13:31:55,13,2,8,day,OP1020,LDR003,Loader,Material Loading,Cloudy,Wet,Intermediate,8.4,2612.2,98,7.73,32.9,14.6,20.3,31.2,37.7,30.9,-6.8
T02708,2025-11-06 10:12:42,10,3,11,day,OP1029,DZR002,Dozer,Site Clearing,Cloudy,Wet,Intermediate,8.7,4725.1,76.2,10.94,21.9,144.3,34.3,65.8,87.0,92.1,5.1
T02709,2025-04-07 06:38:55,6,0,4,day,OP1020,LDR001,Loader,Transfer,Cloudy,Dry,Intermediate,8.4,2325.6,59.0,9.92,36.3,175.8,29.2,71.3,24.7,25.3,0.6
T02710,2025-01-24 07:28:20,7,4,1,day,OP1039,BCK001,Backhoe,Foundation Digging,Sunny,Loose,Expert,10.2,3213.3,66.4,17.64,20.2,95.1,20.5,110.6,81.0,84.0,3.0
T02711,2026-09-05 13:44:09,13,5,9,day,OP1040,DZR001,Dozer,Transfer,Rainy,Loose,Intermediate,8.2,5269.2,73.8,13.37,22.2,237.9,28.5,52.3,33.3,45.8,12.5
T02712,2025-06-17 02:20:28,2,1,6,night,OP1001,EXC006,Excavator,Foundation Digging,Rainy,Loose,Expert,13.7,3785.3,83.3,19.01,37.8,208.4,33.9,73.2,103.3,120.3,17.0
T02713,2026-05-17 02:00:47,2,6,5,night,OP1035,LDR002,Loader,Site Clearing,Foggy,Wet,Beginner,2.8,3829.8,86.5,8.14,32.1,140.4,50.9,79.8,92.2,117.3,25.1
T02714,2026-04-04 12:48:21,12,5,4,day,OP1024,GRD003,Grader,Material Loading,Cloudy,Wet,Beginner,1.5,3433.0,81.4,16.24,35.0,116.2,26.3,72.3,39.0,47.6,8.6
T02715,2025-09-27 13:32:50,13,5,9,day,OP1031,BCK004,Backhoe,Trenching,Sunny,Dry,Expert,22.8,2604.8,77.9,14.19,31.8,50.2,36.6,54.2,48.2,43.4,-4.8
T02716,2025-06-20 07:45:07,7,4,6,day,OP1003,DZR002,Dozer,Material Loading,Sunny,Dry,Expert,20.4,3709.6,59.2,10.77,34.7,102.4,6.4,82.8,33.5,29.6,-3.9
T02717,2026-08-22 22:49:42,22,5,8,night,OP1051,EXC008,Excavator,Transfer,Rainy,Loose,Expert,11.2,4755.7,64.7,21.66,26.7,122.9,42.7,49.9,31.8,40.7,8.9
T02718,2026-04-09 01:38:24,1,3,4,night,OP1054,DZR001,Dozer,Site Clearing,Sunny,Rocky,Intermediate,5.0,4177.8,45.4,7.43,30.2,203.2,34.3,56.3,90.0,113.8,23.8
T02719,2025-12-28 00:14:25,0,6,12,night,OP1008,GRD002,Grader,Transfer,Sunny,Wet,Beginner,1.2,5691.9,55.0,11.59,20.6,149.1,39.8,38.3,30.9,34.1,3.2
T02720,2025-05-23 18:59:08,18,4,5,night,OP1041,DZR002,Dozer,Foundation Digging,Sunny,Wet,Intermediate,4.3,3508.6,71.8,15.95,41.6,145.7,19.9,63.4,88.9,120.9,32.0
T02721,2026-06-16 14:26:41,14,1,6,day,OP1011,GRD002,Grader,Earth Excavation,Sunny,Clay,Intermediate,6.7,6937.3,98,10.12,32.1,315.5,41.3,63.2,75.1,85.6,10.5
T02722,2025-11-27 23:18:58,23,3,11,night,OP1034,LDR003,Loader,Trenching,Windy,Loose,Beginner,1.3,3286.8,81.1,15.15,23.3,197.8,26.8,21.4,54.4,79.2,24.8
T02723,2025-07-14 14:34:01,14,0,7,day,OP1022,GRD003,Grader,Demolition,Sunny,Rocky,Beginner,0.6,1506.3,95.1,11.88,37.4,95.6,22.4,55.5,109.1,141.4,32.3
T02724,2025-12-09 20:57:39,20,1,12,night,OP1028,DZR001,Dozer,Demolition,Windy,Dry,Beginner,1.6,3300.4,61.8,12.33,19.1,131.1,57.0,20.0,93.7,139.7,46.0
T02725,2026-02-17 14:25:50,14,1,2,day,OP1036,LDR004,Loader,Trenching,Windy,Dry,Intermediate,3.3,4943.5,78.2,16.19,24.3,239.1,5,93.3,56.3,58.8,2.5
T02726,2025-03-04 14:31:43,14,1,3,day,OP1045,EXC008,Excavator,Site Clearing,Cloudy,Dry,Intermediate,6.5,840.4,86.4,9.02,21.1,170.5,38.5,40.7,70.0,80.0,10.0
T02727,2026-07-18 12:56:33,12,5,7,day,OP1030,EXC003,Excavator,Trenching,Windy,Wet,Intermediate,4.1,5193.1,54.6,8.65,33.7,249.5,21.4,49.3,65.1,65.3,0.2
T02728,2025-10-11 03:54:04,3,5,10,night,OP1036,EXC001,Excavator,Material Loading,Foggy,Wet,Intermediate,3.3,4494.7,66.2,9.03,30.6,33.8,16.6,41.7,44.2,56.3,12.1
T02729,2025-12-24 11:46:44,11,2,12,day,OP1035,BCK001,Backhoe,Demolition,Sunny,Rocky,Beginner,2.8,5652.9,65.9,3.49,15.4,76.5,47.8,48.2,122.9,157.3,34.4
T02730,2025-10-27 06:19:13,6,0,10,day,OP1017,EXC004,Excavator,Site Clearing,Sunny,Dry,Expert,13.3,3072.2,74.3,18.68,28.4,166.4,25.0,54.4,69.6,73.8,4.2
T02731,2025-11-21 21:16:49,21,4,11,night,OP1045,GRD001,Grader,Material Loading,Rainy,Dry,Intermediate,6.5,4613.6,62.4,13.71,27.4,191.1,17.9,44.7,39.9,40.4,0.5
T02732,2025-10-02 20:43:49,20,3,10,night,OP1017,EXC002,Excavator,Site Clearing,Sunny,Wet,Expert,13.3,2160.7,59.6,11.1,30.0,99.1,26.4,54.8,77.5,82.5,5.0
T02733,2025-04-04 15:30:56,15,4,4,day,OP1018,GRD002,Grader,Demolition,Foggy,Loose,Expert,15.8,3740.2,61.3,14.3,32.8,294.2,27.4,77.3,110.5,110.3,-0.2
T02734,2026-06-12 13:03:04,13,4,6,day,OP1051,LDR004,Loader,Grading,Windy,Clay,Expert,11.2,5782.5,61.2,16.81,40.0,93.9,42.5,48.4,48.2,50.9,2.7
T02735,2025-07-14 21:20:48,21,0,7,night,OP1023,LDR005,Loader,Demolition,Sunny,Loose,Beginner,2.1,1582.6,83.7,7.08,29.4,162.9,35.7,19.4,92.4,131.9,39.5
T02736,2026-09-21 06:25:21,6,0,9,day,OP1022,BCK001,Backhoe,Grading,Rainy,Clay,Beginner,0.6,7629.5,79.9,13.91,25.0,18.6,33.1,62.9,61.9,85.5,23.6
T02737,2025-10-16 14:44:58,14,3,10,day,OP1039,BCK001,Backhoe,Demolition,Cloudy,Clay,Expert,10.2,5150.1,78.8,7.86,23.9,46.5,7.5,23.2,110.3,112.1,1.8
T02738,2025-07-16 14:46:25,14,2,7,day,OP1054,DZR003,Dozer,Site Clearing,Cloudy,Dry,Intermediate,5.0,3513.3,68.9,10.25,30.9,93.8,21.6,30.3,72.9,80.2,7.3
T02739,2026-05-22 09:15:55,9,4,5,day,OP1048,BCK002,Backhoe,Earth Excavation,Sunny,Rocky,Beginner,2.2,6341.4,73.6,10.94,41.5,146.9,30.3,12.7,83.0,110.3,27.3
T02740,2026-01-28 07:38:40,7,2,1,day,OP1059,DZR002,Dozer,Earth Excavation,Sunny,Wet,Expert,22.2,5330.2,88.2,12.32,11.7,19.7,62,30.3,73.6,91.4,17.8
T02741,2025-08-18 10:14:00,10,0,8,day,OP1059,DZR001,Dozer,Trenching,Rainy,Wet,Expert,22.2,2472.2,80.5,20.16,27.7,112.6,46.3,73.2,66.6,70.0,3.4
T02742,2025-12-30 01:56:19,1,1,12,night,OP1045,LDR005,Loader,Trenching,Cloudy,Rocky,Intermediate,6.5,2810.4,49.5,5.55,16.5,167.0,29.7,70.2,62.1,78.1,16.0
T02743,2026-06-20 22:51:18,22,5,6,night,OP1024,EXC002,Excavator,Transfer,Cloudy,Rocky,Beginner,1.5,4066.6,74.0,10.16,38.1,288.5,9.3,71.8,32.6,14.8,-17.8
T02744,2025-05-06 11:50:46,11,1,5,day,OP1059,GRD002,Grader,Grading,Cloudy,Dry,Expert,22.2,3972.7,74.6,10.18,35.0,83.3,58.5,92.8,41.4,39.5,-1.9
T02745,2025-09-15 14:54:06,14,0,9,day,OP1012,GRD001,Grader,Trenching,Windy,Rocky,Beginner,1.4,4122.6,71.6,8.89,34.0,230.6,45.3,60.7,64.7,105.0,40.3
T02746,2025-07-18 08:27:55,8,4,7,day,OP1004,DZR004,Dozer,Earth Excavation,Cloudy,Rocky,Intermediate,6.3,2325.2,57.3,8.94,31.6,94.3,37.5,14.3,74.1,85.7,11.6
T02747,2026-01-24 12:06:45,12,5,1,day,OP1036,DZR001,Dozer,Trenching,Cloudy,Wet,Intermediate,3.3,3633.5,81.4,10.68,26.1,142.7,6.5,75.3,58.9,63.0,4.1
T02748,2026-03-26 13:35:07,13,3,3,day,OP1014,BCK003,Backhoe,Site Clearing,Cloudy,Wet,Expert,21.2,4602.4,91.0,12.03,24.4,164.0,33.4,57.5,86.6,92.2,5.6
T02749,2026-02-19 06:29:01,6,3,2,day,OP1004,LDR001,Loader,Demolition,Sunny,Rocky,Intermediate,6.3,4646.9,82.9,11.79,14.1,32.6,37.5,30.7,118.5,144.3,25.8
T02750,2025-08-16 07:21:27,7,5,8,day,OP1021,GRD001,Grader,Material Loading,Windy,Clay,Intermediate,4.3,3901.3,92.6,8.86,32.5,220.2,48.0,29.8,38.1,49.8,11.7
T02751,2026-07-04 12:47:59,12,5,7,day,OP1014,EXC005,Excavator,Demolition,Rainy,Clay,Expert,21.2,6798.2,94.3,11.71,33.4,228.1,37.4,62.6,129.9,140.4,10.5
T02752,2026-01-28 08:03:56,8,2,1,day,OP1008,LDR002,Loader,Demolition,Sunny,Clay,Beginner,1.2,3035.9,45.5,9.71,9.5,10,26.8,92.9,98.9,150.5,51.6
T02753,2026-03-25 09:10:05,9,2,3,day,OP1006,BCK003,Backhoe,Material Loading,Sunny,Loose,Intermediate,3.3,4593.8,65.1,8.72,24.1,135.7,12.0,53.4,36.4,47.3,10.9
T02754,2025-09-10 07:05:35,7,2,9,day,OP1030,DZR003,Dozer,Foundation Digging,Cloudy,Dry,Intermediate,4.1,3919.7,89.0,5.86,29.2,156.7,18.2,65.1,81.6,98.2,16.6
T02755,2025-01-27 11:21:27,11,0,1,day,OP1029,EXC006,Excavator,Transfer,Cloudy,Clay,Intermediate,8.7,2758.7,57.6,15.72,28.0,66.3,28.2,74.5,27.5,48.5,21.0
T02756,2025-01-16 13:06:11,13,3,1,day,OP1043,LDR003,Loader,Transfer,Cloudy,Rocky,Expert,19.0,984.2,74.8,13.79,16.2,166.8,17.4,64.4,30.7,31.1,0.4
T02757,2025-03-22 06:56:58,6,5,3,day,OP1055,EXC008,Excavator,Material Loading,Cloudy,Clay,Expert,12.2,969.5,56.6,18.16,24.1,181.2,33.6,57.5,36.3,34.3,-2.0
T02758,2026-05-10 01:53:15,1,6,5,night,OP1007,DZR003,Dozer,Earth Excavation,Rainy,Rocky,Beginner,1.2,5684.7,61.6,8.92,33.0,153.2,46.2,57.0,96.6,148.2,51.6
T02759,2025-06-13 10:00:43,10,4,6,day,OP1058,LDR004,Loader,Site Clearing,Sunny,Clay,Intermediate,3.3,3124.4,83.3,3.36,31.0,184.3,52.7,37.0,76.7,95.4,18.7
T02760,2025-07-14 22:45:55,22,0,7,night,OP1008,EXC003,Excavator,Grading,Rainy,Clay,Beginner,1.2,2502.4,72.6,10.87,33.1,43.4,44.8,94.1,47.8,59.6,11.8
T02761,2026-06-23 08:39:15,8,1,6,day,OP1044,BCK001,Backhoe,Grading,Sunny,Wet,Beginner,1.1,6973.2,90.3,16.47,34.7,368.0,34.8,33.7,51.1,58.9,7.8
T02762,2026-09-15 11:58:45,11,1,9,day,OP1042,EXC001,Excavator,Demolition,Cloudy,Clay,Beginner,1.3,6971.8,53.8,19.16,31.8,305.6,19.4,91.0,117.5,155.7,38.2
T02763,2025-08-20 12:20:42,12,2,8,day,OP1017,LDR002,Loader,Foundation Digging,Windy,Clay,Expert,13.3,1861.9,89.1,18.17,30.1,128.0,17.8,51.0,87.0,85.9,-1.1
T02764,2026-05-18 14:29:04,14,0,5,day,OP1019,LDR005,Loader,Site Clearing,Cloudy,Clay,Intermediate,4.5,3828.9,60.6,0,42.7,145.4,20.7,48.1,81.1,79.0,-2.1
T02765,2025-02-25 07:56:03,7,1,2,day,OP1020,GRD002,Grader,Grading,Rainy,Dry,Intermediate,8.4,3460.5,66.5,13.15,19.5,164.7,31.3,86.2,45.0,43.8,-1.2
T02766,2025-04-09 11:13:07,11,2,4,day,OP1003,LDR003,Loader,Demolition,Windy,Loose,Expert,20.4,1589.5,62.1,11.07,31.8,154.3,6.4,5,98.9,87.2,-11.7
T02767,2025-09-08 15:38:55,15,0,9,day,OP1028,EXC001,Excavator,Transfer,Cloudy,Loose,Beginner,1.6,4257.3,69.3,13.69,26.7,216.3,46.7,89.8,27.8,42.0,14.2
T02768,2025-09-11 15:50:51,15,3,9,day,OP1035,BCK002,Backhoe,Site Clearing,Rainy,Wet,Beginner,2.8,4496.5,75.3,13.54,26.0,109.8,46.2,16.9,103.6,123.9,20.3
T02769,2026-05-21 07:36:04,7,3,5,day,OP1014,EXC003,Excavator,Material Loading,Rainy,Dry,Expert,21.2,4768.1,98,7.47,43.8,211.1,20.1,26.8,41.8,42.1,0.3
T02770,2025-06-07 01:44:29,1,5,6,night,OP1030,EXC001,Excavator,Foundation Digging,Rainy,Dry,Intermediate,4.1,3574.2,77.5,8.9,26.7,28.7,21.0,10.3,95.3,100.7,5.4
T02771,2025-12-31 03:30:28,3,2,12,night,OP1021,BCK001,Backhoe,Transfer,Sunny,Wet,Intermediate,4.3,5701.4,57.7,11.44,20.1,10,48.5,16.4,30.9,47.0,16.1
T02772,2025-12-24 13:19:14,13,2,12,day,OP1028,EXC008,Excavator,Demolition,Foggy,Clay,Beginner,1.6,2993.5,87.5,8.91,16.9,13.4,47.5,66.0,110.2,150.5,40.3
T02773,2025-08-20 13:01:36,13,2,8,day,OP1031,LDR004,Loader,Earth Excavation,Windy,Loose,Expert,22.8,3621.7,54.7,8.8,27.4,175.8,24.8,16.6,64.9,64.1,-0.8
T02774,2025-02-11 10:29:17,10,1,2,day,OP1027,BCK004,Backhoe,Demolition,Cloudy,Loose,Intermediate,6.2,939.5,75.6,13.66,26.6,56.9,20.0,34.7,95.2,99.1,3.9
T02775,2025-10-18 07:38:58,7,5,10,day,OP1038,LDR003,Loader,Earth Excavation,Sunny,Dry,Beginner,2.4,2990.0,46.3,16.07,33.4,138.5,30.2,29.9,59.1,82.7,23.6
T02776,2025-10-14 07:52:35,7,1,10,day,OP1035,GRD002,Grader,Grading,Cloudy,Rocky,Beginner,2.8,5146.8,87.1,5.58,22.9,128.3,44.6,35.4,53.7,67.4,13.7
T02777,2025-08-09 10:47:29,10,5,8,day,OP1023,GRD002,Grader,Trenching,Rainy,Loose,Beginner,2.1,4665.9,74.2,7.9,31.4,186.6,32.6,53.6,63.5,89.6,26.1
T02778,2025-08-28 06:26:38,6,3,8,day,OP1054,LDR004,Loader,Earth Excavation,Sunny,Rocky,Intermediate,5.0,3678.1,61.9,1.75,33.9,266.3,33.1,76.8,75.3,99.0,23.7
T02779,2025-11-30 00:41:42,0,6,11,night,OP1028,GRD003,Grader,Demolition,Rainy,Rocky,Beginner,1.6,2516.8,75.3,6.73,19.9,128.2,39.2,98.3,124.5,187.2,62.7
T02780,2026-09-01 06:25:08,6,1,9,day,OP1060,EXC001,Excavator,Trenching,Cloudy,Loose,Expert,10.8,6867.9,86.3,10.03,29.6,265.6,32.6,33.5,61.0,68.6,7.6
T02781,2025-09-29 10:25:05,10,0,9,day,OP1050,EXC006,Excavator,Material Loading,Windy,Wet,Intermediate,7.7,4546.9,58.3,14.96,29.4,163.9,29.8,77.5,43.3,49.0,5.7
T02782,2025-02-25 06:44:31,6,1,2,day,OP1002,LDR004,Loader,Trenching,Windy,Dry,Expert,18.3,2335.0,67.3,8.81,17.1,98.4,29.0,32.4,50.7,57.2,6.5
T02783,2025-04-17 07:30:06,7,3,4,day,OP1038,BCK001,Backhoe,Foundation Digging,Foggy,Wet,Beginner,2.4,3819.3,76.8,9.0,36.0,44.1,36.1,54.6,101.2,123.5,22.3
T02784,2025-05-02 20:19:00,20,4,5,night,OP1033,EXC008,Excavator,Material Loading,Windy,Loose,Expert,17.2,1272.9,78.2,10.33,44.2,201.6,22.9,54.2,36.4,39.0,2.6
T02785,2026-03-20 03:04:54,3,4,3,night,OP1020,EXC004,Excavator,Demolition,Sunny,Wet,Intermediate,8.4,4122.4,82.9,10.26,29.2,210.1,34.0,27.8,106.8,129.5,22.7
T02786,2025-03-03 08:07:39,8,0,3,day,OP1003,LDR004,Loader,Demolition,Rainy,Clay,Expert,20.4,2379.2,70.8,9.39,24.5,130.7,9.0,76.7,119.0,112.3,-6.7
T02787,2025-01-06 06:27:53,6,0,1,day,OP1008,DZR004,Dozer,Foundation Digging,Cloudy,Loose,Beginner,1.2,915.7,72.7,4.29,28.6,244.6,44.7,45.1,81.1,116.3,35.2
T02788,2026-08-03 10:27:00,10,0,8,day,OP1015,LDR004,Loader,Grading,Sunny,Loose,Beginner,0.6,6161.4,98,9.92,25.8,98.5,35.1,27.9,45.7,62.1,16.4
T02789,2026-05-02 10:52:47,10,5,5,day,OP1042,LDR005,Loader,Foundation Digging,Sunny,Rocky,Beginner,1.3,3711.0,47.4,21.22,34.1,100.6,23.1,51.6,97.5,117.2,19.7
T02790,2025-07-07 09:35:43,9,0,7,day,OP1050,EXC008,Excavator,Earth Excavation,Sunny,Rocky,Intermediate,7.7,1751.4,65.2,8.96,25.2,19.6,17.2,50.4,71.9,86.5,14.6
T02791,2025-02-21 09:38:34,9,4,2,day,OP1015,LDR002,Loader,Grading,Foggy,Clay,Beginner,0.6,547.1,42.0,0,25.3,226.7,38.7,14.9,48.4,72.5,24.1
T02792,2025-08-18 15:35:01,15,0,8,day,OP1006,GRD001,Grader,Trenching,Cloudy,Loose,Intermediate,3.3,3918.4,90.9,9.09,40.3,154.9,23.7,32.4,54.9,55.6,0.7
T02793,2026-08-24 10:41:10,10,0,8,day,OP1017,EXC004,Excavator,Transfer,Rainy,Dry,Expert,13.3,5270.8,69.7,18.97,25.3,149.8,24.5,48.4,32.0,27.2,-4.8
T02794,2025-05-26 11:35:19,11,0,5,day,OP1002,LDR001,Loader,Earth Excavation,Sunny,Wet,Expert,18.3,2684.8,47.8,9.05,41.5,129.5,28.2,35.0,66.6,69.6,3.0
T02795,2025-12-16 10:37:14,10,1,12,day,OP1027,LDR002,Loader,Site Clearing,Cloudy,Clay,Intermediate,6.2,2722.8,45.5,15.16,17.2,106.9,25.3,35.6,77.7,98.5,20.8
T02796,2026-01-09 06:41:01,6,4,1,day,OP1041,GRD002,Grader,Trenching,Sunny,Loose,Intermediate,4.3,5781.5,47.1,5.46,17.7,74.9,10.2,36.7,57.0,69.4,12.4
T02797,2026-02-24 11:46:26,11,1,2,day,OP1035,BCK001,Backhoe,Foundation Digging,Cloudy,Dry,Beginner,2.8,6105.5,81.5,8.59,23.7,54.7,36.2,47.3,88.4,105.9,17.5
T02798,2026-08-28 22:23:13,22,4,8,night,OP1051,LDR005,Loader,Site Clearing,Rainy,Rocky,Expert,11.2,4575.9,59.1,6.81,36.8,218.2,24.2,34.5,105.4,103.8,-1.6
T02799,2026-09-03 15:02:55,15,3,9,day,OP1021,EXC002,Excavator,Foundation Digging,Rainy,Wet,Intermediate,4.3,4611.8,60.6,2.52,28.3,167.4,45.2,32.7,112.1,129.2,17.1
T02800,2026-06-08 11:07:33,11,0,6,day,OP1053,LDR003,Loader,Transfer,Sunny,Wet,Intermediate,7.0,4692.0,55.1,14.25,30.9,123.3,26.0,79.4,29.8,32.6,2.8
T02801,2025-06-16 08:22:26,8,0,6,day,OP1041,LDR003,Loader,Transfer,Rainy,Clay,Intermediate,4.3,2085.0,88.3,10.23,36.8,142.9,16.8,48.3,30.1,43.9,13.8
T02802,2026-08-25 13:37:36,13,1,8,day,OP1004,DZR004,Dozer,Grading,Rainy,Dry,Intermediate,6.3,5268.7,79.2,9.7,25.0,10,17.0,39.5,49.7,50.7,1.0
T02803,2025-12-08 09:14:20,9,0,12,day,OP1040,EXC003,Excavator,Transfer,Cloudy,Loose,Intermediate,8.2,3571.4,70.4,15.32,23.0,85.2,29.5,27.7,27.1,23.5,-3.6
T02804,2026-04-01 08:13:11,8,2,4,day,OP1024,BCK004,Backhoe,Earth Excavation,Foggy,Rocky,Beginner,1.5,3961.0,91.3,5.69,40.4,49.3,20.4,5,83.1,121.5,38.4
T02805,2026-08-17 14:55:53,14,0,8,day,OP1016,EXC005,Excavator,Trenching,Cloudy,Loose,Beginner,2.9,7120.0,72.5,8.23,29.7,51.5,35.2,47.6,61.5,66.2,4.7
T02806,2025-07-14 18:41:22,18,0,7,night,OP1052,EXC003,Excavator,Earth Excavation,Sunny,Dry,Intermediate,5.8,2501.2,98,7.07,31.6,107.5,35.5,95.2,58.0,63.9,5.9
T02807,2025-12-24 15:46:16,15,2,12,day,OP1058,BCK003,Backhoe,Demolition,Windy,Rocky,Intermediate,3.3,3931.5,89.7,8.36,10.0,195.3,39.9,30.8,117.7,147.8,30.1
T02808,2026-05-16 01:36:42,1,5,5,night,OP1048,GRD003,Grader,Trenching,Sunny,Loose,Beginner,2.2,3736.2,71.8,11.99,37.3,192.3,15.4,73.5,52.9,65.9,13.0
T02809,2026-01-29 14:05:03,14,3,1,day,OP1055,BCK001,Backhoe,Earth Excavation,Sunny,Clay,Expert,12.2,5916.4,77.5,7.0,21.3,195.0,38.4,58.7,72.5,72.4,-0.1
T02810,2025-05-03 20:16:39,20,5,5,night,OP1005,LDR002,Loader,Site Clearing,Sunny,Rocky,Expert,18.5,1068.6,65.3,11.22,33.9,117.8,42.3,50.4,84.3,98.4,14.1
T02811,2025-04-05 20:57:12,20,5,4,night,OP1057,LDR005,Loader,Grading,Cloudy,Clay,Beginner,2.8,852.4,49.3,9.31,31.6,164.4,10.9,20.2,43.1,43.4,0.3
T02812,2025-07-31 15:32:50,15,3,7,day,OP1058,LDR001,Loader,Grading,Foggy,Rocky,Intermediate,3.3,3167.8,46.4,10.38,31.3,49.3,34.7,54.8,55.4,68.4,13.0
T02813,2025-09-15 12:50:32,12,0,9,day,OP1010,BCK002,Backhoe,Grading,Rainy,Loose,Intermediate,8.6,4524.8,84.2,12.71,33.7,294.2,28.7,54.0,53.8,58.2,4.4
T02814,2025-12-23 01:29:48,1,1,12,night,OP1009,DZR004,Dozer,Grading,Sunny,Dry,Intermediate,5.2,3476.5,83.3,11.11,10.7,108.4,28.1,58.4,39.5,46.8,7.3
T02815,2026-06-26 12:53:57,12,4,6,day,OP1037,DZR001,Dozer,Earth Excavation,Rainy,Dry,Expert,24.1,4750.6,74.6,19.58,35.8,97.4,43.3,96.9,74.1,82.3,8.2
T02816,2026-03-27 10:27:35,10,4,3,day,OP1046,GRD001,Grader,Transfer,Rainy,Rocky,Beginner,2.1,5530.2,67.3,5.84,33.1,49.1,33.7,17.5,39.5,33.7,-5.8
T02817,2025-04-23 22:26:01,22,2,4,night,OP1011,GRD001,Grader,Material Loading,Sunny,Wet,Intermediate,6.7,3066.4,84.3,16.33,32.0,287.0,33.7,30.8,37.3,39.9,2.6
T02818,2026-06-13 19:37:47,19,5,6,night,OP1046,EXC006,Excavator,Grading,Windy,Wet,Beginner,2.1,6425.8,98,15.03,33.9,351.6,33.8,45.1,54.6,128.9,74.3
T02819,2026-09-20 03:25:43,3,6,9,night,OP1035,LDR001,Loader,Transfer,Cloudy,Dry,Beginner,2.8,6200.9,86.5,9.4,29.2,68.4,44.3,56.9,28.4,63.8,35.4
T02820,2026-04-11 08:01:45,8,5,4,day,OP1023,EXC007,Excavator,Material Loading,Cloudy,Wet,Beginner,2.1,6759.7,98,7.07,32.1,37.7,32.1,79.4,44.0,52.7,8.7
T02821,2026-06-26 15:14:25,15,4,6,day,OP1017,DZR003,Dozer,Material Loading,Rainy,Dry,Expert,13.3,6031.9,47.7,15.68,33.8,158.7,28.7,77.1,45.1,46.6,1.5
T02822,2025-08-26 10:37:25,10,1,8,day,OP1008,LDR001,Loader,Demolition,Rainy,Loose,Beginner,1.2,3356.1,85.6,8.96,33.5,125.0,37.4,42.9,120.4,159.1,38.7
T02823,2025-03-03 06:27:28,6,0,3,day,OP1031,BCK001,Backhoe,Earth Excavation,Cloudy,Clay,Expert,22.8,3490.4,64.5,19.22,29.0,176.5,18.8,71.2,68.3,68.9,0.6
T02824,2026-02-21 11:02:18,11,5,2,day,OP1006,EXC007,Excavator,Earth Excavation,Windy,Loose,Intermediate,3.3,6402.9,55.2,1.29,24.5,45.9,24.0,58.7,75.6,91.8,16.2
T02825,2025-06-18 02:24:57,2,2,6,night,OP1037,GRD002,Grader,Grading,Cloudy,Clay,Expert,24.1,4283.7,47.1,10.99,31.6,196.7,40.2,33.3,46.1,49.0,2.9
T02826,2026-07-18 06:33:47,6,5,7,day,OP1015,DZR003,Dozer,Trenching,Rainy,Rocky,Beginner,0.6,6189.9,74.5,9.24,34.7,200.2,34.5,69.2,82.7,97.1,14.4
T02827,2025-05-24 19:04:17,19,5,5,night,OP1012,EXC005,Excavator,Foundation Digging,Windy,Dry,Beginner,1.4,3836.3,72.6,7.45,43.2,87.1,43.7,33.4,86.1,146.1,60.0
T02828,2025-03-20 09:07:58,9,3,3,day,OP1059,DZR004,Dozer,Transfer,Sunny,Wet,Expert,22.2,1449.5,50.5,13.49,25.2,21.8,57.0,68.3,27.4,37.4,10.0
T02829,2025-06-17 03:19:46,3,1,6,night,OP1045,DZR002,Dozer,Foundation Digging,Rainy,Dry,Intermediate,6.5,3686.4,98,19.92,28.4,140.1,35.2,49.9,91.0,101.1,10.1
T02830,2026-08-07 11:55:11,11,4,8,day,OP1029,BCK002,Backhoe,Transfer,Sunny,Loose,Intermediate,8.7,6904.3,68.1,16.6,36.4,199.0,36.6,64.3,29.6,41.8,12.2
T02831,2025-07-02 15:21:03,15,2,7,day,OP1012,EXC007,Excavator,Demolition,Sunny,Rocky,Beginner,1.4,4696.0,63.6,6.06,31.0,318.5,56.2,67.7,118.7,188.6,69.9
T02832,2025-11-26 11:32:03,11,2,11,day,OP1004,LDR005,Loader,Trenching,Sunny,Rocky,Intermediate,6.3,2565.1,95.6,17.48,28.2,241.2,18.8,48.9,59.7,57.8,-1.9
T02833,2026-04-11 11:54:41,11,5,4,day,OP1008,DZR003,Dozer,Grading,Sunny,Loose,Beginner,1.2,5476.1,78.8,10.65,28.5,176.7,37.9,32.9,44.6,44.5,-0.1
T02834,2025-03-16 02:18:04,2,6,3,night,OP1001,DZR001,Dozer,Grading,Cloudy,Wet,Expert,13.7,1338.3,81.8,13.25,26.5,203.2,33.0,94.8,44.6,45.1,0.5
T02835,2026-08-10 12:43:23,12,0,8,day,OP1055,LDR003,Loader,Trenching,Foggy,Clay,Expert,12.2,5152.3,78.0,11.43,33.5,243.4,36.5,36.0,65.2,78.3,13.1
T02836,2025-09-06 15:57:18,15,5,9,day,OP1040,LDR001,Loader,Earth Excavation,Rainy,Clay,Intermediate,8.2,3438.0,67.3,16.98,30.8,148.6,25.3,46.7,82.1,89.4,7.3
T02837,2026-07-21 13:38:37,13,1,7,day,OP1025,LDR005,Loader,Demolition,Sunny,Wet,Expert,17.0,4295.8,54.2,16.8,29.9,146.8,52.0,73.7,107.5,121.0,13.5
T02838,2025-03-14 10:33:20,10,4,3,day,OP1025,LDR004,Loader,Trenching,Sunny,Rocky,Expert,17.0,2460.3,52.7,15.36,21.1,156.7,55.2,101.8,59.5,65.8,6.3
T02839,2025-04-17 14:42:36,14,3,4,day,OP1047,DZR001,Dozer,Foundation Digging,Rainy,Rocky,Beginner,2.8,1575.6,89.3,11.27,32.8,313.0,36.1,30.4,112.1,146.9,34.8
T02840,2025-01-14 15:14:39,15,1,1,day,OP1041,BCK004,Backhoe,Foundation Digging,Foggy,Wet,Intermediate,4.3,736.5,75.5,4.83,18.7,168.4,12.8,61.7,95.8,114.0,18.2
T02841,2026-01-30 11:25:41,11,4,1,day,OP1008,EXC003,Excavator,Trenching,Sunny,Loose,Beginner,1.2,3959.0,71.6,9.69,16.2,170.5,58.0,95.6,53.3,84.2,30.9
T02842,2025-01-28 14:43:50,14,1,1,day,OP1009,LDR004,Loader,Transfer,Windy,Rocky,Intermediate,5.2,2133.1,70.2,10.62,15.5,297.7,12.3,18.0,30.8,41.1,10.3
T02843,2025-03-22 14:34:26,14,5,3,day,OP1040,EXC001,Excavator,Trenching,Foggy,Rocky,Intermediate,8.2,3016.0,75.4,14.91,35.1,126.9,37.7,70.7,65.6,87.4,21.8
T02844,2026-05-23 11:37:43,11,5,5,day,OP1053,GRD003,Grader,Transfer,Rainy,Wet,Intermediate,7.0,3790.3,30.6,12.83,41.0,37.1,28.6,78.2,32.8,28.5,-4.3
T02845,2025-08-11 14:28:16,14,0,8,day,OP1007,LDR003,Loader,Transfer,Rainy,Loose,Beginner,1.2,2495.7,71.9,7.71,40.0,223.5,40.6,71.8,30.3,46.9,16.6
T02846,2025-09-30 12:50:13,12,1,9,day,OP1040,DZR001,Dozer,Earth Excavation,Windy,Clay,Intermediate,8.2,2786.9,76.5,16.69,31.4,233.7,28.2,42.1,72.3,81.6,9.3
T02847,2026-06-24 10:18:44,10,2,6,day,OP1022,DZR004,Dozer,Trenching,Windy,Wet,Beginner,0.6,4815.1,98,14.31,41.4,184.4,34.3,5,62.2,107.4,45.2
T02848,2025-06-07 12:32:58,12,5,6,day,OP1055,EXC005,Excavator,Earth Excavation,Sunny,Rocky,Expert,12.2,3936.5,52.7,19.16,37.9,182.8,39.6,79.1,76.1,78.7,2.6
T02849,2026-03-26 07:21:13,7,3,3,day,OP1005,LDR003,Loader,Foundation Digging,Sunny,Clay,Expert,18.5,4150.6,98,14.78,28.5,274.1,39.1,43.3,87.9,92.8,4.9
T02850,2025-10-15 09:03:17,9,2,10,day,OP1010,EXC004,Excavator,Site Clearing,Sunny,Clay,Intermediate,8.6,2985.4,77.3,3.55,24.7,128.6,32.7,43.5,76.3,90.1,13.8
T02851,2026-09-10 06:16:49,6,3,9,day,OP1033,EXC005,Excavator,Trenching,Windy,Rocky,Expert,17.2,7292.6,80.0,13.57,28.4,41.4,46.3,50.5,76.5,80.2,3.7
T02852,2025-08-26 14:35:06,14,1,8,day,OP1005,DZR003,Dozer,Trenching,Rainy,Rocky,Expert,18.5,3812.5,93.1,8.66,30.4,205.0,32.8,77.1,78.9,84.1,5.2
T02853,2026-05-11 07:15:24,7,0,5,day,OP1032,EXC004,Excavator,Material Loading,Sunny,Rocky,Intermediate,3.9,4503.3,66.4,7.47,44.0,152.6,33.9,44.8,42.9,39.9,-3.0
T02854,2025-07-30 06:18:24,6,2,7,day,OP1060,EXC005,Excavator,Material Loading,Cloudy,Wet,Expert,10.8,4321.5,98,6.66,38.2,168.5,20.9,43.7,40.3,30.2,-10.1
T02855,2026-03-07 02:09:29,2,5,3,night,OP1040,GRD003,Grader,Transfer,Cloudy,Wet,Intermediate,8.2,3225.3,67.3,6.38,28.3,317.9,26.6,49.5,29.0,29.7,0.7
T02856,2025-03-12 10:50:37,10,2,3,day,OP1041,LDR001,Loader,Material Loading,Sunny,Dry,Intermediate,4.3,2137.1,63.4,18.49,26.8,76.6,14.6,51.2,32.0,47.3,15.3
T02857,2025-11-14 06:43:06,6,4,11,day,OP1022,EXC006,Excavator,Earth Excavation,Sunny,Rocky,Beginner,0.6,4881.6,41.7,6.56,27.0,128.5,29.0,70.0,78.8,119.2,40.4
T02858,2025-10-08 03:04:54,3,2,10,night,OP1048,GRD003,Grader,Earth Excavation,Sunny,Wet,Beginner,2.2,2130.6,80.8,2.3,29.3,104.1,38.4,77.9,66.1,102.2,36.1
T02859,2026-04-27 08:19:48,8,0,4,day,OP1023,GRD003,Grader,Material Loading,Cloudy,Dry,Beginner,2.1,3599.5,81.0,19.21,32.9,212.5,34.1,27.1,34.4,11.2,-23.2
T02860,2025-03-25 22:12:37,22,1,3,night,OP1047,DZR004,Dozer,Demolition,Rainy,Loose,Beginner,2.8,1489.9,60.0,8.65,17.6,130.0,35.4,106.5,106.5,177.3,70.8
T02861,2026-01-01 11:22:16,11,3,1,day,OP1051,BCK002,Backhoe,Foundation Digging,Windy,Rocky,Expert,11.2,5312.7,82.7,10.13,16.9,100.5,35.1,38.3,113.7,119.0,5.3
T02862,2025-09-04 19:04:54,19,3,9,night,OP1015,GRD001,Grader,Material Loading,Rainy,Rocky,Beginner,0.6,4043.6,63.7,11.31,29.0,93.6,21.2,61.7,50.3,54.0,3.7
T02863,2025-05-19 22:33:16,22,0,5,night,OP1054,EXC001,Excavator,Foundation Digging,Rainy,Loose,Intermediate,5.0,3441.8,53.0,16.82,34.2,183.6,25.4,24.2,100.8,125.8,25.0
T02864,2026-04-22 13:12:56,13,2,4,day,OP1022,EXC007,Excavator,Trenching,Rainy,Dry,Beginner,0.6,6841.6,43.8,8.46,33.5,120.9,37.5,42.1,64.2,73.6,9.4
T02865,2025-01-21 12:19:06,12,1,1,day,OP1020,GRD001,Grader,Site Clearing,Cloudy,Rocky,Intermediate,8.4,2391.7,74.1,7.13,22.6,239.0,26.1,74.4,86.8,98.7,11.9
T02866,2026-04-21 00:49:49,0,1,4,night,OP1057,BCK003,Backhoe,Material Loading,Sunny,Clay,Beginner,2.8,4788.3,36.7,7.91,37.8,288.0,5,80.1,38.4,67.6,29.2
T02867,2026-02-19 06:35:27,6,3,2,day,OP1019,LDR001,Loader,Foundation Digging,Windy,Wet,Intermediate,4.5,4647.0,66.4,9.29,17.6,276.5,30.0,41.3,101.1,105.7,4.6
T02868,2026-08-28 07:13:34,7,4,8,day,OP1006,EXC005,Excavator,Earth Excavation,Foggy,Clay,Intermediate,3.3,7198.0,89.0,3.95,31.2,129.9,26.9,34.3,84.6,90.1,5.5
T02869,2026-01-10 02:08:30,2,5,1,night,OP1028,DZR001,Dozer,Transfer,Sunny,Loose,Beginner,1.6,3528.2,62.7,5.54,19.8,117.0,41.9,96.5,26.2,22.3,-3.9
T02870,2026-08-03 09:26:43,9,0,8,day,OP1055,LDR002,Loader,Foundation Digging,Cloudy,Clay,Expert,12.2,4401.4,72.3,12.47,30.5,166.7,24.5,78.1,91.4,104.6,13.2
T02871,2026-06-05 22:02:28,22,4,6,night,OP1038,EXC008,Excavator,Transfer,Sunny,Loose,Beginner,2.4,4186.1,45.0,10.71,28.1,160.4,33.3,25.1,26.9,7.9,-19.0
T02872,2026-02-05 01:36:27,1,3,2,night,OP1032,EXC006,Excavator,Earth Excavation,Windy,Rocky,Intermediate,3.9,5486.0,98,13.36,13.1,209.3,57.6,64.2,84.6,111.9,27.3
T02873,2025-12-11 18:23:02,18,3,12,night,OP1034,EXC007,Excavator,Foundation Digging,Sunny,Wet,Beginner,1.3,5879.6,85.5,9.82,21.0,241.6,20.9,60.1,97.1,118.2,21.1
T02874,2026-05-06 23:10:40,23,2,5,night,OP1034,EXC001,Excavator,Trenching,Sunny,Rocky,Beginner,1.3,6011.6,58.5,10.09,45.8,54.1,14.2,48.1,67.9,140.0,72.1
T02875,2025-05-09 02:42:51,2,4,5,night,OP1049,EXC004,Excavator,Foundation Digging,Rainy,Wet,Beginner,0.8,1822.8,67.7,7.59,37.6,78.0,44.1,64.6,107.7,146.9,39.2
T02876,2026-02-26 12:35:09,12,3,2,day,OP1019,EXC001,Excavator,Transfer,Cloudy,Wet,Intermediate,4.5,5504.7,60.3,10.46,17.5,55.5,35.3,81.9,31.6,34.8,3.2
T02877,2026-03-10 19:54:50,19,1,3,night,OP1053,LDR002,Loader,Transfer,Cloudy,Dry,Intermediate,7.0,3338.8,93.9,8.89,24.6,145.1,43.8,24.6,25.5,43.5,18.0
T02878,2026-01-27 10:09:20,10,1,1,day,OP1038,EXC006,Excavator,Material Loading,Cloudy,Wet,Beginner,2.4,5422.9,77.0,12.59,11.4,150.7,31.7,54.7,42.0,62.4,20.4
T02879,2025-01-19 00:59:34,0,6,1,night,OP1060,GRD002,Grader,Demolition,Cloudy,Clay,Expert,10.8,3188.3,74.1,5.32,19.5,365.9,14.1,78.5,102.4,103.0,0.6
T02880,2026-07-04 10:28:33,10,5,7,day,OP1016,DZR002,Dozer,Demolition,Windy,Loose,Beginner,2.9,6477.2,53.9,8.4,31.4,210.1,37.4,82.9,115.8,158.9,43.1
T02881,2026-05-04 21:50:53,21,0,5,night,OP1052,LDR004,Loader,Material Loading,Sunny,Loose,Intermediate,5.8,5500.5,82.3,9.22,41.6,234.7,33.4,103.7,37.6,47.8,10.2
T02882,2025-04-12 12:39:56,12,5,4,day,OP1052,GRD001,Grader,Grading,Rainy,Rocky,Intermediate,5.8,2983.1,58.8,10.81,26.8,169.6,40.4,51.4,55.5,68.1,12.6
T02883,2025-04-27 00:56:37,0,6,4,night,OP1037,DZR001,Dozer,Trenching,Foggy,Rocky,Expert,24.1,1644.5,63.6,8.11,35.0,144.8,46.8,35.8,66.7,71.5,4.8
T02884,2025-02-04 18:40:16,18,1,2,night,OP1012,DZR002,Dozer,Site Clearing,Cloudy,Wet,Beginner,1.4,2720.2,76.6,9.64,18.2,186.2,44.2,44.4,80.5,100.7,20.2
T02885,2025-12-20 10:30:16,10,5,12,day,OP1041,EXC005,Excavator,Earth Excavation,Cloudy,Wet,Intermediate,4.3,5366.7,66.3,12.63,16.0,18.6,7.8,5.8,75.9,85.1,9.2
T02886,2025-09-11 21:12:00,21,3,9,night,OP1047,LDR001,Loader,Site Clearing,Cloudy,Loose,Beginner,2.8,3476.1,59.8,13.65,37.7,158.4,34.0,36.5,76.4,128.7,52.3
T02887,2026-08-27 07:35:58,7,3,8,day,OP1020,LDR001,Loader,Earth Excavation,Windy,Wet,Intermediate,8.4,6027.0,73.1,8.66,28.5,42.1,12.0,79.6,79.4,72.7,-6.7
T02888,2025-12-22 22:42:48,22,0,12,night,OP1004,LDR001,Loader,Demolition,Cloudy,Dry,Intermediate,6.3,4221.2,96.2,9.18,13.2,111.4,23.8,73.6,96.9,108.6,11.7
T02889,2026-09-15 15:35:25,15,1,9,day,OP1002,EXC001,Excavator,Material Loading,Rainy,Clay,Expert,18.3,6972.9,71.1,10.31,35.7,50.6,27.8,59.1,50.5,59.1,8.6
T02890,2025-05-29 11:35:20,11,3,5,day,OP1026,GRD003,Grader,Earth Excavation,Sunny,Rocky,Beginner,2.3,1169.6,44.9,12.44,41.1,10,24.9,25.3,71.9,107.8,35.9
T02891,2026-04-18 23:16:42,23,5,4,night,OP1036,DZR004,Dozer,Trenching,Sunny,Clay,Intermediate,3.3,4330.0,59.8,4.54,28.4,115.9,18.5,37.6,56.7,56.1,-0.6
T02892,2026-04-22 11:56:27,11,2,4,day,OP1029,EXC003,Excavator,Earth Excavation,Cloudy,Dry,Intermediate,8.7,4557.7,54.9,17.05,33.4,277.9,44.4,35.1,64.7,65.8,1.1
T02893,2025-08-06 08:47:04,8,2,8,day,OP1043,LDR004,Loader,Demolition,Cloudy,Wet,Expert,19.0,3518.2,72.9,14.34,31.5,163.6,7.0,22.4,107.5,102.0,-5.5
T02894,2026-02-19 14:38:16,14,3,2,day,OP1013,EXC002,Excavator,Grading,Cloudy,Clay,Expert,18.9,3180.8,59.0,13.94,23.4,161.7,26.2,34.9,44.2,37.1,-7.1
T02895,2025-03-08 06:17:35,6,5,3,day,OP1042,GRD001,Grader,Grading,Sunny,Loose,Beginner,1.3,2725.7,72.9,10.91,17.1,71.5,26.4,38.3,40.3,53.7,13.4
T02896,2026-01-19 08:32:06,8,0,1,day,OP1015,LDR003,Loader,Grading,Cloudy,Loose,Beginner,0.6,3669.2,50.1,14.29,18.5,158.1,22.6,51.2,43.0,64.7,21.7
T02897,2026-07-07 07:16:16,7,1,7,day,OP1040,EXC006,Excavator,Transfer,Windy,Clay,Intermediate,8.2,6597.3,86.9,15.08,35.8,96.6,29.6,52.9,31.7,39.7,8.0
T02898,2025-06-13 21:26:43,21,4,6,night,OP1008,DZR002,Dozer,Grading,Windy,Loose,Beginner,1.2,3662.7,74.9,15.1,34.9,52.2,36.6,22.5,45.7,51.5,5.8
T02899,2025-12-23 09:50:29,9,1,12,day,OP1003,DZR001,Dozer,Transfer,Rainy,Rocky,Expert,20.4,3399.2,90.4,6.77,17.6,90.0,17.2,22.4,38.8,38.0,-0.8
T02900,2026-09-12 06:25:36,6,5,9,day,OP1011,LDR002,Loader,Material Loading,Cloudy,Dry,Intermediate,6.7,4692.5,69.7,11.85,30.6,207.1,45.6,39.8,35.9,41.7,5.8
T02901,2025-08-27 08:08:33,8,2,8,day,OP1050,EXC008,Excavator,Earth Excavation,Cloudy,Rocky,Intermediate,7.7,2123.3,77.0,15.28,30.8,106.7,24.6,74.7,74.1,72.3,-1.8
T02902,2026-09-12 15:44:56,15,5,9,day,OP1047,GRD001,Grader,Trenching,Rainy,Clay,Beginner,2.8,6765.5,70.1,14.35,26.2,65.8,34.4,50.3,76.2,108.3,32.1
T02903,2026-09-21 14:03:47,14,0,9,day,OP1043,GRD002,Grader,Foundation Digging,Cloudy,Clay,Expert,19.0,7645.3,72.4,12.57,30.9,199.3,9.6,80.8,102.5,91.2,-11.3
T02904,2026-04-13 15:09:17,15,0,4,day,OP1049,LDR001,Loader,Foundation Digging,Cloudy,Loose,Beginner,0.8,5036.5,51.3,18.11,29.3,105.7,51.7,69.8,89.3,138.9,49.6
T02905,2025-02-25 08:48:41,8,1,2,day,OP1011,DZR002,Dozer,Material Loading,Cloudy,Loose,Intermediate,6.7,2870.5,94.3,18.45,21.9,138.7,35.5,87.0,35.1,49.1,14.0
T02906,2026-07-28 03:15:52,3,1,7,night,OP1012,DZR003,Dozer,Site Clearing,Sunny,Rocky,Beginner,1.4,6261.9,62.4,12.3,32.3,25.6,56.5,30.7,97.0,162.2,65.2
T02907,2026-04-11 14:40:14,14,5,4,day,OP1035,EXC006,Excavator,Foundation Digging,Cloudy,Rocky,Beginner,2.8,5964.4,54.5,6.08,34.2,163.3,41.6,76.2,109.1,141.5,32.4
T02908,2026-04-21 21:28:50,21,1,4,night,OP1059,DZR002,Dozer,Demolition,Windy,Dry,Expert,22.2,5940.3,52.6,11.77,27.6,259.2,49.6,21.3,109.7,122.8,13.1
T02909,2025-07-14 11:45:28,11,0,7,day,OP1049,DZR003,Dozer,Transfer,Rainy,Loose,Beginner,0.8,3497.8,56.8,11.23,31.4,44.0,62,29.4,31.6,53.1,21.5
T02910,2026-07-22 15:44:01,15,2,7,day,OP1008,DZR004,Dozer,Material Loading,Rainy,Wet,Beginner,1.2,5021.2,71.7,6.57,28.0,100.2,34.1,23.8,48.4,64.0,15.6
T02911,2025-10-08 07:42:48,7,2,10,day,OP1031,LDR001,Loader,Demolition,Windy,Rocky,Expert,22.8,3669.1,58.3,18.55,26.0,119.4,39.3,8.7,121.7,127.5,5.8
T02912,2025-12-10 02:12:37,2,2,12,night,OP1047,BCK002,Backhoe,Transfer,Foggy,Dry,Beginner,2.8,5149.3,70.9,16.13,17.2,101.7,21.5,94.4,29.8,33.4,3.6
T02913,2026-07-23 15:44:35,15,3,7,day,OP1056,EXC006,Excavator,Grading,Rainy,Dry,Intermediate,4.7,6716.7,62.9,17.07,31.9,130.1,56.0,40.3,51.2,53.9,2.7
T02914,2025-03-29 15:49:54,15,5,3,day,OP1012,EXC003,Excavator,Material Loading,Windy,Wet,Beginner,1.4,1719.2,98,9.74,23.4,51.9,41.8,68.2,41.1,77.0,35.9
T02915,2025-05-07 08:07:19,8,2,5,day,OP1027,EXC005,Excavator,Demolition,Sunny,Loose,Intermediate,6.2,3708.8,46.3,15.03,34.7,296.5,27.9,67.2,96.9,106.4,9.5
T02916,2025-11-18 06:42:14,6,1,11,day,OP1005,GRD001,Grader,Material Loading,Cloudy,Dry,Expert,18.5,4587.3,84.1,6.13,25.6,70.9,28.8,33.0,35.7,35.5,-0.2
T02917,2025-11-19 12:11:29,12,2,11,day,OP1057,DZR003,Dozer,Site Clearing,Sunny,Loose,Beginner,2.8,4432.3,85.9,3.09,15.7,115.5,5,46.1,76.9,93.5,16.6
T02918,2025-05-05 14:10:41,14,0,5,day,OP1005,GRD003,Grader,Material Loading,Sunny,Rocky,Expert,18.5,995.2,68.7,6.32,44.6,252.0,32.3,110.4,39.7,41.4,1.7
T02919,2026-02-24 15:09:19,15,1,2,day,OP1055,EXC007,Excavator,Demolition,Sunny,Dry,Expert,12.2,6426.1,74.9,14.74,25.3,73.9,29.8,5,101.8,101.0,-0.8
T02920,2026-01-23 15:06:54,15,4,1,day,OP1022,GRD003,Grader,Grading,Windy,Dry,Beginner,0.6,2915.4,43.4,13.04,13.6,223.1,19.7,85.7,40.6,54.5,13.9
T02921,2026-01-19 09:28:13,9,0,1,day,OP1051,DZR001,Dozer,Transfer,Foggy,Wet,Expert,11.2,3596.2,84.5,8.28,18.3,66.2,24.1,56.2,31.2,30.0,-1.2
T02922,2025-08-09 10:57:27,10,5,8,day,OP1060,LDR002,Loader,Earth Excavation,Rainy,Clay,Expert,10.8,1781.2,37.5,6.12,36.2,166.4,31.1,60.6,74.5,76.8,2.3
T02923,2025-12-12 13:45:10,13,4,12,day,OP1020,LDR001,Loader,Earth Excavation,Rainy,Wet,Intermediate,8.4,4145.5,51.4,7.62,10.7,97.6,39.5,90.7,83.6,90.4,6.8
T02924,2025-06-05 14:24:41,14,3,6,day,OP1046,LDR005,Loader,Earth Excavation,Rainy,Wet,Beginner,2.1,1295.8,60.7,9.98,35.5,166.4,32.1,57.3,80.7,98.7,18.0
T02925,2026-02-27 10:04:07,10,4,2,day,OP1003,DZR003,Dozer,Earth Excavation,Rainy,Rocky,Expert,20.4,5161.6,92.2,14.45,21.8,189.5,7.7,87.0,96.5,88.9,-7.6
T02926,2025-11-15 08:12:34,8,5,11,day,OP1042,EXC003,Excavator,Demolition,Cloudy,Clay,Beginner,1.3,3403.2,68.8,12.74,24.8,206.3,14.4,20.7,103.3,121.3,18.0
T02927,2026-07-24 12:44:59,12,4,7,day,OP1035,DZR004,Dozer,Trenching,Rainy,Loose,Beginner,2.8,5034.9,69.6,9.5,29.8,162.0,30.7,10.4,66.2,92.8,26.6
T02928,2025-04-15 10:39:45,10,1,4,day,OP1033,LDR003,Loader,Demolition,Sunny,Rocky,Expert,17.2,1633.1,49.2,6.6,40.2,162.8,22.8,65.8,109.1,110.1,1.0
T02929,2026-03-27 21:00:53,21,4,3,night,OP1047,EXC008,Excavator,Material Loading,Windy,Rocky,Beginner,2.8,3674.8,98,18.57,23.1,205.3,29.4,27.1,44.6,42.5,-2.1
T02930,2026-04-08 10:09:33,10,2,4,day,OP1049,GRD003,Grader,Trenching,Cloudy,Rocky,Beginner,0.8,3461.4,98,10.11,41.3,135.9,39.3,34.7,63.7,79.5,15.8
T02931,2026-05-08 15:45:38,15,4,5,day,OP1026,BCK001,Backhoe,Demolition,Cloudy,Wet,Beginner,2.3,6639.6,61.6,7.48,39.9,244.5,17.5,34.5,120.4,146.6,26.2
T02932,2025-10-29 09:44:13,9,2,10,day,OP1019,DZR004,Dozer,Site Clearing,Windy,Wet,Intermediate,4.5,3077.5,69.6,5.91,18.6,54.5,33.1,67.1,85.5,98.2,12.7
T02933,2025-04-19 06:27:26,6,5,4,day,OP1010,GRD001,Grader,Trenching,Sunny,Dry,Intermediate,8.6,3032.3,78.7,6.98,33.7,182.9,43.6,83.3,49.0,49.8,0.8
T02934,2025-03-29 15:44:43,15,5,3,day,OP1032,BCK003,Backhoe,Transfer,Rainy,Rocky,Intermediate,3.9,1960.5,70.7,8.08,35.0,105.4,46.9,36.8,36.9,41.4,4.5
T02935,2025-09-03 10:42:03,10,2,9,day,OP1038,EXC006,Excavator,Transfer,Sunny,Clay,Beginner,2.4,4357.2,73.4,9.24,26.1,168.0,39.0,43.6,28.4,35.3,6.9
T02936,2026-07-25 18:40:59,18,5,7,night,OP1029,DZR002,Dozer,Demolition,Cloudy,Dry,Intermediate,8.7,6633.0,66.9,6.93,27.7,118.6,29.4,61.7,105.6,121.4,15.8
T02937,2025-06-12 20:25:14,20,3,6,night,OP1055,LDR003,Loader,Grading,Cloudy,Loose,Expert,12.2,2059.5,74.9,9.27,32.7,146.8,46.3,41.7,41.1,48.9,7.8
T02938,2026-05-08 11:24:01,11,4,5,day,OP1037,GRD001,Grader,Material Loading,Windy,Wet,Expert,24.1,5837.0,59.5,13.05,34.6,109.7,37.3,64.6,44.7,52.4,7.7
T02939,2026-05-14 09:45:30,9,3,5,day,OP1059,LDR004,Loader,Earth Excavation,Sunny,Dry,Expert,22.2,5569.8,51.3,9.31,34.7,132.5,62,60.7,65.1,71.9,6.8
T02940,2025-10-15 19:04:07,19,2,10,night,OP1037,LDR005,Loader,Site Clearing,Sunny,Loose,Expert,24.1,2260.8,79.5,8.34,34.6,101.5,41.5,66.1,71.4,79.9,8.5
T02941,2025-02-19 08:14:49,8,2,2,day,OP1035,BCK002,Backhoe,Transfer,Sunny,Loose,Beginner,2.8,3005.0,82.6,10.37,27.8,133.1,45.5,38.2,25.7,34.0,8.3
T02942,2026-05-07 12:11:07,12,3,5,day,OP1023,EXC005,Excavator,Trenching,Sunny,Dry,Beginner,2.1,6374.6,66.9,9.91,33.0,187.9,30.5,65.3,55.4,66.2,10.8
T02943,2025-03-13 00:31:21,0,3,3,night,OP1052,LDR001,Loader,Demolition,Rainy,Loose,Intermediate,5.8,2141.2,77.3,14.42,30.1,77.9,34.1,34.1,108.7,137.2,28.5
T02944,2025-02-13 06:20:23,6,3,2,day,OP1025,LDR001,Loader,Transfer,Sunny,Wet,Expert,17.0,1938.6,85.8,12.34,18.5,16.8,51.2,39.2,27.4,29.3,1.9
T02945,2026-07-14 06:38:17,6,1,7,day,OP1034,EXC007,Excavator,Earth Excavation,Rainy,Loose,Beginner,1.3,7445.5,80.6,11.02,27.6,190.8,10.6,36.6,88.9,107.0,18.1
T02946,2026-04-22 19:49:21,19,2,4,night,OP1009,LDR003,Loader,Earth Excavation,Cloudy,Wet,Intermediate,5.2,4351.5,79.7,11.67,32.1,268.8,23.4,12.6,73.1,79.9,6.8
T02947,2026-05-27 15:17:33,15,2,5,day,OP1002,EXC008,Excavator,Earth Excavation,Rainy,Rocky,Expert,18.3,4118.3,37.9,14.37,37.4,178.3,35.4,31.1,92.6,93.1,0.5
T02948,2025-01-29 08:53:11,8,2,1,day,OP1014,EXC002,Excavator,Site Clearing,Windy,Clay,Expert,21.2,361.3,63.2,4.09,10.8,74.4,24.5,71.9,79.3,78.4,-0.9
T02949,2026-05-02 12:45:09,12,5,5,day,OP1026,LDR004,Loader,Site Clearing,Cloudy,Rocky,Beginner,2.3,5483.2,81.6,13.84,40.1,79.5,17.9,66.1,97.2,118.1,20.9
T02950,2025-06-23 11:04:08,11,0,6,day,OP1022,EXC001,Excavator,Trenching,Rainy,Wet,Beginner,0.6,3693.8,62.5,6.94,34.7,189.3,26.8,27.8,68.9,93.3,24.4
T02951,2026-03-05 11:12:52,11,3,3,day,OP1007,LDR001,Loader,Transfer,Sunny,Rocky,Beginner,1.2,4750.6,72.9,13.75,27.3,118.1,31.7,46.5,32.4,55.3,22.9
T02952,2025-10-25 13:11:03,13,5,10,day,OP1014,LDR005,Loader,Material Loading,Rainy,Dry,Expert,21.2,2332.0,63.4,9.13,31.2,187.3,13.9,27.5,40.2,46.4,6.2
T02953,2026-06-08 11:28:44,11,0,6,day,OP1033,EXC005,Excavator,Transfer,Windy,Loose,Expert,17.2,6608.0,69.3,13.98,37.4,21.1,42.1,27.4,32.4,33.2,0.8
T02954,2025-02-08 13:11:47,13,5,2,day,OP1049,DZR004,Dozer,Site Clearing,Foggy,Dry,Beginner,0.8,1158.7,59.2,6.9,26.2,10,39.0,60.2,76.5,108.0,31.5
T02955,2026-01-14 10:06:33,10,2,1,day,OP1007,BCK003,Backhoe,Site Clearing,Foggy,Rocky,Beginner,1.2,4083.0,75.1,7.21,16.8,147.5,30.4,66.5,99.5,137.9,38.4
T02956,2026-03-26 12:10:46,12,3,3,day,OP1005,DZR003,Dozer,Trenching,Rainy,Loose,Expert,18.5,5359.4,52.6,17.9,29.7,65.6,38.3,13.4,66.1,72.9,6.8
T02957,2025-11-13 10:03:21,10,3,11,day,OP1024,BCK001,Backhoe,Trenching,Rainy,Loose,Beginner,1.5,5353.0,39.3,10.43,14.8,150.4,17.2,42.8,70.2,67.0,-3.2
T02958,2025-03-26 14:52:58,14,2,3,day,OP1046,DZR002,Dozer,Trenching,Cloudy,Dry,Beginner,2.1,3084.0,49.2,14.27,24.9,249.0,51.0,28.4,50.6,69.3,18.7
T02959,2025-06-21 08:00:51,8,5,6,day,OP1052,EXC002,Excavator,Grading,Windy,Clay,Intermediate,5.8,1404.9,53.4,8.39,28.9,94.7,33.3,8.9,44.6,56.2,11.6
T02960,2025-04-10 00:32:55,0,3,4,night,OP1018,LDR005,Loader,Grading,Rainy,Dry,Expert,15.8,882.7,52.3,3.88,34.2,247.9,18.8,48.6,44.0,44.1,0.1
T02961,2025-01-29 09:11:01,9,2,1,day,OP1019,LDR004,Loader,Grading,Sunny,Dry,Intermediate,4.5,2138.7,76.6,4.86,18.3,270.2,37.5,24.6,38.0,56.0,18.0
T02962,2025-01-30 20:57:48,20,3,1,night,OP1001,DZR002,Dozer,Foundation Digging,Sunny,Loose,Expert,13.7,2684.4,82.2,8.13,21.9,40.4,30.7,68.1,79.3,89.6,10.3
T02963,2025-10-11 20:59:39,20,5,10,night,OP1042,EXC001,Excavator,Transfer,Windy,Dry,Beginner,1.3,4499.9,55.3,7.65,29.8,133.6,33.0,76.2,28.3,47.7,19.4
T02964,2026-08-07 00:56:16,0,4,8,night,OP1009,EXC004,Excavator,Earth Excavation,Rainy,Loose,Intermediate,5.2,5143.8,64.5,13.67,32.5,234.8,24.4,68.6,80.7,91.5,10.8
T02965,2025-02-20 11:00:56,11,3,2,day,OP1042,EXC005,Excavator,Trenching,Windy,Dry,Beginner,1.3,3154.9,38.5,12.66,27.2,217.7,24.3,14.1,54.1,69.8,15.7
T02966,2026-06-21 03:58:25,3,6,6,night,OP1018,EXC006,Excavator,Grading,Rainy,Wet,Expert,15.8,6479.5,89.5,6.45,30.8,111.9,40.2,70.1,57.2,59.0,1.8
T02967,2025-08-25 15:00:13,15,0,8,day,OP1055,EXC008,Excavator,Site Clearing,Sunny,Wet,Expert,12.2,2110.7,75.3,7.25,26.9,57.9,39.9,88.4,77.5,78.6,1.1
T02968,2026-02-14 11:04:03,11,5,2,day,OP1044,BCK003,Backhoe,Transfer,Windy,Wet,Beginner,1.1,4309.6,92.6,16.5,24.7,17.5,25.9,29.0,31.6,34.3,2.7
T02969,2025-12-06 15:18:38,15,5,12,day,OP1004,EXC007,Excavator,Grading,Rainy,Clay,Intermediate,6.3,5842.1,71.4,7.78,15.3,304.5,26.4,48.6,57.1,75.8,18.7
T02970,2025-10-18 10:10:42,10,5,10,day,OP1027,GRD002,Grader,Demolition,Cloudy,Wet,Intermediate,6.2,5176.7,77.5,6.55,25.0,218.9,27.3,28.3,114.4,125.3,10.9
T02971,2025-09-26 02:59:15,2,4,9,night,OP1019,LDR003,Loader,Site Clearing,Cloudy,Wet,Intermediate,4.5,2828.0,60.0,14.25,26.1,281.6,9.0,20.1,80.9,80.6,-0.3
T02972,2026-04-21 15:30:55,15,1,4,day,OP1026,EXC008,Excavator,Grading,Rainy,Wet,Beginner,2.3,3855.6,43.6,9.38,34.9,124.5,25.5,37.8,53.9,77.3,23.4
T02973,2025-11-11 07:21:34,7,1,11,day,OP1060,BCK002,Backhoe,Demolition,Windy,Loose,Expert,10.8,4939.2,78.6,6.8,20.8,147.6,40.6,71.1,109.0,113.4,4.4
T02974,2025-01-25 14:04:59,14,5,1,day,OP1023,EXC004,Excavator,Grading,Cloudy,Rocky,Beginner,2.1,1067.1,63.9,12.36,21.8,97.9,30.2,90.4,48.5,57.5,9.0
T02975,2025-09-18 00:02:26,0,3,9,night,OP1020,DZR003,Dozer,Foundation Digging,Sunny,Clay,Intermediate,8.4,3976.0,76.8,10.72,26.3,73.8,26.7,83.0,87.4,116.3,28.9
T02976,2025-12-27 09:17:40,9,5,12,day,OP1032,GRD002,Grader,Foundation Digging,Cloudy,Wet,Intermediate,3.9,5687.4,69.5,6.9,15.7,16.5,51.0,43.8,99.3,110.7,11.4
T02977,2025-07-15 11:18:45,11,1,7,day,OP1015,EXC003,Excavator,Trenching,Rainy,Clay,Beginner,0.6,2506.2,80.8,13.65,25.6,106.4,29.8,61.8,65.7,89.1,23.4
T02978,2025-03-21 15:45:45,15,4,3,day,OP1026,GRD003,Grader,Demolition,Sunny,Dry,Beginner,2.3,667.2,32.8,6.19,21.0,208.0,35.4,17.6,88.0,139.0,51.0
T02979,2026-07-11 14:13:45,14,5,7,day,OP1023,LDR001,Loader,Trenching,Rainy,Clay,Beginner,2.1,5685.9,46.1,4.79,33.3,85.5,30.5,53.9,70.8,106.1,35.3
T02980,2025-07-25 09:17:13,9,4,7,day,OP1010,DZR002,Dozer,Demolition,Sunny,Rocky,Intermediate,8.6,3965.6,74.5,14.4,33.1,242.9,44.1,19.4,115.5,147.2,31.7
T02981,2026-02-21 08:56:30,8,5,2,day,OP1059,EXC003,Excavator,Trenching,Sunny,Rocky,Expert,22.2,4118.8,54.3,12.96,17.8,213.7,58.7,26.7,63.4,67.6,4.2
T02982,2026-07-06 22:09:12,22,0,7,night,OP1056,EXC008,Excavator,Trenching,Rainy,Dry,Intermediate,4.7,4412.4,69.9,6.54,30.5,177.3,57.4,41.0,61.9,71.7,9.8
T02983,2025-09-17 12:47:23,12,2,9,day,OP1054,LDR005,Loader,Demolition,Sunny,Clay,Intermediate,5.0,2054.5,94.6,6.18,34.2,108.1,32.4,10.8,96.8,117.0,20.2
T02984,2026-05-20 13:42:32,13,2,5,day,OP1034,BCK003,Backhoe,Demolition,Sunny,Wet,Beginner,1.3,5003.9,75.4,9.91,40.6,136.5,7.4,13.7,110.4,139.6,29.2
T02985,2025-06-20 13:11:32,13,4,6,day,OP1051,EXC007,Excavator,Foundation Digging,Sunny,Wet,Expert,11.2,4607.8,33.8,12.56,40.7,56.1,46.2,51.7,92.7,98.9,6.2
T02986,2026-08-23 03:11:00,3,6,8,night,OP1033,DZR003,Dozer,Earth Excavation,Rainy,Dry,Expert,17.2,6451.6,65.2,14.22,28.2,194.1,26.2,58.8,79.9,86.1,6.2
T02987,2026-02-13 13:40:08,13,4,2,day,OP1030,DZR002,Dozer,Site Clearing,Sunny,Wet,Intermediate,4.1,5448.8,85.4,9.39,19.5,189.8,24.7,83.3,86.7,93.9,7.2
T02988,2026-04-02 20:40:01,20,3,4,night,OP1035,BCK003,Backhoe,Foundation Digging,Foggy,Rocky,Beginner,2.8,4655.7,39.7,12.0,31.5,85.8,59.0,61.7,109.6,177.2,67.6
T02989,2025-09-23 10:48:22,10,1,9,day,OP1036,DZR001,Dozer,Site Clearing,Rainy,Clay,Intermediate,3.3,2735.2,71.6,9.16,33.2,166.3,17.6,82.3,89.2,103.5,14.3
T02990,2026-04-10 20:17:42,20,4,4,night,OP1013,BCK003,Backhoe,Trenching,Sunny,Clay,Expert,18.9,4713.9,87.2,12.78,36.7,181.1,22.7,12.0,57.5,53.9,-3.6
T02991,2025-08-15 21:11:48,21,4,8,night,OP1035,DZR002,Dozer,Grading,Rainy,Dry,Beginner,2.8,4122.5,66.7,11.47,32.5,212.3,36.1,44.1,48.4,57.3,8.9
T02992,2025-01-14 12:06:12,12,1,1,day,OP1038,BCK002,Backhoe,Material Loading,Cloudy,Dry,Beginner,2.4,2743.4,74.3,14.68,20.5,150.6,47.9,41.4,33.3,54.6,21.3
T02993,2026-07-24 00:07:07,0,4,7,night,OP1006,EXC003,Excavator,Grading,Rainy,Clay,Intermediate,3.3,5233.0,92.8,6.99,36.4,186.5,16.0,40.2,56.0,68.3,12.3
T02994,2025-01-28 20:22:35,20,1,1,night,OP1016,GRD001,Grader,Grading,Windy,Loose,Beginner,2.9,2445.3,45.1,12.5,18.0,101.8,37.9,53.6,44.4,69.8,25.4
T02995,2026-03-17 22:21:03,22,1,3,night,OP1058,BCK002,Backhoe,Site Clearing,Cloudy,Clay,Intermediate,3.3,5863.6,73.8,2.0,28.2,257.0,30.1,21.4,87.4,101.9,14.5
T02996,2025-10-14 12:17:56,12,1,10,day,OP1048,DZR004,Dozer,Site Clearing,Rainy,Clay,Beginner,2.2,2968.8,69.4,10.22,30.7,127.3,28.1,46.1,94.5,148.0,53.5
T02997,2025-06-24 14:50:54,14,1,6,day,OP1044,DZR003,Dozer,Demolition,Foggy,Loose,Beginner,1.1,3352.7,66.8,18.97,26.9,230.0,34.2,43.7,107.0,158.5,51.5
T02998,2026-08-08 08:51:01,8,5,8,day,OP1049,LDR002,Loader,Trenching,Rainy,Clay,Beginner,0.8,4437.8,80.2,10.99,29.5,122.7,45.2,44.2,71.0,122.8,51.8
T02999,2025-04-26 12:30:07,12,5,4,day,OP1048,GRD002,Grader,Transfer,Rainy,Wet,Beginner,2.2,3899.9,65.2,10.27,35.7,175.4,19.7,67.0,34.9,36.2,1.3
T03000,2025-05-12 09:55:16,9,0,5,day,OP1011,DZR001,Dozer,Demolition,Sunny,Dry,Intermediate,6.7,1756.7,64.4,12.68,42.2,16.0,47.2,51.6,88.0,114.6,26.6
T03001,2025-08-16 10:18:58,10,5,8,day,OP1047,EXC001,Excavator,Demolition,Sunny,Clay,Beginner,2.8,4087.8,71.3,9.15,23.9,135.8,43.1,82.2,102.9,139.3,36.4
T03002,2026-02-21 00:26:44,0,5,2,night,OP1014,EXC002,Excavator,Foundation Digging,Cloudy,Dry,Expert,21.2,3191.1,72.5,13.24,15.9,90.0,34.4,75.0,79.4,81.5,2.1
T03003,2026-03-17 11:44:53,11,1,3,day,OP1024,EXC002,Excavator,Demolition,Cloudy,Clay,Beginner,1.5,3369.7,48.1,17.38,26.7,209.8,23.3,58.8,103.2,109.7,6.5
T03004,2026-06-15 14:15:48,14,0,6,day,OP1022,EXC005,Excavator,Foundation Digging,Cloudy,Wet,Beginner,0.6,6659.9,56.8,10.94,37.4,182.2,30.3,65.8,102.7,142.1,39.4
T03005,2026-07-29 07:38:02,7,2,7,day,OP1053,EXC007,Excavator,Site Clearing,Rainy,Wet,Intermediate,7.0,7555.3,95.9,13.75,27.2,151.8,34.4,72.6,110.6,126.9,16.3
T03006,2025-09-03 15:57:14,15,2,9,day,OP1055,EXC002,Excavator,Demolition,Sunny,Dry,Expert,12.2,1947.5,82.7,9.48,28.6,279.0,29.7,56.8,88.0,86.0,-2.0
T03007,2025-12-13 12:21:19,12,5,12,day,OP1047,EXC008,Excavator,Grading,Foggy,Dry,Beginner,2.8,2912.9,72.7,12.1,17.9,131.8,25.0,44.9,44.5,72.4,27.9
T03008,2026-02-27 06:16:52,6,4,2,day,OP1056,DZR001,Dozer,Material Loading,Cloudy,Rocky,Intermediate,4.7,3879.9,64.4,18.32,25.7,171.0,44.0,38.9,43.1,37.9,-5.2
T03009,2026-06-18 20:34:21,20,3,6,night,OP1005,EXC006,Excavator,Grading,Rainy,Loose,Expert,18.5,6462.6,40.5,6.99,33.6,256.1,34.6,46.8,55.7,60.0,4.3
T03010,2025-12-27 03:32:52,3,5,12,night,OP1044,BCK002,Backhoe,Material Loading,Cloudy,Rocky,Beginner,1.1,5273.9,81.8,18.13,25.3,111.0,33.3,40.9,45.4,58.7,13.3
T03011,2025-05-21 06:41:04,6,2,5,day,OP1047,LDR001,Loader,Earth Excavation,Rainy,Clay,Beginner,2.8,2646.8,50.5,10.93,45.6,152.8,38.3,56.0,76.2,116.2,40.0
T03012,2025-09-26 02:34:51,2,4,9,night,OP1029,EXC008,Excavator,Demolition,Windy,Clay,Intermediate,8.7,2340.6,73.9,8.85,27.8,184.1,37.6,5,101.6,138.3,36.7
T03013,2025-06-12 03:22:16,3,3,6,night,OP1035,LDR005,Loader,Trenching,Rainy,Wet,Beginner,2.8,1343.5,73.2,16.36,34.0,77.9,52.3,40.1,62.4,90.9,28.5
T03014,2025-10-04 12:28:50,12,5,10,day,OP1012,EXC005,Excavator,Transfer,Foggy,Rocky,Beginner,1.4,4805.2,71.8,7.35,33.9,105.7,34.8,61.0,35.6,64.8,29.2
T03015,2025-02-19 19:48:39,19,2,2,night,OP1028,LDR002,Loader,Material Loading,Sunny,Rocky,Beginner,1.6,535.6,54.5,10.04,14.0,84.1,43.2,93.7,39.7,32.6,-7.1
T03016,2026-08-07 10:18:24,10,4,8,day,OP1051,BCK004,Backhoe,Grading,Rainy,Wet,Expert,11.2,4896.0,70.5,21.7,34.8,243.8,33.7,70.9,57.8,58.0,0.2
T03017,2025-10-08 08:23:11,8,2,10,day,OP1040,LDR001,Loader,Trenching,Sunny,Clay,Intermediate,8.2,3669.3,63.1,13.78,23.6,203.3,26.6,39.8,55.3,82.8,27.5
T03018,2025-01-18 06:27:20,6,5,1,day,OP1002,EXC002,Excavator,Trenching,Windy,Dry,Expert,18.3,280.2,76.4,13.83,18.3,187.2,26.2,24.6,51.0,53.1,2.1
T03019,2025-09-19 09:13:48,9,4,9,day,OP1048,LDR002,Loader,Grading,Windy,Rocky,Beginner,2.2,2080.0,98,16.8,32.1,100.5,20.2,69.4,50.6,54.3,3.7
T03020,2025-05-01 19:01:54,19,3,5,night,OP1030,BCK001,Backhoe,Trenching,Cloudy,Rocky,Intermediate,4.1,3925.0,53.0,11.76,36.0,58.8,26.7,5,64.8,81.7,16.9
T03021,2026-01-05 11:19:03,11,0,1,day,OP1027,EXC007,Excavator,Transfer,Sunny,Wet,Intermediate,6.2,6059.9,67.6,3.45,20.3,124.8,28.3,74.2,31.3,29.1,-2.2
T03022,2025-12-20 09:57:09,9,5,12,day,OP1022,GRD001,Grader,Site Clearing,Cloudy,Rocky,Beginner,0.6,4821.9,95.5,14.64,11.9,248.4,29.8,50.9,94.9,104.8,9.9
T03023,2026-01-30 01:55:26,1,4,1,night,OP1017,EXC008,Excavator,Material Loading,Cloudy,Loose,Expert,13.3,3260.2,48.5,12.14,13.0,131.9,14.1,16.2,35.7,33.9,-1.8
T03024,2025-03-26 02:18:39,2,2,3,night,OP1010,LDR002,Loader,Earth Excavation,Cloudy,Dry,Intermediate,8.6,785.8,31.0,13.6,25.2,174.4,35.7,45.8,59.7,65.8,6.1
T03025,2026-04-17 12:23:45,12,4,4,day,OP1008,LDR001,Loader,Trenching,Windy,Rocky,Beginner,1.2,5064.8,73.8,15.42,28.7,206.5,33.9,5.3,72.5,86.2,13.7
T03026,2026-06-02 07:34:55,7,1,6,day,OP1041,LDR004,Loader,Trenching,Rainy,Dry,Intermediate,4.3,5707.9,60.0,12.58,30.0,105.6,16.8,22.7,64.6,61.2,-3.4
T03027,2025-07-03 18:25:24,18,3,7,night,OP1028,EXC007,Excavator,Grading,Rainy,Wet,Beginner,1.6,4704.3,84.7,13.28,24.3,265.0,47.5,53.8,56.2,84.6,28.4
T03028,2025-03-15 09:27:15,9,5,3,day,OP1014,EXC001,Excavator,Demolition,Sunny,Clay,Expert,21.2,2963.4,63.1,11.99,30.5,167.4,26.5,78.2,98.6,100.2,1.6
T03029,2025-09-01 11:01:56,11,0,9,day,OP1021,EXC005,Excavator,Trenching,Rainy,Clay,Intermediate,4.3,4563.8,74.6,15.55,30.0,97.9,38.9,60.6,65.7,72.3,6.6
T03030,2026-04-17 14:06:00,14,4,4,day,OP1039,EXC007,Excavator,Site Clearing,Sunny,Rocky,Expert,10.2,6805.4,63.4,14.15,34.6,185.8,22.5,49.5,98.8,100.3,1.5
T03031,2025-07-13 01:24:44,1,6,7,night,OP1004,EXC003,Excavator,Grading,Rainy,Clay,Intermediate,6.3,2488.6,78.1,12.55,34.3,275.4,31.0,37.4,48.0,56.6,8.6
T03032,2025-03-26 10:59:37,10,2,3,day,OP1048,EXC006,Excavator,Earth Excavation,Rainy,Rocky,Beginner,2.2,3182.0,80.6,18.06,27.4,114.1,17.1,37.7,84.9,118.7,33.8
T03033,2025-11-27 10:14:29,10,3,11,day,OP1058,EXC002,Excavator,Foundation Digging,Sunny,Dry,Intermediate,3.3,2566.3,68.4,13.63,28.3,130.2,35.8,31.4,75.2,98.1,22.9
T03034,2026-05-20 08:03:17,8,2,5,day,OP1007,DZR004,Dozer,Transfer,Cloudy,Dry,Beginner,1.2,4558.9,61.7,5.42,37.9,28.6,30.2,65.9,26.8,43.9,17.1
T03035,2026-07-11 09:10:33,9,5,7,day,OP1058,DZR001,Dozer,Site Clearing,Rainy,Dry,Intermediate,3.3,4859.0,72.9,8.4,34.2,106.0,38.9,11.7,84.8,115.0,30.2
T03036,2025-05-03 10:15:46,10,5,5,day,OP1010,BCK004,Backhoe,Earth Excavation,Cloudy,Clay,Intermediate,8.6,1530.7,64.8,0.2,39.6,287.0,28.5,86.6,65.7,70.0,4.3
T03037,2026-03-30 14:40:12,14,0,3,day,OP1009,DZR003,Dozer,Grading,Cloudy,Dry,Intermediate,5.2,5389.3,54.1,8.66,28.1,187.7,21.1,30.2,43.7,47.8,4.1
T03038,2025-03-25 15:10:54,15,1,3,day,OP1051,GRD001,Grader,Material Loading,Sunny,Loose,Expert,11.2,2852.5,45.0,4.59,17.5,156.2,33.2,68.1,34.1,39.7,5.6
T03039,2026-05-15 06:38:28,6,4,5,day,OP1011,GRD001,Grader,Earth Excavation,Sunny,Clay,Intermediate,6.7,5886.7,71.5,17.62,40.4,119.6,37.3,59.4,72.4,93.0,20.6
T03040,2026-03-11 10:07:49,10,2,3,day,OP1012,LDR005,Loader,Site Clearing,Foggy,Dry,Beginner,1.4,3331.2,80.0,12.15,26.2,98.6,47.2,80.5,81.4,132.8,51.4
T03041,2025-04-08 13:43:14,13,1,4,day,OP1037,GRD001,Grader,Site Clearing,Cloudy,Rocky,Expert,24.1,2954.2,78.9,8.73,34.4,232.3,41.7,28.0,88.4,98.6,10.2
T03042,2025-03-04 19:33:02,19,1,3,night,OP1018,LDR005,Loader,Site Clearing,Rainy,Clay,Expert,15.8,618.4,64.9,8.16,31.2,113.2,11.9,50.5,88.8,89.2,0.4
T03043,2025-05-22 18:41:55,18,3,5,night,OP1060,EXC003,Excavator,Transfer,Cloudy,Loose,Expert,10.8,2114.3,90.7,13.71,30.2,158.6,34.8,39.5,26.0,25.6,-0.4
T03044,2025-07-23 09:36:02,9,2,7,day,OP1012,EXC005,Excavator,Earth Excavation,Rainy,Dry,Beginner,1.4,4271.4,80.0,7.38,32.6,245.3,50.9,47.5,74.2,117.1,42.9
T03045,2025-02-05 07:16:57,7,2,2,day,OP1057,EXC007,Excavator,Foundation Digging,Cloudy,Rocky,Beginner,2.8,3620.5,89.4,17.37,24.3,219.7,5,55.3,100.1,119.6,19.5
T03046,2025-08-04 11:14:04,11,0,8,day,OP1040,DZR003,Dozer,Site Clearing,Rainy,Loose,Intermediate,8.2,3650.9,98,9.48,37.0,103.1,37.0,32.2,91.5,120.6,29.1
T03047,2026-09-07 09:49:13,9,0,9,day,OP1034,GRD002,Grader,Demolition,Rainy,Clay,Beginner,1.3,7541.8,46.9,17.02,26.0,158.5,14.3,17.0,141.1,181.9,40.8
T03048,2025-03-17 12:39:15,12,0,3,day,OP1015,BCK002,Backhoe,Foundation Digging,Sunny,Clay,Beginner,0.6,3196.1,68.6,17.86,28.3,115.8,32.5,60.0,84.8,110.2,25.4
T03049,2026-07-09 22:58:06,22,3,7,night,OP1051,EXC002,Excavator,Site Clearing,Cloudy,Clay,Expert,11.2,4205.4,56.5,9.96,30.8,57.5,43.6,78.5,82.3,90.4,8.1
T03050,2025-03-11 13:30:12,13,1,3,day,OP1030,BCK004,Backhoe,Transfer,Sunny,Clay,Intermediate,4.1,1144.8,70.1,13.86,28.0,112.5,27.8,72.8,26.4,25.3,-1.1
T03051,2025-12-31 06:19:39,6,2,12,day,OP1017,EXC005,Excavator,Grading,Windy,Dry,Expert,13.3,5445.7,78.3,14.92,28.3,76.1,16.6,41.9,43.6,41.0,-2.6
T03052,2026-08-08 12:15:03,12,5,8,day,OP1020,EXC006,Excavator,Trenching,Sunny,Rocky,Intermediate,8.4,6832.4,74.6,2.28,28.0,174.0,22.2,68.6,69.8,87.3,17.5
T03053,2025-03-29 08:06:04,8,5,3,day,OP1006,EXC006,Excavator,Demolition,Sunny,Dry,Intermediate,3.3,3203.0,53.5,14.3,26.4,129.2,7.3,78.0,90.5,95.6,5.1
T03054,2025-09-06 18:37:52,18,5,9,night,OP1022,LDR005,Loader,Demolition,Sunny,Loose,Beginner,0.6,1975.9,78.6,16.45,31.5,178.2,40.3,75.7,92.4,143.6,51.2
T03055,2025-01-12 02:37:25,2,6,1,night,OP1060,EXC004,Excavator,Site Clearing,Foggy,Clay,Expert,10.8,968.7,61.8,15.19,24.3,221.2,27.5,47.3,84.2,88.7,4.5
T03056,2026-01-24 18:39:17,18,5,1,night,OP1042,DZR004,Dozer,Foundation Digging,Foggy,Loose,Beginner,1.3,3715.3,80.9,13.41,19.7,153.9,13.7,73.4,94.1,106.6,12.5
T03057,2025-06-28 09:31:30,9,5,6,day,OP1035,LDR005,Loader,Transfer,Rainy,Wet,Beginner,2.8,1462.2,92.2,21.49,40.3,189.4,39.1,90.1,31.7,58.8,27.1
T03058,2026-04-19 01:31:14,1,6,4,night,OP1009,DZR004,Dozer,Earth Excavation,Foggy,Loose,Intermediate,5.2,4330.6,50.4,18.13,26.3,89.0,26.3,63.2,72.8,88.3,15.5
T03059,2025-05-16 14:08:26,14,4,5,day,OP1031,BCK003,Backhoe,Site Clearing,Cloudy,Dry,Expert,22.8,2310.4,75.7,19.46,38.4,142.7,17.1,37.4,70.0,73.6,3.6
T03060,2026-01-28 08:43:18,8,2,1,day,OP1040,LDR005,Loader,Site Clearing,Rainy,Rocky,Intermediate,8.2,3024.1,83.6,12.37,17.1,82.8,31.7,82.5,98.1,106.3,8.2
T03061,2025-02-26 06:44:25,6,2,2,day,OP1016,GRD002,Grader,Transfer,Cloudy,Clay,Beginner,2.9,3467.4,65.1,9.45,26.1,249.1,24.6,81.0,28.2,48.0,19.8
T03062,2025-02-15 09:48:59,9,5,2,day,OP1020,EXC002,Excavator,Site Clearing,Rainy,Wet,Intermediate,8.4,485.7,81.9,10.22,25.1,138.5,37.2,13.1,91.0,102.8,11.8
T03063,2025-04-23 06:26:41,6,2,4,day,OP1038,EXC008,Excavator,Grading,Sunny,Loose,Beginner,2.4,1202.9,54.0,13.3,34.3,160.4,33.3,38.3,39.9,21.8,-18.1
T03064,2026-06-25 07:15:48,7,3,6,day,OP1015,EXC005,Excavator,Site Clearing,Cloudy,Wet,Beginner,0.6,6730.8,80.9,11.24,36.4,55.6,25.6,75.2,93.4,132.8,39.4
T03065,2025-06-18 12:47:57,12,2,6,day,OP1008,EXC003,Excavator,Site Clearing,Cloudy,Rocky,Beginner,1.2,2309.6,98,11.01,30.7,131.8,29.0,29.9,86.8,127.0,40.2
T03066,2025-01-09 08:39:22,8,3,1,day,OP1031,DZR003,Dozer,Transfer,Sunny,Clay,Expert,22.8,2139.0,59.9,14.16,15.6,181.0,31.5,20.3,26.4,27.5,1.1
T03067,2025-08-07 01:56:22,1,3,8,night,OP1001,LDR002,Loader,Demolition,Windy,Dry,Expert,13.7,1763.9,83.6,8.4,33.4,210.9,31.9,21.4,91.6,100.4,8.8
T03068,2026-02-12 06:34:05,6,3,2,day,OP1011,GRD003,Grader,Earth Excavation,Sunny,Dry,Intermediate,6.7,3058.8,60.4,2.64,25.2,205.6,32.5,80.6,59.3,64.9,5.6
T03069,2025-09-03 08:15:40,8,2,9,day,OP1010,EXC002,Excavator,Demolition,Rainy,Dry,Intermediate,8.6,1945.2,85.9,14.41,23.6,289.9,44.3,47.5,104.1,124.7,20.6
T03070,2026-01-03 15:17:54,15,5,1,day,OP1031,EXC002,Excavator,Material Loading,Cloudy,Wet,Expert,22.8,2837.9,65.0,12.52,19.6,65.5,25.4,69.9,38.1,39.5,1.4
T03071,2025-08-02 13:47:41,13,5,8,day,OP1041,EXC007,Excavator,Foundation Digging,Windy,Loose,Intermediate,4.3,4921.9,50.7,17.63,34.8,127.1,7.6,19.5,93.9,89.1,-4.8
T03072,2025-07-21 12:34:48,12,0,7,day,OP1016,EXC008,Excavator,Material Loading,Cloudy,Dry,Beginner,2.9,1854.5,67.4,5.91,32.4,204.3,38.3,77.3,33.0,40.0,7.0
T03073,2026-03-24 09:49:20,9,1,3,day,OP1045,DZR001,Dozer,Site Clearing,Rainy,Wet,Intermediate,6.5,4063.5,92.0,16.51,20.6,64.0,35.7,43.4,96.1,106.8,10.7
T03074,2026-02-14 06:42:31,6,5,2,day,OP1021,LDR005,Loader,Material Loading,Sunny,Loose,Intermediate,4.3,3147.6,85.9,9.84,20.5,204.9,42.7,97.0,34.5,45.4,10.9
T03075,2025-03-31 18:47:03,18,0,3,night,OP1026,LDR002,Loader,Grading,Sunny,Dry,Beginner,2.3,827.3,74.8,18.69,23.8,51.6,26.7,67.7,38.0,36.4,-1.6
T03076,2026-08-03 20:17:42,20,0,8,night,OP1019,DZR003,Dozer,Foundation Digging,Cloudy,Clay,Intermediate,4.5,6310.8,52.9,9.63,31.9,10,26.1,51.0,97.9,114.0,16.1
T03077,2025-04-01 11:30:12,11,1,4,day,OP1032,BCK001,Backhoe,Foundation Digging,Rainy,Dry,Intermediate,3.9,3703.7,88.2,18.52,37.4,305.8,53.5,43.2,90.5,102.5,12.0
T03078,2026-09-01 09:17:18,9,1,9,day,OP1055,EXC002,Excavator,Foundation Digging,Rainy,Dry,Expert,12.2,4595.4,84.9,9.4,31.9,163.9,50.2,76.8,92.7,107.8,15.1
T03079,2026-04-20 08:50:40,8,0,4,day,OP1005,EXC001,Excavator,Foundation Digging,Windy,Rocky,Expert,18.5,5890.5,78.9,3.4,23.7,253.7,32.8,63.8,112.3,119.2,6.9
T03080,2025-05-17 07:30:20,7,5,5,day,OP1002,BCK004,Backhoe,Transfer,Cloudy,Rocky,Expert,18.3,1632.1,73.8,19.21,33.5,263.5,30.3,62.6,30.7,35.3,4.6
T03081,2026-08-15 22:09:00,22,5,8,night,OP1050,EXC008,Excavator,Trenching,Cloudy,Loose,Intermediate,7.7,4704.4,66.7,9.14,27.5,171.6,25.6,47.6,56.5,85.5,29.0
T03082,2026-01-12 14:02:52,14,0,1,day,OP1052,DZR001,Dozer,Grading,Rainy,Rocky,Intermediate,5.8,3546.4,40.8,16.37,22.9,250.4,50.3,64.9,58.6,79.3,20.7
T03083,2025-02-01 00:30:56,0,5,2,night,OP1049,DZR001,Dozer,Earth Excavation,Cloudy,Clay,Beginner,0.8,1023.8,73.6,12.94,21.4,193.5,28.8,33.5,65.7,91.4,25.7
T03084,2026-03-28 18:47:48,18,5,3,night,OP1008,EXC004,Excavator,Foundation Digging,Cloudy,Loose,Beginner,1.2,4185.6,82.8,19.0,22.2,182.2,21.3,13.9,86.6,134.2,47.6
T03085,2026-04-22 02:54:49,2,2,4,night,OP1056,BCK002,Backhoe,Trenching,Rainy,Loose,Intermediate,4.7,6120.5,58.0,20.32,23.6,77.8,52.7,37.0,72.7,91.4,18.7
T03086,2025-10-21 08:25:11,8,1,10,day,OP1025,LDR005,Loader,Demolition,Sunny,Wet,Expert,17.0,2301.3,92.8,11.44,26.7,199.1,48.8,14.0,100.3,103.5,3.2
T03087,2026-06-09 02:41:57,2,1,6,night,OP1007,LDR003,Loader,Site Clearing,Cloudy,Dry,Beginner,1.2,4696.7,49.2,7.36,41.1,103.1,34.5,13.8,76.2,89.1,12.9
T03088,2025-04-05 11:33:45,11,5,4,day,OP1044,GRD003,Grader,Foundation Digging,Windy,Rocky,Beginner,1.1,775.4,53.1,14.72,33.0,151.7,33.9,23.3,96.9,99.7,2.8
T03089,2026-08-21 07:20:25,7,4,8,day,OP1038,GRD003,Grader,Foundation Digging,Rainy,Clay,Beginner,2.4,4446.0,97.0,13.28,28.4,14.7,41.7,74.1,104.9,136.4,31.5
T03090,2025-11-19 11:38:29,11,2,11,day,OP1036,LDR002,Loader,Demolition,Windy,Clay,Intermediate,3.3,2526.0,72.1,8.89,26.9,140.0,11.8,80.7,103.6,97.3,-6.3
T03091,2026-07-02 14:40:50,14,3,7,day,OP1022,BCK001,Backhoe,Foundation Digging,Rainy,Clay,Beginner,0.6,7040.7,53.1,7.56,42.3,72.9,25.7,48.5,115.8,147.9,32.1
T03092,2025-07-18 02:45:31,2,4,7,night,OP1026,EXC007,Excavator,Trenching,Cloudy,Clay,Beginner,2.3,4809.0,89.9,13.1,29.8,269.0,19.5,18.4,59.4,72.9,13.5
T03093,2026-08-25 13:57:18,13,1,8,day,OP1006,BCK002,Backhoe,Transfer,Cloudy,Wet,Intermediate,3.3,7036.3,89.7,15.97,30.5,211.6,26.0,58.6,33.3,55.1,21.8
T03094,2025-12-09 18:49:11,18,1,12,night,OP1004,EXC005,Excavator,Trenching,Sunny,Dry,Intermediate,6.3,5288.9,52.0,14.2,23.5,85.5,7.3,39.5,53.4,48.7,-4.7
T03095,2025-10-17 14:08:38,14,4,10,day,OP1012,LDR005,Loader,Grading,Foggy,Wet,Beginner,1.4,2273.9,76.2,7.19,31.8,138.3,39.8,54.8,49.9,73.9,24.0
T03096,2026-06-25 10:43:19,10,3,6,day,OP1024,DZR001,Dozer,Trenching,Rainy,Loose,Beginner,1.5,4742.6,67.6,15.62,34.2,262.4,5,80.1,65.2,69.2,4.0
T03097,2026-04-11 12:56:12,12,5,4,day,OP1023,EXC002,Excavator,Earth Excavation,Cloudy,Loose,Beginner,2.1,3552.6,77.4,9.52,31.6,188.7,39.4,26.1,65.4,107.2,41.8
T03098,2026-02-10 07:42:46,7,1,2,day,OP1056,EXC005,Excavator,Earth Excavation,Sunny,Loose,Intermediate,4.7,5745.4,63.9,6.81,24.3,10,38.6,39.8,68.8,84.1,15.3
T03099,2025-01-08 09:01:51,9,2,1,day,OP1010,EXC001,Excavator,Foundation Digging,Foggy,Clay,Intermediate,8.6,2481.4,76.9,15.82,9.1,181.4,33.8,93.9,94.0,88.7,-5.3
T03100,2025-05-30 00:12:12,0,4,5,night,OP1010,EXC004,Excavator,Trenching,Foggy,Loose,Intermediate,8.6,1975.3,76.9,10.34,40.3,260.3,16.5,73.4,54.0,58.8,4.8
T03101,2025-04-30 10:17:51,10,2,4,day,OP1035,BCK002,Backhoe,Trenching,Windy,Loose,Beginner,2.8,3516.6,47.7,16.68,34.9,309.9,59.8,52.0,55.3,75.7,20.4
T03102,2025-10-17 01:09:49,1,4,10,night,OP1024,EXC001,Excavator,Foundation Digging,Windy,Clay,Beginner,1.5,4537.6,62.3,12.29,23.9,203.9,7.5,69.6,95.6,114.6,19.0
T03103,2026-06-19 15:54:39,15,4,6,day,OP1030,GRD002,Grader,Demolition,Windy,Rocky,Intermediate,4.1,6959.6,94.8,8.59,31.3,71.1,18.4,84.3,142.8,156.7,13.9
T03104,2025-07-28 20:32:57,20,0,7,night,OP1060,EXC006,Excavator,Site Clearing,Sunny,Clay,Expert,10.8,4090.1,71.5,13.87,27.1,157.2,27.0,46.7,79.6,87.5,7.9
T03105,2025-02-14 21:29:12,21,4,2,night,OP1005,BCK004,Backhoe,Trenching,Cloudy,Clay,Expert,18.5,964.7,62.4,11.81,12.0,150.5,35.6,87.0,54.4,66.9,12.5
T03106,2025-10-22 07:30:31,7,2,10,day,OP1003,EXC003,Excavator,Site Clearing,Cloudy,Rocky,Expert,20.4,3227.8,79.1,16.01,29.5,189.7,9.7,67.2,89.4,86.3,-3.1
T03107,2026-04-16 01:20:37,1,3,4,night,OP1045,EXC008,Excavator,Demolition,Sunny,Dry,Intermediate,6.5,3814.8,62.8,13.01,37.8,51.9,22.3,20.5,92.6,101.1,8.5
T03108,2025-11-15 13:29:15,13,5,11,day,OP1028,EXC003,Excavator,Site Clearing,Cloudy,Wet,Beginner,1.6,3404.8,62.4,14.71,22.3,83.7,39.2,86.9,82.7,111.6,28.9
T03109,2026-02-12 07:24:30,7,3,2,day,OP1015,EXC006,Excavator,Trenching,Windy,Loose,Beginner,0.6,5538.8,82.2,10.31,22.8,15.0,30.1,61.5,60.2,71.5,11.3
T03110,2025-01-08 15:12:18,15,2,1,day,OP1013,LDR003,Loader,Grading,Foggy,Rocky,Expert,18.9,926.4,73.5,13.6,15.5,140.3,26.6,77.2,51.1,53.7,2.6
T03111,2026-03-28 09:19:49,9,5,3,day,OP1002,DZR003,Dozer,Material Loading,Rainy,Loose,Expert,18.3,5373.1,49.3,11.15,30.6,148.8,32.4,60.7,47.2,50.5,3.3
T03112,2025-04-17 08:28:19,8,3,4,day,OP1004,EXC006,Excavator,Foundation Digging,Rainy,Loose,Intermediate,6.3,3341.9,71.0,9.96,29.1,100.9,18.7,88.1,102.6,113.0,10.4
T03113,2025-09-09 08:15:48,8,1,9,day,OP1012,EXC001,Excavator,Trenching,Cloudy,Wet,Beginner,1.4,4262.4,48.3,11.63,25.0,280.8,57.9,54.2,60.3,92.6,32.3
T03114,2026-09-14 08:29:25,8,0,9,day,OP1031,EXC008,Excavator,Trenching,Cloudy,Loose,Expert,22.8,4919.3,84.6,8.21,33.1,153.3,17.5,42.1,56.9,55.8,-1.1
T03115,2025-10-09 12:47:17,12,3,10,day,OP1033,EXC001,Excavator,Earth Excavation,Sunny,Loose,Expert,17.2,4482.8,47.4,8.28,30.5,104.2,29.8,34.0,65.7,64.9,-0.8
T03116,2025-10-26 01:44:29,1,6,10,night,OP1040,EXC003,Excavator,Grading,Windy,Rocky,Intermediate,8.2,3255.2,40.7,12.36,33.8,292.4,22.5,92.3,51.5,55.7,4.2
T03117,2026-03-10 15:28:05,15,1,3,day,OP1043,EXC008,Excavator,Grading,Sunny,Dry,Expert,19.0,3549.0,91.3,4.59,29.9,10,20.7,32.4,39.6,37.6,-2.0
T03118,2025-05-01 02:56:51,2,3,5,night,OP1043,DZR002,Dozer,Demolition,Cloudy,Wet,Expert,19.0,3343.2,79.8,5.63,37.8,48.4,16.5,62.2,106.8,109.1,2.3
T03119,2026-02-13 14:40:31,14,4,2,day,OP1032,LDR003,Loader,Grading,Foggy,Clay,Intermediate,3.9,3853.5,81.1,8.05,24.2,166.3,48.4,57.0,51.6,64.1,12.5
T03120,2025-05-27 19:43:25,19,1,5,night,OP1039,DZR004,Dozer,Transfer,Sunny,Rocky,Expert,10.2,1949.1,82.2,12.41,32.0,219.6,10.5,47.7,29.8,31.4,1.6
T03121,2025-01-28 12:24:54,12,1,1,day,OP1058,LDR001,Loader,Site Clearing,Sunny,Loose,Intermediate,3.3,1823.7,89.1,14.15,16.7,258.2,25.6,68.4,71.4,80.4,9.0
T03122,2025-11-27 03:35:30,3,3,11,night,OP1056,LDR002,Loader,Material Loading,Foggy,Wet,Intermediate,4.7,2582.0,85.3,15.35,22.5,102.9,40.1,85.5,41.4,61.4,20.0
T03123,2026-07-31 09:34:00,9,4,7,day,OP1042,GRD002,Grader,Grading,Sunny,Rocky,Beginner,1.3,7264.3,67.0,3.31,34.5,48.8,28.3,37.9,56.1,56.0,-0.1
T03124,2026-03-26 20:09:52,20,3,3,night,OP1016,EXC006,Excavator,Demolition,Cloudy,Wet,Beginner,2.9,5849.3,76.2,6.78,25.8,81.2,41.4,7.1,117.2,149.6,32.4
T03125,2026-01-08 11:44:08,11,3,1,day,OP1032,EXC004,Excavator,Demolition,Sunny,Dry,Intermediate,3.9,3606.7,46.0,6.83,17.5,180.1,52.3,33.1,91.9,118.8,26.9
T03126,2025-09-05 22:59:51,22,4,9,night,OP1060,GRD003,Grader,Foundation Digging,Cloudy,Rocky,Expert,10.8,1895.8,37.5,9.38,26.8,218.2,15.4,86.2,95.8,96.4,0.6
T03127,2025-10-09 12:21:06,12,3,10,day,OP1036,EXC001,Excavator,Trenching,Sunny,Clay,Intermediate,3.3,4482.6,70.5,13.08,26.0,232.3,14.8,34.1,57.0,67.5,10.5
T03128,2026-02-17 14:18:16,14,1,2,day,OP1043,EXC007,Excavator,Foundation Digging,Rainy,Loose,Expert,19.0,6374.7,64.1,11.74,20.8,119.3,27.3,89.7,104.8,100.9,-3.9
T03129,2025-02-12 21:46:19,21,2,2,night,OP1059,EXC003,Excavator,Demolition,Sunny,Loose,Expert,22.2,1392.5,63.9,18.96,23.5,175.4,48.3,22.8,92.4,108.7,16.3
T03130,2026-01-14 14:36:30,14,2,1,day,OP1059,EXC008,Excavator,Grading,Cloudy,Dry,Expert,22.2,3147.2,61.3,11.43,25.8,186.7,62,11.5,40.2,46.2,6.0
T03131,2025-08-01 23:50:44,23,4,8,night,OP1016,EXC001,Excavator,Site Clearing,Sunny,Wet,Beginner,2.9,3982.4,75.9,7.16,25.7,231.2,45.3,82.0,82.1,129.8,47.7
T03132,2025-09-22 08:44:31,8,0,9,day,OP1037,BCK004,Backhoe,Transfer,Rainy,Clay,Expert,24.1,2566.8,66.0,13.58,23.7,270.6,31.5,103.7,31.5,36.0,4.5
T03133,2025-09-09 02:30:56,2,1,9,night,OP1014,EXC008,Excavator,Grading,Windy,Dry,Expert,21.2,2216.4,71.7,6.76,30.1,164.9,11.7,51.9,42.3,47.0,4.7
T03134,2025-03-02 03:06:39,3,6,3,night,OP1041,DZR004,Dozer,Trenching,Cloudy,Dry,Intermediate,4.3,1316.2,62.8,13.71,27.0,197.0,21.0,53.6,49.4,63.4,14.0
T03135,2026-02-25 10:19:17,10,2,2,day,OP1016,DZR002,Dozer,Earth Excavation,Cloudy,Rocky,Beginner,2.9,5535.4,59.1,9.41,21.3,103.3,48.4,39.5,83.1,131.7,48.6
T03136,2025-11-15 07:51:43,7,5,11,day,OP1010,BCK002,Backhoe,Demolition,Cloudy,Loose,Intermediate,8.6,4968.6,73.3,3.17,22.0,155.7,43.5,38.9,104.6,120.2,15.6
T03137,2025-05-02 09:09:03,9,4,5,day,OP1035,LDR004,Loader,Demolition,Sunny,Rocky,Beginner,2.8,2817.6,55.2,12.33,46,80.9,51.7,68.4,110.5,147.4,36.9
T03138,2026-07-17 21:45:55,21,4,7,night,OP1028,EXC003,Excavator,Material Loading,Cloudy,Dry,Beginner,1.6,5188.5,71.7,10.22,32.6,107.0,36.1,41.9,36.5,53.5,17.0
T03139,2025-11-24 07:12:28,7,0,11,day,OP1048,EXC004,Excavator,Transfer,Sunny,Wet,Beginner,2.2,3276.9,73.3,10.9,26.3,193.3,22.7,47.3,28.2,48.6,20.4
T03140,2026-09-09 09:03:57,9,2,9,day,OP1043,BCK003,Backhoe,Grading,Foggy,Wet,Expert,19.0,5820.1,93.0,7.23,31.7,162.4,20.5,52.8,53.4,50.2,-3.2
T03141,2026-03-11 14:42:10,14,2,3,day,OP1044,LDR004,Loader,Material Loading,Sunny,Rocky,Beginner,1.1,5104.1,49.9,7.72,31.9,254.7,32.3,85.4,43.8,61.4,17.6
T03142,2025-10-18 07:29:23,7,5,10,day,OP1019,EXC008,Excavator,Earth Excavation,Foggy,Clay,Intermediate,4.5,2502.7,94.3,10.42,26.2,66.5,21.0,94.0,71.4,61.5,-9.9
T03143,2025-03-06 12:51:14,12,3,3,day,OP1038,EXC007,Excavator,Grading,Rainy,Rocky,Beginner,2.4,3833.9,51.4,14.81,25.4,165.1,36.3,59.7,60.5,92.8,32.3
T03144,2025-11-26 12:22:03,12,2,11,day,OP1058,BCK003,Backhoe,Material Loading,Foggy,Clay,Intermediate,3.3,3726.0,77.1,19.66,20.7,187.8,38.2,70.3,42.2,41.7,-0.5
T03145,2026-01-14 07:12:11,7,2,1,day,OP1034,EXC008,Excavator,Demolition,Cloudy,Dry,Beginner,1.3,3145.0,83.0,10.61,19.6,231.8,30.1,40.6,93.0,127.1,34.1
T03146,2026-06-01 09:57:46,9,0,6,day,OP1015,LDR002,Loader,Earth Excavation,Sunny,Dry,Beginner,0.6,3941.7,78.3,9.26,36.3,238.1,35.7,92.3,61.3,95.1,33.8
T03147,2025-09-17 10:22:26,10,2,9,day,OP1056,DZR001,Dozer,Grading,Cloudy,Dry,Intermediate,4.7,2691.2,85.3,8.21,23.1,192.2,37.9,60.4,39.4,54.1,14.7
T03148,2025-08-15 20:07:52,20,4,8,night,OP1039,BCK001,Backhoe,Grading,Sunny,Wet,Expert,10.2,4699.1,48.0,8.88,28.5,132.2,17.0,23.2,47.1,46.1,-1.0
T03149,2025-02-06 03:29:04,3,3,2,night,OP1048,DZR003,Dozer,Trenching,Windy,Loose,Beginner,2.2,2341.8,59.1,17.0,12.4,87.6,20.5,80.9,53.8,61.9,8.1
T03150,2025-04-21 06:34:00,6,0,4,day,OP1035,EXC007,Excavator,Grading,Windy,Dry,Beginner,2.8,4167.8,55.1,12.47,30.6,45.6,59.4,94.4,43.7,65.1,21.4
T03151,2026-03-31 23:17:14,23,1,3,night,OP1034,LDR001,Loader,Transfer,Rainy,Clay,Beginner,1.3,4944.1,62.0,9.73,29.1,192.6,5,60.7,36.5,25.7,-10.8
T03152,2026-03-21 11:49:04,11,5,3,day,OP1010,EXC001,Excavator,Earth Excavation,Sunny,Wet,Intermediate,8.6,5672.4,70.5,16.26,27.6,91.5,29.7,85.2,74.5,91.9,17.4
T03153,2026-03-16 06:43:51,6,0,3,day,OP1007,BCK001,Backhoe,Trenching,Rainy,Loose,Beginner,1.2,6249.9,42.2,12.81,32.3,132.1,44.4,49.9,69.1,98.6,29.5
T03154,2025-01-10 00:23:12,0,4,1,night,OP1045,EXC003,Excavator,Trenching,Sunny,Dry,Intermediate,6.5,1145.1,80.3,8.23,25.9,86.0,30.5,73.5,48.0,34.5,-13.5
T03155,2026-03-10 20:50:33,20,1,3,night,OP1024,EXC005,Excavator,Transfer,Sunny,Wet,Beginner,1.5,5953.8,79.3,9.52,30.9,130.6,14.6,38.6,31.1,60.8,29.7
T03156,2026-08-21 08:45:32,8,4,8,day,OP1055,LDR002,Loader,Trenching,Rainy,Dry,Expert,12.2,4532.6,42.4,11.98,31.5,148.2,34.8,50.5,63.0,66.3,3.3
T03157,2026-04-25 19:32:43,19,5,4,night,OP1043,GRD002,Grader,Site Clearing,Foggy,Loose,Expert,19.0,6559.2,66.6,12.81,29.8,170.4,8.3,31.7,94.9,99.4,4.5
T03158,2025-11-05 03:58:48,3,2,11,night,OP1010,EXC003,Excavator,Demolition,Sunny,Rocky,Intermediate,8.6,3328.9,68.1,9.56,27.5,10,33.8,16.9,112.7,147.0,34.3
T03159,2026-08-29 15:01:54,15,5,8,day,OP1039,BCK001,Backhoe,Trenching,Rainy,Loose,Expert,10.2,7464.2,53.6,10.11,35.3,108.9,19.4,80.9,69.3,72.3,3.0
T03160,2025-10-17 20:18:26,20,4,10,night,OP1058,EXC002,Excavator,Transfer,Sunny,Clay,Intermediate,3.3,2270.1,80.2,13.91,29.7,233.0,35.7,63.4,26.4,26.6,0.2
T03161,2026-01-06 22:03:04,22,1,1,night,OP1014,BCK002,Backhoe,Demolition,Cloudy,Loose,Expert,21.2,5352.5,86.0,9.8,17.8,177.4,24.6,69.2,106.0,114.9,8.9
T03162,2025-04-26 13:36:59,13,5,4,day,OP1023,GRD001,Grader,Trenching,Sunny,Loose,Beginner,2.1,3085.6,46.9,6.63,34.9,132.6,24.4,31.2,51.6,71.4,19.8
T03163,2026-02-02 19:56:00,19,0,2,night,OP1047,LDR001,Loader,Demolition,Cloudy,Dry,Beginner,2.8,4526.9,86.3,8.99,22.1,135.1,38.3,17.8,98.0,147.7,49.7
T03164,2025-03-14 09:06:07,9,4,3,day,OP1018,EXC006,Excavator,Grading,Cloudy,Loose,Expert,15.8,3093.8,62.7,5.12,33.0,10,20.8,24.1,42.1,39.2,-2.9
T03165,2025-08-25 10:12:47,10,0,8,day,OP1045,LDR001,Loader,Transfer,Cloudy,Loose,Intermediate,6.5,3348.7,62.8,6.99,21.1,214.7,16.8,81.3,26.8,33.6,6.8
T03166,2026-04-13 06:59:46,6,0,4,day,OP1014,DZR001,Dozer,Earth Excavation,Windy,Loose,Expert,21.2,4208.6,60.6,2.42,35.3,159.7,26.8,26.9,66.4,63.9,-2.5
T03167,2025-09-02 23:45:04,23,1,9,night,OP1046,LDR003,Loader,Trenching,Cloudy,Rocky,Beginner,2.1,2659.1,65.3,6.87,31.3,33.7,38.3,69.7,61.7,87.5,25.8
T03168,2025-11-27 18:26:07,18,3,11,night,OP1057,DZR002,Dozer,Foundation Digging,Rainy,Clay,Beginner,2.8,4880.9,53.9,6.5,16.3,78.4,9.6,35.8,108.7,138.5,29.8
T03169,2026-09-22 13:28:32,13,1,9,day,OP1022,DZR002,Dozer,Demolition,Rainy,Dry,Beginner,0.6,7062.1,78.1,7.49,25.9,175.4,19.4,78.1,118.6,148.6,30.0
T03170,2026-05-28 06:28:31,6,3,5,day,OP1036,LDR004,Loader,Material Loading,Rainy,Rocky,Intermediate,3.3,5671.0,72.5,19.44,34.7,201.1,6.2,71.0,51.5,61.3,9.8
T03171,2026-02-16 11:32:46,11,0,2,day,OP1042,EXC003,Excavator,Trenching,Cloudy,Loose,Beginner,1.3,4083.1,68.2,12.67,25.9,230.3,36.6,55.1,55.2,84.1,28.9
T03172,2026-03-28 07:13:34,7,5,3,day,OP1025,GRD002,Grader,Site Clearing,Sunny,Wet,Expert,17.0,6351.1,98,18.51,31.2,124.0,52.4,82.5,89.5,95.6,6.1
T03173,2026-02-20 15:39:53,15,4,2,day,OP1053,BCK001,Backhoe,Site Clearing,Cloudy,Dry,Intermediate,7.0,6077.4,81.7,10.56,25.0,171.7,42.4,73.5,80.1,101.6,21.5
T03174,2025-08-19 11:29:17,11,1,8,day,OP1058,LDR002,Loader,Transfer,Cloudy,Dry,Intermediate,3.3,1854.4,89.3,17.49,30.2,36.1,37.8,19.5,24.7,17.7,-7.0
T03175,2026-03-07 10:24:06,10,5,3,day,OP1008,EXC001,Excavator,Site Clearing,Sunny,Loose,Beginner,1.2,5569.7,89.6,11.38,31.9,124.5,28.8,94.9,80.2,120.7,40.5
T03176,2025-09-18 20:35:41,20,3,9,night,OP1021,BCK002,Backhoe,Grading,Rainy,Rocky,Intermediate,4.3,4549.0,88.8,10.4,25.0,120.4,33.4,37.2,63.2,67.1,3.9
T03177,2026-09-14 10:33:38,10,0,9,day,OP1057,EXC002,Excavator,Demolition,Foggy,Loose,Beginner,2.8,4690.7,71.5,15.73,24.7,235.1,9.1,21.8,115.8,138.5,22.7
T03178,2026-09-22 18:32:08,18,1,9,night,OP1018,DZR002,Dozer,Material Loading,Sunny,Clay,Expert,15.8,7063.6,62.6,12.52,34.7,190.4,5.3,33.5,41.6,37.1,-4.5
T03179,2025-03-28 07:53:23,7,4,3,day,OP1048,LDR002,Loader,Material Loading,Foggy,Rocky,Beginner,2.2,802.1,74.5,17.02,27.0,115.9,27.2,64.5,42.5,61.1,18.6
T03180,2025-02-17 08:02:51,8,0,2,day,OP1047,LDR003,Loader,Demolition,Sunny,Dry,Beginner,2.8,1216.2,52.6,17.98,22.3,238.7,43.1,35.1,88.0,126.8,38.8
T03181,2026-01-02 01:52:42,1,4,1,night,OP1042,EXC007,Excavator,Earth Excavation,Foggy,Rocky,Beginner,1.3,6035.1,91.9,11.61,14.0,106.4,18.7,75.4,96.0,149.3,53.3
T03182,2025-12-05 12:52:41,12,4,12,day,OP1051,LDR002,Loader,Foundation Digging,Rainy,Rocky,Expert,11.2,2643.2,67.5,13.93,15.8,268.4,22.3,55.1,112.4,116.9,4.5
T03183,2025-04-27 03:57:49,3,6,4,night,OP1048,BCK003,Backhoe,Transfer,Sunny,Loose,Beginner,2.2,2168.6,91.1,3.23,28.2,107.5,42.2,58.9,25.2,47.6,22.4
T03184,2025-04-15 12:46:01,12,1,4,day,OP1052,EXC004,Excavator,Material Loading,Rainy,Rocky,Intermediate,5.8,1650.7,25.7,12.07,29.5,114.5,36.5,71.3,47.9,48.4,0.5
T03185,2025-07-18 08:00:58,8,4,7,day,OP1025,GRD001,Grader,Demolition,Rainy,Dry,Expert,17.0,3689.8,82.2,14.53,33.2,172.4,58.8,6.8,110.1,122.0,11.9
T03186,2025-12-26 09:36:15,9,4,12,day,OP1028,DZR004,Dozer,Foundation Digging,Sunny,Clay,Beginner,1.6,3500.9,46.9,9.63,20.4,60.8,48.4,5,85.8,123.8,38.0
T03187,2026-08-14 15:09:57,15,4,8,day,OP1020,LDR001,Loader,Foundation Digging,Sunny,Wet,Intermediate,8.4,5934.4,82.2,10.41,22.3,60.4,24.0,72.8,97.2,92.9,-4.3
T03188,2025-04-03 15:32:03,15,3,4,day,OP1007,LDR001,Loader,Earth Excavation,Cloudy,Clay,Beginner,1.2,2299.1,40.4,17.49,34.2,121.3,41.8,43.4,65.7,67.0,1.3
T03189,2025-12-19 07:21:59,7,4,12,day,OP1048,EXC008,Excavator,Demolition,Sunny,Loose,Beginner,2.2,2955.2,77.8,9.04,23.6,251.5,35.3,84.9,94.1,114.0,19.9
T03190,2025-12-18 06:31:32,6,3,12,day,OP1055,DZR004,Dozer,Site Clearing,Windy,Rocky,Expert,12.2,3441.6,77.1,9.36,20.1,284.1,31.7,57.3,98.9,106.2,7.3
T03191,2026-08-26 07:07:38,7,2,8,day,OP1047,EXC002,Excavator,Foundation Digging,Cloudy,Rocky,Beginner,2.8,4550.9,62.9,6.95,35.3,66.8,27.4,25.4,103.6,146.3,42.7
T03192,2026-05-25 10:07:06,10,0,5,day,OP1029,LDR001,Loader,Trenching,Sunny,Clay,Intermediate,8.7,5341.6,90.2,11.71,45.1,14.1,51.4,30.7,58.8,83.6,24.8
T03193,2025-11-06 20:11:46,20,3,11,night,OP1009,BCK002,Backhoe,Demolition,Rainy,Rocky,Intermediate,5.2,4906.6,62.5,10.3,22.2,176.5,33.4,39.6,140.9,164.0,23.1
T03194,2026-08-28 12:16:37,12,4,8,day,OP1036,EXC007,Excavator,Foundation Digging,Cloudy,Rocky,Intermediate,3.3,7775.7,73.0,9.43,29.9,127.1,21.0,60.4,116.0,124.8,8.8
T03195,2026-07-07 20:21:43,20,1,7,night,OP1017,EXC003,Excavator,Earth Excavation,Rainy,Loose,Expert,13.3,5115.1,98,9.68,24.4,130.9,27.7,64.6,79.8,90.5,10.7
T03196,2025-11-29 13:19:17,13,5,11,day,OP1039,LDR002,Loader,Material Loading,Foggy,Wet,Expert,10.2,2599.5,65.9,9.22,22.5,84.4,7.8,73.9,41.6,35.5,-6.1
T03197,2026-03-07 14:29:23,14,5,3,day,OP1048,LDR004,Loader,Material Loading,Windy,Dry,Beginner,2.2,5074.9,59.9,7.27,23.6,172.7,30.6,53.5,38.1,32.1,-6.0
T03198,2025-09-06 06:40:52,6,5,9,day,OP1016,EXC005,Excavator,Site Clearing,Cloudy,Wet,Beginner,2.9,4599.0,88.5,10.07,23.5,284.5,37.8,26.1,86.5,129.8,43.3
T03199,2025-05-29 19:13:12,19,3,5,night,OP1056,LDR002,Loader,Foundation Digging,Cloudy,Wet,Intermediate,4.7,1258.1,75.2,11.07,36.5,157.8,45.6,93.7,88.1,120.0,31.9
T03200,2026-04-24 20:25:50,20,4,4,night,OP1013,BCK002,Backhoe,Trenching,Sunny,Wet,Expert,18.9,6140.4,44.2,17.43,35.4,199.2,16.7,80.0,62.7,61.7,-1.0
T03201,2025-05-18 03:14:24,3,6,5,night,OP1052,LDR005,Loader,Material Loading,Sunny,Wet,Intermediate,5.8,1161.0,49.5,10.62,29.7,272.1,50.7,88.3,36.5,52.4,15.9
T03202,2025-11-29 08:59:36,8,5,11,day,OP1060,DZR002,Dozer,Site Clearing,Sunny,Wet,Expert,10.8,4892.6,72.4,5.63,21.7,156.6,36.7,26.9,84.9,79.8,-5.1
T03203,2025-11-29 10:34:12,10,5,11,day,OP1008,DZR004,Dozer,Earth Excavation,Rainy,Loose,Beginner,1.2,3304.1,57.3,7.03,20.9,130.1,30.3,50.7,72.2,91.2,19.0
T03204,2026-03-30 08:11:15,8,0,3,day,OP1044,LDR003,Loader,Transfer,Cloudy,Rocky,Beginner,1.1,4180.1,70.8,18.11,34.3,176.9,48.5,97.1,32.7,82.7,50.0
T03205,2025-10-29 10:11:14,10,2,10,day,OP1013,EXC004,Excavator,Grading,Rainy,Loose,Expert,18.9,3088.0,47.0,8.58,27.9,175.7,7.3,18.9,51.4,50.8,-0.6
T03206,2026-03-10 14:02:09,14,1,3,day,OP1013,GRD003,Grader,Grading,Cloudy,Wet,Expert,18.9,3250.8,44.1,3.58,36.4,135.9,20.3,65.2,46.0,49.3,3.3
T03207,2026-04-07 06:46:26,6,1,4,day,OP1036,BCK002,Backhoe,Transfer,Sunny,Loose,Intermediate,3.3,6012.1,70.6,10.65,32.2,174.8,14.9,46.1,28.7,43.9,15.2
T03208,2025-12-10 20:30:35,20,2,12,night,OP1021,EXC002,Excavator,Foundation Digging,Cloudy,Rocky,Intermediate,4.3,2664.3,89.6,8.31,19.2,116.3,52.1,50.2,96.4,121.2,24.8
T03209,2025-07-01 07:19:08,7,1,7,day,OP1009,GRD002,Grader,Demolition,Rainy,Clay,Intermediate,5.2,4380.1,54.4,8.88,29.3,190.6,17.3,72.7,128.8,126.5,-2.3
T03210,2026-05-12 14:17:53,14,1,5,day,OP1024,GRD002,Grader,Material Loading,Cloudy,Clay,Beginner,1.5,6681.7,46.1,15.8,44.5,214.5,12.2,60.3,42.3,29.9,-12.4
T03211,2026-07-09 11:46:05,11,3,7,day,OP1047,LDR004,Loader,Trenching,Foggy,Dry,Beginner,2.8,5979.3,56.0,16.54,27.2,222.0,28.1,30.1,62.7,94.6,31.9
T03212,2025-12-10 18:40:22,18,2,12,night,OP1050,EXC004,Excavator,Demolition,Cloudy,Dry,Intermediate,7.7,3397.2,56.3,16.12,8.2,197.7,18.2,41.5,93.9,115.4,21.5
T03213,2025-11-10 15:10:21,15,0,11,day,OP1011,DZR002,Dozer,Trenching,Cloudy,Clay,Intermediate,6.7,4755.8,60.3,6.16,24.8,300.8,55.0,63.9,59.3,52.1,-7.2
T03214,2026-01-07 00:28:28,0,2,1,night,OP1020,DZR002,Dozer,Site Clearing,Foggy,Wet,Intermediate,8.4,5174.7,74.9,3.13,16.4,141.9,20.6,60.0,94.8,110.0,15.2
T03215,2025-07-18 09:55:25,9,4,7,day,OP1033,EXC006,Excavator,Trenching,Rainy,Wet,Expert,17.2,4013.9,71.6,23.82,40.2,115.9,20.5,22.1,72.9,77.7,4.8
T03216,2026-06-05 13:05:45,13,4,6,day,OP1024,EXC005,Excavator,Demolition,Sunny,Rocky,Beginner,1.5,6586.6,69.3,11.82,29.5,272.0,7.7,56.0,127.0,139.6,12.6
T03217,2026-06-13 06:34:28,6,5,6,day,OP1024,BCK001,Backhoe,Demolition,Cloudy,Rocky,Beginner,1.5,6899.6,55.1,16.67,40.6,253.6,13.0,41.5,132.2,155.0,22.8
T03218,2025-08-15 12:39:15,12,4,8,day,OP1057,BCK002,Backhoe,Foundation Digging,Rainy,Wet,Beginner,2.8,4298.4,51.6,9.08,27.5,68.7,11.8,27.4,110.7,126.8,16.1
T03219,2026-03-04 21:43:17,21,2,3,night,OP1054,DZR003,Dozer,Foundation Digging,Sunny,Clay,Intermediate,5.0,5201.7,55.5,17.45,31.3,245.3,39.5,92.5,91.4,123.2,31.8
T03220,2026-03-31 09:00:21,9,1,3,day,OP1032,EXC002,Excavator,Grading,Cloudy,Wet,Intermediate,3.9,3471.1,75.8,14.0,24.4,83.5,45.3,18.0,46.4,64.0,17.6
T03221,2025-01-29 15:40:51,15,2,1,day,OP1005,GRD001,Grader,Foundation Digging,Cloudy,Rocky,Expert,18.5,2451.1,86.3,8.12,20.0,87.9,43.1,92.9,95.8,106.3,10.5
T03222,2025-01-07 02:41:23,2,1,1,night,OP1051,GRD001,Grader,Material Loading,Windy,Loose,Expert,11.2,2286.6,71.9,12.62,20.9,161.9,31.6,14.6,36.1,38.8,2.7
T03223,2026-07-29 08:51:23,8,2,7,day,OP1043,LDR001,Loader,Earth Excavation,Rainy,Loose,Expert,19.0,5815.7,65.1,12.83,30.2,203.5,22.3,18.0,86.9,89.2,2.3
T03224,2025-11-12 13:57:47,13,2,11,day,OP1029,GRD001,Grader,Material Loading,Sunny,Rocky,Intermediate,8.7,4545.7,67.6,19.48,21.1,72.5,51.3,63.9,42.9,57.3,14.4
T03225,2025-06-02 07:29:32,7,0,6,day,OP1057,EXC007,Excavator,Demolition,Cloudy,Dry,Beginner,2.8,4474.7,53.5,4.93,36.5,198.4,18.9,29.5,97.8,142.2,44.4
T03226,2025-01-20 11:42:59,11,0,1,day,OP1004,LDR005,Loader,Earth Excavation,Cloudy,Rocky,Intermediate,6.3,302.1,64.8,10.06,17.7,153.6,29.9,40.4,74.1,72.4,-1.7
T03227,2025-12-22 18:38:48,18,0,12,night,OP1040,EXC001,Excavator,Demolition,Sunny,Clay,Intermediate,8.2,5024.7,68.5,12.63,26.4,84.8,36.0,36.6,106.6,139.6,33.0
T03228,2025-07-11 12:35:52,12,4,7,day,OP1006,EXC003,Excavator,Grading,Windy,Dry,Intermediate,3.3,2477.4,88.3,13.24,29.6,128.4,17.0,59.6,41.9,55.2,13.3
T03229,2026-07-23 08:14:43,8,3,7,day,OP1047,BCK001,Backhoe,Foundation Digging,Rainy,Clay,Beginner,2.8,7192.1,73.1,21.61,30.6,56.1,38.5,74.6,111.7,168.0,56.3
T03230,2025-09-20 00:17:24,0,5,9,night,OP1032,GRD002,Grader,Foundation Digging,Cloudy,Dry,Intermediate,3.9,4969.3,89.2,8.15,32.4,113.0,45.8,109.7,84.9,99.2,14.3
T03231,2026-02-02 14:21:00,14,0,2,day,OP1017,LDR001,Loader,Earth Excavation,Windy,Wet,Expert,13.3,4525.2,59.8,1.89,22.1,163.9,40.8,114.4,73.2,77.5,4.3
T03232,2025-07-03 06:22:39,6,3,7,day,OP1005,EXC003,Excavator,Grading,Rainy,Clay,Expert,18.5,2417.1,70.0,19.67,32.0,216.0,31.1,43.3,49.2,50.7,1.5
T03233,2025-05-17 10:43:32,10,5,5,day,OP1033,BCK001,Backhoe,Demolition,Sunny,Rocky,Expert,17.2,4039.2,98,12.71,37.7,374.2,29.6,14.1,115.8,117.4,1.6
T03234,2026-02-05 14:50:27,14,3,2,day,OP1001,GRD002,Grader,Demolition,Cloudy,Wet,Expert,13.7,5981.1,88.5,0.59,14.0,117.1,40.3,52.7,117.7,117.9,0.2
T03235,2025-01-06 15:59:53,15,0,1,day,OP1035,BCK004,Backhoe,Transfer,Rainy,Rocky,Beginner,2.8,678.3,62.9,11.6,17.9,304.4,48.6,74.5,34.4,14.3,-20.1
T03236,2025-08-20 13:36:54,13,2,8,day,OP1037,EXC008,Excavator,Site Clearing,Cloudy,Clay,Expert,24.1,2073.8,72.0,13.74,32.1,124.0,28.3,53.4,77.0,75.3,-1.7
T03237,2026-07-22 07:06:42,7,2,7,day,OP1001,EXC006,Excavator,Site Clearing,Rainy,Wet,Expert,13.7,6706.7,27.8,6.86,33.3,295.6,35.7,78.5,114.1,114.3,0.2
T03238,2025-11-28 06:26:42,6,4,11,day,OP1017,DZR001,Dozer,Transfer,Sunny,Clay,Expert,13.3,3215.6,75.5,16.11,17.6,10,20.4,30.9,27.2,22.4,-4.8
T03239,2025-02-12 15:48:01,15,2,2,day,OP1037,LDR004,Loader,Site Clearing,Cloudy,Loose,Expert,24.1,2242.9,69.8,12.98,22.2,186.9,34.6,80.1,73.5,69.4,-4.1
T03240,2026-04-18 15:01:13,15,5,4,day,OP1060,DZR003,Dozer,Earth Excavation,Sunny,Loose,Expert,10.8,5528.1,94.5,8.65,34.5,146.1,18.4,44.5,68.3,61.3,-7.0
T03241,2026-06-10 09:59:53,9,2,6,day,OP1058,LDR005,Loader,Material Loading,Rainy,Rocky,Intermediate,3.3,3995.4,86.9,18.63,36.5,194.1,42.6,101.2,49.7,50.9,1.2
T03242,2026-05-01 23:23:21,23,4,5,night,OP1022,DZR004,Dozer,Grading,Foggy,Dry,Beginner,0.6,4424.9,54.3,12.25,33.7,95.0,28.2,61.1,45.5,72.0,26.5
T03243,2026-02-23 14:43:57,14,0,2,day,OP1048,EXC001,Excavator,Demolition,Cloudy,Wet,Beginner,2.2,5483.5,98,8.21,20.6,264.1,31.9,44.5,115.7,165.4,49.7
T03244,2026-04-11 21:03:23,21,5,4,night,OP1007,DZR003,Dozer,Earth Excavation,Sunny,Wet,Beginner,1.2,5478.9,89.5,10.61,34.0,287.5,26.0,55.8,74.0,115.2,41.2
T03245,2026-04-22 14:45:11,14,2,4,day,OP1049,DZR004,Dozer,Earth Excavation,Rainy,Clay,Beginner,0.8,4356.6,54.5,17.7,33.4,88.0,42.7,30.4,81.6,103.5,21.9
T03246,2026-06-13 20:56:10,20,5,6,night,OP1004,DZR003,Dozer,Site Clearing,Cloudy,Clay,Intermediate,6.3,5938.7,64.1,8.49,38.0,155.2,26.4,64.1,87.6,91.5,3.9
T03247,2026-09-21 13:55:11,13,0,9,day,OP1004,EXC003,Excavator,Site Clearing,Rainy,Dry,Intermediate,6.3,5667.9,65.2,9.42,23.1,198.5,28.0,79.1,90.0,101.7,11.7
T03248,2025-07-25 19:38:38,19,4,7,night,OP1005,BCK004,Backhoe,Site Clearing,Sunny,Dry,Expert,18.5,2139.5,71.9,4.45,26.2,165.6,35.5,27.8,68.0,76.3,8.3
T03249,2026-01-16 22:45:37,22,4,1,night,OP1016,EXC008,Excavator,Material Loading,Rainy,Clay,Beginner,2.9,3164.3,80.8,8.12,22.5,176.3,42.4,52.1,42.1,75.9,33.8
T03250,2025-06-27 00:30:28,0,4,6,night,OP1026,GRD002,Grader,Trenching,Rainy,Wet,Beginner,2.3,4348.8,63.7,5.6,39.5,77.5,34.6,48.7,73.1,127.3,54.2
T03251,2025-01-09 10:25:41,10,3,1,day,OP1006,EXC001,Excavator,Trenching,Sunny,Dry,Intermediate,3.3,2489.1,59.1,15.98,12.1,40.9,26.1,41.0,48.0,78.3,30.3
T03252,2026-04-10 21:09:52,21,4,4,night,OP1002,BCK002,Backhoe,Trenching,Cloudy,Clay,Expert,18.3,6038.4,71.8,14.03,29.2,163.9,21.6,42.5,62.1,67.1,5.0
T03253,2026-04-14 03:39:01,3,1,4,night,OP1059,DZR004,Dozer,Trenching,Sunny,Dry,Expert,22.2,4294.8,90.9,12.69,30.0,157.5,51.3,24.3,51.4,60.0,8.6
T03254,2026-04-11 08:32:25,8,5,4,day,OP1011,DZR004,Dozer,Transfer,Cloudy,Rocky,Intermediate,6.7,4274.4,66.5,10.77,35.7,61.6,28.6,95.8,32.8,33.4,0.6
T03255,2025-06-19 07:28:56,7,3,6,day,OP1050,LDR003,Loader,Demolition,Rainy,Wet,Intermediate,7.7,2106.7,70.3,10.45,30.9,174.1,40.4,84.4,120.0,137.6,17.6
T03256,2026-03-28 15:35:43,15,5,3,day,OP1040,BCK003,Backhoe,Demolition,Rainy,Wet,Intermediate,8.2,4617.6,66.8,14.08,12.9,117.6,41.5,25.5,136.0,159.9,23.9
T03257,2025-05-15 13:24:41,13,3,5,day,OP1060,BCK001,Backhoe,Grading,Sunny,Loose,Expert,10.8,4025.5,88.7,12.75,44.9,124.1,32.0,50.3,42.3,38.4,-3.9
T03258,2026-05-22 12:57:35,12,4,5,day,OP1004,DZR004,Dozer,Material Loading,Rainy,Dry,Intermediate,6.3,4575.0,61.7,6.63,44.2,222.1,22.5,41.1,43.1,51.7,8.6
T03259,2025-09-20 06:43:33,6,5,9,day,OP1031,GRD002,Grader,Grading,Windy,Wet,Expert,22.8,4971.2,76.3,16.0,35.6,180.0,23.1,71.0,50.7,51.1,0.4
T03260,2026-09-07 11:44:49,11,0,9,day,OP1043,BCK002,Backhoe,Trenching,Rainy,Rocky,Expert,19.0,7130.5,95.4,16.72,30.6,94.7,25.1,31.6,86.8,85.2,-1.6
T03261,2025-01-15 11:32:30,11,2,1,day,OP1050,DZR002,Dozer,Transfer,Rainy,Clay,Intermediate,7.7,2572.0,71.6,6.6,17.0,193.0,29.2,78.1,31.7,42.9,11.2
T03262,2026-04-06 08:54:54,8,0,4,day,OP1045,BCK004,Backhoe,Material Loading,Rainy,Loose,Intermediate,6.5,3997.7,71.5,16.01,35.2,166.7,17.1,56.7,44.6,44.6,0.0
T03263,2025-04-23 10:01:18,10,2,4,day,OP1037,GRD001,Grader,Grading,Rainy,Wet,Expert,24.1,3062.6,53.6,18.46,29.7,244.9,32.6,87.8,51.3,51.9,0.6
T03264,2025-10-27 23:30:11,23,0,10,night,OP1017,LDR003,Loader,Demolition,Sunny,Loose,Expert,13.3,3060.5,77.8,14.6,20.9,54.0,26.7,49.0,94.5,102.1,7.6
T03265,2025-04-01 21:45:13,21,1,4,night,OP1054,GRD002,Grader,Foundation Digging,Cloudy,Dry,Intermediate,5.0,3720.2,66.3,8.61,36.2,82.2,24.0,56.8,81.0,90.9,9.9
T03266,2025-05-31 06:40:18,6,5,5,day,OP1008,EXC004,Excavator,Demolition,Windy,Wet,Beginner,1.2,1984.6,79.0,4.94,39.4,22.2,40.5,68.6,105.6,142.1,36.5
T03267,2026-03-13 12:47:56,12,4,3,day,OP1019,EXC007,Excavator,Foundation Digging,Sunny,Rocky,Intermediate,4.5,6549.5,64.2,9.45,19.9,251.8,19.7,36.3,108.1,129.5,21.4
T03268,2026-06-16 15:32:12,15,1,6,day,OP1028,BCK001,Backhoe,Grading,Rainy,Clay,Beginner,1.6,6924.2,67.8,16.21,33.8,165.2,38.0,13.9,58.7,97.8,39.1
T03269,2025-02-15 08:55:51,8,5,2,day,OP1029,LDR001,Loader,Grading,Sunny,Dry,Intermediate,8.7,1954.0,60.8,14.86,15.5,167.5,37.5,32.4,38.0,42.1,4.1
T03270,2025-10-04 03:49:18,3,5,10,night,OP1031,BCK004,Backhoe,Material Loading,Foggy,Loose,Expert,22.8,2652.9,50.1,8.17,26.3,170.0,16.5,37.9,39.2,46.5,7.3
T03271,2025-03-04 13:31:00,13,1,3,day,OP1055,LDR003,Loader,Material Loading,Sunny,Wet,Expert,12.2,1327.4,76.1,0.39,27.4,208.8,23.9,65.6,36.5,35.1,-1.4
T03272,2025-02-12 09:04:52,9,2,2,day,OP1002,BCK004,Backhoe,Trenching,Sunny,Loose,Expert,18.3,946.3,81.2,6.54,17.3,159.2,32.9,44.3,50.4,45.8,-4.6
T03273,2025-05-14 06:58:37,6,2,5,day,OP1033,BCK003,Backhoe,Material Loading,Cloudy,Rocky,Expert,17.2,2293.6,62.5,16.81,44.8,59.2,32.6,16.0,40.9,47.7,6.8
T03274,2025-09-24 14:00:18,14,2,9,day,OP1017,DZR001,Dozer,Grading,Cloudy,Dry,Expert,13.3,2743.4,65.4,4.7,24.0,125.9,23.6,77.5,39.5,40.1,0.6
T03275,2025-05-17 13:00:01,13,5,5,day,OP1051,DZR002,Dozer,Material Loading,Cloudy,Loose,Expert,11.2,3463.0,64.3,15.64,35.8,68.5,39.2,46.4,35.9,38.7,2.8
T03276,2025-06-27 21:28:57,21,4,6,night,OP1018,EXC006,Excavator,Grading,Rainy,Clay,Expert,15.8,3864.1,55.0,5.51,32.2,10,19.6,73.5,54.8,55.4,0.6
T03277,2026-04-22 07:43:14,7,2,4,day,OP1024,GRD002,Grader,Earth Excavation,Sunny,Wet,Beginner,1.5,6533.7,59.4,9.24,36.4,206.7,16.5,126.1,76.8,117.8,41.0
T03278,2026-08-08 11:19:05,11,5,8,day,OP1022,DZR002,Dozer,Foundation Digging,Rainy,Dry,Beginner,0.6,6732.9,56.2,5.26,29.2,199.4,23.9,46.2,107.2,169.5,62.3
T03279,2025-08-26 13:13:05,13,1,8,day,OP1056,BCK003,Backhoe,Transfer,Rainy,Clay,Intermediate,4.7,3054.7,77.5,4.23,38.5,154.3,32.9,28.6,32.9,32.0,-0.9
T03280,2025-10-14 01:04:14,1,1,10,night,OP1034,EXC003,Excavator,Earth Excavation,Sunny,Wet,Beginner,1.3,3167.4,74.5,18.42,26.3,149.2,21.0,37.3,67.9,106.1,38.2
T03281,2025-12-13 03:16:48,3,5,12,night,OP1027,BCK003,Backhoe,Grading,Windy,Wet,Intermediate,6.2,3847.4,87.0,10.91,21.5,129.1,25.9,99.1,48.8,56.2,7.4
T03282,2026-03-28 08:48:18,8,5,3,day,OP1019,EXC006,Excavator,Earth Excavation,Sunny,Clay,Intermediate,4.5,5860.5,69.2,12.29,33.5,277.4,22.7,61.0,72.4,74.5,2.1
T03283,2026-08-29 06:50:10,6,5,8,day,OP1008,EXC008,Excavator,Transfer,Windy,Wet,Beginner,1.2,4802.0,52.7,2.19,28.1,111.8,39.9,56.4,31.4,44.6,13.2
T03284,2026-02-11 10:47:15,10,2,2,day,OP1054,EXC004,Excavator,Material Loading,Foggy,Dry,Intermediate,5.0,3854.7,70.6,15.93,19.3,39.3,25.2,42.6,38.3,40.3,2.0
T03285,2026-08-20 08:30:05,8,3,8,day,OP1042,BCK003,Backhoe,Trenching,Cloudy,Wet,Beginner,1.3,5674.0,76.9,15.44,23.0,152.9,21.8,90.5,63.5,77.8,14.3
T03286,2026-03-13 06:37:59,6,4,3,day,OP1041,GRD002,Grader,Grading,Sunny,Dry,Intermediate,4.3,6241.4,75.6,4.53,33.1,124.3,13.0,38.4,43.7,46.1,2.4
T03287,2026-03-24 14:08:28,14,1,3,day,OP1004,LDR001,Loader,Trenching,Cloudy,Loose,Intermediate,6.3,4890.2,97.3,13.65,26.8,104.3,33.6,61.3,56.9,71.0,14.1
T03288,2025-07-22 23:52:36,23,1,7,night,OP1004,EXC003,Excavator,Earth Excavation,Sunny,Wet,Intermediate,6.3,2561.1,93.1,9.65,33.2,21.5,29.3,42.7,66.3,72.0,5.7
T03289,2025-05-29 08:04:10,8,3,5,day,OP1015,LDR003,Loader,Earth Excavation,Sunny,Dry,Beginner,0.6,1953.5,44.5,11.68,36.4,115.5,27.5,44.8,58.0,94.9,36.9
T03290,2025-04-25 12:12:15,12,4,4,day,OP1033,BCK001,Backhoe,Demolition,Foggy,Wet,Expert,17.2,3879.1,42.8,9.98,36.0,117.5,29.9,54.8,117.5,114.6,-2.9
T03291,2026-01-03 07:26:27,7,5,1,day,OP1055,GRD002,Grader,Transfer,Foggy,Clay,Expert,12.2,5737.9,57.3,11.35,21.1,255.7,26.3,38.2,34.7,31.8,-2.9
T03292,2026-06-09 15:59:42,15,1,6,day,OP1006,BCK002,Backhoe,Demolition,Sunny,Dry,Intermediate,3.3,6474.8,55.7,6.56,43.5,10,14.4,55.6,102.0,116.4,14.4
T03293,2025-02-10 12:15:27,12,0,2,day,OP1013,BCK001,Backhoe,Material Loading,Rainy,Wet,Expert,18.9,3338.9,75.8,7.01,17.5,55.6,22.4,29.2,43.7,42.1,-1.6
T03294,2026-01-16 10:16:01,10,4,1,day,OP1047,DZR002,Dozer,Trenching,Windy,Loose,Beginner,2.8,5243.4,79.8,12.96,10.8,119.2,40.1,60.9,57.4,81.6,24.2
T03295,2026-06-27 14:01:43,14,5,6,day,OP1016,BCK001,Backhoe,Material Loading,Cloudy,Clay,Beginner,2.9,7004.0,71.3,10.6,32.9,133.2,25.5,15.7,42.8,40.1,-2.7
T03296,2025-03-20 03:32:36,3,3,3,night,OP1009,BCK003,Backhoe,Material Loading,Cloudy,Rocky,Intermediate,5.2,1891.1,81.5,15.72,26.2,242.0,18.1,93.2,40.9,54.1,13.2
T03297,2025-06-10 14:01:25,14,1,6,day,OP1017,DZR004,Dozer,Trenching,Rainy,Dry,Expert,13.3,2049.5,76.8,14.55,31.2,35.3,12.7,42.9,57.1,55.7,-1.4
T03298,2026-06-08 13:48:51,13,0,6,day,OP1044,EXC004,Excavator,Transfer,Sunny,Dry,Beginner,1.1,4709.7,86.9,17.93,36.5,223.7,38.5,97.4,26.1,33.5,7.4
T03299,2025-06-19 10:40:25,10,3,6,day,OP1033,BCK001,Backhoe,Grading,Cloudy,Dry,Expert,17.2,4280.1,68.9,11.17,36.5,121.2,30.5,73.8,41.9,41.2,-0.7
T03300,2025-11-10 09:34:18,9,0,11,day,OP1052,LDR004,Loader,Foundation Digging,Sunny,Clay,Intermediate,5.8,4219.3,64.4,13.98,23.6,31.0,33.5,48.3,88.2,92.1,3.9
T03301,2026-01-01 01:07:10,1,3,1,night,OP1045,GRD002,Grader,Material Loading,Windy,Dry,Intermediate,6.5,5721.4,63.3,3.91,15.3,278.5,41.1,48.4,38.9,52.0,13.1
T03302,2025-12-11 23:56:26,23,3,12,night,OP1058,LDR001,Loader,Material Loading,Sunny,Clay,Intermediate,3.3,4141.3,90.9,5.02,18.5,95.5,54.7,64.9,37.5,39.8,2.3
T03303,2026-05-11 18:17:03,18,0,5,night,OP1018,GRD003,Grader,Site Clearing,Rainy,Rocky,Expert,15.8,3704.7,75.7,19.27,46,10,9.7,84.5,109.5,112.7,3.2
T03304,2026-09-02 06:52:08,6,2,9,day,OP1047,LDR003,Loader,Material Loading,Cloudy,Wet,Beginner,2.8,5318.5,88.6,3.74,36.4,142.0,32.1,54.9,41.8,48.1,6.3
T03305,2026-03-21 14:56:12,14,5,3,day,OP1028,EXC008,Excavator,Earth Excavation,Sunny,Rocky,Beginner,1.6,3629.1,45.2,12.74,30.1,239.5,49.1,71.5,75.2,91.2,16.0
T03306,2026-02-03 23:46:39,23,1,2,night,OP1055,EXC003,Excavator,Demolition,Foggy,Loose,Expert,12.2,3991.9,69.8,13.42,24.6,133.3,23.6,74.5,106.5,112.0,5.5
T03307,2025-05-06 07:26:41,7,1,5,day,OP1053,DZR001,Dozer,Site Clearing,Cloudy,Loose,Intermediate,7.0,1712.1,37.7,10.39,38.1,152.2,37.0,79.5,73.5,87.6,14.1
T03308,2026-05-08 10:03:14,10,4,5,day,OP1015,GRD003,Grader,Material Loading,Sunny,Clay,Beginner,0.6,3680.3,43.0,11.54,32.2,205.6,12.4,80.5,36.9,36.7,-0.2
T03309,2026-08-21 09:01:23,9,4,8,day,OP1029,BCK001,Backhoe,Demolition,Sunny,Wet,Intermediate,8.7,7404.0,81.1,10.9,31.5,119.6,44.1,79.4,120.0,145.4,25.4
T03310,2026-02-09 09:27:00,9,0,2,day,OP1036,BCK003,Backhoe,Trenching,Cloudy,Rocky,Intermediate,3.3,4272.6,60.1,15.78,25.8,76.0,8.0,62.2,65.7,74.9,9.2
T03311,2026-08-18 15:39:50,15,1,8,day,OP1043,LDR004,Loader,Transfer,Windy,Rocky,Expert,19.0,6272.4,82.3,12.25,24.1,214.8,24.1,75.8,38.0,39.1,1.1
T03312,2025-05-03 03:41:15,3,5,5,night,OP1010,EXC003,Excavator,Transfer,Sunny,Loose,Intermediate,8.6,1971.0,56.4,6.43,37.9,177.8,38.4,58.0,25.2,31.2,6.0
T03313,2025-07-20 00:44:46,0,6,7,night,OP1027,LDR004,Loader,Transfer,Rainy,Rocky,Intermediate,6.2,3391.7,74.0,6.13,26.9,252.8,36.1,47.1,36.7,51.5,14.8
T03314,2025-06-06 20:44:24,20,4,6,night,OP1059,GRD002,Grader,Demolition,Rainy,Rocky,Expert,22.2,4201.7,60.8,8.74,33.6,51.5,62,38.6,136.4,164.6,28.2
T03315,2026-02-16 22:54:49,22,0,2,night,OP1052,EXC003,Excavator,Grading,Sunny,Dry,Intermediate,5.8,4086.5,70.1,5.95,20.4,53.1,30.3,40.4,40.4,70.9,30.5
T03316,2025-02-22 09:26:59,9,5,2,day,OP1039,GRD001,Grader,Grading,Cloudy,Loose,Expert,10.2,2624.4,76.9,9.57,25.9,85.3,5,48.2,41.3,41.0,-0.3
T03317,2025-01-22 02:21:21,2,2,1,night,OP1038,DZR002,Dozer,Site Clearing,Cloudy,Wet,Beginner,2.4,2620.3,62.5,14.43,12.5,155.2,41.3,28.7,80.2,129.1,48.9
T03318,2025-05-02 06:17:05,6,4,5,day,OP1013,LDR003,Loader,Demolition,Cloudy,Wet,Expert,18.9,1755.9,63.0,5.84,34.3,54.0,13.5,56.4,103.3,104.0,0.7
T03319,2025-11-15 00:52:46,0,5,11,night,OP1034,BCK003,Backhoe,Transfer,Sunny,Rocky,Beginner,1.3,3642.2,41.4,14.71,24.6,256.3,15.8,51.3,31.1,55.4,24.3
T03320,2025-10-07 08:59:32,8,1,10,day,OP1056,LDR001,Loader,Demolition,Sunny,Clay,Intermediate,4.7,3662.2,52.8,7.96,34.8,98.8,40.7,12.0,101.3,114.0,12.7
T03321,2025-06-12 13:43:20,13,3,6,day,OP1045,LDR004,Loader,Transfer,Rainy,Wet,Intermediate,6.5,3118.2,57.4,7.99,35.8,84.2,29.1,49.5,35.3,47.9,12.6
T03322,2026-06-09 07:07:13,7,1,6,day,OP1030,EXC008,Excavator,Grading,Rainy,Wet,Intermediate,4.1,4210.7,69.3,7.59,39.1,221.0,23.4,83.6,52.8,56.8,4.0
T03323,2025-05-22 06:34:49,6,3,5,day,OP1046,EXC008,Excavator,Demolition,Sunny,Loose,Beginner,2.1,1414.7,77.7,10.34,39.4,69.4,42.1,44.2,92.4,144.3,51.9
T03324,2025-01-24 21:23:46,21,4,1,night,OP1020,GRD003,Grader,Material Loading,Windy,Wet,Intermediate,8.4,260.1,57.8,8.89,15.3,178.1,17.3,10.8,39.7,49.9,10.2
T03325,2026-01-31 20:31:27,20,5,1,night,OP1008,BCK002,Backhoe,Earth Excavation,Cloudy,Clay,Beginner,1.2,5534.5,53.7,22.37,16.6,162.9,32.4,73.4,73.7,94.9,21.2
T03326,2025-10-02 15:32:32,15,3,10,day,OP1060,DZR003,Dozer,Trenching,Cloudy,Dry,Expert,10.8,4082.9,64.8,5.96,31.5,28.9,26.6,86.5,52.6,47.0,-5.6
T03327,2025-10-22 08:19:38,8,2,10,day,OP1012,EXC007,Excavator,Earth Excavation,Sunny,Loose,Beginner,1.4,5511.5,70.3,10.33,23.8,197.9,55.8,73.6,68.2,108.7,40.5
T03328,2025-11-26 18:40:40,18,2,11,night,OP1010,DZR004,Dozer,Site Clearing,Rainy,Dry,Intermediate,8.6,3284.7,82.3,14.78,22.5,121.9,39.2,47.1,82.3,99.6,17.3
T03329,2025-07-15 06:53:08,6,1,7,day,OP1020,EXC008,Excavator,Foundation Digging,Rainy,Rocky,Intermediate,8.4,1809.0,68.1,18.31,28.1,124.0,33.3,22.2,106.1,119.9,13.8
T03330,2025-03-12 01:27:48,1,2,3,night,OP1014,DZR003,Dozer,Earth Excavation,Sunny,Clay,Expert,21.2,2589.4,62.9,9.79,33.9,222.2,28.6,66.4,64.0,73.5,9.5
T03331,2025-02-11 15:01:19,15,1,2,day,OP1049,LDR003,Loader,Site Clearing,Sunny,Clay,Beginner,0.8,1174.5,91.3,6.01,21.2,124.0,44.3,93.4,74.8,115.1,40.3
T03332,2026-07-04 00:00:25,0,5,7,night,OP1047,LDR001,Loader,Grading,Sunny,Dry,Beginner,2.8,5630.5,66.3,15.35,23.5,10,43.8,71.4,42.8,63.4,20.6
T03333,2026-03-12 22:39:05,22,3,3,night,OP1049,DZR001,Dozer,Earth Excavation,Foggy,Rocky,Beginner,0.8,3979.8,73.9,4.92,27.5,135.6,28.1,105.4,87.5,109.2,21.7
T03334,2025-12-30 12:53:54,12,1,12,day,OP1014,DZR004,Dozer,Earth Excavation,Windy,Rocky,Expert,21.2,3531.1,98,11.57,19.8,225.7,26.1,72.5,80.1,73.8,-6.3
T03335,2026-06-19 14:05:00,14,4,6,day,OP1036,EXC002,Excavator,Site Clearing,Rainy,Rocky,Intermediate,3.3,4056.7,96.4,7.28,34.0,108.0,16.5,56.6,107.4,117.6,10.2
T03336,2025-07-31 11:11:25,11,3,7,day,OP1013,EXC004,Excavator,Earth Excavation,Cloudy,Loose,Expert,18.9,2431.3,81.7,13.57,27.3,31.6,13.8,83.8,62.7,58.5,-4.2
T03337,2025-05-09 15:01:42,15,4,5,day,OP1044,DZR002,Dozer,Demolition,Foggy,Dry,Beginner,1.1,3405.2,72.8,11.82,42.0,182.1,46.6,61.9,104.1,175.0,70.9
T03338,2026-08-17 10:17:30,10,0,8,day,OP1055,EXC008,Excavator,Site Clearing,Rainy,Loose,Expert,12.2,4715.4,78.1,12.96,27.1,284.5,50.3,52.8,96.8,109.9,13.1
T03339,2026-06-02 14:49:43,14,1,6,day,OP1031,GRD003,Grader,Demolition,Windy,Dry,Expert,22.8,3864.3,66.1,7.22,30.4,100.4,26.1,81.8,97.5,94.4,-3.1
T03340,2025-03-15 15:10:49,15,5,3,day,OP1032,EXC004,Excavator,Earth Excavation,Sunny,Loose,Intermediate,3.9,1425.1,70.6,11.93,29.4,246.3,53.9,39.7,60.9,74.6,13.7
T03341,2025-08-20 13:37:07,13,2,8,day,OP1060,LDR003,Loader,Trenching,Sunny,Wet,Expert,10.8,2561.1,82.4,10.7,28.8,10,29.0,37.3,54.9,64.5,9.6
T03342,2026-06-17 14:23:06,14,2,6,day,OP1025,EXC007,Excavator,Trenching,Rainy,Clay,Expert,17.0,7250.8,66.7,7.21,38.8,102.7,44.6,54.0,76.3,82.4,6.1
T03343,2025-07-21 12:56:28,12,0,7,day,OP1018,BCK003,Backhoe,Demolition,Sunny,Wet,Expert,15.8,2791.8,79.6,16.18,25.2,170.3,25.2,17.8,101.5,104.1,2.6
T03344,2026-09-06 01:48:21,1,6,9,night,OP1036,LDR002,Loader,Material Loading,Windy,Rocky,Intermediate,3.3,4647.3,60.9,10.96,27.1,248.9,7.4,23.7,44.9,60.9,16.0
T03345,2026-05-09 11:17:26,11,5,5,day,OP1020,LDR003,Loader,Grading,Rainy,Wet,Intermediate,8.4,4473.0,45.6,25.94,34.6,121.5,31.0,47.9,57.1,62.4,5.3
T03346,2025-03-08 12:06:24,12,5,3,day,OP1020,LDR002,Loader,Demolition,Cloudy,Dry,Intermediate,8.4,657.4,61.6,8.55,27.3,139.6,20.0,50.3,90.6,120.9,30.3
T03347,2026-09-03 15:16:38,15,3,9,day,OP1046,LDR001,Loader,Material Loading,Rainy,Loose,Beginner,2.1,6080.4,74.3,11.96,32.1,82.0,34.6,45.2,48.1,95.1,47.0
T03348,2026-05-29 21:52:58,21,4,5,night,OP1058,EXC003,Excavator,Material Loading,Windy,Rocky,Intermediate,3.3,4830.8,76.4,11.9,35.5,221.2,43.8,45.5,44.2,64.0,19.8
T03349,2025-11-12 10:17:30,10,2,11,day,OP1042,BCK001,Backhoe,Foundation Digging,Rainy,Dry,Beginner,1.3,5345.8,62.4,12.33,26.8,151.9,29.4,54.2,105.3,144.5,39.2
T03350,2025-10-12 02:50:01,2,6,10,night,OP1047,EXC005,Excavator,Site Clearing,Rainy,Loose,Beginner,2.8,4860.6,62.2,0,22.3,197.1,21.1,71.1,96.7,135.0,38.3
T03351,2025-03-21 22:51:22,22,4,3,night,OP1053,GRD001,Grader,Trenching,Cloudy,Loose,Intermediate,7.0,2825.6,38.4,9.06,29.8,144.0,23.7,68.5,52.6,62.4,9.8
T03352,2026-08-29 06:54:35,6,5,8,day,OP1024,DZR003,Dozer,Trenching,Cloudy,Loose,Beginner,1.5,6496.6,67.4,11.05,39.2,134.6,19.2,24.7,60.2,72.9,12.7
T03353,2026-06-08 14:59:00,14,0,6,day,OP1034,LDR003,Loader,Earth Excavation,Rainy,Wet,Beginner,1.3,4693.1,50.3,19.02,41.3,32.6,29.8,87.1,84.6,120.0,35.4
T03354,2026-07-08 07:56:24,7,2,7,day,OP1031,DZR004,Dozer,Grading,Rainy,Loose,Expert,22.8,4916.6,78.4,9.42,32.9,10,5,40.3,52.2,51.1,-1.1
T03355,2025-07-11 19:30:21,19,4,7,night,OP1025,GRD002,Grader,Material Loading,Windy,Loose,Expert,17.0,4456.8,98,14.27,38.7,142.2,55.5,28.3,38.9,41.7,2.8
T03356,2025-06-11 19:19:05,19,2,6,night,OP1036,EXC001,Excavator,Grading,Sunny,Loose,Intermediate,3.3,3608.8,52.6,13.14,32.1,238.6,16.7,42.4,41.7,40.0,-1.7
T03357,2026-06-23 11:21:06,11,1,6,day,OP1045,DZR004,Dozer,Material Loading,Cloudy,Clay,Intermediate,6.5,4808.1,57.3,8.8,38.3,145.4,32.9,39.2,39.6,44.0,4.4
T03358,2025-10-01 13:06:36,13,2,10,day,OP1054,DZR002,Dozer,Site Clearing,Sunny,Wet,Intermediate,5.0,4463.2,58.5,8.26,31.3,192.2,30.0,65.4,83.6,99.0,15.4
T03359,2025-05-20 22:21:17,22,1,5,night,OP1054,GRD003,Grader,Earth Excavation,Rainy,Dry,Intermediate,5.0,1107.2,61.6,7.23,38.7,68.1,34.8,45.0,72.2,96.7,24.5
T03360,2026-07-08 10:21:06,10,2,7,day,OP1049,LDR004,Loader,Grading,Rainy,Dry,Beginner,0.8,5971.5,70.1,18.16,38.6,107.7,41.6,101.3,54.1,85.8,31.7
T03361,2025-09-10 10:06:56,10,2,9,day,OP1059,BCK003,Backhoe,Site Clearing,Cloudy,Wet,Expert,22.2,3163.3,82.0,17.85,29.9,107.4,62,93.4,82.0,96.9,14.9
T03362,2025-10-21 07:49:52,7,1,10,day,OP1057,EXC002,Excavator,Earth Excavation,Cloudy,Wet,Beginner,2.8,2295.5,68.7,7.71,34.4,141.2,5,58.0,68.1,81.2,13.1
T03363,2025-10-14 13:53:55,13,1,10,day,OP1039,DZR003,Dozer,Earth Excavation,Windy,Rocky,Expert,10.2,4170.0,72.2,13.3,30.6,99.6,5,21.7,82.8,76.5,-6.3
T03364,2025-11-15 06:18:40,6,5,11,day,OP1047,GRD002,Grader,Grading,Sunny,Dry,Beginner,2.8,5379.9,82.2,7.33,22.1,151.0,34.8,68.5,42.4,60.1,17.7
T03365,2025-03-19 09:28:06,9,2,3,day,OP1041,EXC006,Excavator,Transfer,Foggy,Loose,Intermediate,4.3,3130.5,80.0,24.05,32.2,200.2,5,39.9,28.4,35.6,7.2
T03366,2025-04-30 15:57:23,15,2,4,day,OP1017,EXC001,Excavator,Demolition,Cloudy,Loose,Expert,13.3,3301.1,77.8,12.5,31.2,28.1,14.3,86.0,98.2,95.4,-2.8
T03367,2025-10-23 11:59:48,11,3,10,day,OP1009,DZR004,Dozer,Grading,Sunny,Loose,Intermediate,5.2,3034.4,69.1,2.6,29.1,185.5,29.6,62.7,40.8,40.8,0.0
T03368,2026-08-14 23:01:22,23,4,8,night,OP1007,GRD002,Grader,Transfer,Windy,Wet,Beginner,1.2,7370.6,75.2,9.56,35.1,80.0,28.9,50.5,36.3,73.9,37.6
T03369,2025-08-28 18:36:39,18,3,8,night,OP1055,GRD003,Grader,Grading,Windy,Wet,Expert,12.2,1836.0,71.7,13.06,34.3,215.4,30.9,41.2,46.6,45.7,-0.9
T03370,2025-02-08 11:09:20,11,5,2,day,OP1043,BCK003,Backhoe,Material Loading,Cloudy,Wet,Expert,19.0,1601.4,52.3,15.81,20.2,147.3,17.3,7.7,37.6,37.0,-0.6
T03371,2025-05-13 07:49:17,7,1,5,day,OP1048,DZR001,Dozer,Site Clearing,Cloudy,Clay,Beginner,2.2,1763.4,83.4,5.22,44.0,168.0,23.7,17.9,77.0,103.2,26.2
T03372,2025-06-06 09:25:21,9,4,6,day,OP1015,EXC005,Excavator,Site Clearing,Sunny,Dry,Beginner,0.6,3928.2,75.4,8.92,39.5,136.2,32.2,81.7,71.9,86.0,14.1
T03373,2025-03-19 18:59:43,18,2,3,night,OP1010,EXC006,Excavator,Trenching,Sunny,Wet,Intermediate,8.6,3133.4,44.7,12.21,26.8,69.9,52.1,37.9,56.1,66.7,10.6
T03374,2025-08-06 18:42:33,18,2,8,night,OP1023,BCK003,Backhoe,Earth Excavation,Sunny,Clay,Beginner,2.1,2910.4,79.9,10.63,35.8,108.1,24.9,67.6,64.8,64.3,-0.5
T03375,2026-01-26 13:04:34,13,0,1,day,OP1007,EXC006,Excavator,Material Loading,Windy,Rocky,Beginner,1.2,5416.5,72.2,20.66,19.5,120.9,26.2,73.6,48.0,78.7,30.7
T03376,2025-08-26 11:59:34,11,1,8,day,OP1016,GRD001,Grader,Earth Excavation,Rainy,Clay,Beginner,2.9,3975.7,81.5,11.58,35.5,309.7,48.0,55.2,80.9,125.6,44.7
T03377,2026-08-27 19:25:43,19,3,8,night,OP1032,LDR003,Loader,Foundation Digging,Sunny,Clay,Intermediate,3.9,5278.5,78.7,16.5,29.3,127.1,47.4,75.7,91.7,102.5,10.8
T03378,2025-08-14 14:42:22,14,3,8,day,OP1040,GRD003,Grader,Earth Excavation,Cloudy,Wet,Intermediate,8.2,1732.6,37.4,8.94,27.1,90.6,25.7,66.5,68.1,82.6,14.5
T03379,2026-04-01 20:53:01,20,2,4,night,OP1003,BCK001,Backhoe,Site Clearing,Cloudy,Rocky,Expert,20.4,6371.0,69.8,6.99,31.4,125.4,5,60.1,100.3,99.3,-1.0
T03380,2026-06-07 03:52:03,3,6,6,night,OP1030,EXC003,Excavator,Earth Excavation,Windy,Loose,Intermediate,4.1,4891.1,72.4,14.56,34.8,257.2,23.4,81.6,73.4,92.6,19.2
T03381,2026-01-24 15:35:48,15,5,1,day,OP1035,EXC001,Excavator,Earth Excavation,Windy,Clay,Beginner,2.8,5264.7,75.0,15.58,16.5,77.0,54.2,43.5,78.2,136.1,57.9
T03382,2025-12-26 19:13:10,19,4,12,night,OP1020,LDR002,Loader,Grading,Windy,Rocky,Intermediate,8.4,2798.4,94.3,13.23,16.7,210.9,22.3,72.3,53.1,59.6,6.5
T03383,2025-10-04 15:15:11,15,5,10,day,OP1013,LDR001,Loader,Demolition,Windy,Rocky,Expert,18.9,3642.2,53.7,3.24,35.4,80.3,7.1,15.0,121.9,117.8,-4.1
T03384,2026-05-12 14:08:35,14,1,5,day,OP1002,EXC002,Excavator,Trenching,Sunny,Dry,Expert,18.3,3779.3,98,16.72,38.5,85.9,25.4,24.6,50.5,46.6,-3.9
T03385,2025-07-22 08:36:15,8,1,7,day,OP1037,EXC002,Excavator,Transfer,Foggy,Wet,Expert,24.1,1631.4,52.7,18.6,33.1,185.0,41.3,74.2,32.0,36.4,4.4
T03386,2025-11-26 09:59:44,9,2,11,day,OP1026,EXC001,Excavator,Site Clearing,Windy,Dry,Beginner,2.3,4832.3,79.7,19.86,18.5,82.5,30.2,13.9,77.5,88.4,10.9
T03387,2026-07-09 08:49:02,8,3,7,day,OP1029,BCK002,Backhoe,Earth Excavation,Cloudy,Dry,Intermediate,8.7,6691.7,65.5,10.74,28.8,182.8,48.5,43.8,69.8,93.7,23.9
T03388,2026-06-15 18:33:49,18,0,6,night,OP1055,EXC001,Excavator,Site Clearing,Windy,Wet,Expert,12.2,6302.2,62.6,7.61,34.1,108.7,39.7,63.0,96.1,105.9,9.8
T03389,2026-01-20 08:14:25,8,1,1,day,OP1016,DZR002,Dozer,Demolition,Rainy,Loose,Beginner,2.9,5272.0,79.5,9.94,20.7,161.9,40.1,53.1,126.3,173.2,46.9
T03390,2025-07-02 07:39:40,7,2,7,day,OP1004,EXC003,Excavator,Material Loading,Sunny,Dry,Intermediate,6.3,2410.2,55.5,3.69,37.1,228.4,32.5,80.2,32.0,27.6,-4.4
T03391,2026-07-11 13:37:30,13,5,7,day,OP1028,GRD003,Grader,Transfer,Sunny,Dry,Beginner,1.6,4148.6,55.0,8.22,32.5,113.3,40.3,41.7,25.6,26.4,0.8
T03392,2025-07-02 00:40:26,0,2,7,night,OP1008,BCK001,Backhoe,Site Clearing,Sunny,Dry,Beginner,1.2,4372.0,34.5,3.38,40.6,96.8,31.4,37.6,73.1,102.8,29.7
T03393,2025-08-28 10:14:45,10,3,8,day,OP1047,EXC004,Excavator,Transfer,Foggy,Rocky,Beginner,2.8,2635.4,69.2,5.7,26.2,130.5,34.4,15.5,32.4,53.8,21.4
T03394,2026-06-27 15:31:57,15,5,6,day,OP1022,BCK003,Backhoe,Earth Excavation,Windy,Rocky,Beginner,0.6,5281.9,65.0,4.73,28.9,59.2,21.2,77.0,86.3,108.9,22.6
T03395,2025-11-27 08:55:37,8,3,11,day,OP1012,DZR004,Dozer,Site Clearing,Rainy,Rocky,Beginner,1.4,3289.0,48.9,15.66,14.6,173.8,51.8,81.6,100.6,163.4,62.8
T03396,2025-08-26 23:11:55,23,1,8,night,OP1035,DZR001,Dozer,Grading,Sunny,Dry,Beginner,2.8,2534.5,74.9,4.54,24.7,107.4,43.6,32.7,38.1,50.7,12.6
T03397,2025-08-07 10:43:31,10,3,8,day,OP1009,EXC005,Excavator,Demolition,Rainy,Loose,Intermediate,5.2,4381.2,90.4,11.58,22.7,93.2,27.6,62.2,121.9,138.6,16.7
T03398,2026-06-01 09:47:41,9,0,6,day,OP1006,EXC004,Excavator,Site Clearing,Rainy,Dry,Intermediate,3.3,4657.4,67.7,9.13,31.9,170.6,20.3,53.5,86.8,102.1,15.3
T03399,2026-06-10 10:19:12,10,2,6,day,OP1035,LDR001,Loader,Earth Excavation,Cloudy,Clay,Beginner,2.8,5458.4,72.7,12.62,35.2,92.4,50.7,85.2,73.5,118.1,44.6
T03400,2025-07-17 11:38:04,11,3,7,day,OP1055,DZR002,Dozer,Foundation Digging,Rainy,Rocky,Expert,12.2,3907.9,76.3,15.51,34.3,10,36.4,32.1,123.8,124.4,0.6
T03401,2025-10-28 09:56:25,9,1,10,day,OP1059,EXC008,Excavator,Earth Excavation,Sunny,Clay,Expert,22.2,2576.4,83.9,8.21,30.4,149.2,58.1,34.1,64.0,76.4,12.4
T03402,2025-10-03 10:16:25,10,4,10,day,OP1049,GRD002,Grader,Demolition,Rainy,Rocky,Beginner,0.8,5067.2,59.3,12.41,24.3,226.9,42.9,45.7,148.6,230.3,81.7
T03403,2026-02-04 21:48:52,21,2,2,night,OP1037,DZR001,Dozer,Demolition,Cloudy,Loose,Expert,24.1,3716.7,65.9,17.62,20.5,196.1,44.4,20.9,99.8,112.5,12.7
T03404,2025-12-13 08:03:23,8,5,12,day,OP1036,EXC007,Excavator,Foundation Digging,Sunny,Wet,Intermediate,3.3,5891.0,74.3,13.72,17.8,148.2,7.2,41.1,97.1,122.1,25.0
T03405,2025-05-23 06:36:18,6,4,5,day,OP1015,EXC003,Excavator,Foundation Digging,Cloudy,Clay,Beginner,0.6,2117.9,77.2,12.04,44.8,182.6,19.2,13.0,85.0,121.5,36.5
T03406,2025-09-27 11:37:19,11,5,9,day,OP1045,LDR003,Loader,Earth Excavation,Cloudy,Clay,Intermediate,6.5,2837.9,77.1,11.55,29.4,19.1,29.4,82.1,66.6,72.8,6.2
T03407,2026-09-21 08:30:54,8,0,9,day,OP1018,LDR005,Loader,Transfer,Sunny,Dry,Expert,15.8,4746.9,81.7,6.5,24.1,89.1,19.5,56.8,26.2,33.4,7.2
T03408,2026-06-13 11:43:48,11,5,6,day,OP1003,GRD001,Grader,Material Loading,Sunny,Dry,Expert,20.4,6099.9,77.6,8.52,31.2,207.0,5,37.2,36.6,32.5,-4.1
T03409,2025-03-19 06:19:35,6,2,3,day,OP1030,LDR004,Loader,Site Clearing,Sunny,Clay,Intermediate,4.1,2495.5,58.5,7.46,25.2,126.5,28.0,35.0,74.8,78.3,3.5
T03410,2026-09-19 15:16:57,15,5,9,day,OP1043,GRD001,Grader,Grading,Windy,Wet,Expert,19.0,6816.4,51.7,13.37,22.7,65.7,27.3,42.1,56.5,59.1,2.6
T03411,2025-11-03 07:38:53,7,0,11,day,OP1011,GRD001,Grader,Demolition,Sunny,Wet,Intermediate,6.7,4478.1,57.5,17.13,20.9,116.8,40.8,43.4,108.3,139.9,31.6
T03412,2025-07-30 19:46:59,19,2,7,night,OP1028,LDR002,Loader,Transfer,Sunny,Wet,Beginner,1.6,1710.9,61.8,10.94,29.2,100.9,38.4,52.3,27.4,44.3,16.9
T03413,2026-08-24 15:15:35,15,0,8,day,OP1060,LDR004,Loader,Grading,Cloudy,Rocky,Expert,10.8,6316.1,64.9,10.02,30.3,149.6,27.9,34.8,55.9,60.0,4.1
T03414,2025-06-25 15:07:24,15,2,6,day,OP1043,EXC005,Excavator,Demolition,Sunny,Wet,Expert,19.0,4068.7,45.2,7.22,24.9,225.0,14.0,42.7,106.6,106.6,0.0
T03415,2025-11-14 06:36:06,6,4,11,day,OP1002,GRD003,Grader,Material Loading,Cloudy,Loose,Expert,18.3,2401.8,76.5,12.75,18.4,92.3,29.7,95.7,34.6,45.6,11.0
T03416,2026-07-13 23:01:12,23,0,7,night,OP1028,GRD001,Grader,Grading,Sunny,Wet,Beginner,1.6,6322.4,95.8,8.04,33.0,134.6,44.0,13.7,49.9,62.0,12.1
T03417,2026-02-16 15:41:56,15,0,2,day,OP1013,EXC003,Excavator,Trenching,Windy,Loose,Expert,18.9,4084.4,76.5,13.99,20.1,84.7,9.0,84.7,57.9,55.5,-2.4
T03418,2025-05-13 22:55:06,22,1,5,night,OP1024,GRD003,Grader,Trenching,Rainy,Wet,Beginner,1.5,1056.2,55.6,11.63,43.9,215.8,22.8,82.7,65.1,108.4,43.3
T03419,2025-05-20 18:47:11,18,1,5,night,OP1047,EXC008,Excavator,Demolition,Sunny,Wet,Beginner,2.8,1403.8,80.1,17.76,31.1,279.2,30.5,53.3,100.3,167.0,66.7
T03420,2025-08-03 00:23:58,0,6,8,night,OP1050,EXC002,Excavator,Foundation Digging,Rainy,Clay,Intermediate,7.7,1716.5,49.7,10.85,29.1,146.4,14.1,77.0,100.4,108.6,8.2
T03421,2026-09-05 21:17:57,21,5,9,night,OP1028,GRD001,Grader,Trenching,Rainy,Clay,Beginner,1.6,6716.1,64.3,11.36,26.7,114.8,50.7,86.8,72.6,101.0,28.4
T03422,2025-10-24 10:34:18,10,4,10,day,OP1013,EXC005,Excavator,Foundation Digging,Cloudy,Clay,Expert,18.9,4950.6,60.2,10.1,27.9,109.1,12.0,33.3,93.3,82.3,-11.0
T03423,2025-08-28 08:33:43,8,3,8,day,OP1045,LDR005,Loader,Trenching,Windy,Clay,Intermediate,6.5,1907.2,79.0,10.1,28.5,111.9,33.8,77.4,58.9,62.5,3.6
T03424,2026-05-14 00:08:57,0,3,5,night,OP1010,EXC007,Excavator,Foundation Digging,Rainy,Clay,Intermediate,8.6,6998.2,71.5,9.74,35.7,132.6,41.7,58.9,117.5,146.9,29.4
T03425,2026-08-31 23:25:50,23,0,8,night,OP1055,BCK002,Backhoe,Grading,Windy,Dry,Expert,12.2,7083.0,98,8.53,34.5,106.6,44.4,52.7,49.7,52.1,2.4
T03426,2025-05-07 00:19:32,0,2,5,night,OP1001,LDR002,Loader,Demolition,Sunny,Wet,Expert,13.7,1091.8,85.6,4.05,38.3,198.3,52.8,28.1,100.3,115.6,15.3
T03427,2025-09-09 19:55:16,19,1,9,night,OP1009,BCK004,Backhoe,Trenching,Sunny,Rocky,Intermediate,5.2,2475.3,68.4,9.8,30.0,156.9,24.1,74.1,59.5,81.0,21.5
T03428,2025-07-09 11:55:14,11,2,7,day,OP1044,DZR002,Dozer,Foundation Digging,Windy,Loose,Beginner,1.1,3849.6,60.2,12.42,29.6,140.7,41.6,45.0,86.0,109.5,23.5
T03429,2025-06-20 08:20:36,8,4,6,day,OP1021,BCK004,Backhoe,Grading,Sunny,Dry,Intermediate,4.3,1880.5,98,11.45,33.6,98.6,43.8,73.3,38.0,25.7,-12.3
T03430,2026-07-07 21:52:52,21,1,7,night,OP1038,BCK002,Backhoe,Demolition,Windy,Rocky,Beginner,2.4,6681.0,69.4,18.16,29.3,92.4,55.6,26.7,136.3,210.1,73.8
T03431,2026-06-10 22:52:32,22,2,6,night,OP1048,BCK003,Backhoe,Foundation Digging,Cloudy,Dry,Beginner,2.2,5160.0,65.5,15.5,36.4,267.6,22.1,76.5,85.5,107.5,22.0
T03432,2025-02-13 08:18:51,8,3,2,day,OP1033,GRD003,Grader,Trenching,Sunny,Clay,Expert,17.2,402.1,84.6,8.24,19.1,139.3,25.0,13.4,52.8,43.3,-9.5
T03433,2026-06-02 08:55:02,8,1,6,day,OP1056,EXC005,Excavator,Material Loading,Cloudy,Rocky,Intermediate,4.7,6563.4,65.7,9.44,35.8,159.7,49.4,43.8,47.5,63.5,16.0
T03434,2026-02-12 22:39:24,22,3,2,night,OP1001,BCK004,Backhoe,Foundation Digging,Sunny,Wet,Expert,13.7,3615.0,76.0,10.81,19.7,208.5,40.7,48.6,89.3,99.5,10.2
T03435,2025-09-01 11:46:45,11,0,9,day,OP1016,BCK003,Backhoe,Trenching,Rainy,Loose,Beginner,2.9,3098.1,85.9,3.38,29.7,131.3,46.4,42.3,61.2,100.0,38.8
T03436,2026-06-22 22:23:08,22,0,6,night,OP1046,BCK003,Backhoe,Foundation Digging,Sunny,Rocky,Beginner,2.1,5247.5,71.4,6.92,26.8,10,44.6,23.0,103.2,157.2,54.0
T03437,2026-06-06 12:51:21,12,5,6,day,OP1041,EXC002,Excavator,Material Loading,Rainy,Wet,Intermediate,4.3,3961.4,76.0,9.52,24.6,71.9,16.8,30.5,45.7,56.4,10.7
T03438,2025-12-23 10:39:31,10,1,12,day,OP1036,EXC006,Excavator,Earth Excavation,Sunny,Wet,Intermediate,3.3,5167.5,70.9,11.18,14.1,316.0,26.5,23.9,73.2,98.2,25.0
T03439,2025-03-01 22:20:25,22,5,3,night,OP1024,EXC008,Excavator,Site Clearing,Sunny,Loose,Beginner,1.5,820.9,38.2,14.09,19.6,14.6,26.1,40.0,71.4,106.3,34.9
T03440,2025-06-27 18:43:38,18,4,6,night,OP1003,LDR001,Loader,Grading,Cloudy,Loose,Expert,20.4,2920.6,76.5,9.89,26.5,39.9,7.1,71.8,41.8,40.7,-1.1
T03441,2026-02-13 06:20:44,6,4,2,day,OP1052,DZR001,Dozer,Material Loading,Cloudy,Clay,Intermediate,5.8,3777.7,80.3,16.02,23.8,184.9,34.8,77.4,38.1,37.8,-0.3
T03442,2026-06-06 12:13:02,12,5,6,day,OP1044,EXC002,Excavator,Foundation Digging,Cloudy,Loose,Beginner,1.1,3961.2,76.5,3.6,32.8,233.1,35.5,51.7,85.9,112.5,26.6
T03443,2026-01-02 07:39:30,7,4,1,day,OP1036,DZR002,Dozer,Transfer,Foggy,Clay,Intermediate,3.3,5140.4,70.2,16.74,16.6,161.3,6.0,80.3,33.1,23.5,-9.6
T03444,2026-04-27 08:16:04,8,0,4,day,OP1056,BCK001,Backhoe,Trenching,Sunny,Rocky,Intermediate,4.7,6557.0,38.4,22.24,37.7,80.5,37.9,64.6,69.2,80.6,11.4
T03445,2025-02-20 06:33:45,6,3,2,day,OP1016,DZR003,Dozer,Grading,Windy,Loose,Beginner,2.9,2445.0,66.1,18.19,21.6,221.7,34.0,14.0,42.5,45.6,3.1
T03446,2025-01-31 09:31:06,9,4,1,day,OP1049,EXC008,Excavator,Trenching,Cloudy,Rocky,Beginner,0.8,605.3,65.7,10.08,15.7,247.2,36.4,64.1,61.3,100.7,39.4
T03447,2025-07-05 07:56:07,7,5,7,day,OP1021,LDR003,Loader,Site Clearing,Rainy,Rocky,Intermediate,4.3,2223.6,65.1,17.09,32.4,82.0,61.9,57.5,96.1,124.8,28.7
T03448,2025-10-09 08:50:24,8,3,10,day,OP1038,BCK001,Backhoe,Trenching,Rainy,Loose,Beginner,2.4,5097.2,65.8,8.27,29.2,171.5,37.5,63.6,66.8,114.5,47.7
T03449,2025-02-11 08:23:26,8,1,2,day,OP1012,BCK004,Backhoe,Foundation Digging,Sunny,Rocky,Beginner,1.4,938.8,45.9,14.15,23.8,180.9,54.2,45.9,93.0,125.7,32.7
T03450,2025-05-21 15:21:10,15,2,5,day,OP1007,LDR004,Loader,Foundation Digging,Cloudy,Dry,Beginner,1.2,2958.1,53.2,6.01,33.8,93.9,27.7,64.9,78.7,102.6,23.9
T03451,2025-05-03 10:32:11,10,5,5,day,OP1004,LDR005,Loader,Earth Excavation,Sunny,Clay,Intermediate,6.3,1053.7,68.3,16.95,35.6,277.8,13.3,38.6,63.8,71.6,7.8
T03452,2026-04-18 18:34:15,18,5,4,night,OP1051,EXC001,Excavator,Earth Excavation,Sunny,Dry,Expert,11.2,5878.8,47.6,3.68,30.2,29.7,40.7,11.5,65.8,71.6,5.8
T03453,2025-04-14 10:08:02,10,0,4,day,OP1010,LDR002,Loader,Foundation Digging,Cloudy,Rocky,Intermediate,8.6,926.9,80.4,19.0,28.5,202.0,47.3,40.6,95.8,131.7,35.9
T03454,2025-11-29 07:44:00,7,5,11,day,OP1034,BCK002,Backhoe,Demolition,Cloudy,Loose,Beginner,1.3,5070.7,60.6,13.33,18.8,111.2,18.1,86.8,105.0,125.4,20.4
T03455,2026-03-31 09:31:55,9,1,3,day,OP1036,EXC002,Excavator,Earth Excavation,Rainy,Wet,Intermediate,3.3,3471.3,63.2,13.38,31.0,49.9,9.2,51.1,86.5,76.0,-10.5
T03456,2026-02-23 15:22:37,15,0,2,day,OP1033,LDR002,Loader,Trenching,Cloudy,Wet,Expert,17.2,3228.0,64.3,10.51,26.5,100.2,24.5,23.0,58.0,53.1,-4.9
T03457,2026-05-27 11:14:35,11,2,5,day,OP1047,DZR004,Dozer,Material Loading,Cloudy,Wet,Beginner,2.8,4611.0,82.6,11.97,42.1,331.1,35.1,44.2,40.7,46.7,6.0
T03458,2025-04-10 14:45:22,14,3,4,day,OP1020,DZR003,Dozer,Transfer,Cloudy,Dry,Intermediate,8.4,2805.2,91.0,6.89,32.7,75.5,18.3,35.0,25.0,26.5,1.5
T03459,2025-02-17 08:29:32,8,0,2,day,OP1022,LDR002,Loader,Grading,Windy,Wet,Beginner,0.6,517.6,63.2,11.98,23.7,119.9,36.2,49.8,45.9,57.7,11.8
T03460,2025-04-07 09:06:10,9,0,4,day,OP1058,EXC003,Excavator,Demolition,Foggy,Clay,Intermediate,3.3,1782.8,78.6,12.36,25.8,192.3,45.0,46.9,105.3,123.2,17.9
T03461,2026-05-20 12:05:07,12,2,5,day,OP1041,GRD001,Grader,Grading,Sunny,Clay,Intermediate,4.3,5924.9,79.6,14.84,39.9,180.0,20.1,24.8,47.5,56.2,8.7
T03462,2025-10-22 03:10:35,3,2,10,night,OP1007,GRD002,Grader,Transfer,Windy,Dry,Beginner,1.2,5203.7,72.4,2.52,25.8,141.8,36.7,73.4,28.0,44.8,16.8
T03463,2026-03-13 20:31:30,20,4,3,night,OP1058,EXC001,Excavator,Earth Excavation,Rainy,Loose,Intermediate,3.3,5616.6,54.1,6.78,25.1,188.4,40.7,25.6,79.8,96.4,16.6
T03464,2025-09-13 13:03:40,13,5,9,day,OP1041,BCK001,Backhoe,Foundation Digging,Sunny,Dry,Intermediate,4.3,4908.6,65.0,13.79,24.8,183.9,10.2,40.8,82.2,83.6,1.4
T03465,2025-02-05 00:50:28,0,2,2,night,OP1018,GRD003,Grader,Material Loading,Sunny,Clay,Expert,15.8,341.4,96.7,6.21,20.3,118.2,15.1,66.1,35.2,36.3,1.1
T03466,2025-03-05 06:26:53,6,2,3,day,OP1037,EXC006,Excavator,Earth Excavation,Windy,Loose,Expert,24.1,3027.3,88.9,9.55,27.6,73.0,32.4,43.9,64.9,66.6,1.7
T03467,2025-07-22 08:06:41,8,1,7,day,OP1005,BCK001,Backhoe,Grading,Rainy,Rocky,Expert,18.5,4520.2,76.4,4.22,34.5,147.5,51.2,16.0,60.4,67.3,6.9
T03468,2025-02-08 08:06:55,8,5,2,day,OP1040,BCK003,Backhoe,Grading,Sunny,Dry,Intermediate,8.2,1600.4,64.4,12.01,20.5,137.0,24.6,22.5,38.0,53.9,15.9
T03469,2025-11-27 15:33:03,15,3,11,day,OP1007,EXC007,Excavator,Trenching,Sunny,Wet,Beginner,1.2,5776.5,48.0,15.97,29.5,158.8,36.7,44.2,61.9,97.9,36.0
T03470,2025-10-07 12:10:33,12,1,10,day,OP1039,LDR005,Loader,Grading,Cloudy,Rocky,Expert,10.2,2200.3,82.0,10.28,26.4,218.7,23.8,67.7,48.5,42.8,-5.7
T03471,2025-01-16 10:34:33,10,3,1,day,OP1026,EXC007,Excavator,Transfer,Windy,Rocky,Beginner,2.3,3475.5,73.4,12.67,11.4,151.4,33.7,63.8,32.5,45.0,12.5
T03472,2025-10-02 10:24:39,10,3,10,day,OP1012,DZR001,Dozer,Trenching,Sunny,Rocky,Beginner,1.4,2800.7,89.6,16.86,21.1,10,33.1,56.1,60.2,92.5,32.3
T03473,2026-06-02 00:11:18,0,1,6,night,OP1029,LDR002,Loader,Material Loading,Rainy,Loose,Intermediate,8.7,3946.0,65.2,9.66,36.9,129.8,43.2,47.9,42.1,38.3,-3.8
T03474,2025-10-31 08:42:07,8,4,10,day,OP1005,BCK002,Backhoe,Site Clearing,Cloudy,Loose,Expert,18.5,4859.3,55.9,13.37,29.7,98.4,36.4,28.5,80.5,76.3,-4.2
T03475,2025-08-20 01:18:26,1,2,8,night,OP1053,EXC005,Excavator,Demolition,Sunny,Wet,Intermediate,7.0,4473.3,98,10.06,35.1,10,34.7,81.6,108.2,126.7,18.5
T03476,2025-02-18 07:41:53,7,1,2,day,OP1057,BCK002,Backhoe,Grading,Cloudy,Dry,Beginner,2.8,2997.5,77.4,10.44,20.2,121.3,11.9,40.9,39.9,30.3,-9.6
T03477,2025-05-01 15:17:13,15,3,5,day,OP1013,EXC005,Excavator,Demolition,Cloudy,Dry,Expert,18.9,3667.2,83.0,4.74,42.1,196.7,12.5,29.1,94.9,95.0,0.1
T03478,2025-09-30 01:17:04,1,1,9,night,OP1042,GRD001,Grader,Transfer,Rainy,Wet,Beginner,1.3,4228.0,59.4,10.88,26.5,70.5,13.1,7.5,36.8,32.1,-4.7
T03479,2025-08-02 11:57:45,11,5,8,day,OP1044,EXC005,Excavator,Transfer,Rainy,Dry,Beginner,1.1,4345.1,65.1,10.62,30.7,36.4,42.1,28.3,29.4,60.8,31.4
T03480,2026-04-13 15:48:36,15,0,4,day,OP1033,BCK004,Backhoe,Transfer,Sunny,Dry,Expert,17.2,4050.9,75.3,9.52,35.4,245.2,30.0,98.9,25.5,24.3,-1.2
T03481,2025-09-30 07:50:55,7,1,9,day,OP1035,EXC004,Excavator,Site Clearing,Windy,Dry,Beginner,2.8,2875.6,86.9,11.63,31.4,199.0,44.3,52.3,70.4,100.0,29.6
T03482,2025-12-20 15:15:05,15,5,12,day,OP1029,LDR002,Loader,Earth Excavation,Cloudy,Rocky,Intermediate,8.7,2753.4,53.0,11.93,19.9,128.0,34.9,9.9,74.8,78.8,4.0
T03483,2025-11-05 09:21:25,9,2,11,day,OP1045,EXC006,Excavator,Transfer,Cloudy,Dry,Intermediate,6.5,4816.7,80.7,13.08,28.9,201.2,40.9,39.5,27.0,19.9,-7.1
T03484,2025-08-16 06:48:09,6,5,8,day,OP1056,LDR005,Loader,Grading,Rainy,Wet,Intermediate,4.7,1819.0,78.6,8.98,31.8,143.6,48.4,7.6,49.4,61.9,12.5
T03485,2025-04-14 10:52:47,10,0,4,day,OP1027,LDR005,Loader,Trenching,Rainy,Clay,Intermediate,6.2,915.1,54.1,14.74,31.7,196.3,35.3,20.5,61.3,76.5,15.2
T03486,2025-11-25 14:00:04,14,1,11,day,OP1012,DZR001,Dozer,Site Clearing,Cloudy,Dry,Beginner,1.4,3196.0,73.5,17.97,25.6,332.1,56.8,38.0,72.0,126.4,54.4
T03487,2025-06-03 02:03:14,2,1,6,night,OP1057,BCK001,Backhoe,Earth Excavation,Rainy,Loose,Beginner,2.8,4160.7,53.4,14.68,34.1,195.3,9.2,40.8,76.0,105.2,29.2
T03488,2025-04-25 23:07:37,23,4,4,night,OP1018,EXC001,Excavator,Site Clearing,Sunny,Rocky,Expert,15.8,3266.8,60.1,14.19,38.2,200.3,24.8,32.3,86.9,93.4,6.5
T03489,2026-08-28 07:14:13,7,4,8,day,OP1045,BCK003,Backhoe,Site Clearing,Rainy,Clay,Intermediate,6.5,5732.0,62.2,22.23,30.9,78.9,18.5,33.0,99.6,120.6,21.0
T03490,2025-04-07 14:54:09,14,0,4,day,OP1043,GRD002,Grader,Grading,Cloudy,Loose,Expert,19.0,3761.9,63.4,12.25,35.6,163.9,19.8,71.5,43.2,35.9,-7.3
T03491,2025-07-04 09:19:25,9,4,7,day,OP1043,LDR004,Loader,Grading,Rainy,Clay,Expert,19.0,3277.5,30.7,5.32,27.8,191.1,5,37.8,49.1,55.6,6.5
T03492,2026-06-10 13:46:13,13,2,6,day,OP1029,EXC007,Excavator,Earth Excavation,Sunny,Wet,Intermediate,8.7,7199.5,57.6,15.41,35.6,230.2,34.3,50.1,78.5,74.4,-4.1
T03493,2026-05-05 13:19:38,13,1,5,day,OP1026,DZR001,Dozer,Demolition,Cloudy,Rocky,Beginner,2.3,4371.1,69.5,9.63,37.1,197.3,30.7,56.4,120.8,140.1,19.3
T03494,2026-08-20 09:12:39,9,3,8,day,OP1008,EXC007,Excavator,Site Clearing,Windy,Dry,Beginner,1.2,7716.4,67.1,6.58,29.9,33.4,43.1,59.4,85.6,100.8,15.2
T03495,2026-03-17 15:37:16,15,1,3,day,OP1042,LDR005,Loader,Grading,Rainy,Wet,Beginner,1.3,3376.6,87.8,10.07,16.9,147.5,38.6,87.6,54.9,74.1,19.2
T03496,2025-07-14 08:55:20,8,0,7,day,OP1025,BCK003,Backhoe,Material Loading,Cloudy,Dry,Expert,17.0,2739.5,86.1,12.39,26.7,223.9,47.5,105.1,33.3,35.3,2.0
T03497,2025-06-26 06:25:38,6,3,6,day,OP1041,EXC003,Excavator,Earth Excavation,Rainy,Loose,Intermediate,4.3,2366.0,93.2,1.85,31.7,238.3,17.9,33.0,70.3,77.6,7.3
T03498,2026-08-21 02:24:15,2,4,8,night,OP1021,BCK001,Backhoe,Site Clearing,Foggy,Dry,Intermediate,4.3,7402.0,75.0,7.69,26.5,177.7,40.6,38.4,92.9,120.8,27.9
T03499,2025-07-24 01:13:46,1,3,7,night,OP1004,LDR002,Loader,Grading,Rainy,Rocky,Intermediate,6.3,1661.4,63.9,18.1,30.9,144.3,24.0,28.8,56.3,46.0,-10.3
T03500,2026-05-25 12:03:51,12,0,5,day,OP1011,DZR001,Dozer,Foundation Digging,Sunny,Wet,Intermediate,6.7,4516.7,44.7,10.73,43.3,111.4,30.7,51.4,92.4,99.7,7.3
T03501,2026-04-15 13:21:16,13,2,4,day,OP1060,GRD001,Grader,Foundation Digging,Sunny,Loose,Expert,10.8,5669.7,55.7,20.79,28.6,110.6,19.9,16.2,88.7,87.9,-0.8
T03502,2025-11-29 19:54:41,19,5,11,night,OP1012,BCK003,Backhoe,Transfer,Cloudy,Dry,Beginner,1.4,3750.2,59.4,18.27,21.6,85.1,38.3,44.3,26.0,55.1,29.1
T03503,2026-09-03 19:37:13,19,3,9,night,OP1047,DZR004,Dozer,Grading,Cloudy,Rocky,Beginner,2.8,5336.2,64.8,11.46,28.8,162.4,33.5,52.9,54.0,82.0,28.0
T03504,2026-02-10 09:30:59,9,1,2,day,OP1041,EXC005,Excavator,Demolition,Sunny,Loose,Intermediate,4.3,5746.0,81.9,12.32,15.7,138.8,5.4,71.0,104.4,111.3,6.9
T03505,2025-01-09 23:16:17,23,3,1,night,OP1022,LDR002,Loader,Trenching,Sunny,Dry,Beginner,0.6,237.4,49.2,15.17,16.8,157.7,33.6,57.6,48.0,60.8,12.8
T03506,2025-07-04 15:17:21,15,4,7,day,OP1029,BCK002,Backhoe,Trenching,Rainy,Dry,Intermediate,8.7,3992.6,61.9,5.26,33.7,263.8,29.7,72.2,58.6,51.5,-7.1
T03507,2025-02-04 20:42:33,20,1,2,night,OP1040,BCK003,Backhoe,Site Clearing,Sunny,Dry,Intermediate,8.2,1575.1,96.4,18.26,16.8,121.6,45.1,69.2,68.0,90.2,22.2
T03508,2025-05-13 07:52:58,7,1,5,day,OP1005,LDR002,Loader,Demolition,Cloudy,Loose,Expert,18.5,1137.9,64.8,8.21,41.9,143.8,37.9,76.6,95.2,97.1,1.9
T03509,2026-06-23 14:08:06,14,1,6,day,OP1012,DZR001,Dozer,Site Clearing,Windy,Loose,Beginner,1.4,4729.1,71.2,6.36,35.3,193.7,43.6,61.2,80.3,110.9,30.6
T03510,2025-04-21 22:24:15,22,0,4,night,OP1046,GRD003,Grader,Foundation Digging,Sunny,Wet,Beginner,2.1,895.5,64.7,12.55,29.7,23.1,34.2,51.2,85.5,121.3,35.8
T03511,2026-08-20 12:26:21,12,3,8,day,OP1037,BCK002,Backhoe,Material Loading,Sunny,Wet,Expert,24.1,6999.4,69.4,20.23,36.6,70.9,42.2,20.8,43.0,46.7,3.7
T03512,2026-03-13 21:28:22,21,4,3,night,OP1009,BCK003,Backhoe,Grading,Cloudy,Rocky,Intermediate,5.2,4509.9,70.3,0,23.6,299.2,15.9,54.9,52.4,50.5,-1.9
T03513,2025-01-14 07:25:15,7,1,1,day,OP1047,GRD001,Grader,Earth Excavation,Cloudy,Clay,Beginner,2.8,2339.1,39.3,10.47,9.2,156.0,33.7,81.1,65.7,67.9,2.2
T03514,2025-03-12 09:48:03,9,2,3,day,OP1016,EXC001,Excavator,Transfer,Rainy,Wet,Beginner,2.9,2941.6,98,13.42,28.1,210.7,45.2,69.3,32.1,27.8,-4.3
T03515,2026-05-28 19:07:30,19,3,5,night,OP1033,EXC002,Excavator,Trenching,Sunny,Wet,Expert,17.2,3897.6,57.5,8.48,42.4,163.5,28.2,103.4,57.8,62.9,5.1
T03516,2025-09-04 15:53:07,15,3,9,day,OP1051,GRD002,Grader,Trenching,Rainy,Dry,Expert,11.2,4857.2,65.8,4.67,29.3,10,47.8,29.7,61.7,59.1,-2.6
T03517,2026-01-09 03:46:28,3,4,1,night,OP1016,BCK001,Backhoe,Transfer,Sunny,Rocky,Beginner,2.9,5767.2,73.7,20.15,20.5,33.9,41.2,48.2,33.6,62.4,28.8
T03518,2025-10-10 12:49:24,12,4,10,day,OP1005,LDR004,Loader,Material Loading,Sunny,Rocky,Expert,18.5,3994.0,49.0,10.13,29.5,163.9,45.7,34.8,42.1,52.0,9.9
T03519,2026-05-02 09:51:18,9,5,5,day,OP1018,DZR004,Dozer,Material Loading,Sunny,Clay,Expert,15.8,4428.1,77.4,0.41,39.0,262.7,28.6,15.7,37.9,32.5,-5.4
T03520,2025-07-09 13:48:02,13,2,7,day,OP1006,DZR003,Dozer,Transfer,Sunny,Rocky,Intermediate,3.3,3461.9,54.8,8.8,29.8,147.1,12.2,33.0,30.9,42.7,11.8
T03521,2025-07-15 01:31:16,1,1,7,night,OP1057,EXC008,Excavator,Foundation Digging,Sunny,Clay,Beginner,2.8,1807.3,70.5,15.15,26.5,66.9,5,64.6,82.5,98.3,15.8
T03522,2026-09-18 22:26:20,22,4,9,night,OP1022,GRD003,Grader,Demolition,Sunny,Wet,Beginner,0.6,4655.0,71.6,13.97,37.1,91.0,24.0,27.3,109.0,142.9,33.9
T03523,2025-07-10 10:16:56,10,3,7,day,OP1033,LDR004,Loader,Trenching,Rainy,Wet,Expert,17.2,3321.6,73.5,9.64,32.1,124.0,31.6,67.6,66.2,68.8,2.6
T03524,2025-11-26 08:44:06,8,2,11,day,OP1017,EXC006,Excavator,Material Loading,Sunny,Clay,Expert,13.3,4969.8,76.2,16.62,24.4,192.0,24.2,87.7,38.7,43.3,4.6
T03525,2025-07-19 12:46:42,12,5,7,day,OP1032,DZR004,Dozer,Grading,Foggy,Clay,Intermediate,3.9,2333.9,61.3,3.49,33.7,128.6,47.4,55.4,46.8,58.0,11.2
T03526,2025-02-07 23:41:01,23,4,2,night,OP1059,EXC008,Excavator,Foundation Digging,Cloudy,Loose,Expert,22.2,660.7,74.4,14.82,25.4,178.1,62,36.4,81.1,96.7,15.6
T03527,2026-01-20 15:48:16,15,1,1,day,OP1042,EXC003,Excavator,Material Loading,Sunny,Loose,Beginner,1.3,3887.3,98,11.86,14.8,224.8,23.5,77.9,35.5,64.4,28.9
T03528,2025-09-11 10:23:16,10,3,9,day,OP1018,GRD003,Grader,Site Clearing,Cloudy,Wet,Expert,15.8,1935.7,80.7,10.3,32.0,60.6,18.8,82.3,79.8,80.9,1.1
T03529,2026-02-20 09:45:13,9,4,2,day,OP1019,BCK004,Backhoe,Foundation Digging,Sunny,Dry,Intermediate,4.5,3669.4,79.7,20.06,19.7,96.1,16.5,59.4,78.5,81.9,3.4
T03530,2025-03-20 08:51:39,8,3,3,day,OP1030,BCK002,Backhoe,Demolition,Sunny,Clay,Intermediate,4.1,3216.9,57.7,14.98,20.8,131.9,20.1,28.6,99.6,103.7,4.1
T03531,2025-03-12 02:14:50,2,2,3,night,OP1010,BCK004,Backhoe,Trenching,Windy,Dry,Intermediate,8.6,1148.7,49.7,19.1,31.2,244.7,37.2,5,52.0,71.4,19.4
T03532,2026-07-03 12:52:08,12,4,7,day,OP1041,EXC001,Excavator,Material Loading,Rainy,Clay,Intermediate,4.3,6431.9,67.0,11.39,23.7,177.7,5,42.7,48.5,48.7,0.2
T03533,2025-12-11 01:38:39,1,3,12,night,OP1040,GRD001,Grader,Transfer,Sunny,Dry,Intermediate,8.2,4753.7,84.3,18.66,15.0,175.3,41.2,42.3,26.2,36.4,10.2
T03534,2025-04-08 08:17:10,8,1,4,day,OP1016,LDR005,Loader,Material Loading,Sunny,Wet,Beginner,2.9,870.5,35.2,15.39,34.2,133.8,40.0,72.5,36.5,41.2,4.7
T03535,2025-06-25 09:10:50,9,2,6,day,OP1036,DZR004,Dozer,Site Clearing,Sunny,Wet,Intermediate,3.3,2157.6,83.6,13.45,36.6,170.1,7.8,9.8,77.5,75.5,-2.0
T03536,2025-09-13 18:38:16,18,5,9,night,OP1040,BCK001,Backhoe,Foundation Digging,Rainy,Loose,Intermediate,8.2,4910.3,66.9,10.37,38.3,161.5,36.1,58.5,108.0,134.3,26.3
T03537,2026-09-17 07:31:14,7,3,9,day,OP1031,EXC005,Excavator,Demolition,Rainy,Clay,Expert,22.8,7344.1,49.2,1.78,23.9,149.9,16.6,23.5,139.1,138.5,-0.6
T03538,2026-07-31 22:11:29,22,4,7,night,OP1030,EXC001,Excavator,Grading,Windy,Wet,Intermediate,4.1,6639.1,79.8,18.72,24.1,91.4,21.5,73.8,54.3,55.6,1.3
T03539,2025-10-31 13:28:41,13,4,10,day,OP1053,EXC002,Excavator,Trenching,Sunny,Rocky,Intermediate,7.0,2370.2,70.9,13.94,25.8,240.3,33.4,49.3,59.5,71.0,11.5
T03540,2025-07-05 12:20:17,12,5,7,day,OP1044,EXC008,Excavator,Foundation Digging,Cloudy,Dry,Beginner,1.1,1737.6,98,12.34,30.0,67.4,31.2,79.9,77.2,120.2,43.0
T03541,2025-01-11 14:16:02,14,5,1,day,OP1059,DZR004,Dozer,Earth Excavation,Cloudy,Wet,Expert,22.2,954.6,83.9,8.12,20.2,184.8,43.0,20.0,68.1,74.8,6.7
T03542,2026-02-10 20:29:38,20,1,2,night,OP1005,BCK001,Backhoe,Material Loading,Windy,Rocky,Expert,18.5,6005.9,98,12.05,17.1,148.1,41.7,21.1,46.7,53.1,6.4
T03543,2025-08-01 11:18:14,11,4,8,day,OP1004,EXC007,Excavator,Grading,Sunny,Dry,Intermediate,6.3,4913.8,58.4,17.78,32.9,82.5,19.4,32.0,41.7,44.8,3.1
T03544,2026-06-02 08:53:45,8,1,6,day,OP1041,LDR005,Loader,Earth Excavation,Cloudy,Clay,Intermediate,4.3,3936.7,67.9,5.28,31.1,221.7,9.8,18.6,69.5,78.9,9.4
T03545,2025-12-22 22:46:51,22,0,12,night,OP1005,GRD001,Grader,Earth Excavation,Rainy,Loose,Expert,18.5,4840.4,50.9,6.09,15.4,264.8,41.2,103.8,81.3,91.0,9.7
T03546,2026-06-23 14:03:09,14,1,6,day,OP1036,BCK004,Backhoe,Foundation Digging,Rainy,Clay,Intermediate,3.3,4568.6,68.0,11.84,37.3,122.4,21.9,45.5,109.1,113.2,4.1
T03547,2026-07-22 14:33:06,14,2,7,day,OP1021,DZR004,Dozer,Material Loading,Cloudy,Clay,Intermediate,4.3,5020.8,79.5,7.27,36.8,151.8,58.4,65.7,39.9,62.1,22.2
T03548,2025-10-16 08:15:41,8,3,10,day,OP1054,BCK002,Backhoe,Grading,Sunny,Loose,Intermediate,5.0,4749.7,74.2,11.24,28.5,186.1,32.0,14.7,43.5,46.6,3.1
T03549,2026-03-09 20:09:25,20,0,3,night,OP1032,LDR002,Loader,Site Clearing,Sunny,Clay,Intermediate,3.9,3331.6,70.4,5.64,27.5,266.7,35.2,5,77.3,89.8,12.5
T03550,2025-06-11 19:45:49,19,2,6,night,OP1016,BCK004,Backhoe,Earth Excavation,Foggy,Wet,Beginner,2.9,1818.3,75.9,11.13,38.5,39.8,47.9,95.0,74.4,98.5,24.1
T03551,2025-06-30 09:41:27,9,0,6,day,OP1052,DZR003,Dozer,Trenching,Windy,Wet,Intermediate,5.8,3394.9,94.3,14.49,36.6,197.8,41.9,33.4,58.4,79.1,20.7
T03552,2025-04-10 21:05:45,21,3,4,night,OP1002,EXC006,Excavator,Trenching,Sunny,Dry,Expert,18.3,3294.6,68.9,11.54,40.2,121.4,26.0,27.2,49.5,57.7,8.2
T03553,2026-09-10 08:38:33,8,3,9,day,OP1015,LDR001,Loader,Site Clearing,Cloudy,Wet,Beginner,0.6,6129.5,59.8,7.0,30.1,39.8,22.6,61.9,91.4,127.0,35.6
T03554,2026-05-16 10:27:35,10,5,5,day,OP1029,EXC001,Excavator,Transfer,Cloudy,Dry,Intermediate,8.7,6080.8,41.2,3.44,34.9,226.5,40.3,90.2,28.3,36.2,7.9
T03555,2025-11-16 03:48:56,3,6,11,night,OP1048,LDR005,Loader,Demolition,Sunny,Clay,Beginner,2.2,2489.7,73.1,4.21,23.3,89.4,22.1,68.3,96.8,130.9,34.1
T03556,2026-05-07 13:53:00,13,3,5,day,OP1001,GRD003,Grader,Material Loading,Sunny,Clay,Expert,13.7,3674.2,52.1,7.73,35.3,138.7,43.8,26.7,36.9,29.2,-7.7
T03557,2026-06-16 00:04:33,0,1,6,night,OP1037,LDR004,Loader,Grading,Windy,Wet,Expert,24.1,5807.8,90.5,8.71,29.8,145.9,44.1,38.3,51.8,63.5,11.7
T03558,2026-02-27 20:49:29,20,4,2,night,OP1037,GRD003,Grader,Grading,Windy,Clay,Expert,24.1,3172.6,71.7,11.27,18.3,68.8,47.9,47.6,48.5,54.1,5.6
T03559,2025-08-09 18:53:18,18,5,8,night,OP1009,LDR005,Loader,Trenching,Sunny,Dry,Intermediate,5.2,1771.6,73.4,10.35,29.2,105.8,10.5,12.5,48.0,44.1,-3.9
T03560,2026-09-08 09:01:14,9,1,9,day,OP1051,EXC007,Excavator,Trenching,Rainy,Wet,Expert,11.2,7855.0,29.5,9.71,28.1,84.9,41.1,99.4,76.8,86.2,9.4
T03561,2026-08-11 10:33:52,10,1,8,day,OP1021,LDR003,Loader,Foundation Digging,Cloudy,Clay,Intermediate,4.3,5159.0,59.3,15.09,29.9,242.0,46.0,22.3,94.0,108.2,14.2
T03562,2026-05-22 12:15:40,12,4,5,day,OP1046,BCK001,Backhoe,Material Loading,Sunny,Rocky,Beginner,2.1,6740.7,89.1,10.19,39.8,151.3,37.6,64.3,46.4,77.1,30.7
T03563,2025-09-10 06:44:40,6,2,9,day,OP1043,DZR004,Dozer,Transfer,Cloudy,Wet,Expert,19.0,2718.9,61.0,11.5,29.1,111.9,13.2,65.7,28.4,28.5,0.1
T03564,2025-05-08 23:47:50,23,3,5,night,OP1050,EXC006,Excavator,Trenching,Windy,Clay,Intermediate,7.7,3499.8,91.9,10.99,32.5,227.9,25.4,38.4,57.2,57.1,-0.1
T03565,2026-06-24 20:56:32,20,2,6,night,OP1040,DZR004,Dozer,Foundation Digging,Rainy,Rocky,Intermediate,8.2,4818.3,44.7,9.04,31.1,150.4,27.2,104.2,128.0,159.6,31.6
T03566,2026-08-17 15:36:40,15,0,8,day,OP1047,LDR004,Loader,Site Clearing,Rainy,Wet,Beginner,2.8,6265.1,76.4,14.79,38.7,164.2,34.1,78.7,103.5,172.0,68.5
T03567,2025-10-25 19:58:05,19,5,10,night,OP1007,GRD001,Grader,Transfer,Cloudy,Loose,Beginner,1.2,4416.1,61.5,11.78,27.2,87.1,34.6,40.5,27.9,13.1,-14.8
T03568,2025-05-14 11:03:47,11,2,5,day,OP1004,DZR002,Dozer,Grading,Windy,Loose,Intermediate,6.3,3440.5,98,4.16,42.7,217.9,28.9,78.8,44.0,45.4,1.4
T03569,2026-06-02 09:48:19,9,1,6,day,OP1030,EXC003,Excavator,Foundation Digging,Sunny,Clay,Intermediate,4.1,4856.4,96.2,15.53,38.7,228.6,20.3,13.8,90.3,105.6,15.3
T03570,2025-05-31 14:25:20,14,5,5,day,OP1054,EXC001,Excavator,Earth Excavation,Windy,Loose,Intermediate,5.0,3527.0,50.7,9.09,41.3,191.2,29.4,14.9,66.4,69.4,3.0
T03571,2026-07-07 12:42:08,12,1,7,day,OP1055,EXC001,Excavator,Transfer,Rainy,Rocky,Expert,12.2,6461.0,63.6,7.08,28.8,232.5,36.7,94.5,41.4,47.8,6.4
T03572,2025-01-20 10:50:49,10,0,1,day,OP1003,LDR005,Loader,Grading,Cloudy,Dry,Expert,20.4,301.9,35.5,5.75,14.3,119.3,5,33.3,39.1,34.4,-4.7
T03573,2025-11-12 12:22:03,12,2,11,day,OP1050,DZR003,Dozer,Trenching,Sunny,Clay,Intermediate,7.7,4381.2,96.6,11.17,21.4,86.5,30.0,28.4,56.8,51.1,-5.7
T03574,2025-04-25 14:09:29,14,4,4,day,OP1036,BCK001,Backhoe,Transfer,Sunny,Wet,Intermediate,3.3,3879.7,56.7,7.33,32.8,117.6,5,17.5,28.9,30.8,1.9
T03575,2025-10-24 23:38:28,23,4,10,night,OP1040,GRD001,Grader,Grading,Sunny,Wet,Intermediate,8.2,4410.0,91.9,4.34,29.5,154.3,33.8,77.7,46.6,66.0,19.4
T03576,2026-02-14 11:09:42,11,5,2,day,OP1019,DZR004,Dozer,Earth Excavation,Cloudy,Clay,Intermediate,4.5,3866.4,82.0,7.95,19.1,177.0,17.1,54.0,69.3,78.7,9.4
T03577,2026-07-13 14:05:46,14,0,7,day,OP1031,EXC002,Excavator,Demolition,Windy,Clay,Expert,22.8,4231.9,67.6,10.12,32.0,255.4,32.5,22.1,106.1,113.6,7.5
T03578,2025-08-27 10:41:21,10,2,8,day,OP1050,GRD003,Grader,Grading,Rainy,Rocky,Intermediate,7.7,1826.3,44.2,17.52,32.3,238.9,26.3,70.5,58.7,63.8,5.1
T03579,2026-08-17 10:48:44,10,0,8,day,OP1051,LDR003,Loader,Transfer,Rainy,Loose,Expert,11.2,5202.9,73.0,13.63,31.2,159.9,39.7,41.9,34.6,34.6,0.0
T03580,2026-09-18 15:59:38,15,4,9,day,OP1001,EXC008,Excavator,Material Loading,Sunny,Dry,Expert,13.7,4950.7,88.8,6.26,35.5,141.6,27.2,59.6,35.1,36.5,1.4
T03581,2026-01-08 13:35:52,13,3,1,day,OP1021,DZR003,Dozer,Material Loading,Windy,Dry,Intermediate,4.3,4797.7,61.2,10.43,22.5,10,40.1,29.6,36.0,41.9,5.9
T03582,2025-02-20 21:39:20,21,3,2,night,OP1047,LDR002,Loader,Earth Excavation,Cloudy,Rocky,Beginner,2.8,543.5,70.2,14.44,17.7,272.4,40.6,32.2,74.1,115.5,41.4
T03583,2025-10-09 10:12:35,10,3,10,day,OP1005,EXC008,Excavator,Earth Excavation,Windy,Wet,Expert,18.5,2437.8,88.3,16.19,22.3,30.7,46.6,58.9,73.1,78.7,5.6
T03584,2025-02-10 15:02:07,15,0,2,day,OP1031,EXC004,Excavator,Site Clearing,Sunny,Wet,Expert,22.8,1184.1,75.0,12.69,16.6,110.5,29.5,84.5,77.5,82.3,4.8
T03585,2025-08-23 23:35:51,23,5,8,night,OP1013,LDR003,Loader,Trenching,Rainy,Clay,Expert,18.9,2586.1,84.6,14.69,36.7,233.5,11.0,31.0,66.0,67.3,1.3
T03586,2025-05-25 02:46:38,2,6,5,night,OP1057,BCK001,Backhoe,Site Clearing,Cloudy,Loose,Beginner,2.8,4095.2,90.9,10.54,46,170.4,5,92.1,78.2,119.7,41.5
T03587,2025-04-16 12:51:59,12,2,4,day,OP1020,DZR001,Dozer,Site Clearing,Sunny,Dry,Intermediate,8.4,1567.8,84.2,11.24,27.4,192.0,27.2,74.5,68.0,80.2,12.2
T03588,2025-07-11 07:34:31,7,4,7,day,OP1002,BCK001,Backhoe,Demolition,Sunny,Rocky,Expert,18.3,4439.8,76.1,10.6,23.7,235.9,38.8,66.8,117.6,125.5,7.9
T03589,2026-02-11 12:15:00,12,2,2,day,OP1010,BCK004,Backhoe,Earth Excavation,Windy,Clay,Intermediate,8.6,3604.5,92.5,3.03,18.3,101.7,32.3,40.4,73.6,91.9,18.3
T03590,2025-09-24 07:28:39,7,2,9,day,OP1008,BCK004,Backhoe,Material Loading,Sunny,Loose,Beginner,1.2,2581.0,75.4,4.7,26.6,132.0,24.1,24.8,33.7,56.9,23.2
T03591,2025-07-30 11:52:28,11,2,7,day,OP1040,EXC007,Excavator,Demolition,Rainy,Wet,Intermediate,8.2,4899.4,62.2,8.53,26.6,147.0,31.4,24.0,130.8,150.1,19.3
T03592,2026-02-25 12:32:06,12,2,2,day,OP1027,BCK001,Backhoe,Trenching,Cloudy,Wet,Intermediate,6.2,6113.0,75.7,24.61,17.9,165.0,27.5,32.7,64.5,64.2,-0.3
T03593,2025-05-30 22:44:27,22,4,5,night,OP1004,BCK002,Backhoe,Demolition,Cloudy,Rocky,Intermediate,6.3,3739.4,66.8,13.61,41.5,101.0,31.2,71.5,118.0,145.4,27.4
T03594,2025-09-06 14:39:48,14,5,9,day,OP1036,EXC001,Excavator,Demolition,Rainy,Clay,Intermediate,3.3,4242.4,67.2,9.87,30.1,69.0,25.8,31.2,124.8,144.1,19.3
T03595,2026-03-19 20:29:54,20,3,3,night,OP1019,EXC007,Excavator,Transfer,Cloudy,Clay,Intermediate,4.5,6595.6,80.9,13.36,29.3,64.9,18.2,96.1,31.6,25.4,-6.2
T03596,2026-03-07 02:07:26,2,5,3,night,OP1023,LDR003,Loader,Grading,Rainy,Clay,Beginner,2.1,4010.3,73.7,16.86,27.1,83.2,33.2,65.8,55.2,54.4,-0.8
T03597,2025-10-29 10:58:42,10,2,10,day,OP1009,BCK003,Backhoe,Earth Excavation,Sunny,Wet,Intermediate,5.2,3521.2,67.0,15.17,29.9,234.0,14.6,43.1,68.8,64.2,-4.6
T03598,2026-07-26 00:51:41,0,6,7,night,OP1044,BCK004,Backhoe,Foundation Digging,Sunny,Rocky,Beginner,1.1,4805.5,82.1,11.08,33.7,126.4,38.5,49.6,101.6,137.4,35.8
T03599,2026-08-20 12:31:00,12,3,8,day,OP1022,EXC007,Excavator,Material Loading,Cloudy,Loose,Beginner,0.6,7717.4,90.0,0.95,33.0,176.4,29.3,17.3,41.8,41.1,-0.7
T03600,2025-07-16 23:16:10,23,2,7,night,OP1043,EXC001,Excavator,Demolition,Rainy,Wet,Expert,19.0,3865.5,74.0,14.67,29.6,131.7,22.3,41.0,127.3,135.6,8.3
T03601,2025-04-14 11:50:25,11,0,4,day,OP1035,EXC004,Excavator,Transfer,Sunny,Rocky,Beginner,2.8,1643.1,47.4,11.89,31.1,39.1,45.4,58.0,29.8,47.1,17.3
T03602,2025-09-25 01:47:15,1,3,9,night,OP1036,LDR005,Loader,Demolition,Windy,Dry,Intermediate,3.3,2109.5,82.8,4.47,25.8,151.3,14.7,53.2,93.2,116.6,23.4
T03603,2026-05-30 11:55:25,11,5,5,day,OP1052,EXC008,Excavator,Foundation Digging,Rainy,Loose,Intermediate,5.8,4139.2,78.4,8.92,42.4,120.7,35.7,54.2,105.7,121.7,16.0
T03604,2025-11-26 13:38:14,13,2,11,day,OP1049,LDR001,Loader,Demolition,Cloudy,Dry,Beginner,0.8,4028.6,48.3,19.23,29.2,227.1,54.9,36.7,96.2,145.2,49.0
T03605,2026-07-25 08:37:34,8,5,7,day,OP1034,LDR004,Loader,Grading,Cloudy,Loose,Beginner,1.3,6095.1,78.4,14.98,31.0,155.4,11.7,60.3,47.0,67.8,20.8
T03606,2025-10-22 11:26:53,11,2,10,day,OP1024,DZR004,Dozer,Site Clearing,Sunny,Dry,Beginner,1.5,3027.0,64.1,6.84,32.0,219.4,22.2,84.4,69.4,97.5,28.1
T03607,2025-09-05 23:57:31,23,4,9,night,OP1038,EXC007,Excavator,Demolition,Sunny,Clay,Beginner,2.4,5173.2,54.8,13.75,30.6,100.0,35.6,95.9,107.2,162.8,55.6
T03608,2026-04-16 12:03:25,12,3,4,day,OP1041,DZR002,Dozer,Transfer,Rainy,Wet,Intermediate,4.3,5900.9,55.8,7.92,21.7,259.9,5,66.4,37.5,48.7,11.2
T03609,2026-07-08 18:28:38,18,2,7,night,OP1007,DZR002,Dozer,Earth Excavation,Rainy,Rocky,Beginner,1.2,6508.8,73.7,6.4,30.5,182.6,39.5,78.6,97.7,143.2,45.5
T03610,2026-06-22 15:53:51,15,0,6,day,OP1037,DZR001,Dozer,Foundation Digging,Rainy,Rocky,Expert,24.1,4722.3,66.8,8.66,27.9,266.7,39.2,11.5,123.5,134.3,10.8
T03611,2026-04-10 08:39:57,8,4,4,day,OP1036,DZR001,Dozer,Trenching,Sunny,Dry,Intermediate,3.3,4187.2,37.9,16.23,38.4,136.7,15.6,74.4,51.2,54.0,2.8
T03612,2025-07-23 07:04:46,7,2,7,day,OP1039,BCK002,Backhoe,Trenching,Sunny,Rocky,Expert,10.2,4128.8,87.2,11.9,21.4,100.6,19.9,37.8,63.4,67.2,3.8
T03613,2025-11-19 10:49:42,10,2,11,day,OP1039,EXC008,Excavator,Grading,Cloudy,Clay,Expert,10.2,2737.3,90.5,17.4,19.5,293.7,5,20.7,43.5,33.4,-10.1
T03614,2025-11-17 20:28:40,20,0,11,night,OP1048,EXC002,Excavator,Grading,Rainy,Clay,Beginner,2.2,2496.4,82.3,9.53,12.7,203.4,27.6,48.9,52.1,95.2,43.1
T03615,2025-10-07 23:33:32,23,1,10,night,OP1012,BCK002,Backhoe,Grading,Cloudy,Rocky,Beginner,1.4,4688.6,62.6,13.92,32.0,191.9,41.5,22.1,52.8,78.7,25.9
T03616,2025-05-17 06:51:20,6,5,5,day,OP1055,EXC005,Excavator,Trenching,Sunny,Dry,Expert,12.2,3781.5,55.2,10.15,35.7,60.2,25.9,89.6,50.5,53.1,2.6
T03617,2025-09-01 08:14:22,8,0,9,day,OP1003,DZR002,Dozer,Demolition,Rainy,Dry,Expert,20.4,4242.7,69.4,6.11,31.7,160.7,5,67.9,112.7,106.0,-6.7
T03618,2026-03-23 14:21:57,14,0,3,day,OP1035,GRD001,Grader,Earth Excavation,Sunny,Wet,Beginner,2.8,5502.1,77.2,9.38,32.1,83.4,48.6,55.3,74.1,105.4,31.3
T03619,2026-01-13 22:09:07,22,1,1,night,OP1056,BCK003,Backhoe,Earth Excavation,Sunny,Loose,Intermediate,4.7,4079.4,85.0,22.4,14.9,198.0,54.5,57.2,64.7,88.1,23.4
T03620,2025-05-29 11:30:12,11,3,5,day,OP1005,EXC002,Excavator,Trenching,Sunny,Wet,Expert,18.5,1238.1,74.8,5.24,41.6,290.0,30.9,6.0,54.7,54.4,-0.3
T03621,2025-02-19 10:13:35,10,2,2,day,OP1051,GRD001,Grader,Demolition,Sunny,Loose,Expert,11.2,2602.8,84.5,14.07,24.2,18.3,39.9,87.9,92.8,98.6,5.8
T03622,2025-07-25 06:51:52,6,4,7,day,OP1035,EXC007,Excavator,Site Clearing,Rainy,Clay,Beginner,2.8,4861.4,61.1,7.78,33.8,135.2,44.7,93.5,100.5,147.6,47.1
T03623,2026-04-30 11:33:10,11,3,4,day,OP1038,EXC006,Excavator,Transfer,Cloudy,Clay,Beginner,2.4,6102.2,48.5,6.69,33.6,189.1,41.4,14.8,31.1,28.3,-2.8
T03624,2026-03-14 11:19:34,11,5,3,day,OP1003,BCK004,Backhoe,Site Clearing,Rainy,Clay,Expert,20.4,3830.5,57.1,9.68,24.8,175.6,5,105.4,90.6,77.3,-13.3
T03625,2026-09-19 06:45:05,6,5,9,day,OP1060,EXC004,Excavator,Trenching,Rainy,Wet,Expert,10.8,5459.4,47.0,13.05,26.2,127.1,28.6,58.2,72.2,67.9,-4.3
T03626,2026-07-28 23:21:05,23,1,7,night,OP1045,GRD001,Grader,Grading,Cloudy,Loose,Intermediate,6.5,6432.0,51.1,0.46,35.0,205.1,26.6,11.2,47.6,60.7,13.1
T03627,2025-02-17 09:49:12,9,0,2,day,OP1001,GRD003,Grader,Trenching,Windy,Loose,Expert,13.7,431.8,49.4,19.31,20.3,10,48.9,74.5,53.1,58.8,5.7
T03628,2026-03-31 12:11:31,12,1,3,day,OP1047,EXC006,Excavator,Grading,Sunny,Wet,Beginner,2.8,5883.4,79.7,11.43,21.4,260.5,28.6,40.3,49.2,55.8,6.6
T03629,2025-03-29 07:54:32,7,5,3,day,OP1055,BCK004,Backhoe,Material Loading,Windy,Wet,Expert,12.2,1274.5,83.5,16.0,28.8,120.5,30.0,23.3,39.0,37.3,-1.7
T03630,2025-12-04 18:24:12,18,3,12,night,OP1046,LDR003,Loader,Foundation Digging,Sunny,Rocky,Beginner,2.1,3336.4,73.7,11.89,15.6,72.7,40.6,75.8,96.1,139.4,43.3
T03631,2026-04-01 00:00:41,0,2,4,night,OP1056,DZR002,Dozer,Demolition,Sunny,Loose,Intermediate,4.7,5787.8,74.8,16.64,24.6,98.4,46.1,71.1,104.6,130.5,25.9
T03632,2026-05-09 14:06:04,14,5,5,day,OP1057,BCK002,Backhoe,Grading,Sunny,Dry,Beginner,2.8,6248.0,72.9,13.93,35.1,88.7,12.7,51.5,43.7,103.0,59.3
T03633,2025-12-05 15:00:57,15,4,12,day,OP1060,DZR002,Dozer,Site Clearing,Windy,Rocky,Expert,10.8,4938.2,91.6,8.58,21.8,57.6,18.7,79.1,99.3,103.2,3.9
T03634,2025-09-25 15:17:09,15,3,9,day,OP1048,EXC001,Excavator,Earth Excavation,Windy,Dry,Beginner,2.2,4381.3,98,7.19,30.6,298.7,17.8,56.7,65.5,77.6,12.1
T03635,2025-10-01 03:22:02,3,2,10,night,OP1045,EXC005,Excavator,Foundation Digging,Cloudy,Clay,Intermediate,6.5,4780.5,70.8,5.74,32.5,129.5,26.1,25.9,92.7,100.2,7.5
T03636,2025-10-28 00:50:08,0,1,10,night,OP1049,EXC002,Excavator,Foundation Digging,Cloudy,Clay,Beginner,0.8,2344.4,58.0,13.67,23.1,102.8,42.5,56.8,85.0,141.9,56.9
T03637,2026-08-17 22:51:05,22,0,8,night,OP1027,DZR003,Dozer,Material Loading,Cloudy,Dry,Intermediate,6.2,6413.8,67.8,15.22,35.9,105.5,35.3,84.7,38.1,44.0,5.9
T03638,2026-08-09 03:52:06,3,6,8,night,OP1014,BCK004,Backhoe,Demolition,Rainy,Wet,Expert,21.2,4908.7,89.4,18.53,37.9,157.8,12.7,31.7,125.4,125.0,-0.4
T03639,2025-09-01 23:52:14,23,0,9,night,OP1050,GRD002,Grader,Site Clearing,Cloudy,Rocky,Intermediate,7.7,4837.7,85.9,15.55,33.8,159.1,5.9,37.5,95.0,110.1,15.1
T03640,2026-04-14 07:58:13,7,1,4,day,OP1058,BCK002,Backhoe,Earth Excavation,Sunny,Dry,Intermediate,3.3,6063.6,55.6,11.82,34.2,145.8,37.5,70.7,66.3,77.5,11.2
T03641,2026-02-17 12:20:15,12,1,2,day,OP1051,GRD001,Grader,Transfer,Sunny,Rocky,Expert,11.2,5253.3,64.0,18.8,22.5,241.7,38.3,63.1,33.0,28.4,-4.6
T03642,2026-02-07 19:00:48,19,5,2,night,OP1054,DZR003,Dozer,Material Loading,Sunny,Loose,Intermediate,5.0,5018.4,81.4,7.43,20.8,159.0,24.3,35.9,37.0,58.5,21.5
T03643,2026-08-15 22:25:43,22,5,8,night,OP1021,EXC003,Excavator,Demolition,Rainy,Rocky,Intermediate,4.3,5400.4,92.9,14.48,24.6,193.0,45.5,80.6,140.3,179.0,38.7
T03644,2026-01-02 14:45:48,14,4,1,day,OP1032,EXC005,Excavator,Foundation Digging,Windy,Rocky,Intermediate,3.9,5462.9,84.1,14.79,21.4,82.9,42.6,24.7,112.5,123.2,10.7
T03645,2025-07-05 06:38:11,6,5,7,day,OP1042,EXC005,Excavator,Earth Excavation,Cloudy,Loose,Beginner,1.3,4139.1,61.5,5.56,26.5,120.4,29.1,69.2,66.8,81.4,14.6
T03646,2026-09-01 00:35:24,0,1,9,night,OP1049,DZR001,Dozer,Trenching,Cloudy,Wet,Beginner,0.8,5236.0,75.8,18.43,32.7,263.0,33.4,43.9,62.5,95.8,33.3
T03647,2026-09-04 13:37:20,13,4,9,day,OP1009,EXC006,Excavator,Grading,Windy,Wet,Intermediate,5.2,7029.9,61.1,12.36,34.3,87.6,31.3,45.9,55.4,61.4,6.0
T03648,2026-03-20 22:43:08,22,4,3,night,OP1005,BCK002,Backhoe,Trenching,Cloudy,Dry,Expert,18.5,5885.6,98,8.6,24.3,94.3,35.8,29.5,56.1,62.9,6.8
T03649,2025-09-23 14:19:37,14,1,9,day,OP1010,EXC004,Excavator,Trenching,Rainy,Loose,Intermediate,8.6,2826.4,58.1,2.35,31.2,61.9,33.4,61.6,62.2,78.8,16.6
T03650,2026-09-09 09:40:43,9,2,9,day,OP1027,LDR002,Loader,Earth Excavation,Rainy,Loose,Intermediate,6.2,4671.6,98,16.4,26.7,175.2,44.6,72.8,81.8,94.0,12.2
T03651,2025-07-30 01:52:08,1,2,7,night,OP1009,GRD003,Grader,Demolition,Rainy,Clay,Intermediate,5.2,1619.2,65.9,16.99,29.9,10,13.5,32.4,117.8,116.9,-0.9
T03652,2026-01-17 21:23:09,21,5,1,night,OP1020,BCK003,Backhoe,Site Clearing,Rainy,Wet,Intermediate,8.4,4108.4,87.0,4.24,19.3,82.2,27.6,43.3,99.4,115.4,16.0
T03653,2025-05-19 08:42:52,8,0,5,day,OP1048,DZR002,Dozer,Site Clearing,Cloudy,Clay,Beginner,2.2,3476.3,62.9,4.41,36.9,61.1,21.8,95.0,80.1,121.8,41.7
T03654,2026-06-18 12:24:59,12,3,6,day,OP1013,EXC003,Excavator,Site Clearing,Rainy,Loose,Expert,18.9,4974.0,86.3,8.72,35.8,165.1,14.5,70.5,90.2,81.7,-8.5
T03655,2025-11-19 15:31:05,15,2,11,day,OP1051,DZR003,Dozer,Material Loading,Sunny,Rocky,Expert,11.2,4433.3,57.1,6.25,21.0,96.7,45.6,42.5,42.7,41.7,-1.0
T03656,2025-09-27 14:54:39,14,5,9,day,OP1014,GRD003,Grader,Foundation Digging,Foggy,Dry,Expert,21.2,2053.9,81.1,19.43,28.8,266.2,23.0,8.4,80.2,75.5,-4.7
T03657,2025-11-27 09:47:50,9,3,11,day,OP1045,GRD003,Grader,Foundation Digging,Sunny,Dry,Intermediate,6.5,2497.7,47.8,3.04,29.0,184.2,38.3,55.2,75.0,98.1,23.1
T03658,2026-01-29 20:39:29,20,3,1,night,OP1024,EXC005,Excavator,Grading,Windy,Wet,Beginner,1.5,5661.8,69.4,10.1,22.1,98.6,14.5,15.1,53.8,96.3,42.5
T03659,2025-09-26 10:29:46,10,4,9,day,OP1053,LDR005,Loader,Trenching,Rainy,Rocky,Intermediate,7.0,2119.5,65.3,10.06,27.5,86.5,32.8,42.4,71.1,87.3,16.2
T03660,2026-08-15 13:08:58,13,5,8,day,OP1027,GRD001,Grader,Transfer,Foggy,Dry,Intermediate,6.2,6560.3,50.6,8.94,25.8,164.6,32.8,20.1,31.2,49.5,18.3
T03661,2026-06-30 13:35:09,13,1,6,day,OP1056,EXC006,Excavator,Transfer,Sunny,Wet,Intermediate,4.7,6548.1,50.8,14.38,33.9,257.8,43.1,49.1,31.8,33.0,1.2
T03662,2026-03-27 21:10:22,21,4,3,night,OP1029,DZR003,Dozer,Demolition,Cloudy,Clay,Intermediate,8.7,5369.4,41.5,20.2,25.7,106.7,29.5,65.2,111.1,131.7,20.6
T03663,2026-07-10 07:21:10,7,4,7,day,OP1030,DZR002,Dozer,Demolition,Rainy,Wet,Intermediate,4.1,6520.0,53.3,18.59,28.8,126.2,26.7,38.0,141.1,169.4,28.3
T03664,2025-11-27 09:58:39,9,3,11,day,OP1054,EXC002,Excavator,Site Clearing,Cloudy,Clay,Intermediate,5.0,2566.2,62.0,7.6,21.2,172.7,38.7,92.8,77.2,86.7,9.5
T03665,2025-11-24 12:32:23,12,0,11,day,OP1041,EXC007,Excavator,Material Loading,Cloudy,Rocky,Intermediate,4.3,5753.7,93.2,5.14,18.8,137.9,19.5,66.1,46.2,33.3,-12.9
T03666,2025-08-16 14:20:19,14,5,8,day,OP1035,EXC004,Excavator,Demolition,Sunny,Wet,Beginner,2.8,2549.0,93.2,0,30.7,203.1,38.0,22.3,100.5,135.4,34.9
T03667,2025-12-08 11:54:58,11,0,12,day,OP1044,GRD001,Grader,Foundation Digging,Cloudy,Clay,Beginner,1.1,4734.9,79.9,11.81,21.9,105.9,36.7,66.3,92.6,127.3,34.7
T03668,2025-12-06 12:44:51,12,5,12,day,OP1048,EXC008,Excavator,Grading,Cloudy,Loose,Beginner,2.2,2862.0,88.1,17.18,18.1,69.6,29.9,20.0,41.7,38.0,-3.7
T03669,2026-07-23 10:59:08,10,3,7,day,OP1003,GRD001,Grader,Demolition,Foggy,Clay,Expert,20.4,6391.7,57.3,18.88,31.8,197.4,8.7,76.6,124.8,113.7,-11.1
T03670,2026-05-25 22:01:30,22,0,5,night,OP1016,EXC005,Excavator,Earth Excavation,Sunny,Rocky,Beginner,2.9,6509.0,56.6,13.36,39.5,187.2,26.8,35.7,83.5,112.6,29.1
T03671,2026-05-15 08:05:43,8,4,5,day,OP1043,GRD002,Grader,Demolition,Rainy,Clay,Expert,19.0,6701.7,50.3,17.25,43.1,116.9,25.8,39.4,138.7,143.3,4.6
T03672,2025-08-05 12:34:54,12,1,8,day,OP1006,LDR003,Loader,Material Loading,Sunny,Clay,Intermediate,3.3,2451.3,72.9,14.51,40.4,172.5,16.1,45.2,35.2,44.0,8.8
T03673,2026-07-25 18:22:01,18,5,7,night,OP1040,DZR004,Dozer,Earth Excavation,Rainy,Loose,Intermediate,8.2,5043.9,94.6,8.91,36.0,140.7,29.5,53.6,79.0,101.4,22.4
T03674,2025-01-14 20:27:21,20,1,1,night,OP1001,LDR005,Loader,Site Clearing,Cloudy,Dry,Expert,13.7,261.0,58.3,17.09,18.1,150.3,41.1,29.9,70.0,85.5,15.5
T03675,2026-06-11 07:42:10,7,3,6,day,OP1012,EXC008,Excavator,Demolition,Rainy,Loose,Beginner,1.4,4225.5,72.3,10.75,29.1,174.2,43.5,90.4,118.8,180.5,61.7
T03676,2026-04-09 12:37:27,12,3,4,day,OP1041,EXC001,Excavator,Earth Excavation,Sunny,Clay,Intermediate,4.3,5811.3,46.7,4.48,31.8,169.9,5,46.9,72.3,76.9,4.6
T03677,2025-06-28 15:21:51,15,5,6,day,OP1055,EXC002,Excavator,Demolition,Rainy,Loose,Expert,12.2,1458.2,76.7,17.64,32.5,165.4,31.5,93.2,111.0,118.0,7.0
T03678,2026-09-14 06:56:08,6,0,9,day,OP1041,LDR002,Loader,Grading,Rainy,Dry,Intermediate,4.3,4707.3,56.3,8.76,35.2,228.3,5,69.0,49.9,51.8,1.9
T03679,2026-07-01 14:43:55,14,2,7,day,OP1010,EXC006,Excavator,Trenching,Rainy,Dry,Intermediate,8.6,6555.8,79.1,15.12,27.0,15.7,44.3,44.7,70.1,91.3,21.2
T03680,2026-06-04 15:32:14,15,3,6,day,OP1009,DZR001,Dozer,Grading,Windy,Loose,Intermediate,5.2,4590.8,84.6,13.75,40.9,176.0,19.3,88.6,46.8,59.4,12.6
T03681,2025-05-20 11:09:56,11,1,5,day,OP1058,LDR001,Loader,Trenching,Rainy,Loose,Intermediate,3.3,2640.9,88.6,8.55,32.7,65.4,45.4,42.4,63.9,79.9,16.0
T03682,2026-05-29 10:58:04,10,4,5,day,OP1057,BCK004,Backhoe,Foundation Digging,Windy,Rocky,Beginner,2.8,4385.2,73.4,12.29,39.8,133.2,15.5,36.0,110.6,171.0,60.4
T03683,2025-06-27 06:32:16,6,4,6,day,OP1048,BCK002,Backhoe,Material Loading,Rainy,Clay,Beginner,2.2,3938.9,68.7,12.64,34.1,134.6,27.1,44.2,46.1,51.6,5.5
T03684,2026-05-25 09:36:44,9,0,5,day,OP1040,DZR001,Dozer,Site Clearing,Sunny,Loose,Intermediate,8.2,4516.0,67.2,11.3,46,249.8,31.6,80.7,77.2,111.9,34.7
T03685,2025-10-15 10:33:48,10,2,10,day,OP1021,EXC001,Excavator,Site Clearing,Windy,Dry,Intermediate,4.3,4525.9,63.5,12.02,22.7,215.8,62,46.4,83.1,90.8,7.7
T03686,2026-02-27 15:35:04,15,4,2,day,OP1035,BCK002,Backhoe,Material Loading,Windy,Dry,Beginner,2.8,5730.1,94.6,14.48,21.4,250.1,42.5,52.3,39.3,68.6,29.3
T03687,2026-04-22 15:59:06,15,2,4,day,OP1047,EXC008,Excavator,Demolition,Sunny,Dry,Beginner,2.8,3863.0,66.6,8.38,31.1,222.7,39.2,16.5,92.8,153.7,60.9
T03688,2025-08-15 22:46:36,22,4,8,night,OP1057,EXC002,Excavator,Trenching,Foggy,Wet,Beginner,2.8,1810.9,84.5,8.6,30.9,196.5,12.7,23.4,63.5,74.0,10.5
T03689,2025-09-02 14:42:21,14,1,9,day,OP1002,GRD001,Grader,Transfer,Windy,Loose,Expert,18.3,4027.6,87.0,15.97,28.1,129.7,36.0,41.4,29.0,32.2,3.2
T03690,2025-05-08 14:52:34,14,3,5,day,OP1022,EXC008,Excavator,Demolition,Sunny,Rocky,Beginner,0.6,1315.0,88.1,9.53,41.0,113.2,27.8,91.8,109.1,133.1,24.0
T03691,2025-06-13 07:07:32,7,4,6,day,OP1057,DZR004,Dozer,Material Loading,Foggy,Clay,Beginner,2.8,2069.3,98,4.48,39.1,54.7,12.1,91.3,39.0,61.2,22.2
T03692,2025-02-05 15:15:44,15,2,2,day,OP1026,LDR004,Loader,Site Clearing,Cloudy,Loose,Beginner,2.3,2191.6,74.9,12.08,20.0,142.2,22.7,58.3,73.5,107.8,34.3
T03693,2025-03-07 12:37:48,12,4,3,day,OP1023,DZR001,Dozer,Transfer,Cloudy,Wet,Beginner,2.1,1275.7,62.6,9.81,25.3,153.4,36.4,19.2,28.2,30.4,2.2
T03694,2025-10-26 00:07:31,0,6,10,night,OP1015,DZR003,Dozer,Material Loading,Rainy,Wet,Beginner,0.6,4253.4,81.0,15.61,22.5,212.0,15.5,6.7,48.4,52.3,3.9
T03695,2025-08-29 12:57:33,12,4,8,day,OP1049,GRD003,Grader,Trenching,Rainy,Dry,Beginner,0.8,1841.6,72.1,10.36,30.0,230.3,48.1,28.8,58.0,75.1,17.1
T03696,2026-06-26 22:58:36,22,4,6,night,OP1004,EXC006,Excavator,Earth Excavation,Sunny,Rocky,Intermediate,6.3,6521.8,56.6,6.68,42.8,226.9,29.5,67.5,83.5,107.7,24.2
T03697,2025-11-15 07:31:40,7,5,11,day,OP1023,BCK002,Backhoe,Demolition,Windy,Wet,Beginner,2.1,4968.5,60.8,14.69,21.1,258.8,38.9,50.6,116.0,161.4,45.4
T03698,2025-09-04 06:24:42,6,3,9,day,OP1026,BCK001,Backhoe,Trenching,Cloudy,Wet,Beginner,2.3,4840.9,66.4,10.92,38.4,132.2,25.4,41.4,61.6,81.8,20.2
T03699,2025-10-07 12:25:14,12,1,10,day,OP1033,EXC004,Excavator,Trenching,Windy,Loose,Expert,17.2,2928.1,57.1,18.24,33.4,155.1,25.8,70.5,55.0,64.1,9.1
T03700,2025-12-18 08:06:50,8,3,12,day,OP1016,LDR004,Loader,Transfer,Cloudy,Wet,Beginner,2.9,4496.2,77.2,8.69,11.3,64.5,40.7,36.8,30.4,49.5,19.1
T03701,2026-08-03 21:25:48,21,0,8,night,OP1027,EXC001,Excavator,Site Clearing,Sunny,Wet,Intermediate,6.2,6660.8,60.8,19.79,39.9,248.0,30.2,12.5,90.4,125.1,34.7
T03702,2026-06-27 08:32:27,8,5,6,day,OP1052,EXC006,Excavator,Site Clearing,Windy,Wet,Intermediate,5.8,6524.7,71.0,6.21,37.1,34.8,37.4,23.0,94.8,122.9,28.1
T03703,2025-06-10 22:38:25,22,1,6,night,OP1041,DZR004,Dozer,Transfer,Sunny,Wet,Intermediate,4.3,2052.2,54.9,18.1,28.8,157.1,5,68.3,27.4,40.6,13.2
T03704,2025-11-17 23:51:14,23,0,11,night,OP1051,GRD002,Grader,Foundation Digging,Sunny,Loose,Expert,11.2,5399.8,54.8,16.55,26.1,93.4,38.7,67.5,87.9,105.6,17.7
T03705,2025-09-27 12:02:01,12,5,9,day,OP1051,GRD001,Grader,Demolition,Cloudy,Wet,Expert,11.2,4209.3,81.8,10.73,33.9,92.7,44.8,43.0,110.4,116.8,6.4
T03706,2025-07-22 09:54:35,9,1,7,day,OP1013,EXC001,Excavator,Material Loading,Rainy,Dry,Expert,18.9,3905.2,55.2,8.15,23.9,147.9,18.7,86.0,40.7,36.4,-4.3
T03707,2026-04-20 07:04:01,7,0,4,day,OP1028,EXC001,Excavator,Foundation Digging,Rainy,Wet,Beginner,1.6,5889.9,45.8,10.46,35.8,236.3,46.1,46.5,119.3,181.7,62.4
T03708,2026-08-11 06:23:22,6,1,8,day,OP1048,GRD002,Grader,Transfer,Cloudy,Wet,Beginner,2.2,7343.6,61.0,8.73,36.1,218.9,26.7,87.9,33.6,42.6,9.0
T03709,2025-04-28 14:45:42,14,0,4,day,OP1015,DZR003,Dozer,Site Clearing,Rainy,Clay,Beginner,0.6,2936.6,68.2,10.38,34.4,171.6,25.3,29.3,90.5,116.2,25.7
T03710,2025-09-03 22:45:14,22,2,9,night,OP1033,GRD002,Grader,Demolition,Windy,Wet,Expert,17.2,4852.0,67.3,12.82,26.8,33.0,20.8,63.7,118.7,122.9,4.2
T03711,2026-02-10 07:43:54,7,1,2,day,OP1004,EXC002,Excavator,Demolition,Rainy,Loose,Intermediate,6.3,3113.0,89.0,13.47,20.5,87.4,35.4,82.3,110.1,125.3,15.2
T03712,2025-02-12 14:23:52,14,2,2,day,OP1060,EXC004,Excavator,Transfer,Sunny,Clay,Expert,10.8,1198.6,73.2,7.08,20.2,31.6,16.7,27.5,26.4,27.9,1.5
T03713,2025-06-16 18:55:25,18,0,6,night,OP1037,GRD001,Grader,Earth Excavation,Windy,Clay,Expert,24.1,3459.5,75.8,5.74,37.3,217.9,55.6,27.7,72.5,75.7,3.2
T03714,2026-02-07 07:26:09,7,5,2,day,OP1043,DZR003,Dozer,Transfer,Sunny,Wet,Expert,19.0,5014.8,81.7,15.44,19.1,188.2,5,95.1,30.1,28.8,-1.3
T03715,2026-03-03 08:50:16,8,1,3,day,OP1057,LDR001,Loader,Foundation Digging,Sunny,Wet,Beginner,2.8,4735.3,83.9,6.37,25.4,188.1,15.4,53.2,93.1,135.5,42.4
T03716,2025-03-21 10:00:35,10,4,3,day,OP1010,BCK001,Backhoe,Transfer,Windy,Dry,Intermediate,8.6,3622.9,76.0,9.44,37.8,153.9,52.5,62.6,26.6,51.1,24.5
T03717,2026-09-04 12:18:29,12,4,9,day,OP1041,DZR004,Dozer,Earth Excavation,Sunny,Clay,Intermediate,4.3,5341.3,63.6,15.47,22.5,198.2,5,70.8,71.1,85.0,13.9
T03718,2025-08-08 13:14:08,13,4,8,day,OP1010,GRD003,Grader,Foundation Digging,Foggy,Dry,Intermediate,8.6,1688.4,79.5,11.01,26.0,240.6,36.7,26.1,85.5,88.7,3.2
T03719,2026-05-12 11:17:31,11,1,5,day,OP1010,EXC007,Excavator,Foundation Digging,Cloudy,Loose,Intermediate,8.6,6987.0,54.8,8.43,37.2,190.1,41.4,16.3,95.7,107.2,11.5
T03720,2026-06-21 02:57:02,2,6,6,night,OP1059,EXC003,Excavator,Transfer,Rainy,Rocky,Expert,22.2,4993.0,38.7,6.21,32.2,129.7,61.1,20.5,37.6,49.6,12.0
T03721,2026-05-12 22:34:03,22,1,5,night,OP1014,EXC006,Excavator,Foundation Digging,Rainy,Dry,Expert,21.2,6193.1,75.5,18.02,38.1,111.7,24.7,34.2,102.6,102.5,-0.1
T03722,2025-08-04 23:30:04,23,0,8,night,OP1053,BCK003,Backhoe,Earth Excavation,Rainy,Clay,Intermediate,7.0,2897.2,69.0,8.89,34.5,113.1,37.1,33.7,79.0,111.8,32.8
T03723,2025-05-15 20:35:28,20,3,5,night,OP1053,EXC003,Excavator,Demolition,Rainy,Dry,Intermediate,7.0,2063.7,76.2,9.48,37.8,179.1,38.6,60.6,105.1,133.3,28.2
T03724,2025-09-23 07:41:42,7,1,9,day,OP1004,EXC002,Excavator,Foundation Digging,Foggy,Clay,Intermediate,6.3,2091.0,58.2,15.13,34.3,135.4,27.7,51.4,96.5,108.5,12.0
T03725,2025-06-18 23:32:53,23,2,6,night,OP1019,GRD002,Grader,Demolition,Sunny,Wet,Intermediate,4.5,4290.1,93.9,12.81,29.2,118.1,22.3,24.7,107.5,139.1,31.6
T03726,2026-04-23 08:30:31,8,3,4,day,OP1040,EXC004,Excavator,Transfer,Windy,Dry,Intermediate,8.2,4372.3,98,9.91,33.8,188.9,28.1,59.4,27.0,16.9,-10.1
T03727,2025-04-10 19:16:34,19,3,4,night,OP1004,EXC002,Excavator,Site Clearing,Sunny,Rocky,Intermediate,6.3,882.7,58.4,9.55,35.5,121.9,23.0,5,84.3,91.9,7.6
T03728,2025-01-24 13:48:28,13,4,1,day,OP1042,GRD002,Grader,Demolition,Sunny,Dry,Beginner,1.3,3228.7,76.0,11.29,16.8,42.5,25.7,25.5,90.6,123.7,33.1
T03729,2026-04-30 07:07:55,7,3,4,day,OP1027,EXC008,Excavator,Foundation Digging,Cloudy,Loose,Intermediate,6.2,3918.7,92.1,8.31,32.2,93.7,39.9,77.3,85.7,82.6,-3.1
T03730,2025-07-15 08:28:15,8,1,7,day,OP1053,BCK001,Backhoe,Transfer,Windy,Clay,Intermediate,7.0,4469.3,88.5,25.58,33.7,254.0,53.0,40.9,29.9,31.5,1.6
T03731,2025-12-16 07:23:35,7,1,12,day,OP1016,EXC004,Excavator,Trenching,Rainy,Loose,Beginner,2.9,3437.5,53.9,11.99,17.9,81.2,24.4,41.1,64.9,62.8,-2.1
T03732,2025-12-04 22:52:13,22,3,12,night,OP1046,EXC003,Excavator,Earth Excavation,Sunny,Wet,Beginner,2.1,3546.3,86.8,7.46,18.7,96.6,44.6,56.2,68.9,111.6,42.7
T03733,2025-11-08 06:18:33,6,5,11,day,OP1014,EXC001,Excavator,Site Clearing,Cloudy,Loose,Expert,21.2,4699.8,51.9,10.82,26.2,156.4,20.1,54.4,80.0,77.5,-2.5
T03734,2026-08-12 14:12:48,14,2,8,day,OP1033,BCK002,Backhoe,Site Clearing,Sunny,Rocky,Expert,17.2,6941.5,82.4,22.59,30.7,243.0,24.0,29.4,99.3,92.2,-7.1
T03735,2026-02-28 10:04:33,10,5,2,day,OP1030,EXC007,Excavator,Grading,Cloudy,Dry,Intermediate,4.1,6453.7,69.1,15.15,24.9,195.4,16.1,78.9,45.3,32.0,-13.3
T03736,2025-01-17 07:17:57,7,4,1,day,OP1021,GRD003,Grader,Site Clearing,Sunny,Loose,Intermediate,4.3,204.7,71.0,10.62,18.3,224.1,30.7,79.8,71.4,56.1,-15.3
T03737,2025-10-01 14:02:58,14,2,10,day,OP1004,GRD003,Grader,Material Loading,Sunny,Clay,Intermediate,6.3,2082.8,77.6,9.9,30.5,44.9,27.8,75.9,35.2,27.1,-8.1
T03738,2025-12-05 08:07:51,8,4,12,day,OP1034,BCK001,Backhoe,Grading,Rainy,Rocky,Beginner,1.3,5513.0,58.5,7.75,22.5,88.2,22.8,68.8,63.6,51.7,-11.9
T03739,2025-07-01 08:17:35,8,1,7,day,OP1041,BCK003,Backhoe,Material Loading,Cloudy,Rocky,Intermediate,4.3,2644.4,82.7,5.52,31.8,10,9.3,32.7,41.1,27.0,-14.1
T03740,2026-06-19 10:14:22,10,4,6,day,OP1026,LDR004,Loader,Transfer,Rainy,Loose,Beginner,2.3,5832.8,60.9,1.28,40.4,181.0,22.1,57.8,33.4,41.3,7.9
T03741,2026-08-21 15:10:58,15,4,8,day,OP1026,BCK003,Backhoe,Foundation Digging,Cloudy,Clay,Beginner,2.3,5683.3,85.4,6.77,28.6,126.5,18.0,43.3,95.8,110.8,15.0
T03742,2025-03-25 14:31:42,14,1,3,day,OP1032,LDR004,Loader,Earth Excavation,Sunny,Clay,Intermediate,3.9,2541.8,81.1,10.54,32.7,169.3,48.8,72.7,63.9,86.7,22.8
T03743,2025-01-13 09:45:50,9,0,1,day,OP1035,EXC007,Excavator,Site Clearing,Rainy,Rocky,Beginner,2.8,3453.3,57.8,13.92,16.7,105.7,48.9,57.8,103.8,158.3,54.5
T03744,2026-09-19 14:51:41,14,5,9,day,OP1056,DZR002,Dozer,Foundation Digging,Sunny,Clay,Intermediate,4.7,7040.6,60.0,11.93,29.9,60.9,25.5,61.4,97.5,97.2,-0.3
T03745,2026-03-18 12:49:25,12,2,3,day,OP1027,GRD002,Grader,Grading,Rainy,Loose,Intermediate,6.2,6279.8,78.1,13.37,33.4,234.5,23.5,53.4,57.9,57.2,-0.7
T03746,2026-09-05 13:31:23,13,5,9,day,OP1047,LDR002,Loader,Grading,Rainy,Rocky,Beginner,2.8,4643.6,58.2,12.27,31.4,59.8,31.0,40.1,60.6,96.7,36.1
T03747,2026-05-01 21:30:16,21,4,5,night,OP1038,BCK003,Backhoe,Grading,Windy,Clay,Beginner,2.4,4867.6,98,5.86,43.8,181.9,31.0,44.4,48.6,75.2,26.6
T03748,2025-02-13 08:02:16,8,3,2,day,OP1053,BCK001,Backhoe,Site Clearing,Windy,Loose,Intermediate,7.0,3359.5,73.6,8.96,27.7,288.5,37.8,18.2,80.5,93.6,13.1
T03749,2026-02-14 11:10:01,11,5,2,day,OP1036,LDR004,Loader,Site Clearing,Windy,Wet,Intermediate,3.3,4920.6,64.1,8.28,18.7,148.3,15.2,67.9,92.1,94.3,2.2
T03750,2026-03-28 23:58:20,23,5,3,night,OP1008,LDR001,Loader,Grading,Windy,Rocky,Beginner,1.2,4922.4,89.1,7.12,28.0,222.4,30.2,62.8,55.5,78.6,23.1
T03751,2026-06-10 00:16:42,0,2,6,night,OP1053,DZR004,Dozer,Grading,Rainy,Loose,Intermediate,7.0,4709.9,97.2,18.85,35.4,235.4,41.8,62.5,49.5,58.3,8.8
T03752,2025-12-31 11:04:16,11,2,12,day,OP1038,EXC001,Excavator,Site Clearing,Sunny,Dry,Beginner,2.4,5088.1,66.7,11.92,14.8,150.0,39.6,62.1,75.0,127.3,52.3
T03753,2025-08-31 03:51:14,3,6,8,night,OP1002,EXC006,Excavator,Material Loading,Windy,Dry,Expert,18.3,4333.2,65.6,15.92,35.2,10,31.8,70.9,36.2,32.8,-3.4
T03754,2025-01-06 19:11:06,19,0,1,night,OP1018,BCK002,Backhoe,Transfer,Cloudy,Rocky,Expert,15.8,2687.1,46.1,10.02,14.2,154.5,24.0,18.6,30.9,39.5,8.6
T03755,2025-03-31 13:10:22,13,0,3,day,OP1045,BCK004,Backhoe,Trenching,Rainy,Rocky,Intermediate,6.5,1290.7,76.8,15.54,24.5,84.9,31.5,23.9,71.8,64.3,-7.5
T03756,2025-03-26 12:55:23,12,2,3,day,OP1056,EXC001,Excavator,Trenching,Cloudy,Dry,Intermediate,4.7,3044.7,77.8,6.15,22.0,139.8,36.9,109.4,50.5,60.7,10.2
T03757,2025-08-12 14:11:18,14,1,8,day,OP1059,EXC002,Excavator,Trenching,Windy,Loose,Expert,22.2,1786.4,75.2,7.81,30.2,20.7,55.7,29.4,55.8,59.1,3.3
T03758,2025-01-26 00:30:08,0,6,1,night,OP1032,EXC001,Excavator,Transfer,Foggy,Dry,Intermediate,3.9,2610.2,72.4,7.06,16.9,225.5,49.2,34.2,27.6,27.5,-0.1
T03759,2025-03-31 19:48:22,19,0,3,night,OP1055,LDR003,Loader,Material Loading,Sunny,Dry,Expert,12.2,1526.4,68.0,10.44,21.6,148.1,31.1,90.9,32.0,36.8,4.8
T03760,2026-05-12 11:00:44,11,1,5,day,OP1016,LDR001,Loader,Earth Excavation,Rainy,Rocky,Beginner,2.9,5246.9,58.8,11.62,34.2,209.8,52.4,30.7,94.2,156.5,62.3
T03761,2025-05-23 19:14:13,19,4,5,night,OP1048,LDR005,Loader,Site Clearing,Sunny,Clay,Beginner,2.2,1202.3,88.3,9.72,37.0,158.5,20.5,5.1,74.8,90.8,16.0
T03762,2026-06-25 06:50:31,6,3,6,day,OP1056,GRD003,Grader,Grading,Cloudy,Wet,Intermediate,4.7,4029.8,67.0,15.45,34.2,169.2,30.2,51.8,47.3,52.8,5.5
T03763,2025-07-17 08:15:51,8,3,7,day,OP1037,DZR002,Dozer,Site Clearing,Windy,Loose,Expert,24.1,3906.9,57.1,16.26,38.2,10,46.1,67.2,82.0,92.1,10.1
T03764,2025-01-15 01:59:41,1,2,1,night,OP1003,BCK002,Backhoe,Material Loading,Cloudy,Rocky,Expert,20.4,2747.6,71.9,5.16,19.1,103.7,5,72.7,41.3,39.8,-1.5
T03765,2026-08-24 18:24:40,18,0,8,night,OP1002,EXC007,Excavator,Demolition,Cloudy,Wet,Expert,18.3,7748.4,76.2,17.27,34.4,266.0,40.8,94.3,125.0,135.3,10.3
T03766,2026-03-06 01:54:22,1,4,3,night,OP1020,EXC004,Excavator,Earth Excavation,Sunny,Rocky,Intermediate,8.4,4019.9,66.1,7.86,27.7,252.4,14.9,32.4,76.3,77.7,1.4
T03767,2026-04-13 22:10:51,22,0,4,night,OP1060,BCK002,Backhoe,Trenching,Windy,Loose,Expert,10.8,6060.6,49.3,5.26,38.4,184.1,25.4,41.6,61.7,67.1,5.4
T03768,2025-08-20 09:51:14,9,2,8,day,OP1058,DZR002,Dozer,Transfer,Windy,Rocky,Intermediate,3.3,4155.6,98,7.35,35.5,183.1,39.6,81.3,33.2,22.1,-11.1
T03769,2025-02-08 15:50:13,15,5,2,day,OP1020,DZR002,Dozer,Trenching,Windy,Rocky,Intermediate,8.4,2748.5,55.3,6.5,17.0,100.7,15.1,70.7,63.6,63.8,0.2
T03770,2026-08-22 19:39:50,19,5,8,night,OP1008,EXC006,Excavator,Earth Excavation,Rainy,Loose,Beginner,1.2,6936.9,43.2,13.13,30.7,147.7,27.1,57.0,86.2,127.2,41.0
T03771,2025-02-14 07:13:50,7,4,2,day,OP1038,EXC007,Excavator,Site Clearing,Sunny,Rocky,Beginner,2.4,3686.2,98,15.86,23.9,183.6,36.2,59.0,88.3,106.0,17.7
T03772,2025-09-11 08:31:05,8,3,9,day,OP1007,EXC008,Excavator,Grading,Windy,Dry,Beginner,1.2,2232.9,62.3,3.81,33.1,165.3,44.9,52.3,41.6,44.6,3.0
T03773,2026-05-13 15:20:57,15,2,5,day,OP1033,DZR001,Dozer,Site Clearing,Cloudy,Loose,Expert,17.2,4430.1,73.4,14.59,38.1,186.6,34.8,59.9,79.2,81.4,2.2
T03774,2025-11-29 08:18:32,8,5,11,day,OP1060,LDR002,Loader,Earth Excavation,Rainy,Rocky,Expert,10.8,2598.0,55.9,18.71,23.1,208.2,19.6,23.7,88.3,83.2,-5.1
T03775,2025-03-26 14:47:25,14,2,3,day,OP1001,GRD003,Grader,Trenching,Rainy,Clay,Expert,13.7,703.4,69.9,10.41,31.5,116.0,39.3,11.8,60.2,67.3,7.1
T03776,2026-05-04 09:27:46,9,0,5,day,OP1041,GRD001,Grader,Transfer,Rainy,Loose,Intermediate,4.3,5807.3,74.3,4.22,39.2,181.4,10.0,49.9,33.8,41.8,8.0
T03777,2025-09-19 02:28:55,2,4,9,night,OP1057,DZR003,Dozer,Site Clearing,Foggy,Clay,Beginner,2.8,3984.0,67.8,7.93,26.7,134.3,18.7,38.4,90.0,125.8,35.8
T03778,2026-03-18 08:54:33,8,2,3,day,OP1018,LDR003,Loader,Transfer,Windy,Rocky,Expert,15.8,4092.7,80.1,11.69,28.6,111.0,18.9,38.0,34.1,36.0,1.9
T03779,2025-06-25 06:47:23,6,2,6,day,OP1047,LDR001,Loader,Site Clearing,Rainy,Rocky,Beginner,2.8,2902.3,80.1,7.07,33.5,72.0,33.9,96.9,102.0,130.7,28.7
T03780,2025-06-11 08:26:05,8,2,6,day,OP1029,EXC002,Excavator,Earth Excavation,Rainy,Dry,Intermediate,8.7,1332.0,81.9,4.49,40.8,59.1,41.2,15.7,70.3,61.4,-8.9
T03781,2025-05-03 08:43:51,8,5,5,day,OP1010,LDR004,Loader,Trenching,Sunny,Clay,Intermediate,8.6,2824.7,53.0,10.19,38.0,190.5,36.6,53.3,53.5,57.4,3.9
T03782,2026-08-05 06:30:21,6,2,8,day,OP1019,EXC001,Excavator,Transfer,Windy,Clay,Intermediate,4.5,6670.9,85.6,8.79,37.2,184.5,13.2,33.9,32.8,24.0,-8.8
T03783,2026-07-14 10:55:06,10,1,7,day,OP1036,LDR003,Loader,Material Loading,Rainy,Loose,Intermediate,3.3,4954.7,96.7,4.44,29.1,139.2,14.4,32.8,43.0,47.3,4.3
T03784,2026-03-02 14:10:53,14,0,3,day,OP1026,GRD003,Grader,Material Loading,Cloudy,Rocky,Beginner,2.3,3192.5,87.5,11.71,29.9,123.2,23.1,43.9,42.0,58.9,16.9
T03785,2025-05-06 09:10:31,9,1,5,day,OP1019,BCK003,Backhoe,Transfer,Cloudy,Loose,Intermediate,4.5,2235.9,82.6,13.31,38.4,157.3,20.1,44.8,26.0,44.0,18.0
T03786,2025-03-13 10:18:29,10,3,3,day,OP1015,EXC004,Excavator,Foundation Digging,Sunny,Rocky,Beginner,0.6,1409.0,69.5,20.27,25.5,197.1,17.1,26.1,93.0,116.5,23.5
T03787,2026-05-01 14:19:49,14,4,5,day,OP1026,LDR001,Loader,Site Clearing,Windy,Clay,Beginner,2.3,5167.6,66.9,8.36,34.8,97.3,22.8,49.5,86.2,95.4,9.2
T03788,2025-12-19 20:24:57,20,4,12,night,OP1028,GRD001,Grader,Demolition,Cloudy,Wet,Beginner,1.6,4817.8,85.5,6.34,10.8,148.2,54.3,33.8,112.9,197.6,84.7
T03789,2025-04-25 14:20:25,14,4,4,day,OP1014,EXC006,Excavator,Trenching,Sunny,Loose,Expert,21.2,3402.0,59.1,5.86,42.4,115.5,45.2,43.6,52.2,57.9,5.7
T03790,2026-08-15 18:52:04,18,5,8,night,OP1019,LDR004,Loader,Foundation Digging,Rainy,Clay,Intermediate,4.5,6251.5,98,11.24,34.6,191.6,19.7,39.7,109.3,127.8,18.5
T03791,2026-02-05 07:03:01,7,3,2,day,OP1014,LDR005,Loader,Material Loading,Cloudy,Wet,Expert,21.2,3082.0,98,6.61,16.5,196.0,31.6,67.8,38.4,37.9,-0.5
T03792,2025-11-10 07:21:29,7,0,11,day,OP1041,LDR002,Loader,Transfer,Sunny,Wet,Intermediate,4.3,2459.0,80.1,15.72,28.9,113.3,6.8,34.2,27.4,37.2,9.8
T03793,2025-09-29 12:11:41,12,0,9,day,OP1060,EXC005,Excavator,Transfer,Rainy,Clay,Expert,10.8,4768.6,71.8,13.2,38.0,245.0,21.4,94.9,33.9,38.5,4.6
T03794,2026-09-14 06:51:28,6,0,9,day,OP1019,GRD002,Grader,Trenching,Cloudy,Clay,Intermediate,4.5,7592.0,68.9,8.76,28.0,216.0,24.6,73.4,65.5,58.7,-6.8
T03795,2025-05-24 18:18:57,18,5,5,night,OP1012,LDR001,Loader,Material Loading,Sunny,Clay,Beginner,1.4,2672.2,84.5,16.61,37.8,112.7,50.9,88.2,35.4,64.0,28.6
T03796,2026-03-11 14:17:01,14,2,3,day,OP1056,LDR001,Loader,Demolition,Sunny,Rocky,Intermediate,4.7,4795.3,53.3,14.73,26.8,227.9,34.2,36.2,119.1,136.2,17.1
T03797,2025-02-04 00:54:55,0,1,2,night,OP1051,LDR005,Loader,Demolition,Sunny,Loose,Expert,11.2,408.4,65.9,6.28,19.5,157.8,21.5,66.2,92.4,99.5,7.1
T03798,2025-05-22 15:01:03,15,3,5,day,OP1042,EXC002,Excavator,Trenching,Sunny,Clay,Beginner,1.3,1188.0,72.8,8.46,40.3,44.2,20.7,83.0,52.8,59.1,6.3
T03799,2025-05-21 01:00:51,1,2,5,night,OP1037,LDR002,Loader,Foundation Digging,Sunny,Wet,Expert,24.1,1194.2,60.5,10.62,31.8,10,39.3,16.0,85.5,94.1,8.6
T03800,2026-07-17 09:54:37,9,4,7,day,OP1042,EXC002,Excavator,Site Clearing,Windy,Wet,Beginner,1.3,4259.8,74.6,8.32,25.0,112.8,27.0,95.3,84.6,99.5,14.9
T03801,2025-09-20 10:26:23,10,5,9,day,OP1037,LDR005,Loader,Earth Excavation,Cloudy,Rocky,Expert,24.1,2075.7,88.1,11.55,32.3,100.7,37.4,69.2,74.1,81.2,7.1
T03802,2026-08-19 06:49:05,6,2,8,day,OP1043,EXC008,Excavator,Earth Excavation,Rainy,Rocky,Expert,19.0,4728.9,61.0,16.18,34.4,153.4,11.4,26.3,94.8,92.9,-1.9
T03803,2025-11-11 00:02:38,0,1,11,night,OP1010,LDR003,Loader,Site Clearing,Foggy,Wet,Intermediate,8.6,3162.9,88.5,5.17,23.1,142.7,32.8,72.1,87.8,98.4,10.6
T03804,2025-11-29 08:12:47,8,5,11,day,OP1046,BCK004,Backhoe,Transfer,Windy,Rocky,Beginner,2.1,3063.1,50.8,8.8,20.9,129.0,34.6,20.0,32.0,41.0,9.0
T03805,2025-07-07 08:35:43,8,0,7,day,OP1053,EXC008,Excavator,Transfer,Sunny,Loose,Intermediate,7.0,1751.1,82.6,7.46,28.8,94.1,30.8,56.0,25.2,34.5,9.3
T03806,2025-10-08 10:58:19,10,2,10,day,OP1026,EXC003,Excavator,Foundation Digging,Foggy,Clay,Beginner,2.3,3126.6,69.8,12.15,23.1,64.1,26.3,41.3,94.3,131.0,36.7
T03807,2026-02-26 20:00:03,20,3,2,night,OP1028,BCK001,Backhoe,Earth Excavation,Rainy,Wet,Beginner,1.6,6122.6,65.6,5.56,19.5,131.0,44.5,80.9,95.1,122.7,27.6
T03808,2026-04-22 13:07:39,13,2,4,day,OP1036,GRD002,Grader,Demolition,Cloudy,Wet,Intermediate,3.3,6535.4,98,3.38,27.4,235.7,5,40.3,120.0,127.1,7.1
T03809,2026-06-03 10:38:42,10,2,6,day,OP1027,BCK003,Backhoe,Trenching,Sunny,Wet,Intermediate,6.2,5105.2,73.3,16.2,36.2,146.6,24.3,54.1,60.4,60.1,-0.3
T03810,2026-01-08 06:52:44,6,3,1,day,OP1017,BCK001,Backhoe,Foundation Digging,Cloudy,Dry,Expert,13.3,5760.9,41.6,7.88,15.5,355.0,23.6,103.1,87.3,85.8,-1.5
T03811,2025-09-30 06:44:25,6,1,9,day,OP1027,BCK003,Backhoe,Grading,Cloudy,Rocky,Intermediate,6.2,3308.2,65.5,13.65,38.5,169.1,35.7,41.8,50.1,61.4,11.3
T03812,2026-09-03 08:23:59,8,3,9,day,OP1008,DZR001,Dozer,Transfer,Sunny,Wet,Beginner,1.2,5252.9,58.6,18.25,25.7,126.4,33.4,19.8,30.4,39.2,8.8
T03813,2025-06-09 08:39:00,8,0,6,day,OP1023,EXC005,Excavator,Trenching,Cloudy,Dry,Beginner,2.1,3949.9,87.3,14.8,37.8,141.5,38.2,5,52.3,55.4,3.1
T03814,2026-08-01 19:32:34,19,5,8,night,OP1032,EXC003,Excavator,Site Clearing,Cloudy,Dry,Intermediate,3.9,5297.3,75.0,8.93,31.2,32.1,45.7,10.9,77.9,97.2,19.3
T03815,2026-08-19 14:49:00,14,2,8,day,OP1007,DZR002,Dozer,Foundation Digging,Foggy,Loose,Beginner,1.2,6814.3,52.4,3.88,25.8,39.3,33.1,91.3,101.3,130.9,29.6
T03816,2026-08-15 07:31:44,7,5,8,day,OP1014,LDR003,Loader,Material Loading,Sunny,Rocky,Expert,21.2,5187.3,61.7,17.11,22.4,239.0,31.4,41.9,43.9,41.0,-2.9
T03817,2025-10-03 08:18:49,8,4,10,day,OP1028,EXC007,Excavator,Demolition,Cloudy,Wet,Beginner,1.6,5372.8,47.7,10.14,29.6,107.4,46.2,55.8,115.2,166.2,51.0
T03818,2026-02-07 02:56:06,2,5,2,night,OP1007,EXC001,Excavator,Grading,Rainy,Dry,Beginner,1.2,5363.1,85.1,10.93,14.5,128.0,48.5,73.3,51.4,76.0,24.6
T03819,2025-02-18 14:28:00,14,1,2,day,OP1033,GRD002,Grader,Trenching,Sunny,Clay,Expert,17.2,3411.4,86.4,9.05,24.3,128.1,36.6,88.0,54.7,58.1,3.4
T03820,2026-05-19 01:22:56,1,1,5,night,OP1043,EXC003,Excavator,Site Clearing,Rainy,Dry,Expert,19.0,4751.6,61.2,2.71,35.0,149.8,12.5,60.9,90.9,94.3,3.4
T03821,2025-08-13 14:28:26,14,2,8,day,OP1017,GRD002,Grader,Grading,Rainy,Clay,Expert,13.3,4696.2,49.3,12.84,26.8,258.0,26.3,16.8,55.1,53.4,-1.7
T03822,2025-11-24 19:15:55,19,0,11,night,OP1039,BCK004,Backhoe,Grading,Cloudy,Loose,Expert,10.2,3029.9,98,2.04,18.8,200.0,28.7,34.6,42.0,47.1,5.1
T03823,2025-01-17 09:02:47,9,4,1,day,OP1049,EXC002,Excavator,Earth Excavation,Windy,Wet,Beginner,0.8,273.7,57.9,14.68,16.1,138.3,39.3,79.0,68.8,99.4,30.6
T03824,2025-06-28 11:07:03,11,5,6,day,OP1046,LDR003,Loader,Grading,Sunny,Dry,Beginner,2.1,2173.5,69.1,5.54,36.7,226.8,33.4,91.7,38.0,63.0,25.0
T03825,2025-01-07 11:42:45,11,1,1,day,OP1017,EXC001,Excavator,Grading,Sunny,Wet,Expert,13.3,2474.9,87.1,11.63,21.9,208.7,9.7,88.3,43.3,36.4,-6.9
T03826,2025-02-27 11:48:57,11,3,2,day,OP1036,EXC002,Excavator,Demolition,Windy,Rocky,Intermediate,3.3,573.9,71.8,2.02,25.0,244.6,9.2,69.7,118.0,119.0,1.0
T03827,2025-10-09 18:22:23,18,3,10,night,OP1009,DZR004,Dozer,Grading,Windy,Rocky,Intermediate,5.2,2934.2,59.6,14.02,22.8,113.9,22.6,68.2,51.7,46.3,-5.4
T03828,2026-09-12 11:33:43,11,5,9,day,OP1013,BCK003,Backhoe,Transfer,Foggy,Rocky,Expert,18.9,5842.8,98,11.39,28.6,145.4,20.4,23.4,39.3,36.2,-3.1
T03829,2025-11-09 00:11:24,0,6,11,night,OP1020,LDR002,Loader,Material Loading,Foggy,Wet,Intermediate,8.4,2449.5,63.6,7.23,24.0,188.9,22.6,17.0,39.0,46.4,7.4
T03830,2025-10-11 23:07:30,23,5,10,night,OP1060,LDR003,Loader,Foundation Digging,Foggy,Wet,Expert,10.8,2943.6,56.5,17.55,30.7,259.1,25.6,36.8,101.4,108.1,6.7
T03831,2026-07-06 11:34:57,11,0,7,day,OP1021,DZR002,Dozer,Site Clearing,Rainy,Dry,Intermediate,4.3,6492.1,75.5,9.26,37.5,223.0,49.3,71.6,91.0,107.0,16.0
T03832,2026-09-09 01:06:50,1,2,9,night,OP1010,EXC001,Excavator,Grading,Sunny,Clay,Intermediate,8.6,6924.7,70.8,21.35,24.3,202.9,38.1,24.6,49.2,46.3,-2.9
T03833,2025-06-13 06:48:56,6,4,6,day,OP1046,EXC004,Excavator,Site Clearing,Rainy,Rocky,Beginner,2.1,2079.5,72.6,13.68,31.8,127.8,36.3,46.4,106.2,159.5,53.3
T03834,2026-09-19 20:15:32,20,5,9,night,OP1004,GRD003,Grader,Trenching,Sunny,Wet,Intermediate,6.3,4661.6,88.4,7.31,31.3,55.7,28.1,31.2,59.5,81.1,21.6
T03835,2026-08-06 11:13:56,11,3,8,day,OP1031,EXC007,Excavator,Earth Excavation,Sunny,Wet,Expert,22.8,7614.8,53.0,10.05,28.2,205.2,23.9,70.4,79.6,76.0,-3.6
T03836,2025-07-08 13:32:22,13,1,7,day,OP1003,EXC004,Excavator,Grading,Windy,Loose,Expert,20.4,2264.1,98,14.95,30.3,10,5,27.8,41.8,41.0,-0.8
T03837,2026-03-12 22:36:20,22,3,3,night,OP1028,BCK002,Backhoe,Site Clearing,Foggy,Rocky,Beginner,1.6,5827.2,65.2,0.17,28.8,131.8,55.6,24.5,104.9,174.4,69.5
T03838,2025-10-25 07:06:42,7,5,10,day,OP1042,GRD003,Grader,Earth Excavation,Cloudy,Rocky,Beginner,1.3,2255.9,59.8,11.27,32.9,171.4,29.3,76.9,74.1,89.8,15.7
T03839,2026-06-25 13:45:02,13,3,6,day,OP1046,BCK003,Backhoe,Site Clearing,Rainy,Dry,Beginner,2.1,5266.8,70.3,11.06,38.2,82.4,44.5,44.6,92.9,113.6,20.7
T03840,2026-05-15 06:42:40,6,4,5,day,OP1052,EXC003,Excavator,Earth Excavation,Sunny,Dry,Intermediate,5.8,4724.0,60.4,13.81,44.1,172.9,39.1,24.1,63.2,90.5,27.3
T03841,2025-09-30 11:03:58,11,1,9,day,OP1059,LDR001,Loader,Site Clearing,Cloudy,Loose,Expert,22.2,3611.7,57.1,13.38,28.9,154.6,50.9,49.6,76.8,91.3,14.5
T03842,2025-07-22 11:56:30,11,1,7,day,OP1025,EXC006,Excavator,Material Loading,Foggy,Wet,Expert,17.0,4043.7,58.8,15.29,35.8,234.9,48.1,72.8,45.3,52.3,7.0
T03843,2026-04-04 14:00:20,14,5,4,day,OP1038,EXC007,Excavator,Trenching,Sunny,Dry,Beginner,2.4,6710.4,73.0,4.88,32.4,171.4,54.0,59.4,56.1,97.9,41.8
T03844,2026-02-17 12:41:31,12,1,2,day,OP1024,BCK004,Backhoe,Trenching,Windy,Wet,Beginner,1.5,3648.4,63.8,10.39,19.4,100.2,18.8,99.5,62.4,78.7,16.3
T03845,2025-04-10 15:40:03,15,3,4,day,OP1046,BCK004,Backhoe,Earth Excavation,Sunny,Loose,Beginner,2.1,1364.4,88.3,1.69,32.6,244.8,34.4,54.2,60.9,104.8,43.9
T03846,2026-04-28 12:08:58,12,1,4,day,OP1011,DZR004,Dozer,Foundation Digging,Sunny,Clay,Intermediate,6.7,4399.6,57.0,10.44,29.2,150.8,42.1,49.5,88.8,113.1,24.3
T03847,2025-07-26 00:16:35,0,5,7,night,OP1020,EXC005,Excavator,Material Loading,Windy,Dry,Intermediate,8.4,4290.5,51.0,13.41,37.7,203.9,29.5,37.5,36.8,39.9,3.1
T03848,2026-07-07 19:20:46,19,1,7,night,OP1028,GRD003,Grader,Earth Excavation,Rainy,Loose,Beginner,1.6,4121.2,75.4,8.22,42.7,117.1,35.6,60.4,77.3,129.6,52.3
T03849,2025-01-17 20:17:11,20,4,1,night,OP1058,EXC004,Excavator,Transfer,Cloudy,Clay,Intermediate,3.3,1010.5,70.7,5.85,15.3,145.0,32.3,77.8,27.2,35.6,8.4
T03850,2025-07-05 11:33:01,11,5,7,day,OP1055,DZR001,Dozer,Foundation Digging,Rainy,Loose,Expert,12.2,2151.4,54.4,7.04,30.8,221.0,34.7,50.0,95.0,97.6,2.6
T03851,2025-10-23 08:42:04,8,3,10,day,OP1013,EXC004,Excavator,Transfer,Rainy,Dry,Expert,18.9,3043.7,52.8,11.1,24.5,40.6,19.3,24.3,29.5,20.2,-9.3
T03852,2025-09-27 08:00:46,8,5,9,day,OP1001,BCK003,Backhoe,Demolition,Rainy,Loose,Expert,13.7,3286.7,79.6,11.42,29.3,301.8,22.5,45.6,111.6,110.4,-1.2
T03853,2025-02-05 07:20:42,7,2,2,day,OP1013,EXC007,Excavator,Material Loading,Sunny,Loose,Expert,18.9,3620.5,46.7,8.57,26.0,120.6,15.3,78.9,35.1,34.5,-0.6
T03854,2025-09-17 23:14:29,23,2,9,night,OP1051,LDR003,Loader,Trenching,Sunny,Clay,Expert,11.2,2768.4,69.3,11.19,25.9,181.5,37.9,28.3,53.4,60.6,7.2
T03855,2025-12-25 20:12:04,20,3,12,night,OP1021,EXC001,Excavator,Transfer,Cloudy,Dry,Intermediate,4.3,5047.1,64.5,13.52,13.3,109.5,37.8,40.3,27.2,35.9,8.7
T03856,2026-01-17 00:37:47,0,5,1,night,OP1042,EXC008,Excavator,Grading,Windy,Rocky,Beginner,1.3,3164.9,47.8,13.97,15.2,140.4,22.6,51.1,50.9,81.1,30.2
T03857,2025-09-24 00:17:13,0,2,9,night,OP1011,LDR003,Loader,Demolition,Rainy,Dry,Intermediate,6.7,2812.6,62.0,11.44,28.7,143.9,40.7,76.6,101.6,123.3,21.7
T03858,2026-03-31 07:54:49,7,1,3,day,OP1048,DZR004,Dozer,Site Clearing,Rainy,Dry,Beginner,2.2,4193.9,90.5,12.9,31.1,155.9,21.8,56.6,82.8,142.6,59.8
T03859,2026-08-21 13:03:47,13,4,8,day,OP1060,BCK004,Backhoe,Site Clearing,Cloudy,Rocky,Expert,10.8,4999.0,77.3,7.82,27.9,235.6,27.0,31.6,95.5,98.0,2.5
T03860,2025-01-30 07:28:05,7,3,1,day,OP1041,BCK001,Backhoe,Material Loading,Sunny,Rocky,Intermediate,4.3,3257.1,64.6,10.54,18.2,114.4,14.5,48.3,40.9,32.5,-8.4
T03861,2025-07-28 07:14:31,7,0,7,day,OP1020,LDR003,Loader,Earth Excavation,Rainy,Clay,Intermediate,8.4,2391.3,83.4,8.43,35.4,177.4,24.9,28.8,77.1,91.9,14.8
T03862,2026-01-21 14:25:59,14,2,1,day,OP1011,LDR002,Loader,Transfer,Cloudy,Wet,Intermediate,6.7,2986.8,43.1,19.14,15.2,86.3,34.1,43.0,28.7,25.9,-2.8
T03863,2025-01-31 22:25:18,22,4,1,night,OP1020,BCK002,Backhoe,Foundation Digging,Cloudy,Loose,Intermediate,8.4,2870.6,73.1,12.07,16.1,180.8,29.4,12.9,82.3,108.5,26.2
T03864,2025-12-26 19:15:39,19,4,12,night,OP1044,GRD003,Grader,Grading,Windy,Loose,Beginner,1.1,2712.2,72.3,4.37,16.3,225.0,36.8,45.2,42.8,87.0,44.2
T03865,2025-04-12 12:27:58,12,5,4,day,OP1013,BCK002,Backhoe,Transfer,Sunny,Wet,Expert,18.9,3385.9,68.5,13.86,37.4,196.5,15.2,70.8,28.3,23.8,-4.5
T03866,2025-09-08 23:49:29,23,0,9,night,OP1017,DZR003,Dozer,Transfer,Foggy,Clay,Expert,13.3,3910.2,88.3,16.66,27.1,176.8,27.7,33.1,32.6,32.1,-0.5
T03867,2025-12-30 01:00:28,1,1,12,night,OP1042,GRD001,Grader,Site Clearing,Sunny,Clay,Beginner,1.3,4892.2,83.6,10.91,13.1,136.8,38.3,17.6,82.0,120.9,38.9
T03868,2026-07-28 07:27:34,7,1,7,day,OP1059,BCK004,Backhoe,Foundation Digging,Sunny,Rocky,Expert,22.2,4822.1,70.3,14.19,29.8,73.1,54.5,33.4,101.6,117.9,16.3
T03869,2025-10-15 10:09:15,10,2,10,day,OP1056,DZR004,Dozer,Site Clearing,Cloudy,Wet,Intermediate,4.7,2975.5,60.3,11.29,25.4,41.0,34.0,60.3,81.4,80.5,-0.9
T03870,2025-04-30 10:22:08,10,2,4,day,OP1019,BCK003,Backhoe,Demolition,Cloudy,Clay,Intermediate,4.5,2192.4,84.1,18.94,28.2,85.3,17.2,47.3,99.7,105.0,5.3
T03871,2025-10-05 01:16:17,1,6,10,night,OP1049,EXC004,Excavator,Earth Excavation,Sunny,Loose,Beginner,0.8,2910.1,77.1,6.48,36.9,171.3,44.6,107.1,61.9,94.6,32.7
T03872,2026-07-07 08:59:15,8,1,7,day,OP1024,EXC005,Excavator,Transfer,Cloudy,Wet,Beginner,1.5,6818.9,25.1,7.71,30.3,131.9,27.1,83.6,33.0,51.7,18.7
T03873,2025-03-12 11:02:32,11,2,3,day,OP1046,LDR004,Loader,Grading,Cloudy,Rocky,Beginner,2.1,2445.8,94.8,10.87,35.3,131.0,55.1,61.2,48.5,92.6,44.1
T03874,2026-09-10 14:16:39,14,3,9,day,OP1037,BCK001,Backhoe,Demolition,Sunny,Dry,Expert,24.1,7551.6,90.1,9.47,24.1,234.2,27.3,57.7,105.8,115.4,9.6
T03875,2026-06-02 09:21:00,9,1,6,day,OP1010,EXC001,Excavator,Site Clearing,Cloudy,Clay,Intermediate,8.6,6204.5,87.8,11.29,32.9,191.1,32.1,56.8,88.5,104.0,15.5
T03876,2025-12-26 07:43:33,7,4,12,day,OP1039,EXC001,Excavator,Demolition,Foggy,Dry,Expert,10.2,5050.6,63.4,3.06,12.2,193.4,22.3,44.6,111.5,112.1,0.6
T03877,2026-03-12 10:44:41,10,3,3,day,OP1024,GRD001,Grader,Demolition,Cloudy,Clay,Beginner,1.5,5420.7,57.0,8.87,27.7,257.1,13.6,77.0,111.4,109.1,-2.3
T03878,2026-09-08 03:21:39,3,1,9,night,OP1014,DZR002,Dozer,Earth Excavation,Windy,Wet,Expert,21.2,6956.8,82.7,9.22,34.2,168.9,25.8,67.9,88.0,93.7,5.7
T03879,2025-08-14 07:25:09,7,3,8,day,OP1023,GRD001,Grader,Site Clearing,Sunny,Clay,Beginner,2.1,3886.7,88.1,17.18,33.2,140.6,36.6,32.4,78.9,106.5,27.6
T03880,2025-05-07 06:32:37,6,2,5,day,OP1047,EXC008,Excavator,Demolition,Cloudy,Clay,Beginner,2.8,1305.2,70.4,11.29,38.0,164.9,29.5,12.2,99.7,114.7,15.0
T03881,2026-07-10 14:49:28,14,4,7,day,OP1032,EXC002,Excavator,Grading,Cloudy,Dry,Intermediate,3.9,4210.2,53.2,14.52,28.8,57.1,45.5,14.3,41.8,41.0,-0.8
T03882,2025-09-10 13:39:34,13,2,9,day,OP1049,DZR003,Dozer,Demolition,Cloudy,Rocky,Beginner,0.8,3921.7,71.2,10.57,24.6,92.5,40.7,64.1,118.8,187.2,68.4
T03883,2025-10-18 08:21:25,8,5,10,day,OP1057,EXC002,Excavator,Trenching,Windy,Wet,Beginner,2.8,2273.7,65.5,16.33,24.2,130.0,11.3,42.3,60.3,85.9,25.6
T03884,2025-08-22 09:00:27,9,4,8,day,OP1053,LDR003,Loader,Foundation Digging,Sunny,Loose,Intermediate,7.0,2574.3,67.0,4.24,28.9,285.9,36.1,92.4,79.0,81.3,2.3
T03885,2025-12-29 08:12:29,8,0,12,day,OP1026,EXC007,Excavator,Demolition,Cloudy,Loose,Beginner,2.3,6007.9,64.0,17.63,13.4,232.3,23.4,76.1,108.5,155.6,47.1
T03886,2025-02-06 08:10:26,8,3,2,day,OP1026,BCK004,Backhoe,Demolition,Windy,Rocky,Beginner,2.3,902.3,53.1,13.64,21.4,181.4,32.5,72.8,119.0,135.2,16.2
T03887,2025-08-21 11:11:34,11,3,8,day,OP1046,LDR001,Loader,Transfer,Rainy,Clay,Beginner,2.1,3319.8,77.0,16.75,32.4,216.4,36.4,23.0,31.7,13.5,-18.2
T03888,2026-01-27 15:37:08,15,1,1,day,OP1039,EXC003,Excavator,Material Loading,Cloudy,Wet,Expert,10.2,3938.3,90.1,3.19,23.9,202.7,8.7,51.4,39.7,36.6,-3.1
T03889,2026-08-14 23:22:20,23,4,8,night,OP1010,DZR001,Dozer,Demolition,Rainy,Dry,Intermediate,8.6,5111.5,62.6,10.15,30.6,125.0,34.6,57.5,117.5,131.7,14.2
T03890,2025-01-21 23:06:48,23,1,1,night,OP1050,LDR005,Loader,Trenching,Foggy,Dry,Intermediate,7.7,312.9,42.1,15.98,15.5,156.4,19.0,26.6,53.0,63.6,10.6
T03891,2025-12-30 13:57:32,13,1,12,day,OP1025,EXC005,Excavator,Material Loading,Rainy,Rocky,Expert,17.0,5440.7,74.4,8.37,22.2,157.1,41.1,29.1,55.3,64.9,9.6
T03892,2025-10-07 10:04:47,10,1,10,day,OP1051,LDR001,Loader,Transfer,Sunny,Dry,Expert,11.2,3662.5,65.8,8.74,26.2,148.9,35.3,60.4,25.1,25.2,0.1
T03893,2026-05-04 15:04:43,15,0,5,day,OP1008,BCK004,Backhoe,Trenching,Rainy,Dry,Beginner,1.2,4204.0,73.2,13.53,34.1,123.1,26.1,63.2,63.0,77.6,14.6
T03894,2026-03-19 14:44:02,14,3,3,day,OP1001,EXC008,Excavator,Grading,Sunny,Dry,Expert,13.7,3614.5,74.0,9.44,29.8,208.3,35.0,16.3,39.7,43.4,3.7
T03895,2026-08-27 09:46:14,9,3,8,day,OP1048,DZR003,Dozer,Trenching,Windy,Loose,Beginner,2.2,6482.8,56.0,17.49,33.2,130.4,19.3,42.9,59.6,87.1,27.5
T03896,2026-04-07 07:33:07,7,1,4,day,OP1034,EXC003,Excavator,Transfer,Rainy,Wet,Beginner,1.3,4446.9,65.4,17.19,31.6,191.8,15.0,46.0,36.3,65.9,29.6
T03897,2025-04-26 19:23:36,19,5,4,night,OP1011,EXC004,Excavator,Material Loading,Cloudy,Wet,Intermediate,6.7,1733.0,63.9,7.86,30.4,275.7,49.1,92.8,37.6,52.1,14.5
T03898,2026-03-10 14:54:15,14,1,3,day,OP1013,EXC005,Excavator,Demolition,Sunny,Wet,Expert,18.9,5952.0,60.5,15.69,26.8,175.8,22.8,55.0,114.2,108.8,-5.4
T03899,2025-11-24 18:45:47,18,0,11,night,OP1035,BCK003,Backhoe,Trenching,Cloudy,Loose,Beginner,2.8,3713.4,98,15.52,27.9,135.1,46.5,63.5,54.4,91.4,37.0
T03900,2025-09-23 08:19:15,8,1,9,day,OP1028,DZR003,Dozer,Demolition,Sunny,Rocky,Beginner,1.6,4015.0,69.0,7.49,30.3,93.2,40.8,78.9,115.7,154.6,38.9
T03901,2026-08-08 01:15:18,1,5,8,night,OP1006,EXC008,Excavator,Earth Excavation,Sunny,Wet,Intermediate,3.3,4647.0,89.2,11.62,29.4,112.8,29.5,13.1,71.8,82.3,10.5
T03902,2026-04-13 13:44:35,13,0,4,day,OP1024,DZR002,Dozer,Transfer,Cloudy,Rocky,Beginner,1.5,5879.6,65.5,5.79,35.4,128.1,33.0,64.1,34.8,50.3,15.5
T03903,2025-08-28 18:20:33,18,3,8,night,OP1016,EXC007,Excavator,Site Clearing,Rainy,Dry,Beginner,2.9,5113.1,76.6,3.37,33.3,86.1,41.4,12.5,91.6,154.0,62.4
T03904,2026-03-05 15:07:18,15,3,3,day,OP1010,EXC005,Excavator,Trenching,Windy,Dry,Intermediate,8.6,5915.6,55.6,15.54,27.1,202.5,36.1,67.8,57.6,56.7,-0.9
T03905,2025-10-02 14:22:02,14,3,10,day,OP1046,LDR001,Loader,Earth Excavation,Sunny,Dry,Beginner,2.1,3627.3,83.2,18.28,26.8,45.6,41.0,63.9,60.6,96.7,36.1
T03906,2025-11-14 06:24:34,6,4,11,day,OP1031,LDR001,Loader,Site Clearing,Sunny,Rocky,Expert,22.8,3938.8,57.0,7.54,18.7,53.3,18.7,32.2,89.2,88.2,-1.0
T03907,2025-12-16 10:19:34,10,1,12,day,OP1044,GRD001,Grader,Transfer,Sunny,Dry,Beginner,1.1,4792.8,97.9,6.62,12.7,248.0,25.3,78.0,26.2,33.4,7.2
T03908,2026-06-06 15:51:35,15,5,6,day,OP1022,EXC008,Excavator,Earth Excavation,Cloudy,Rocky,Beginner,0.6,4191.5,86.9,14.18,28.7,100.8,15.3,34.6,79.1,115.0,35.9
T03909,2025-12-30 20:17:21,20,1,12,night,OP1013,LDR003,Loader,Earth Excavation,Foggy,Rocky,Expert,18.9,3526.7,74.0,13.86,19.7,111.6,5,46.7,84.4,76.7,-7.7
T03910,2025-07-31 18:29:26,18,3,7,night,OP1028,BCK002,Backhoe,Foundation Digging,Sunny,Clay,Beginner,1.6,4190.7,60.5,14.2,25.0,289.3,41.4,75.6,88.1,148.5,60.4
T03911,2025-07-01 12:05:27,12,1,7,day,OP1011,DZR004,Dozer,Transfer,Rainy,Dry,Intermediate,6.7,2202.3,50.4,15.6,33.0,134.7,34.4,46.0,30.2,31.3,1.1
T03912,2025-02-13 11:26:35,11,3,2,day,OP1038,EXC008,Excavator,Foundation Digging,Cloudy,Dry,Beginner,2.4,700.8,75.8,14.41,26.7,144.8,30.5,14.6,77.2,118.0,40.8
T03913,2025-06-23 11:14:44,11,0,6,day,OP1041,LDR005,Loader,Site Clearing,Sunny,Dry,Intermediate,4.3,1426.2,73.6,6.58,30.8,134.3,16.2,56.1,68.0,81.3,13.3
T03914,2026-04-14 18:46:04,18,1,4,night,OP1039,DZR002,Dozer,Material Loading,Windy,Wet,Expert,10.2,5888.4,85.6,5.59,35.2,237.9,15.3,8.0,46.8,47.1,0.3
T03915,2026-03-12 14:15:45,14,3,3,day,OP1034,DZR001,Dozer,Trenching,Foggy,Clay,Beginner,1.3,3977.2,76.0,12.68,28.6,10,9.8,41.5,61.2,66.5,5.3
T03916,2025-06-30 14:14:21,14,0,6,day,OP1020,EXC004,Excavator,Transfer,Rainy,Loose,Intermediate,8.4,2205.9,69.8,13.74,32.8,226.4,17.1,66.9,30.7,25.1,-5.6
T03917,2025-12-25 12:09:20,12,3,12,day,OP1019,EXC004,Excavator,Site Clearing,Cloudy,Loose,Intermediate,4.5,3504.7,76.0,4.72,14.3,242.8,29.0,5,76.5,79.3,2.8
T03918,2026-02-11 20:49:01,20,2,2,night,OP1059,LDR004,Loader,Grading,Sunny,Wet,Expert,22.2,4901.6,68.6,7.56,26.4,106.4,61.7,50.6,47.5,61.9,14.4
T03919,2025-03-01 11:14:11,11,5,3,day,OP1060,LDR005,Loader,Site Clearing,Sunny,Wet,Expert,10.8,594.0,49.4,6.62,29.3,115.1,27.2,91.5,77.5,77.8,0.3
T03920,2026-07-17 00:44:55,0,4,7,night,OP1025,BCK002,Backhoe,Transfer,Sunny,Loose,Expert,17.0,6747.6,45.0,17.25,26.5,249.5,49.0,53.4,29.5,28.4,-1.1
T03921,2025-10-07 10:50:14,10,1,10,day,OP1043,BCK002,Backhoe,Site Clearing,Rainy,Dry,Expert,19.0,4684.8,69.1,14.66,31.3,74.2,15.1,78.2,89.1,85.7,-3.4
T03922,2026-09-17 13:37:19,13,3,9,day,OP1015,LDR001,Loader,Foundation Digging,Sunny,Loose,Beginner,0.6,6182.1,86.2,0,28.0,181.4,30.8,108.9,90.3,103.9,13.6
T03923,2025-11-17 15:48:16,15,0,11,day,OP1031,EXC001,Excavator,Transfer,Cloudy,Dry,Expert,22.8,4768.4,91.8,14.29,23.8,29.6,27.1,34.3,27.0,27.7,0.7
T03924,2026-04-14 15:18:22,15,1,4,day,OP1047,EXC003,Excavator,Transfer,Cloudy,Loose,Beginner,2.8,4500.3,98,10.27,31.6,154.0,46.4,79.6,28.0,41.0,13.0
T03925,2025-02-20 03:34:55,3,3,2,night,OP1005,DZR004,Dozer,Material Loading,Cloudy,Dry,Expert,18.5,1243.4,61.1,13.2,20.0,134.0,30.3,11.2,33.0,32.1,-0.9
T03926,2026-01-08 07:42:33,7,3,1,day,OP1027,BCK004,Backhoe,Foundation Digging,Sunny,Rocky,Intermediate,6.2,3354.9,80.5,17.15,16.0,168.4,29.8,69.5,96.2,105.5,9.3
T03927,2025-01-23 15:35:54,15,3,1,day,OP1040,BCK001,Backhoe,Site Clearing,Windy,Dry,Intermediate,8.2,3208.5,72.7,10.49,13.9,258.0,32.4,47.5,78.4,85.5,7.1
T03928,2025-09-04 10:49:48,10,3,9,day,OP1008,LDR003,Loader,Transfer,Windy,Loose,Beginner,1.2,2669.8,75.9,2.75,29.4,218.5,37.5,76.1,26.2,20.9,-5.3
T03929,2025-11-22 07:01:22,7,5,11,day,OP1041,BCK001,Backhoe,Grading,Cloudy,Dry,Intermediate,4.3,5417.8,70.5,8.4,19.5,130.0,15.1,37.9,43.7,51.8,8.1
T03930,2025-02-11 00:26:24,0,1,2,night,OP1022,DZR002,Dozer,Earth Excavation,Sunny,Dry,Beginner,0.6,2765.7,56.7,12.2,23.9,195.0,21.2,73.1,58.6,82.2,23.6
T03931,2025-05-28 23:20:08,23,2,5,night,OP1014,GRD003,Grader,Site Clearing,Sunny,Dry,Expert,21.2,1165.9,71.9,5.07,38.8,193.7,15.6,55.0,68.0,74.6,6.6
T03932,2026-01-29 02:44:56,2,3,1,night,OP1016,DZR002,Dozer,Earth Excavation,Cloudy,Wet,Beginner,2.9,5336.0,74.2,5.72,24.2,254.9,33.4,82.5,75.8,106.9,31.1
T03933,2026-01-19 07:46:03,7,0,1,day,OP1043,DZR004,Dozer,Material Loading,Windy,Rocky,Expert,19.0,3675.5,41.7,0,20.3,39.9,13.8,46.3,44.4,29.0,-15.4
T03934,2025-06-18 09:33:15,9,2,6,day,OP1035,DZR004,Dozer,Grading,Cloudy,Clay,Beginner,2.8,2106.6,80.9,9.44,32.3,129.3,58.7,42.6,43.1,73.8,30.7
T03935,2025-12-23 12:17:08,12,1,12,day,OP1032,EXC001,Excavator,Transfer,Cloudy,Rocky,Intermediate,3.9,5030.1,79.4,8.37,17.3,131.8,47.0,77.3,33.8,19.0,-14.8
T03936,2026-01-23 22:58:52,22,4,1,night,OP1055,LDR002,Loader,Grading,Foggy,Wet,Expert,12.2,3004.0,78.0,6.48,13.6,115.5,27.4,17.0,47.8,51.9,4.1
T03937,2025-03-28 09:43:15,9,4,3,day,OP1045,EXC008,Excavator,Trenching,Sunny,Clay,Intermediate,6.5,1014.1,51.7,8.85,29.0,109.2,26.3,29.6,52.8,66.0,13.2
T03938,2025-10-29 07:42:45,7,2,10,day,OP1022,BCK004,Backhoe,Demolition,Windy,Clay,Beginner,0.6,2836.6,68.0,5.47,26.2,33.9,21.2,25.2,108.5,149.9,41.4
T03939,2025-02-10 13:00:12,13,0,2,day,OP1020,LDR003,Loader,Trenching,Sunny,Wet,Intermediate,8.4,1166.6,96.6,18.28,19.0,123.2,26.3,36.1,54.7,77.5,22.8
T03940,2025-10-25 07:33:11,7,5,10,day,OP1043,DZR003,Dozer,Site Clearing,Foggy,Loose,Expert,19.0,4248.4,56.2,11.64,24.8,204.8,12.0,45.6,89.4,84.2,-5.2
T03941,2026-05-28 03:51:55,3,3,5,night,OP1046,BCK002,Backhoe,Earth Excavation,Windy,Clay,Beginner,2.1,6383.6,69.2,8.98,31.6,42.4,37.9,40.4,81.0,134.3,53.3
T03942,2025-07-24 22:49:42,22,3,7,night,OP1006,GRD001,Grader,Trenching,Cloudy,Clay,Intermediate,3.3,3738.1,71.8,16.1,16.2,218.4,15.9,49.7,57.1,45.2,-11.9
T03943,2025-11-27 23:34:07,23,3,11,night,OP1038,LDR002,Loader,Grading,Sunny,Wet,Beginner,2.4,2588.0,77.6,19.63,23.7,171.6,35.1,76.5,43.5,65.0,21.5
T03944,2026-09-07 09:59:59,9,0,9,day,OP1014,EXC005,Excavator,Transfer,Rainy,Rocky,Expert,21.2,7271.8,66.9,14.68,32.9,136.3,25.2,65.1,43.7,36.9,-6.8
T03945,2026-03-03 12:23:55,12,1,3,day,OP1046,BCK003,Backhoe,Demolition,Sunny,Wet,Beginner,2.1,4434.1,57.0,11.08,29.7,156.8,44.6,97.3,108.1,179.1,71.0
T03946,2025-07-17 10:50:57,10,3,7,day,OP1006,LDR004,Loader,Demolition,Sunny,Clay,Intermediate,3.3,3372.9,44.7,14.01,26.1,247.8,15.7,49.2,100.2,102.7,2.5
T03947,2025-07-28 15:19:44,15,0,7,day,OP1038,BCK002,Backhoe,Transfer,Windy,Rocky,Beginner,2.4,4167.8,67.2,10.51,37.0,177.5,39.7,18.5,34.7,48.7,14.0
T03948,2026-06-27 22:20:05,22,5,6,night,OP1001,DZR002,Dozer,Foundation Digging,Cloudy,Wet,Expert,13.7,6429.7,36.9,16.07,34.7,165.3,35.7,49.2,101.9,114.4,12.5
T03949,2026-08-26 07:06:52,7,2,8,day,OP1048,DZR001,Dozer,Earth Excavation,Cloudy,Wet,Beginner,2.2,5194.1,75.6,13.17,31.5,171.7,32.0,18.2,75.4,84.5,9.1
T03950,2026-04-22 11:04:07,11,2,4,day,OP1025,BCK003,Backhoe,Site Clearing,Sunny,Rocky,Expert,17.0,4798.7,76.6,8.03,27.4,122.2,57.3,39.0,92.1,103.0,10.9
T03951,2025-03-21 09:14:12,9,4,3,day,OP1037,LDR001,Loader,Transfer,Rainy,Rocky,Expert,24.1,2202.3,45.5,9.17,32.5,72.5,48.4,84.9,36.3,30.4,-5.9
T03952,2026-08-27 12:37:43,12,3,8,day,OP1046,EXC005,Excavator,Foundation Digging,Sunny,Clay,Beginner,2.1,7192.3,73.1,10.77,24.5,10,38.6,65.4,98.0,117.9,19.9
T03953,2026-06-26 08:10:37,8,4,6,day,OP1014,LDR004,Loader,Material Loading,Sunny,Clay,Expert,21.2,5883.3,64.8,12.25,29.8,121.2,19.8,60.1,40.0,43.3,3.3
T03954,2026-05-25 15:51:10,15,0,5,day,OP1053,BCK001,Backhoe,Site Clearing,Sunny,Clay,Intermediate,7.0,6763.7,83.1,6.0,44.7,99.9,41.9,24.2,87.6,117.7,30.1
T03955,2025-07-21 11:40:35,11,0,7,day,OP1051,LDR004,Loader,Site Clearing,Sunny,Rocky,Expert,11.2,3402.3,85.5,13.42,36.6,105.7,40.3,50.6,87.4,91.8,4.4
T03956,2025-01-10 07:55:58,7,4,1,day,OP1032,EXC005,Excavator,Transfer,Rainy,Loose,Intermediate,3.9,2854.7,70.5,14.09,19.6,194.6,58.2,27.2,31.2,36.4,5.2
T03957,2026-09-05 09:51:36,9,5,9,day,OP1030,BCK003,Backhoe,Grading,Windy,Wet,Intermediate,4.1,5791.2,54.3,13.5,32.4,106.3,28.0,81.0,55.2,68.3,13.1
T03958,2025-04-20 00:14:44,0,6,4,night,OP1002,EXC004,Excavator,Demolition,Sunny,Clay,Expert,18.3,1683.3,60.6,16.31,38.3,211.4,32.6,38.4,96.8,112.4,15.6
T03959,2026-01-27 11:44:59,11,1,1,day,OP1005,BCK001,Backhoe,Earth Excavation,Windy,Dry,Expert,18.5,5901.0,69.3,9.04,20.9,39.1,34.2,14.6,70.7,76.0,5.3
T03960,2025-12-16 13:58:57,13,1,12,day,OP1052,LDR005,Loader,Material Loading,Cloudy,Rocky,Intermediate,5.8,2711.8,80.9,10.25,19.0,247.4,28.8,60.5,41.2,42.7,1.5
T03961,2026-01-23 15:48:20,15,4,1,day,OP1028,EXC004,Excavator,Foundation Digging,Windy,Clay,Beginner,1.6,3717.5,63.4,14.96,22.8,54.9,53.0,49.1,91.8,133.1,41.3
T03962,2025-10-17 08:56:54,8,4,10,day,OP1026,LDR004,Loader,Transfer,Sunny,Dry,Beginner,2.3,4043.9,76.3,8.08,26.6,145.4,35.9,74.5,25.5,50.0,24.5
T03963,2025-03-13 07:55:40,7,3,3,day,OP1053,BCK002,Backhoe,Earth Excavation,Cloudy,Clay,Intermediate,7.0,3165.5,85.7,12.15,22.3,233.1,26.4,85.8,67.5,71.1,3.6
T03964,2026-04-28 23:49:05,23,1,4,night,OP1006,LDR002,Loader,Demolition,Sunny,Dry,Intermediate,3.3,3697.7,61.6,10.43,34.8,107.7,17.3,62.3,92.2,104.7,12.5
T03965,2026-02-02 07:15:10,7,0,2,day,OP1051,GRD003,Grader,Foundation Digging,Cloudy,Rocky,Expert,11.2,2986.0,58.1,14.6,24.9,10,36.1,90.0,97.7,99.3,1.6
T03966,2025-11-20 07:24:41,7,3,11,day,OP1056,LDR003,Loader,Earth Excavation,Sunny,Clay,Intermediate,4.7,3230.8,68.3,16.2,23.4,155.9,49.0,60.2,65.7,79.9,14.2
T03967,2025-09-19 20:21:07,20,4,9,night,OP1060,EXC002,Excavator,Earth Excavation,Rainy,Wet,Expert,10.8,2065.7,72.1,8.48,27.2,231.2,21.2,63.5,75.4,74.1,-1.3
T03968,2026-08-21 11:31:46,11,4,8,day,OP1023,DZR003,Dozer,Trenching,Rainy,Loose,Beginner,2.1,6439.6,71.3,14.85,24.6,125.7,34.6,15.7,67.8,86.9,19.1
T03969,2025-05-24 23:22:58,23,5,5,night,OP1018,EXC008,Excavator,Foundation Digging,Cloudy,Wet,Expert,15.8,1434.4,53.0,12.16,39.6,192.4,12.0,16.0,88.1,88.8,0.7
T03970,2025-08-25 09:50:18,9,0,8,day,OP1020,LDR001,Loader,Trenching,Cloudy,Clay,Intermediate,8.4,3348.6,81.2,7.62,26.7,11.3,16.3,21.7,56.2,42.6,-13.6
T03971,2025-08-22 19:11:53,19,4,8,night,OP1035,BCK001,Backhoe,Grading,Rainy,Dry,Beginner,2.8,4749.9,62.1,13.33,30.9,90.8,33.6,33.1,49.9,65.1,15.2
T03972,2025-05-05 21:55:49,21,0,5,night,OP1012,EXC005,Excavator,Transfer,Cloudy,Loose,Beginner,1.4,3698.4,76.4,11.73,38.2,150.2,43.4,87.8,27.2,45.5,18.3
T03973,2026-06-02 23:40:52,23,1,6,night,OP1044,BCK004,Backhoe,Site Clearing,Rainy,Dry,Beginner,1.1,4418.3,81.3,21.09,38.0,10,32.7,78.1,85.4,98.9,13.5
T03974,2025-01-16 14:23:49,14,3,1,day,OP1058,DZR001,Dozer,Earth Excavation,Windy,Wet,Intermediate,3.3,911.3,57.3,12.43,15.3,99.4,37.9,47.6,71.2,83.8,12.6
T03975,2026-07-04 18:54:20,18,5,7,night,OP1011,GRD001,Grader,Grading,Rainy,Dry,Intermediate,6.7,6255.4,58.5,12.69,29.0,63.3,39.3,21.1,54.8,62.4,7.6
T03976,2025-09-25 12:01:47,12,3,9,day,OP1017,GRD002,Grader,Earth Excavation,Windy,Rocky,Expert,13.3,5009.3,59.9,11.91,40.6,175.7,18.6,35.6,86.8,87.6,0.8
T03977,2025-03-21 23:59:09,23,4,3,night,OP1007,LDR001,Loader,Transfer,Sunny,Rocky,Beginner,1.2,2206.8,61.8,15.3,26.9,281.4,46.3,72.8,29.8,45.6,15.8
T03978,2025-04-04 09:00:49,9,4,4,day,OP1035,GRD002,Grader,Foundation Digging,Sunny,Dry,Beginner,2.8,3738.2,69.4,8.05,38.0,172.1,51.6,87.8,78.7,133.1,54.4
T03979,2025-08-13 03:42:29,3,2,8,night,OP1004,EXC005,Excavator,Earth Excavation,Sunny,Loose,Intermediate,6.3,4422.9,55.2,14.24,30.1,98.6,14.8,35.2,65.6,72.7,7.1
T03980,2026-05-20 12:18:42,12,2,5,day,OP1043,BCK002,Backhoe,Demolition,Cloudy,Rocky,Expert,19.0,6327.7,68.2,11.05,38.2,159.7,7.6,72.0,129.6,122.7,-6.9
T03981,2026-05-05 12:20:15,12,1,5,day,OP1026,EXC002,Excavator,Grading,Sunny,Rocky,Beginner,2.3,3727.6,57.6,5.41,41.4,205.4,38.9,74.5,49.4,89.6,40.2
T03982,2025-05-31 15:52:58,15,5,5,day,OP1041,LDR003,Loader,Transfer,Windy,Wet,Intermediate,4.3,1970.5,60.8,15.14,36.2,70.8,11.6,33.5,30.6,36.5,5.9
T03983,2026-06-21 00:45:05,0,6,6,night,OP1030,BCK001,Backhoe,Earth Excavation,Cloudy,Clay,Intermediate,4.1,6956.2,69.5,9.63,29.5,139.9,26.2,22.9,77.4,82.9,5.5
T03984,2025-09-02 07:06:21,7,1,9,day,OP1022,LDR003,Loader,Foundation Digging,Rainy,Wet,Beginner,0.6,2654.0,98,11.89,29.1,108.0,39.1,81.2,104.9,113.2,8.3
T03985,2025-03-21 14:28:48,14,4,3,day,OP1057,LDR005,Loader,Demolition,Cloudy,Loose,Beginner,2.8,741.0,47.9,17.42,30.0,236.3,5,52.5,95.2,122.1,26.9
T03986,2025-01-18 23:15:04,23,5,1,night,OP1031,BCK003,Backhoe,Earth Excavation,Sunny,Wet,Expert,22.8,1451.7,95.1,8.41,11.8,129.2,36.4,74.5,66.1,75.8,9.7
T03987,2025-03-29 03:45:03,3,5,3,night,OP1008,EXC001,Excavator,Material Loading,Sunny,Dry,Beginner,1.2,3063.8,78.0,5.6,27.4,201.1,30.8,35.1,32.7,34.9,2.2
T03988,2026-08-11 03:19:50,3,1,8,night,OP1016,EXC008,Excavator,Material Loading,Rainy,Wet,Beginner,2.9,4669.5,65.8,12.4,30.3,108.6,41.2,82.4,48.0,71.3,23.3
T03989,2025-06-19 07:09:53,7,3,6,day,OP1020,BCK004,Backhoe,Foundation Digging,Sunny,Loose,Intermediate,8.4,1872.9,98,8.87,33.1,63.7,30.7,86.0,78.8,87.3,8.5
T03990,2025-08-02 11:57:44,11,5,8,day,OP1039,GRD002,Grader,Earth Excavation,Windy,Rocky,Expert,10.2,4615.1,67.2,13.84,32.0,136.0,23.1,52.4,79.6,82.8,3.2
T03991,2026-08-14 13:24:42,13,4,8,day,OP1022,EXC007,Excavator,Grading,Rainy,Loose,Beginner,0.6,7673.9,80.4,10.82,30.3,174.5,33.2,71.8,60.7,79.0,18.3
T03992,2025-08-30 06:20:30,6,5,8,day,OP1051,LDR003,Loader,Grading,Sunny,Rocky,Expert,11.2,2631.9,67.1,0.64,24.3,110.1,49.9,72.1,47.4,45.4,-2.0
T03993,2026-02-12 08:49:10,8,3,2,day,OP1036,BCK004,Backhoe,Site Clearing,Sunny,Wet,Intermediate,3.3,3610.8,63.1,1.27,22.2,213.9,18.4,71.3,81.0,74.4,-6.6
T03994,2025-03-27 10:44:47,10,3,3,day,OP1044,BCK004,Backhoe,Grading,Foggy,Rocky,Beginner,1.1,1260.7,61.1,11.48,24.3,88.4,36.5,48.4,51.1,71.0,19.9
T03995,2026-09-07 06:22:12,6,0,9,day,OP1029,LDR005,Loader,Trenching,Cloudy,Clay,Intermediate,8.7,4644.0,46.9,12.07,30.8,276.5,39.1,47.9,59.0,73.3,14.3
T03996,2025-07-15 02:43:45,2,1,7,night,OP1050,DZR002,Dozer,Foundation Digging,Rainy,Dry,Intermediate,7.7,3890.6,90.5,16.95,34.6,39.7,12.8,25.3,95.2,100.5,5.3
T03997,2025-08-12 18:49:18,18,1,8,night,OP1001,BCK002,Backhoe,Earth Excavation,Cloudy,Dry,Expert,13.7,4278.4,63.9,9.65,32.0,136.2,46.8,25.2,64.0,73.4,9.4
T03998,2026-08-03 09:30:32,9,0,8,day,OP1058,LDR002,Loader,Trenching,Rainy,Clay,Intermediate,3.3,4401.5,56.8,10.66,33.3,169.7,49.6,85.3,69.0,90.2,21.2
T03999,2026-03-19 08:24:54,8,3,3,day,OP1031,EXC002,Excavator,Transfer,Foggy,Dry,Expert,22.8,3383.3,81.6,13.75,25.6,137.1,21.4,45.0,28.4,31.7,3.3
T04000,2026-07-20 09:54:16,9,0,7,day,OP1034,DZR003,Dozer,Site Clearing,Cloudy,Clay,Beginner,1.3,6205.5,75.3,19.71,28.9,10,21.7,52.5,88.5,125.6,37.1
T04001,2025-08-14 02:24:56,2,3,8,night,OP1002,EXC001,Excavator,Trenching,Rainy,Wet,Expert,18.3,4070.8,63.3,12.63,31.4,151.9,26.9,45.4,69.6,75.5,5.9
T04002,2025-01-18 07:18:56,7,5,1,day,OP1058,GRD003,Grader,Grading,Foggy,Dry,Intermediate,3.3,212.0,69.4,5.06,10.7,249.2,41.7,43.9,44.4,49.2,4.8
T04003,2025-06-01 03:23:19,3,6,6,night,OP1017,EXC006,Excavator,Trenching,Sunny,Rocky,Expert,13.3,3668.8,80.9,2.58,30.4,82.0,28.2,48.5,62.3,70.4,8.1
T04004,2026-08-05 09:11:46,9,2,8,day,OP1054,EXC004,Excavator,Trenching,Rainy,Clay,Intermediate,5.0,5131.7,76.8,8.51,31.8,10,32.7,94.8,68.5,83.4,14.9
T04005,2025-08-30 23:50:45,23,5,8,night,OP1037,EXC008,Excavator,Material Loading,Rainy,Rocky,Expert,24.1,2149.9,98,18.15,30.1,166.4,40.8,54.9,47.4,53.7,6.3
T04006,2026-04-18 03:46:09,3,5,4,night,OP1048,EXC005,Excavator,Foundation Digging,Cloudy,Loose,Beginner,2.2,6233.3,72.5,18.0,34.0,88.7,24.1,71.0,93.2,112.2,19.0
T04007,2026-04-10 07:46:59,7,4,4,day,OP1027,DZR003,Dozer,Demolition,Sunny,Wet,Intermediate,6.2,5467.5,51.6,17.84,35.6,97.3,35.0,59.4,112.2,142.8,30.6
T04008,2026-09-09 11:48:45,11,2,9,day,OP1026,BCK003,Backhoe,Material Loading,Cloudy,Rocky,Beginner,2.3,5821.0,69.9,2.43,33.5,91.6,22.2,17.8,46.3,98.0,51.7
T04009,2025-08-26 09:43:18,9,1,8,day,OP1009,EXC003,Excavator,Demolition,Rainy,Rocky,Intermediate,5.2,2812.3,35.0,14.15,25.2,172.2,26.5,5,138.2,167.2,29.0
T04010,2026-06-25 02:56:27,2,3,6,night,OP1007,LDR002,Loader,Site Clearing,Rainy,Loose,Beginner,1.2,4114.8,59.7,8.59,32.0,225.7,31.4,53.5,86.7,117.6,30.9
T04011,2026-04-29 19:15:09,19,2,4,night,OP1028,EXC001,Excavator,Trenching,Rainy,Loose,Beginner,1.6,5959.3,83.0,13.06,31.9,198.8,56.0,51.2,72.3,77.9,5.6
T04012,2026-02-03 11:25:17,11,1,2,day,OP1021,EXC004,Excavator,Trenching,Sunny,Clay,Intermediate,4.3,3796.4,55.5,12.55,28.0,216.4,48.7,54.7,55.5,63.0,7.5
T04013,2025-03-19 10:45:02,10,2,3,day,OP1014,EXC004,Excavator,Trenching,Windy,Clay,Expert,21.2,1452.9,77.5,17.88,26.2,133.5,25.8,77.0,53.9,53.8,-0.1
T04014,2025-09-12 13:06:12,13,4,9,day,OP1031,GRD003,Grader,Trenching,Rainy,Clay,Expert,22.8,1943.9,98,4.84,28.8,314.5,24.4,56.0,66.3,61.1,-5.2
T04015,2025-05-14 13:35:31,13,2,5,day,OP1018,EXC006,Excavator,Transfer,Rainy,Dry,Expert,15.8,3540.5,65.6,11.71,36.6,111.9,23.2,90.9,29.9,25.8,-4.1
T04016,2025-09-26 06:30:15,6,4,9,day,OP1016,EXC001,Excavator,Earth Excavation,Cloudy,Rocky,Beginner,2.9,4386.0,61.0,16.43,30.4,130.2,42.0,83.7,79.7,109.4,29.7
T04017,2025-10-07 09:04:20,9,1,10,day,OP1026,EXC007,Excavator,Foundation Digging,Cloudy,Clay,Beginner,2.3,5402.2,98,10.0,27.7,253.6,28.8,45.4,94.8,132.7,37.9
T04018,2025-05-17 15:44:53,15,5,5,day,OP1020,EXC005,Excavator,Foundation Digging,Rainy,Wet,Intermediate,8.4,3784.2,71.5,10.43,38.3,94.1,22.7,45.0,106.9,110.2,3.3
T04019,2026-09-03 11:57:16,11,3,9,day,OP1036,EXC004,Excavator,Trenching,Sunny,Dry,Intermediate,3.3,5344.2,85.0,23.69,27.6,162.6,16.5,96.6,53.5,58.3,4.8
T04020,2025-06-24 11:01:37,11,1,6,day,OP1058,EXC006,Excavator,Material Loading,Rainy,Loose,Intermediate,3.3,3839.0,76.9,14.59,36.4,287.2,29.2,56.9,43.9,49.7,5.8
T04021,2025-10-07 01:13:56,1,1,10,night,OP1041,GRD001,Grader,Foundation Digging,Cloudy,Rocky,Intermediate,4.3,4279.0,66.8,7.4,25.4,193.2,15.6,28.7,102.6,113.6,11.0
T04022,2026-09-04 09:22:08,9,4,9,day,OP1022,DZR001,Dozer,Transfer,Cloudy,Dry,Beginner,0.6,5260.5,79.5,13.01,30.3,180.9,27.1,68.3,27.4,38.2,10.8
T04023,2026-08-07 14:05:40,14,4,8,day,OP1023,EXC003,Excavator,Grading,Rainy,Rocky,Beginner,2.1,5339.5,76.6,9.02,30.6,129.7,30.2,50.7,65.2,112.6,47.4
T04024,2026-05-12 15:38:42,15,1,5,day,OP1026,EXC006,Excavator,Grading,Rainy,Loose,Beginner,2.3,6191.0,54.4,5.21,37.9,251.0,21.9,76.3,57.4,84.8,27.4
T04025,2025-01-18 20:59:52,20,5,1,night,OP1034,EXC007,Excavator,Trenching,Sunny,Rocky,Beginner,1.3,3493.3,88.8,13.16,16.0,307.6,13.6,47.8,61.9,86.9,25.0
T04026,2026-05-05 15:56:26,15,1,5,day,OP1030,DZR004,Dozer,Earth Excavation,Windy,Dry,Intermediate,4.1,4451.8,63.4,15.27,36.6,79.3,35.6,71.0,65.3,71.5,6.2
T04027,2025-06-24 07:56:25,7,1,6,day,OP1002,EXC007,Excavator,Earth Excavation,Rainy,Rocky,Expert,18.3,4635.4,48.6,13.02,40.2,170.1,21.8,38.2,98.4,98.7,0.3
T04028,2025-01-28 15:55:03,15,1,1,day,OP1052,EXC002,Excavator,Demolition,Windy,Rocky,Intermediate,5.8,356.1,70.7,15.93,11.7,46.7,40.5,93.1,111.3,129.6,18.3
T04029,2025-02-11 10:43:03,10,1,2,day,OP1026,GRD002,Grader,Material Loading,Sunny,Loose,Beginner,2.3,3359.1,94.7,9.83,25.4,85.1,15.8,60.7,34.8,46.7,11.9
T04030,2026-03-16 09:40:43,9,0,3,day,OP1003,LDR001,Loader,Demolition,Rainy,Dry,Expert,20.4,4830.4,53.9,10.52,23.6,169.3,5.3,92.5,114.5,105.6,-8.9
T04031,2026-06-20 18:51:06,18,5,6,night,OP1057,EXC008,Excavator,Grading,Rainy,Loose,Beginner,2.8,4294.6,98,12.33,36.9,16.5,21.1,39.1,48.8,63.3,14.5
T04032,2025-10-20 11:21:17,11,0,10,day,OP1021,GRD002,Grader,Trenching,Windy,Loose,Intermediate,4.3,5191.6,49.6,5.88,22.1,228.9,37.2,68.2,60.0,54.1,-5.9
T04033,2025-10-11 13:44:07,13,5,10,day,OP1034,GRD002,Grader,Site Clearing,Sunny,Dry,Beginner,1.3,5126.7,54.9,9.51,23.4,286.7,9.5,56.2,75.1,104.8,29.7
T04034,2025-01-27 13:21:21,13,0,1,day,OP1024,BCK003,Backhoe,Foundation Digging,Cloudy,Loose,Beginner,1.5,1514.4,66.2,0.54,14.8,155.9,26.9,56.2,81.1,130.3,49.2
T04035,2026-03-14 12:48:06,12,5,3,day,OP1030,EXC003,Excavator,Trenching,Sunny,Wet,Intermediate,4.1,4273.3,85.8,14.76,36.9,167.6,27.3,65.1,58.6,63.0,4.4
T04036,2026-07-04 08:11:16,8,5,7,day,OP1033,GRD002,Grader,Material Loading,Cloudy,Rocky,Expert,17.2,7066.8,68.3,11.07,28.2,217.6,39.8,100.9,48.3,52.5,4.2
T04037,2026-02-04 09:15:52,9,2,2,day,OP1057,EXC004,Excavator,Demolition,Windy,Wet,Beginner,2.8,3803.1,49.3,6.97,23.6,182.7,18.7,104.6,113.4,121.1,7.7
T04038,2025-11-13 11:53:27,11,3,11,day,OP1053,EXC003,Excavator,Foundation Digging,Cloudy,Clay,Intermediate,7.0,3389.7,62.1,9.33,21.2,171.3,45.8,70.6,88.0,109.1,21.1
T04039,2026-02-05 09:22:51,9,3,2,day,OP1012,EXC004,Excavator,Grading,Cloudy,Wet,Beginner,1.4,3810.4,92.8,3.51,22.4,116.5,36.4,62.4,47.0,70.4,23.4
T04040,2025-03-06 06:59:25,6,3,3,day,OP1026,GRD001,Grader,Material Loading,Windy,Dry,Beginner,2.3,2711.3,61.7,8.4,27.7,53.9,19.2,77.2,33.5,20.5,-13.0
T04041,2026-09-14 11:20:01,11,0,9,day,OP1055,EXC006,Excavator,Foundation Digging,Rainy,Clay,Expert,12.2,7102.2,95.0,15.36,30.9,134.1,34.7,89.3,111.4,117.6,6.2
T04042,2025-08-07 13:36:58,13,3,8,day,OP1059,DZR003,Dozer,Earth Excavation,Cloudy,Clay,Expert,22.2,3673.5,64.0,10.94,33.1,93.2,62,32.0,68.8,79.4,10.6
T04043,2025-10-23 01:20:07,1,3,10,night,OP1050,GRD003,Grader,Trenching,Windy,Rocky,Intermediate,7.7,2239.6,88.4,6.7,30.0,131.6,38.2,10.4,64.2,84.5,20.3
T04044,2026-06-03 00:20:56,0,2,6,night,OP1014,LDR002,Loader,Demolition,Windy,Dry,Expert,21.2,3953.4,65.8,0,32.7,68.7,18.4,83.1,99.2,103.0,3.8
T04045,2026-08-27 09:31:18,9,3,8,day,OP1039,DZR002,Dozer,Material Loading,Sunny,Loose,Expert,10.2,6871.1,78.4,15.5,30.0,75.7,14.9,41.1,39.5,33.6,-5.9
T04046,2026-04-13 11:15:02,11,0,4,day,OP1058,EXC007,Excavator,Earth Excavation,Cloudy,Loose,Intermediate,3.3,6775.3,58.7,11.75,39.2,182.3,30.0,47.4,73.5,99.6,26.1
T04047,2026-02-13 23:41:44,23,4,2,night,OP1035,EXC004,Excavator,Site Clearing,Windy,Dry,Beginner,2.8,3873.2,88.8,6.79,23.0,90.1,55.3,68.8,80.5,117.1,36.6
T04048,2026-06-30 20:52:23,20,1,6,night,OP1005,EXC007,Excavator,Demolition,Cloudy,Rocky,Expert,18.5,7347.6,73.9,2.71,36.5,133.8,40.3,16.5,134.2,150.9,16.7
T04049,2025-11-18 11:34:13,11,1,11,day,OP1005,EXC004,Excavator,Trenching,Rainy,Dry,Expert,18.5,3234.4,65.7,4.7,21.7,189.3,52.3,49.2,59.0,72.3,13.3
T04050,2025-05-02 11:37:46,11,4,5,day,OP1019,EXC002,Excavator,Trenching,Rainy,Dry,Intermediate,4.5,1041.0,88.0,17.73,35.0,165.8,37.0,36.9,60.0,74.8,14.8
T04051,2025-03-19 22:43:44,22,2,3,night,OP1022,LDR003,Loader,Grading,Sunny,Loose,Beginner,0.6,1439.7,52.9,9.23,31.6,155.2,22.4,45.0,39.9,61.1,21.2
T04052,2025-11-04 19:40:14,19,1,11,night,OP1046,DZR003,Dozer,Demolition,Sunny,Loose,Beginner,2.1,4325.1,55.2,4.13,17.6,226.6,31.7,54.3,99.1,131.4,32.3
T04053,2026-01-07 12:16:02,12,2,1,day,OP1024,GRD001,Grader,Grading,Sunny,Wet,Beginner,1.5,4954.0,73.0,11.97,17.5,217.1,22.1,69.8,47.6,53.6,6.0
T04054,2026-06-13 19:02:03,19,5,6,night,OP1027,DZR004,Dozer,Transfer,Cloudy,Dry,Intermediate,6.2,4737.5,65.9,0.94,36.8,201.9,32.8,43.6,26.9,21.6,-5.3
T04055,2026-03-03 23:52:44,23,1,3,night,OP1023,BCK002,Backhoe,Trenching,Sunny,Dry,Beginner,2.1,5761.8,94.9,12.42,30.9,286.1,37.4,91.8,54.3,75.7,21.4
T04056,2026-07-12 03:31:25,3,6,7,night,OP1052,LDR003,Loader,Transfer,Rainy,Loose,Intermediate,5.8,4937.8,67.9,16.31,33.4,196.1,31.4,36.0,33.6,48.3,14.7
T04057,2026-02-27 14:02:29,14,4,2,day,OP1043,EXC005,Excavator,Demolition,Sunny,Clay,Expert,19.0,5871.4,63.9,11.47,22.5,140.6,18.1,64.6,109.9,104.0,-5.9
T04058,2025-10-15 10:14:47,10,2,10,day,OP1007,EXC008,Excavator,Site Clearing,Rainy,Wet,Beginner,1.2,2481.6,97.7,9.58,25.0,10,29.9,88.0,93.4,123.7,30.3
T04059,2026-06-23 02:02:40,2,1,6,night,OP1004,DZR004,Dozer,Earth Excavation,Cloudy,Wet,Intermediate,6.3,4805.3,93.2,8.53,29.5,150.3,11.3,21.4,74.4,87.1,12.7
T04060,2025-07-30 19:59:05,19,2,7,night,OP1007,EXC006,Excavator,Transfer,Sunny,Rocky,Beginner,1.2,4104.6,91.0,3.55,31.6,27.6,27.7,36.5,31.7,53.7,22.0
T04061,2026-05-30 07:51:17,7,5,5,day,OP1004,BCK004,Backhoe,Trenching,Sunny,Dry,Intermediate,6.3,4391.6,56.0,18.82,38.1,130.7,24.5,18.4,51.6,72.2,20.6
T04062,2025-12-12 15:01:34,15,4,12,day,OP1057,EXC008,Excavator,Foundation Digging,Cloudy,Clay,Beginner,2.8,2906.4,70.8,10.29,20.1,164.8,13.0,31.1,86.4,116.4,30.0
T04063,2025-11-20 14:17:48,14,3,11,day,OP1020,EXC003,Excavator,Site Clearing,Rainy,Dry,Intermediate,8.4,3441.5,64.0,12.04,19.5,124.8,25.2,89.4,81.9,94.7,12.8
T04064,2025-02-03 14:20:33,14,0,2,day,OP1047,DZR003,Dozer,Foundation Digging,Rainy,Dry,Beginner,2.8,2323.2,58.2,11.56,20.0,95.8,35.4,38.4,92.0,134.3,42.3
T04065,2026-01-07 01:43:57,1,2,1,night,OP1043,LDR004,Loader,Transfer,Windy,Rocky,Expert,19.0,4640.3,56.4,11.81,16.9,215.8,8.8,66.9,35.2,36.3,1.1
T04066,2025-03-28 11:18:54,11,4,3,day,OP1042,EXC003,Excavator,Site Clearing,Sunny,Clay,Beginner,1.3,1710.5,66.4,17.12,24.7,98.7,23.5,35.7,74.8,107.2,32.4
T04067,2025-11-30 01:13:56,1,6,11,night,OP1038,LDR003,Loader,Transfer,Sunny,Wet,Beginner,2.4,3301.9,93.5,14.21,20.9,14.9,35.9,34.8,28.2,25.2,-3.0
T04068,2025-07-14 09:56:27,9,0,7,day,OP1030,GRD001,Grader,Material Loading,Rainy,Loose,Intermediate,4.1,3661.2,78.5,13.92,35.2,99.2,25.4,32.5,44.1,49.0,4.9
T04069,2025-12-09 15:09:42,15,1,12,day,OP1053,EXC008,Excavator,Earth Excavation,Sunny,Wet,Intermediate,7.0,2884.6,72.3,13.23,19.8,162.3,40.4,72.1,67.1,83.8,16.7
T04070,2026-08-05 15:55:41,15,2,8,day,OP1048,DZR004,Dozer,Trenching,Windy,Wet,Beginner,2.2,5123.4,41.2,12.09,41.9,100.9,28.7,55.0,67.5,62.6,-4.9
T04071,2025-02-13 22:20:24,22,3,2,night,OP1004,LDR001,Loader,Grading,Cloudy,Rocky,Intermediate,6.3,1943.5,59.1,9.48,20.0,10,27.1,69.4,48.5,55.9,7.4
T04072,2026-06-18 12:12:06,12,3,6,day,OP1003,LDR004,Loader,Grading,Rainy,Dry,Expert,20.4,5826.1,85.3,15.83,34.5,77.1,7.1,20.0,52.7,45.9,-6.8
T04073,2026-06-01 13:38:48,13,0,6,day,OP1058,LDR005,Loader,Grading,Rainy,Clay,Intermediate,3.3,3930.8,66.0,5.51,32.1,382.1,49.1,18.0,50.6,58.1,7.5
T04074,2026-08-18 20:23:18,20,1,8,night,OP1033,EXC002,Excavator,Site Clearing,Foggy,Rocky,Expert,17.2,4496.6,77.1,3.88,33.3,136.5,38.9,60.7,100.1,106.8,6.7
T04075,2025-07-14 08:05:54,8,0,7,day,OP1042,EXC001,Excavator,Earth Excavation,Foggy,Dry,Beginner,1.3,3846.2,32.6,3.98,28.3,157.1,23.4,61.9,66.1,70.9,4.8
T04076,2025-03-12 12:24:21,12,2,3,day,OP1060,EXC002,Excavator,Grading,Windy,Wet,Expert,10.8,668.9,72.8,7.28,20.1,39.7,28.5,63.1,44.2,45.3,1.1
T04077,2025-12-11 09:24:02,9,3,12,day,OP1030,EXC003,Excavator,Trenching,Sunny,Dry,Intermediate,4.1,3593.3,81.2,13.21,25.4,151.4,21.0,71.5,50.1,58.1,8.0
T04078,2026-07-19 02:44:47,2,6,7,night,OP1025,DZR003,Dozer,Earth Excavation,Cloudy,Clay,Expert,17.0,6196.0,49.8,8.91,25.4,150.6,36.2,35.5,75.4,74.9,-0.5
T04079,2026-08-19 14:42:23,14,2,8,day,OP1004,LDR004,Loader,Material Loading,Rainy,Rocky,Intermediate,6.3,6279.4,80.6,8.02,37.8,19.5,23.5,63.5,53.0,62.5,9.5
T04080,2026-08-07 12:12:01,12,4,8,day,OP1001,LDR003,Loader,Demolition,Windy,Dry,Expert,13.7,5130.3,61.6,10.97,34.5,71.6,36.9,64.9,104.6,103.1,-1.5
T04081,2025-06-27 19:36:12,19,4,6,night,OP1054,GRD003,Grader,Foundation Digging,Rainy,Clay,Intermediate,5.0,1383.7,51.1,14.73,35.2,99.2,18.4,67.3,102.5,129.4,26.9
T04082,2025-05-27 15:43:58,15,1,5,day,OP1017,EXC004,Excavator,Grading,Cloudy,Loose,Expert,13.3,1958.2,74.3,20.95,37.8,45.1,24.1,34.8,41.1,41.8,0.7
T04083,2026-03-23 13:35:05,13,0,3,day,OP1056,DZR003,Dozer,Earth Excavation,Sunny,Wet,Intermediate,4.7,5337.9,71.8,7.21,33.1,156.1,49.4,81.0,73.6,78.6,5.0
T04084,2025-12-18 03:13:38,3,3,12,night,OP1002,EXC004,Excavator,Grading,Foggy,Wet,Expert,18.3,3450.9,44.1,15.05,19.7,215.4,26.5,74.7,52.6,59.5,6.9
T04085,2025-11-12 20:42:22,20,2,11,night,OP1011,BCK001,Backhoe,Transfer,Cloudy,Wet,Intermediate,6.7,5349.0,50.7,16.99,24.5,81.6,35.3,39.8,31.4,44.2,12.8
T04086,2025-12-15 21:57:20,21,0,12,night,OP1044,LDR005,Loader,Foundation Digging,Sunny,Loose,Beginner,1.1,2707.0,79.3,12.86,14.1,186.0,34.6,25.9,79.4,106.7,27.3
T04087,2026-02-03 00:03:43,0,1,2,night,OP1054,EXC002,Excavator,Earth Excavation,Cloudy,Clay,Intermediate,5.0,3059.6,85.6,5.48,21.5,91.1,23.3,45.2,67.2,84.5,17.3
T04088,2026-09-18 14:14:08,14,4,9,day,OP1006,BCK004,Backhoe,Earth Excavation,Rainy,Clay,Intermediate,3.3,5203.8,87.1,11.29,32.2,264.0,21.8,64.4,81.7,84.6,2.9
T04089,2025-11-14 06:59:12,6,4,11,day,OP1055,BCK003,Backhoe,Trenching,Rainy,Loose,Expert,12.2,3636.8,80.7,15.5,21.0,195.2,38.7,72.0,65.3,71.5,6.2
T04090,2025-10-07 01:15:57,1,1,10,night,OP1040,GRD003,Grader,Foundation Digging,Windy,Rocky,Intermediate,8.2,2122.8,73.2,15.84,28.6,96.1,36.2,83.1,96.7,110.3,13.6
T04091,2026-09-01 07:08:17,7,1,9,day,OP1033,LDR005,Loader,Demolition,Windy,Clay,Expert,17.2,4600.4,87.2,19.07,28.6,66.8,20.3,44.2,109.4,104.6,-4.8
T04092,2026-04-18 15:17:19,15,5,4,day,OP1017,LDR004,Loader,Earth Excavation,Foggy,Loose,Expert,13.3,5381.7,81.2,23.11,36.8,214.2,30.4,46.5,74.4,77.9,3.5
T04093,2026-04-21 08:35:14,8,1,4,day,OP1020,BCK001,Backhoe,Transfer,Sunny,Rocky,Intermediate,8.4,6513.3,54.6,8.37,26.8,185.2,30.7,14.3,34.5,38.3,3.8
T04094,2026-01-25 02:13:39,2,6,1,night,OP1017,EXC008,Excavator,Earth Excavation,Sunny,Clay,Expert,13.3,3223.8,85.1,17.99,18.0,26.7,11.2,83.1,65.6,66.5,0.9
T04095,2025-11-15 06:28:27,6,5,11,day,OP1002,LDR002,Loader,Site Clearing,Sunny,Dry,Expert,18.3,2495.2,60.9,8.1,23.3,105.1,25.4,37.4,68.0,70.0,2.0
T04096,2026-01-24 15:34:41,15,5,1,day,OP1018,DZR001,Dozer,Trenching,Cloudy,Clay,Expert,15.8,3634.5,96.5,12.35,15.6,173.7,23.9,30.2,56.9,51.1,-5.8
T04097,2025-09-02 20:31:50,20,1,9,night,OP1004,DZR001,Dozer,Site Clearing,Cloudy,Clay,Intermediate,6.3,2584.8,57.4,11.23,36.3,116.8,20.4,37.0,77.3,79.1,1.8
T04098,2026-06-19 07:13:05,7,4,6,day,OP1032,DZR002,Dozer,Earth Excavation,Sunny,Wet,Intermediate,3.9,6366.7,66.0,12.52,29.1,10,44.9,35.8,76.3,88.6,12.3
T04099,2025-10-28 13:02:03,13,1,10,day,OP1006,GRD002,Grader,Foundation Digging,Cloudy,Rocky,Intermediate,3.3,5250.5,83.6,8.16,26.8,48.4,18.3,72.6,106.3,120.2,13.9
T04100,2025-06-18 18:21:19,18,2,6,night,OP1033,GRD001,Grader,Site Clearing,Foggy,Clay,Expert,17.2,3474.0,77.4,15.55,38.3,302.4,44.7,38.4,88.7,105.0,16.3
T04101,2025-08-04 19:49:34,19,0,8,night,OP1001,LDR004,Loader,Grading,Rainy,Rocky,Expert,13.7,3507.0,65.0,12.93,32.2,235.5,29.1,56.9,58.0,65.2,7.2
T04102,2026-06-04 19:46:32,19,3,6,night,OP1050,EXC002,Excavator,Demolition,Windy,Wet,Intermediate,7.7,3948.9,98,1.81,29.1,145.5,16.4,50.6,108.3,106.6,-1.7
T04103,2025-04-21 11:13:09,11,0,4,day,OP1033,BCK001,Backhoe,Material Loading,Rainy,Wet,Expert,17.2,3849.6,55.7,7.98,36.2,158.6,42.9,13.7,47.2,52.8,5.6
T04104,2025-04-16 09:30:31,9,2,4,day,OP1008,LDR003,Loader,Site Clearing,Cloudy,Loose,Beginner,1.2,1640.1,79.7,9.99,33.2,161.6,46.6,22.9,73.5,89.2,15.7
T04105,2026-05-19 15:38:01,15,1,5,day,OP1048,GRD003,Grader,Transfer,Sunny,Rocky,Beginner,2.2,3762.3,76.9,1.09,34.6,169.5,27.7,32.5,31.3,43.0,11.7
T04106,2026-03-23 14:46:22,14,0,3,day,OP1050,EXC007,Excavator,Foundation Digging,Rainy,Wet,Intermediate,7.7,6623.1,74.8,11.81,26.3,38.9,22.0,85.1,113.7,113.5,-0.2
T04107,2026-03-31 03:09:24,3,1,3,night,OP1028,GRD002,Grader,Grading,Foggy,Rocky,Beginner,1.6,6371.7,93.5,16.69,29.5,140.8,43.0,50.5,60.4,80.9,20.5
T04108,2025-06-04 21:11:06,21,2,6,night,OP1036,LDR002,Loader,Earth Excavation,Rainy,Dry,Intermediate,3.3,1302.5,80.4,9.91,33.6,217.7,26.1,14.5,73.1,83.1,10.0
T04109,2025-04-01 10:58:12,10,1,4,day,OP1018,EXC008,Excavator,Grading,Sunny,Loose,Expert,15.8,1043.7,72.7,14.63,33.4,75.0,18.4,14.5,39.9,42.9,3.0
T04110,2025-07-04 09:50:01,9,4,7,day,OP1039,LDR002,Loader,Demolition,Rainy,Loose,Expert,10.2,1518.1,82.0,7.14,28.7,214.9,5,98.0,116.4,107.0,-9.4
T04111,2026-06-13 10:21:48,10,5,6,day,OP1015,LDR003,Loader,Trenching,Cloudy,Wet,Beginner,0.6,4728.2,52.3,9.33,34.4,93.3,35.3,54.2,61.4,72.2,10.8
T04112,2026-04-08 15:39:29,15,2,4,day,OP1026,BCK003,Backhoe,Foundation Digging,Sunny,Dry,Beginner,2.3,4697.9,70.8,9.64,27.2,264.9,39.0,70.4,81.6,97.6,16.0
T04113,2025-10-02 11:20:13,11,3,10,day,OP1022,DZR003,Dozer,Demolition,Foggy,Rocky,Beginner,0.6,4081.6,78.7,9.98,32.6,103.2,27.4,76.7,125.1,187.0,61.9
T04114,2026-02-28 09:08:05,9,5,2,day,OP1022,DZR004,Dozer,Transfer,Cloudy,Clay,Beginner,0.6,3968.0,85.4,12.22,25.3,183.8,27.6,65.5,28.8,43.3,14.5
T04115,2025-04-17 13:06:00,13,3,4,day,OP1023,EXC001,Excavator,Trenching,Sunny,Dry,Beginner,2.1,3205.4,56.7,9.22,35.4,122.0,29.4,65.0,49.4,52.9,3.5
T04116,2025-02-26 06:22:43,6,2,2,day,OP1046,EXC005,Excavator,Foundation Digging,Windy,Clay,Beginner,2.1,3197.3,79.1,18.98,22.9,158.1,39.3,23.3,87.8,113.2,25.4
T04117,2026-08-31 09:22:46,9,0,8,day,OP1011,DZR004,Dozer,Trenching,Cloudy,Dry,Intermediate,6.7,5311.2,78.8,6.96,30.0,66.4,40.0,81.8,55.0,58.7,3.7
T04118,2025-06-16 08:15:51,8,0,6,day,OP1007,LDR005,Loader,Earth Excavation,Cloudy,Loose,Beginner,1.2,1374.2,50.6,4.71,38.2,148.7,30.4,16.9,62.7,102.7,40.0
T04119,2026-03-14 15:29:15,15,5,3,day,OP1030,DZR001,Dozer,Earth Excavation,Sunny,Rocky,Intermediate,4.1,3992.2,73.8,15.1,21.7,95.0,20.7,13.0,76.2,88.2,12.0
T04120,2025-05-13 06:38:52,6,1,5,day,OP1018,DZR004,Dozer,Demolition,Cloudy,Rocky,Expert,15.8,1842.9,60.4,18.48,42.6,214.7,16.1,54.0,112.4,113.7,1.3
T04121,2025-06-18 06:15:51,6,2,6,day,OP1021,LDR001,Loader,Material Loading,Cloudy,Wet,Intermediate,4.3,2851.1,58.0,10.46,34.0,113.1,42.0,68.4,38.1,47.2,9.1
T04122,2026-05-12 14:18:43,14,1,5,day,OP1020,GRD001,Grader,Site Clearing,Sunny,Dry,Intermediate,8.4,5867.1,84.6,8.4,46,271.9,28.0,77.1,77.2,84.7,7.5
T04123,2025-05-18 02:17:15,2,6,5,night,OP1043,DZR001,Dozer,Material Loading,Sunny,Dry,Expert,19.0,1798.2,76.0,12.17,39.1,159.6,31.4,90.7,32.0,34.7,2.7
T04124,2025-07-17 12:18:45,12,3,7,day,OP1044,EXC001,Excavator,Trenching,Sunny,Clay,Beginner,1.1,3869.4,69.8,6.88,27.4,198.5,24.8,22.1,55.7,70.5,14.8
T04125,2025-06-06 23:54:36,23,4,6,night,OP1057,LDR005,Loader,Earth Excavation,Cloudy,Wet,Beginner,2.8,1305.9,75.6,9.88,29.3,96.8,11.1,58.5,68.1,85.2,17.1
T04126,2025-06-30 08:47:37,8,0,6,day,OP1056,EXC001,Excavator,Grading,Cloudy,Dry,Intermediate,4.7,3744.2,45.9,3.18,34.8,137.0,38.0,61.6,41.1,54.7,13.6
T04127,2026-09-01 15:12:22,15,1,9,day,OP1040,EXC005,Excavator,Foundation Digging,Rainy,Clay,Intermediate,8.2,7229.6,65.4,7.02,28.9,51.2,41.8,96.8,114.7,132.6,17.9
T04128,2026-06-03 13:08:21,13,2,6,day,OP1006,DZR004,Dozer,Material Loading,Rainy,Loose,Intermediate,3.3,4662.7,69.5,11.68,28.3,72.3,16.7,61.5,42.6,43.0,0.4
T04129,2026-06-04 03:22:46,3,3,6,night,OP1028,EXC008,Excavator,Site Clearing,Rainy,Rocky,Beginner,1.6,4173.1,87.2,10.25,32.6,189.5,53.4,90.1,108.8,161.8,53.0
T04130,2025-05-29 19:58:59,19,3,5,night,OP1043,BCK003,Backhoe,Demolition,Cloudy,Wet,Expert,19.0,2407.1,66.3,12.81,38.3,221.3,22.2,83.2,103.3,116.5,13.2
T04131,2025-07-31 07:46:10,7,3,7,day,OP1001,BCK004,Backhoe,Site Clearing,Rainy,Wet,Expert,13.7,2179.6,74.6,10.39,37.5,136.6,34.2,81.8,97.2,104.0,6.8
T04132,2025-08-25 14:58:09,14,0,8,day,OP1024,EXC005,Excavator,Site Clearing,Rainy,Wet,Beginner,1.5,4513.9,61.8,7.94,28.3,140.7,11.4,32.6,104.8,144.0,39.2
T04133,2026-04-25 09:50:36,9,5,4,day,OP1037,LDR005,Loader,Site Clearing,Cloudy,Dry,Expert,24.1,3659.6,53.0,3.83,32.7,152.4,42.4,46.5,73.3,74.4,1.1
T04134,2025-01-30 18:46:54,18,3,1,night,OP1020,BCK003,Backhoe,Trenching,Cloudy,Dry,Intermediate,8.4,1538.0,75.4,3.55,18.8,90.8,19.6,12.1,49.4,56.5,7.1
T04135,2026-07-08 09:40:06,9,2,7,day,OP1001,EXC005,Excavator,Trenching,Rainy,Clay,Expert,13.7,6826.4,66.1,12.3,27.5,249.1,29.2,65.8,75.5,75.3,-0.2
T04136,2026-03-28 01:53:11,1,5,3,night,OP1050,LDR001,Loader,Trenching,Rainy,Dry,Intermediate,7.7,4915.6,67.1,5.97,17.6,153.7,31.8,64.2,63.3,88.1,24.8
T04137,2025-08-20 08:10:53,8,2,8,day,OP1008,EXC004,Excavator,Site Clearing,Rainy,Loose,Beginner,1.2,2576.4,48.5,4.26,26.7,29.7,43.0,13.9,81.6,104.7,23.1
T04138,2026-08-18 08:48:06,8,1,8,day,OP1048,BCK003,Backhoe,Foundation Digging,Cloudy,Wet,Beginner,2.2,5659.5,80.2,13.73,34.2,153.3,27.7,46.5,99.2,153.6,54.4
T04139,2026-07-11 20:58:18,20,5,7,night,OP1044,EXC005,Excavator,Foundation Digging,Sunny,Wet,Beginner,1.1,6851.8,74.9,11.33,22.8,10,35.1,48.5,100.4,145.1,44.7
T04140,2026-07-14 03:50:06,3,1,7,night,OP1007,BCK001,Backhoe,Transfer,Rainy,Clay,Beginner,1.2,7125.0,47.0,10.16,26.8,52.6,21.1,83.4,37.3,46.6,9.3
T04141,2025-07-29 21:53:14,21,1,7,night,OP1019,DZR004,Dozer,Grading,Rainy,Wet,Intermediate,4.5,2409.6,88.9,5.32,28.7,150.7,22.3,44.6,51.0,64.8,13.8
T04142,2026-02-25 08:19:48,8,2,2,day,OP1051,GRD002,Grader,Grading,Foggy,Rocky,Expert,11.2,6125.1,47.5,6.49,12.5,10,38.5,72.2,60.8,59.7,-1.1
T04143,2025-06-04 15:26:46,15,2,6,day,OP1004,BCK004,Backhoe,Trenching,Rainy,Clay,Intermediate,6.3,1765.9,80.8,7.72,26.1,105.3,24.9,49.0,66.5,75.4,8.9
T04144,2026-04-27 10:06:16,10,0,4,day,OP1013,EXC008,Excavator,Transfer,Sunny,Loose,Expert,18.9,3897.7,35.0,4.16,40.9,225.7,5,64.5,26.6,17.9,-8.7
T04145,2026-06-02 12:10:06,12,1,6,day,OP1041,GRD002,Grader,Trenching,Sunny,Wet,Intermediate,4.3,6834.4,82.2,4.17,40.0,187.9,5,43.2,64.2,66.8,2.6
T04146,2025-04-13 03:08:32,3,6,4,night,OP1038,EXC006,Excavator,Grading,Sunny,Wet,Beginner,2.4,3311.0,76.4,12.64,37.3,252.9,49.4,21.9,44.7,71.6,26.9
T04147,2025-12-26 20:57:37,20,4,12,night,OP1001,EXC004,Excavator,Trenching,Windy,Loose,Expert,13.7,3514.7,72.2,12.83,11.0,118.0,41.6,44.1,55.8,52.4,-3.4
T04148,2025-07-24 22:24:39,22,3,7,night,OP1043,EXC007,Excavator,Transfer,Cloudy,Clay,Expert,19.0,4858.8,76.7,9.14,30.8,109.5,18.2,78.0,29.8,29.6,-0.2
T04149,2026-04-27 12:15:03,12,0,4,day,OP1054,LDR005,Loader,Site Clearing,Rainy,Clay,Intermediate,5.0,3674.9,90.7,19.29,29.6,128.1,45.7,32.9,93.2,121.9,28.7
T04150,2026-07-20 19:38:08,19,0,7,night,OP1012,LDR005,Loader,Material Loading,Windy,Dry,Beginner,1.4,4290.3,75.3,13.76,34.2,77.3,39.1,39.5,36.5,23.6,-12.9
T04151,2025-05-19 09:56:37,9,0,5,day,OP1030,LDR003,Loader,Grading,Foggy,Dry,Intermediate,4.1,1881.1,61.4,14.95,44.6,169.5,22.3,65.0,44.5,53.4,8.9
T04152,2026-04-17 12:17:50,12,4,4,day,OP1059,GRD002,Grader,Trenching,Rainy,Wet,Expert,22.2,6498.6,98,22.63,31.6,154.8,62,43.5,76.0,88.4,12.4
T04153,2025-04-12 11:12:11,11,5,4,day,OP1059,LDR002,Loader,Material Loading,Rainy,Clay,Expert,22.2,912.6,74.6,7.28,27.0,155.3,47.4,48.2,43.2,53.0,9.8
T04154,2025-04-18 00:24:42,0,4,4,night,OP1018,EXC003,Excavator,Demolition,Sunny,Rocky,Expert,15.8,1860.5,81.8,9.85,30.1,110.7,13.8,23.7,109.1,101.3,-7.8
T04155,2026-05-22 15:18:56,15,4,5,day,OP1018,GRD002,Grader,Foundation Digging,Sunny,Rocky,Expert,15.8,6755.0,81.5,4.93,34.0,43.0,23.1,80.5,108.8,107.5,-1.3
T04156,2026-07-23 13:54:12,13,3,7,day,OP1050,LDR005,Loader,Demolition,Rainy,Wet,Intermediate,7.7,4310.5,47.8,12.11,37.6,120.4,19.0,56.4,126.3,151.1,24.8
T04157,2025-12-03 19:16:12,19,2,12,night,OP1046,DZR001,Dozer,Transfer,Sunny,Dry,Beginner,2.1,3256.0,21.8,15.07,21.5,209.6,32.1,77.8,24.7,24.5,-0.2
T04158,2025-08-21 10:55:15,10,3,8,day,OP1036,LDR002,Loader,Trenching,Foggy,Loose,Intermediate,3.3,1868.8,60.7,14.14,29.3,101.3,5,64.1,53.9,73.2,19.3
T04159,2026-03-27 10:25:55,10,4,3,day,OP1043,LDR001,Loader,Material Loading,Cloudy,Wet,Expert,19.0,4910.9,78.1,9.49,27.3,137.3,8.9,37.4,41.2,41.1,-0.1
T04160,2025-12-02 19:42:40,19,1,12,night,OP1015,BCK001,Backhoe,Material Loading,Rainy,Loose,Beginner,0.6,5494.7,61.8,2.69,22.1,62.1,27.4,85.5,47.0,55.4,8.4
T04161,2025-12-08 11:34:52,11,0,12,day,OP1040,DZR004,Dozer,Grading,Cloudy,Wet,Intermediate,8.2,3370.1,84.8,12.09,20.8,10,23.7,77.8,46.2,44.3,-1.9
T04162,2026-08-13 13:39:08,13,3,8,day,OP1053,DZR004,Dozer,Demolition,Rainy,Rocky,Intermediate,7.0,5181.1,73.8,15.01,33.9,113.4,42.0,52.1,140.3,174.1,33.8
T04163,2026-06-20 13:05:59,13,5,6,day,OP1025,DZR004,Dozer,Site Clearing,Rainy,Rocky,Expert,17.0,4786.8,83.9,11.64,27.9,119.2,62,69.6,107.2,120.0,12.8
T04164,2025-12-06 08:20:40,8,5,12,day,OP1059,DZR004,Dozer,Transfer,Rainy,Wet,Expert,22.2,3354.5,70.4,11.17,22.3,145.1,51.1,75.5,33.7,34.3,0.6
T04165,2025-06-17 22:58:48,22,1,6,night,OP1013,EXC001,Excavator,Site Clearing,Sunny,Loose,Expert,18.9,3653.7,73.4,9.97,33.9,50.0,22.2,30.7,74.7,80.7,6.0
T04166,2026-01-20 11:13:21,11,1,1,day,OP1007,BCK003,Backhoe,Earth Excavation,Windy,Dry,Beginner,1.2,4127.2,60.4,16.91,19.8,162.8,32.8,67.6,68.4,91.2,22.8
T04167,2026-07-03 15:51:13,15,4,7,day,OP1040,DZR004,Dozer,Grading,Cloudy,Wet,Intermediate,8.2,4882.5,85.5,11.38,32.8,172.8,34.1,16.1,48.9,59.6,10.7
T04168,2026-07-22 12:40:48,12,2,7,day,OP1026,LDR001,Loader,Grading,Rainy,Clay,Beginner,2.3,5765.7,39.4,12.27,27.1,46.8,25.3,81.5,59.5,92.3,32.8
T04169,2025-05-27 08:51:02,8,1,5,day,OP1039,BCK003,Backhoe,Site Clearing,Cloudy,Wet,Expert,10.2,2389.1,58.4,17.85,40.4,82.3,13.0,58.6,79.8,79.1,-0.7
T04170,2026-07-14 13:50:27,13,1,7,day,OP1044,BCK001,Backhoe,Demolition,Rainy,Dry,Beginner,1.1,7128.1,90.9,8.84,30.1,23.1,34.7,52.3,129.8,145.4,15.6
T04171,2025-07-24 12:54:36,12,3,7,day,OP1023,GRD003,Grader,Demolition,Rainy,Wet,Beginner,2.1,1578.8,70.8,16.75,25.6,42.9,19.7,89.3,121.0,139.1,18.1
T04172,2025-09-03 01:14:34,1,2,9,night,OP1013,GRD002,Grader,Demolition,Rainy,Wet,Expert,18.9,4845.5,45.1,14.14,28.1,266.6,10.2,32.5,135.6,139.4,3.8
T04173,2026-08-19 09:16:13,9,2,8,day,OP1004,EXC005,Excavator,Foundation Digging,Rainy,Dry,Intermediate,6.3,7132.9,71.9,3.71,30.2,181.7,10.5,55.8,109.4,110.3,0.9
T04174,2025-06-21 21:47:04,21,5,6,night,OP1044,DZR001,Dozer,Trenching,Cloudy,Clay,Beginner,1.1,2052.3,63.4,12.41,32.3,141.4,26.7,22.0,54.4,84.0,29.6
T04175,2025-02-19 11:06:55,11,2,2,day,OP1053,EXC002,Excavator,Transfer,Sunny,Rocky,Intermediate,7.0,515.3,60.5,8.36,15.8,71.0,35.9,34.1,29.8,27.3,-2.5
T04176,2025-11-08 02:49:19,2,5,11,night,OP1010,BCK004,Backhoe,Earth Excavation,Sunny,Dry,Intermediate,8.6,2908.1,64.0,5.47,29.8,83.1,32.6,64.6,58.9,71.4,12.5
T04177,2026-02-21 12:54:21,12,5,2,day,OP1012,EXC007,Excavator,Grading,Windy,Dry,Beginner,1.4,6403.5,82.8,8.54,15.1,118.1,46.0,81.1,46.1,71.1,25.0
T04178,2026-02-03 13:05:55,13,1,2,day,OP1024,GRD002,Grader,Foundation Digging,Sunny,Loose,Beginner,1.5,5966.0,44.5,2.83,14.3,124.5,7.2,26.9,89.7,92.5,2.8
T04179,2025-01-22 23:59:56,23,2,1,night,OP1006,BCK003,Backhoe,Material Loading,Cloudy,Rocky,Intermediate,3.3,1481.2,71.3,11.33,14.7,163.8,20.1,98.3,40.9,40.4,-0.5
T04180,2025-02-24 15:19:26,15,0,2,day,OP1016,BCK001,Backhoe,Foundation Digging,Windy,Loose,Beginner,2.9,3442.0,53.1,9.1,19.8,85.4,37.4,70.0,90.2,109.4,19.2
T04181,2025-03-01 09:45:57,9,5,3,day,OP1045,EXC002,Excavator,Transfer,Sunny,Dry,Intermediate,6.5,587.8,66.3,14.7,27.0,235.3,25.0,25.4,24.0,28.6,4.6
T04182,2026-05-18 08:07:06,8,0,5,day,OP1024,BCK003,Backhoe,Trenching,Cloudy,Loose,Beginner,1.5,4987.6,75.4,8.5,39.4,142.6,34.5,35.7,57.1,69.4,12.3
T04183,2025-02-19 13:41:56,13,2,2,day,OP1039,LDR003,Loader,Demolition,Foggy,Clay,Expert,10.2,1232.5,40.9,10.93,14.5,215.2,16.1,33.0,105.7,103.2,-2.5
T04184,2025-11-20 09:00:32,9,3,11,day,OP1012,EXC006,Excavator,Foundation Digging,Cloudy,Loose,Beginner,1.4,4926.1,61.2,14.58,23.9,146.8,41.3,74.4,89.0,130.4,41.4
T04185,2025-07-02 23:44:22,23,2,7,night,OP1035,LDR002,Loader,Grading,Rainy,Wet,Beginner,2.8,1507.7,68.5,13.86,32.5,306.9,62,81.7,54.1,95.3,41.2
T04186,2026-07-31 15:55:36,15,4,7,day,OP1002,LDR001,Loader,Foundation Digging,Rainy,Clay,Expert,18.3,5832.4,74.9,12.03,32.9,10,41.4,46.4,107.5,110.5,3.0
T04187,2025-10-16 15:15:08,15,3,10,day,OP1052,LDR001,Loader,Demolition,Sunny,Loose,Intermediate,5.8,3729.8,39.3,3.85,34.2,99.2,39.5,71.7,96.9,114.2,17.3
T04188,2025-04-09 21:47:35,21,2,4,night,OP1027,BCK003,Backhoe,Foundation Digging,Cloudy,Rocky,Intermediate,6.2,2042.6,77.7,12.76,33.7,162.6,24.4,71.1,95.8,109.9,14.1
T04189,2025-03-03 11:30:07,11,0,3,day,OP1035,GRD003,Grader,Earth Excavation,Cloudy,Loose,Beginner,2.8,534.5,70.1,7.93,26.2,124.2,58.5,68.0,62.7,93.1,30.4
T04190,2025-05-26 21:39:57,21,0,5,night,OP1010,EXC007,Excavator,Demolition,Rainy,Clay,Intermediate,8.6,4427.9,77.2,8.01,37.3,10,32.7,29.5,118.9,147.2,28.3
T04191,2026-09-12 10:08:52,10,5,9,day,OP1007,GRD003,Grader,Transfer,Rainy,Wet,Beginner,1.2,4607.5,77.7,16.13,31.9,151.8,48.4,11.0,36.4,50.5,14.1
T04192,2025-11-17 21:53:31,21,0,11,night,OP1041,BCK004,Backhoe,Foundation Digging,Rainy,Loose,Intermediate,4.3,2979.6,63.2,9.58,22.1,259.4,6.1,15.1,92.1,111.3,19.2
T04193,2025-12-30 01:50:50,1,1,12,night,OP1035,EXC002,Excavator,Earth Excavation,Sunny,Dry,Beginner,2.8,2804.6,62.0,17.36,21.6,238.6,43.8,61.1,58.7,89.0,30.3
T04194,2026-08-15 20:48:58,20,5,8,night,OP1044,EXC006,Excavator,Earth Excavation,Foggy,Rocky,Beginner,1.1,6886.1,71.0,12.79,34.8,264.1,32.4,62.1,94.7,119.3,24.6
T04195,2025-06-09 20:14:15,20,0,6,night,OP1002,GRD002,Grader,Trenching,Foggy,Rocky,Expert,18.3,4223.4,88.3,0,37.1,124.8,39.8,25.3,73.8,82.5,8.7
T04196,2025-02-21 08:04:46,8,4,2,day,OP1001,DZR003,Dozer,Transfer,Sunny,Loose,Expert,13.7,2452.7,49.9,6.84,20.5,142.7,40.4,26.9,25.2,32.6,7.4
T04197,2026-03-25 01:13:19,1,2,3,night,OP1059,EXC002,Excavator,Material Loading,Rainy,Loose,Expert,22.2,3424.9,81.2,5.91,22.6,115.1,62,61.2,40.5,48.0,7.5
T04198,2025-12-26 07:54:20,7,4,12,day,OP1045,GRD001,Grader,Site Clearing,Rainy,Dry,Intermediate,6.5,4865.1,54.7,8.31,26.9,194.4,19.9,54.5,90.1,114.1,24.0
T04199,2026-03-18 09:06:26,9,2,3,day,OP1056,EXC004,Excavator,Trenching,Windy,Dry,Intermediate,4.7,4109.6,78.5,6.91,33.0,242.7,41.2,68.2,57.7,54.3,-3.4
T04200,2025-05-09 09:14:03,9,4,5,day,OP1027,BCK003,Backhoe,Material Loading,Cloudy,Clay,Intermediate,6.2,2257.8,63.8,8.44,35.8,239.5,18.7,78.0,36.3,39.6,3.3
T04201,2026-04-07 11:03:20,11,1,4,day,OP1037,BCK004,Backhoe,Foundation Digging,Rainy,Rocky,Expert,24.1,4005.6,83.9,11.08,41.7,35.3,41.2,47.1,112.4,120.5,8.1
T04202,2025-07-30 08:06:17,8,2,7,day,OP1024,DZR004,Dozer,Foundation Digging,Cloudy,Loose,Beginner,1.5,2412.7,71.2,11.86,32.6,26.4,9.0,34.3,81.1,107.3,26.2
T04203,2026-07-25 07:34:38,7,5,7,day,OP1014,DZR003,Dozer,Transfer,Sunny,Dry,Expert,21.2,6241.3,43.8,7.54,32.5,81.2,22.1,33.6,27.6,29.8,2.2
T04204,2025-08-21 20:38:39,20,3,8,night,OP1025,EXC006,Excavator,Transfer,Rainy,Wet,Expert,17.0,4265.4,77.2,13.69,37.3,159.0,42.3,69.3,35.4,30.2,-5.2
T04205,2026-07-03 10:13:56,10,4,7,day,OP1034,GRD001,Grader,Material Loading,Cloudy,Clay,Beginner,1.3,6245.5,79.9,21.72,31.2,245.5,14.9,102.9,41.7,66.0,24.3
T04206,2025-01-21 19:11:22,19,1,1,night,OP1020,DZR002,Dozer,Site Clearing,Foggy,Clay,Intermediate,8.4,2618.1,66.8,11.52,22.8,114.6,34.3,22.4,82.3,104.9,22.6
T04207,2025-12-11 11:15:35,11,3,12,day,OP1014,LDR002,Loader,Demolition,Cloudy,Clay,Expert,21.2,2686.5,94.5,6.9,13.1,160.9,23.9,97.1,100.4,97.1,-3.3
T04208,2026-04-17 09:34:21,9,4,4,day,OP1038,EXC006,Excavator,Grading,Sunny,Clay,Beginner,2.4,6006.7,56.9,4.32,32.7,206.6,40.7,64.0,47.7,88.6,40.9
T04209,2025-08-11 15:07:35,15,0,8,day,OP1022,EXC002,Excavator,Grading,Cloudy,Dry,Beginner,0.6,1779.4,82.5,18.25,32.3,173.3,34.8,57.7,39.1,73.5,34.4
T04210,2026-04-09 14:42:45,14,3,4,day,OP1059,EXC002,Excavator,Earth Excavation,Cloudy,Clay,Expert,22.2,3538.6,80.1,3.64,39.0,40.9,59.7,51.2,68.4,83.9,15.5
T04211,2026-07-09 13:14:31,13,3,7,day,OP1004,LDR004,Loader,Material Loading,Rainy,Rocky,Intermediate,6.3,5979.7,49.7,16.34,31.4,124.7,16.8,45.2,53.2,56.4,3.2
T04212,2026-01-21 03:06:10,3,2,1,night,OP1001,EXC007,Excavator,Trenching,Cloudy,Wet,Expert,13.7,6174.2,54.8,10.38,20.2,90.8,27.9,84.3,64.6,70.5,5.9
T04213,2025-08-04 21:39:13,21,0,8,night,OP1013,DZR003,Dozer,Foundation Digging,Rainy,Clay,Expert,18.9,3654.1,77.7,10.43,30.2,104.0,12.7,63.2,101.3,101.7,0.4
T04214,2025-02-21 13:32:06,13,4,2,day,OP1023,DZR001,Dozer,Grading,Sunny,Dry,Beginner,2.1,1173.8,69.4,11.63,19.9,76.4,20.7,66.2,38.0,73.5,35.5
T04215,2025-08-27 12:44:17,12,2,8,day,OP1032,LDR002,Loader,Material Loading,Windy,Wet,Intermediate,3.9,1913.1,66.6,11.19,28.1,124.0,32.0,45.7,39.5,49.9,10.4
T04216,2026-07-10 15:02:54,15,4,7,day,OP1014,DZR001,Dozer,Foundation Digging,Rainy,Dry,Expert,21.2,4853.5,49.6,10.74,30.6,100.5,22.6,44.7,96.3,97.0,0.7
T04217,2025-04-09 09:21:05,9,2,4,day,OP1043,LDR002,Loader,Trenching,Sunny,Dry,Expert,19.0,890.1,68.7,16.93,29.2,189.6,19.4,68.9,48.0,45.8,-2.2
T04218,2025-11-05 01:56:58,1,2,11,night,OP1020,BCK001,Backhoe,Material Loading,Sunny,Rocky,Intermediate,8.4,5292.2,75.6,8.76,26.3,177.0,22.6,82.9,44.1,56.3,12.2
T04219,2026-07-09 09:18:27,9,3,7,day,OP1027,EXC004,Excavator,Trenching,Windy,Wet,Intermediate,6.2,4934.6,69.0,6.99,34.3,72.8,27.6,35.4,64.9,76.6,11.7
T04220,2026-08-18 07:43:45,7,1,8,day,OP1036,BCK002,Backhoe,Transfer,Cloudy,Clay,Intermediate,3.3,6983.3,74.7,9.14,33.9,232.7,12.2,12.2,32.1,36.5,4.4
T04221,2025-08-28 12:28:26,12,3,8,day,OP1056,DZR004,Dozer,Foundation Digging,Rainy,Wet,Intermediate,4.7,2625.8,85.6,3.99,32.2,255.1,40.3,24.7,103.9,136.0,32.1
T04222,2026-03-23 15:38:01,15,0,3,day,OP1005,LDR003,Loader,Trenching,Cloudy,Clay,Expert,18.5,4131.2,61.6,11.78,27.2,259.2,54.2,47.4,57.9,66.1,8.2
T04223,2026-09-22 02:37:04,2,1,9,night,OP1009,EXC008,Excavator,Transfer,Sunny,Rocky,Intermediate,5.2,4975.9,76.1,14.46,31.5,141.9,27.7,42.2,32.7,36.2,3.5
T04224,2025-10-17 13:51:34,13,4,10,day,OP1014,BCK002,Backhoe,Earth Excavation,Windy,Loose,Expert,21.2,4758.7,68.3,16.3,30.8,262.4,20.0,80.6,75.0,77.1,2.1
T04225,2026-06-25 00:25:04,0,3,6,night,OP1035,DZR002,Dozer,Earth Excavation,Cloudy,Rocky,Beginner,2.8,6408.4,52.4,15.85,35.4,168.7,49.1,41.7,85.7,148.9,63.2
T04226,2025-03-09 01:05:41,1,6,3,night,OP1034,BCK003,Backhoe,Material Loading,Rainy,Wet,Beginner,1.3,1810.0,47.1,12.23,30.6,169.8,18.3,49.1,43.9,62.5,18.6
T04227,2026-09-01 07:18:07,7,1,9,day,OP1049,LDR005,Loader,Material Loading,Cloudy,Rocky,Beginner,0.8,4600.5,81.9,9.86,27.7,133.6,40.7,47.2,44.3,44.7,0.4
T04228,2026-01-01 14:26:40,14,3,1,day,OP1020,EXC002,Excavator,Material Loading,Windy,Wet,Intermediate,8.4,2823.1,72.4,13.24,9.6,252.6,39.6,34.3,39.5,31.0,-8.5
T04229,2026-03-21 20:27:27,20,5,3,night,OP1042,EXC008,Excavator,Trenching,Sunny,Loose,Beginner,1.3,3630.8,61.4,21.39,25.2,86.6,17.1,18.9,52.7,82.3,29.6
T04230,2025-09-18 09:55:21,9,3,9,day,OP1050,EXC001,Excavator,Foundation Digging,Cloudy,Clay,Intermediate,7.7,4328.6,62.1,15.36,25.1,157.7,23.1,36.4,91.2,98.3,7.1
T04231,2025-05-03 08:37:49,8,5,5,day,OP1009,EXC004,Excavator,Foundation Digging,Foggy,Wet,Intermediate,5.2,1780.8,84.2,2.11,41.6,330.1,27.0,78.5,100.0,126.5,26.5
T04232,2025-12-03 07:18:47,7,2,12,day,OP1039,EXC004,Excavator,Foundation Digging,Windy,Loose,Expert,10.2,3342.6,39.0,14.67,28.5,277.1,27.5,47.3,84.1,89.3,5.2
T04233,2025-11-24 11:22:30,11,0,11,day,OP1054,LDR005,Loader,Transfer,Windy,Loose,Intermediate,5.0,2550.4,71.7,9.81,23.9,133.9,14.7,16.9,27.1,10.7,-16.4
T04234,2026-03-16 20:19:33,20,0,3,night,OP1025,GRD003,Grader,Site Clearing,Cloudy,Wet,Expert,17.0,3296.6,63.6,7.75,22.1,10,56.1,31.8,82.4,97.6,15.2
T04235,2026-06-01 13:59:53,13,0,6,day,OP1035,EXC002,Excavator,Material Loading,Windy,Wet,Beginner,2.8,3925.2,86.2,4.9,34.8,60.3,49.3,10.4,41.7,57.7,16.0
T04236,2025-08-20 10:51:24,10,2,8,day,OP1042,DZR004,Dozer,Site Clearing,Rainy,Clay,Beginner,1.3,2566.9,96.4,8.98,26.6,40.9,21.4,95.5,90.5,122.7,32.2
T04237,2025-08-20 07:15:08,7,2,8,day,OP1017,EXC005,Excavator,Grading,Foggy,Clay,Expert,13.3,4475.1,47.6,15.54,24.1,206.8,12.5,84.9,51.2,46.4,-4.8
T04238,2026-03-16 08:59:56,8,0,3,day,OP1035,DZR002,Dozer,Material Loading,Sunny,Loose,Beginner,2.8,5673.7,59.6,13.86,23.5,228.8,53.3,48.8,37.9,38.7,0.8
T04239,2025-01-28 15:51:51,15,1,1,day,OP1002,EXC008,Excavator,Earth Excavation,Sunny,Dry,Expert,18.3,585.3,65.0,16.05,23.0,80.5,30.1,57.3,58.0,64.4,6.4
T04240,2026-02-17 12:22:26,12,1,2,day,OP1010,DZR003,Dozer,Demolition,Sunny,Wet,Intermediate,8.6,5089.3,90.3,11.55,21.8,91.1,22.9,54.1,110.7,117.1,6.4
T04241,2025-02-22 01:33:45,1,5,2,night,OP1006,LDR003,Loader,Foundation Digging,Sunny,Wet,Intermediate,3.3,1250.8,90.6,14.25,16.1,137.2,7.5,18.4,85.5,99.4,13.9
T04242,2025-08-18 08:14:43,8,0,8,day,OP1020,EXC005,Excavator,Material Loading,Rainy,Clay,Intermediate,8.4,4460.8,98,3.96,26.0,104.1,28.7,60.4,47.8,64.7,16.9
T04243,2025-12-12 21:06:58,21,4,12,night,OP1045,BCK002,Backhoe,Demolition,Windy,Rocky,Intermediate,6.5,5169.7,85.4,10.3,14.6,94.3,35.7,110.0,130.9,165.3,34.4
T04244,2025-12-30 10:55:39,10,1,12,day,OP1027,LDR002,Loader,Grading,Sunny,Wet,Intermediate,6.2,2825.1,96.0,2.54,20.4,17.6,41.2,40.0,43.9,47.6,3.7
T04245,2026-07-02 20:53:20,20,3,7,night,OP1014,DZR003,Dozer,Foundation Digging,Rainy,Dry,Expert,21.2,6077.4,63.7,13.38,35.8,267.7,28.5,44.5,100.7,104.4,3.7
T04246,2026-06-16 10:58:18,10,1,6,day,OP1039,GRD001,Grader,Trenching,Windy,Dry,Expert,10.2,6121.6,59.7,17.8,32.2,185.2,16.9,29.5,58.7,58.8,0.1
T04247,2026-07-27 15:47:27,15,0,7,day,OP1009,LDR004,Loader,Trenching,Sunny,Clay,Intermediate,5.2,6111.9,77.2,5.83,34.1,143.2,21.9,76.5,60.4,75.7,15.3
T04248,2026-07-01 08:21:45,8,2,7,day,OP1006,LDR005,Loader,Material Loading,Rainy,Loose,Intermediate,3.3,4148.2,67.1,10.7,30.1,10,9.6,55.2,45.1,52.3,7.2
T04249,2025-07-04 07:42:07,7,4,7,day,OP1028,EXC005,Excavator,Demolition,Rainy,Wet,Beginner,1.6,4132.1,35.3,12.83,33.5,53.8,51.1,86.1,122.7,166.8,44.1
T04250,2026-03-26 02:39:38,2,3,3,night,OP1052,BCK004,Backhoe,Transfer,Rainy,Rocky,Intermediate,5.8,3915.5,55.9,12.22,27.7,240.6,40.6,64.2,36.2,51.3,15.1
T04251,2026-04-08 01:07:37,1,2,4,night,OP1023,LDR005,Loader,Transfer,Sunny,Dry,Beginner,2.1,3532.8,69.4,8.72,29.5,95.1,32.1,67.4,25.0,41.2,16.2
T04252,2026-08-06 13:00:32,13,3,8,day,OP1033,DZR003,Dozer,Foundation Digging,Rainy,Wet,Expert,17.2,6330.5,66.8,24.87,20.8,55.8,34.3,19.4,121.1,121.9,0.8
T04253,2025-06-27 03:56:46,3,4,6,night,OP1020,GRD001,Grader,Earth Excavation,Cloudy,Wet,Intermediate,8.4,3535.3,56.7,17.83,33.3,136.7,30.4,55.4,70.9,99.1,28.2
T04254,2025-03-10 08:15:01,8,0,3,day,OP1054,DZR001,Dozer,Transfer,Sunny,Dry,Intermediate,5.0,1296.3,72.5,10.32,24.6,133.1,31.4,71.4,24.0,28.8,4.8
T04255,2025-04-25 02:40:09,2,4,4,night,OP1021,EXC002,Excavator,Trenching,Rainy,Loose,Intermediate,4.3,987.2,95.2,13.23,38.9,92.4,45.9,57.8,60.6,83.8,23.2
T04256,2026-01-01 09:12:32,9,3,1,day,OP1004,LDR004,Loader,Foundation Digging,Windy,Loose,Intermediate,6.3,4598.8,62.5,17.43,23.5,158.4,26.3,40.5,91.1,104.2,13.1
T04257,2026-08-28 08:12:18,8,4,8,day,OP1058,LDR003,Loader,Site Clearing,Cloudy,Rocky,Intermediate,3.3,5282.4,62.5,19.84,32.0,146.3,22.4,18.4,96.5,106.4,9.9
T04258,2025-05-25 02:05:57,2,6,5,night,OP1037,EXC001,Excavator,Earth Excavation,Windy,Rocky,Expert,24.1,3479.4,66.1,15.94,43.3,90.2,37.8,59.3,79.6,91.5,11.9
T04259,2026-03-26 14:46:52,14,3,3,day,OP1005,EXC006,Excavator,Earth Excavation,Rainy,Wet,Expert,18.5,5847.7,67.3,12.87,29.3,61.4,42.1,51.2,86.5,95.7,9.2
T04260,2026-02-28 03:51:23,3,5,2,night,OP1056,EXC004,Excavator,Grading,Sunny,Rocky,Intermediate,4.7,3976.6,77.7,7.75,24.3,121.9,46.9,32.8,49.9,59.9,10.0
T04261,2025-08-19 01:07:31,1,1,8,night,OP1036,EXC005,Excavator,Transfer,Rainy,Dry,Intermediate,3.3,4465.9,59.4,13.33,21.7,71.4,5.1,24.2,31.3,31.1,-0.2
T04262,2025-04-22 22:46:16,22,1,4,night,OP1042,EXC002,Excavator,Foundation Digging,Sunny,Clay,Beginner,1.3,971.4,83.0,4.61,35.7,224.3,21.8,31.0,82.5,98.0,15.5
T04263,2026-04-14 00:47:37,0,1,4,night,OP1042,LDR001,Loader,Grading,Sunny,Clay,Beginner,1.3,5039.4,62.4,13.22,30.1,149.5,20.3,74.1,46.0,61.6,15.6
T04264,2025-11-08 13:46:19,13,5,11,day,OP1040,DZR001,Dozer,Grading,Rainy,Loose,Intermediate,8.2,3071.9,64.5,17.67,22.3,151.8,35.5,66.0,51.0,51.1,0.1
T04265,2025-04-17 06:35:41,6,3,4,day,OP1031,BCK003,Backhoe,Material Loading,Windy,Clay,Expert,22.8,2096.4,95.5,7.55,38.7,41.4,17.0,67.3,37.8,29.2,-8.6
T04266,2025-12-13 15:43:32,15,5,12,day,OP1014,LDR003,Loader,Trenching,Cloudy,Rocky,Expert,21.2,3401.3,71.3,8.25,16.9,102.7,25.3,77.0,63.5,69.1,5.6
T04267,2025-04-11 21:51:51,21,4,4,night,OP1026,LDR002,Loader,Site Clearing,Sunny,Rocky,Beginner,2.3,908.5,41.4,2.79,30.8,52.6,7.3,108.7,84.3,101.2,16.9
T04268,2026-02-14 15:20:19,15,5,2,day,OP1028,LDR001,Loader,Foundation Digging,Cloudy,Rocky,Beginner,1.6,4613.1,66.6,8.81,14.0,28.2,40.5,45.8,103.9,143.9,40.0
T04269,2025-08-20 10:16:10,10,2,8,day,OP1011,BCK001,Backhoe,Material Loading,Cloudy,Clay,Intermediate,6.7,4732.6,81.7,17.26,29.3,217.3,35.7,53.0,39.5,36.4,-3.1
T04270,2025-03-08 12:52:23,12,5,3,day,OP1025,DZR003,Dozer,Demolition,Cloudy,Dry,Expert,17.0,2563.7,67.5,12.18,25.6,141.5,51.7,43.1,90.9,98.6,7.7
T04271,2026-09-21 12:59:17,12,0,9,day,OP1048,LDR004,Loader,Site Clearing,Rainy,Rocky,Beginner,2.2,6519.8,83.4,10.6,34.0,141.2,24.9,15.7,123.3,146.6,23.3
T04272,2025-02-20 00:12:47,0,3,2,night,OP1012,EXC004,Excavator,Earth Excavation,Windy,Rocky,Beginner,1.4,1252.6,81.4,16.42,16.0,210.9,39.7,62.7,75.9,131.8,55.9
T04273,2026-06-16 08:18:18,8,1,6,day,OP1040,GRD002,Grader,Demolition,Cloudy,Wet,Intermediate,8.2,6935.4,64.1,18.63,33.1,282.9,33.2,73.1,121.7,139.3,17.6
T04274,2025-01-22 07:16:00,7,2,1,day,OP1020,EXC007,Excavator,Earth Excavation,Cloudy,Clay,Intermediate,8.4,3518.3,75.9,11.82,17.5,203.9,28.9,41.9,68.4,73.0,4.6
T04275,2026-01-07 20:13:21,20,2,1,night,OP1060,EXC001,Excavator,Trenching,Foggy,Loose,Expert,10.8,5142.0,55.3,5.13,15.1,171.3,30.6,39.6,62.4,69.2,6.8
T04276,2026-05-01 14:11:22,14,4,5,day,OP1021,DZR001,Dozer,Transfer,Cloudy,Rocky,Intermediate,4.3,4342.2,86.5,12.28,35.2,159.3,34.2,60.4,32.9,38.3,5.4
T04277,2025-08-25 08:29:46,8,0,8,day,OP1030,GRD001,Grader,Material Loading,Windy,Dry,Intermediate,4.1,3967.4,63.3,18.89,25.2,172.5,30.2,94.9,36.5,42.7,6.2
T04278,2025-04-26 09:54:51,9,5,4,day,OP1013,EXC005,Excavator,Foundation Digging,Sunny,Wet,Expert,18.9,3629.1,79.9,22.02,32.9,78.1,21.9,44.7,89.4,84.4,-5.0
T04279,2025-07-22 08:27:16,8,1,7,day,OP1017,DZR003,Dozer,Earth Excavation,Rainy,Rocky,Expert,13.3,3555.1,87.3,6.72,20.7,76.2,15.5,67.1,90.7,84.2,-6.5
T04280,2026-04-02 11:13:32,11,3,4,day,OP1015,LDR005,Loader,Earth Excavation,Cloudy,Rocky,Beginner,0.6,3492.1,67.3,11.45,35.5,175.1,39.1,74.1,77.0,92.2,15.2
T04281,2026-08-02 03:01:49,3,6,8,night,OP1009,GRD001,Grader,Transfer,Cloudy,Clay,Intermediate,5.2,6462.3,43.2,11.25,31.8,98.8,23.0,39.4,31.5,27.1,-4.4
T04282,2026-07-08 00:12:30,0,2,7,night,OP1051,EXC004,Excavator,Material Loading,Cloudy,Loose,Expert,11.2,4924.5,52.7,12.92,26.7,107.0,52.0,103.4,38.0,39.9,1.9
T04283,2026-06-03 13:28:57,13,2,6,day,OP1019,DZR002,Dozer,Trenching,Cloudy,Wet,Intermediate,4.5,6251.8,34.7,9.49,28.0,124.1,25.6,13.9,64.8,81.9,17.1
T04284,2026-07-06 12:27:43,12,0,7,day,OP1054,EXC003,Excavator,Grading,Cloudy,Wet,Intermediate,5.0,5105.4,78.6,12.36,28.7,250.2,24.1,79.3,49.3,57.5,8.2
T04285,2026-03-27 03:34:39,3,4,3,night,OP1045,EXC001,Excavator,Grading,Sunny,Dry,Intermediate,6.5,5713.7,78.7,11.36,24.5,100.1,38.7,72.3,42.9,61.8,18.9
T04286,2026-03-16 13:21:46,13,0,3,day,OP1011,LDR005,Loader,Grading,Sunny,Dry,Intermediate,6.7,3368.6,56.7,11.54,27.6,115.3,38.7,17.7,39.3,51.9,12.6
T04287,2025-11-28 02:46:43,2,4,11,night,OP1030,EXC003,Excavator,Site Clearing,Cloudy,Loose,Intermediate,4.1,3496.4,51.1,13.86,21.0,57.4,25.0,78.0,76.5,90.1,13.6
T04288,2026-08-16 03:09:05,3,6,8,night,OP1051,DZR003,Dozer,Trenching,Sunny,Rocky,Expert,11.2,6400.5,94.7,16.76,23.1,154.1,50.4,80.5,68.8,86.3,17.5
T04289,2026-09-16 08:43:57,8,2,9,day,OP1041,LDR005,Loader,Grading,Cloudy,Loose,Intermediate,4.3,4710.4,81.6,13.13,35.7,95.3,19.7,36.0,44.7,61.7,17.0
T04290,2025-02-19 15:48:19,15,2,2,day,OP1058,BCK001,Backhoe,Site Clearing,Foggy,Wet,Intermediate,3.3,3405.7,78.8,11.12,22.7,136.7,40.5,76.7,87.2,108.4,21.2
T04291,2026-01-20 12:43:01,12,1,1,day,OP1060,EXC003,Excavator,Foundation Digging,Rainy,Clay,Expert,10.8,3886.3,50.5,10.23,15.8,271.5,33.2,36.0,109.7,118.9,9.2
T04292,2025-08-01 08:22:23,8,4,8,day,OP1028,EXC007,Excavator,Foundation Digging,Cloudy,Loose,Beginner,1.6,4912.9,58.5,5.26,28.3,231.5,51.1,82.5,88.9,146.5,57.6
T04293,2026-01-20 12:31:43,12,1,1,day,OP1019,DZR001,Dozer,Site Clearing,Windy,Loose,Intermediate,4.5,3604.4,72.3,8.82,16.1,165.7,9.0,51.7,78.6,80.9,2.3
T04294,2026-03-09 15:43:14,15,0,3,day,OP1020,GRD002,Grader,Trenching,Windy,Rocky,Intermediate,8.4,6215.0,82.0,11.71,30.7,136.8,32.1,59.0,71.9,78.4,6.5
T04295,2026-02-13 06:38:55,6,4,2,day,OP1014,DZR004,Dozer,Material Loading,Sunny,Clay,Expert,21.2,3857.7,42.0,16.67,20.5,181.8,29.2,92.2,37.1,36.6,-0.5
T04296,2025-07-15 15:23:52,15,1,7,day,OP1001,DZR003,Dozer,Demolition,Windy,Clay,Expert,13.7,3506.2,76.7,11.79,23.4,98.5,38.2,35.2,111.7,116.3,4.6
T04297,2025-03-03 12:31:16,12,0,3,day,OP1058,DZR003,Dozer,Grading,Rainy,Rocky,Intermediate,3.3,2527.1,59.7,9.48,22.1,138.3,43.9,80.2,55.2,63.8,8.6
T04298,2025-05-15 14:01:43,14,3,5,day,OP1040,DZR004,Dozer,Transfer,Sunny,Loose,Intermediate,8.2,1859.7,67.1,15.82,37.4,185.3,28.4,39.5,25.2,28.4,3.2
T04299,2026-02-05 11:44:18,11,3,2,day,OP1033,EXC002,Excavator,Foundation Digging,Cloudy,Rocky,Expert,17.2,3077.7,80.7,7.07,19.7,118.0,33.5,83.9,98.0,99.0,1.0
T04300,2025-11-04 18:46:00,18,1,11,night,OP1043,EXC001,Excavator,Earth Excavation,Cloudy,Wet,Expert,19.0,4674.4,89.7,8.24,17.7,164.5,21.4,94.7,74.0,86.7,12.7
T04301,2025-06-19 03:42:09,3,3,6,night,OP1035,LDR001,Loader,Demolition,Sunny,Wet,Beginner,2.8,2857.6,86.0,2.33,30.1,224.5,57.9,45.2,101.8,163.6,61.8
T04302,2026-08-19 11:00:30,11,2,8,day,OP1024,GRD002,Grader,Demolition,Rainy,Rocky,Beginner,1.5,7403.4,75.9,10.32,28.5,232.8,14.4,30.3,153.4,196.4,43.0
T04303,2026-05-29 21:34:34,21,4,5,night,OP1032,EXC008,Excavator,Site Clearing,Rainy,Loose,Intermediate,3.9,4134.8,77.8,9.73,37.0,135.8,49.0,25.6,90.2,97.7,7.5
T04304,2026-04-22 00:23:13,0,2,4,night,OP1046,EXC004,Excavator,Site Clearing,Cloudy,Wet,Beginner,2.1,4362.5,56.5,4.17,37.4,191.3,32.7,19.1,85.8,110.9,25.1
T04305,2025-03-05 02:00:47,2,2,3,night,OP1049,EXC001,Excavator,Material Loading,Cloudy,Dry,Beginner,0.8,2888.1,78.2,7.46,27.1,177.6,47.8,70.8,33.5,45.2,11.7
T04306,2026-03-27 20:39:05,20,4,3,night,OP1041,EXC002,Excavator,Material Loading,Rainy,Dry,Intermediate,4.3,3445.5,84.2,15.52,31.0,136.5,14.3,45.4,38.2,51.5,13.3
T04307,2026-07-15 12:02:24,12,2,7,day,OP1043,EXC002,Excavator,Site Clearing,Sunny,Dry,Expert,19.0,4245.8,66.6,13.92,28.7,90.6,17.0,14.2,72.7,64.6,-8.1
T04308,2026-08-01 03:45:15,3,5,8,night,OP1006,EXC001,Excavator,Foundation Digging,Cloudy,Clay,Intermediate,3.3,6640.8,57.9,2.87,31.2,44.4,17.4,34.1,99.0,109.7,10.7
T04309,2026-07-21 14:02:19,14,1,7,day,OP1044,EXC006,Excavator,Transfer,Rainy,Loose,Beginner,1.1,6701.5,58.4,10.28,35.2,130.8,41.9,33.7,33.6,27.4,-6.2
T04310,2025-05-08 01:26:17,1,3,5,night,OP1048,DZR002,Dozer,Trenching,Sunny,Wet,Beginner,2.2,3393.8,74.7,16.42,27.6,212.8,28.7,53.2,56.7,101.7,45.0
T04311,2026-08-18 09:49:53,9,1,8,day,OP1008,EXC005,Excavator,Transfer,Rainy,Dry,Beginner,1.2,7125.8,70.5,9.05,39.4,38.0,32.7,16.3,35.4,32.9,-2.5
T04312,2025-11-26 15:58:16,15,2,11,day,OP1025,DZR003,Dozer,Transfer,Rainy,Clay,Expert,17.0,4484.5,72.2,9.65,27.2,218.3,47.4,91.4,32.5,38.9,6.4
T04313,2026-04-11 18:57:36,18,5,4,night,OP1030,DZR004,Dozer,Trenching,Windy,Loose,Intermediate,4.1,4277.5,85.0,10.03,39.8,124.1,16.0,49.2,56.9,56.9,0.0
T04314,2026-07-22 11:44:39,11,2,7,day,OP1013,DZR004,Dozer,Foundation Digging,Rainy,Clay,Expert,18.9,5019.9,71.6,11.16,26.0,49.4,11.7,40.0,112.1,109.2,-2.9
T04315,2025-09-30 10:58:38,10,1,9,day,OP1044,DZR003,Dozer,Grading,Sunny,Wet,Beginner,1.1,4066.9,43.0,16.27,32.1,197.9,48.8,75.1,46.0,86.6,40.6
T04316,2025-05-11 01:01:33,1,6,5,night,OP1044,LDR005,Loader,Grading,Cloudy,Rocky,Beginner,1.1,1109.2,89.1,12.25,34.8,80.1,11.9,33.5,48.5,51.7,3.2
T04317,2025-04-15 00:18:26,0,1,4,night,OP1053,EXC004,Excavator,Trenching,Windy,Rocky,Intermediate,7.0,1646.9,58.8,13.19,29.3,191.0,30.7,36.6,63.5,67.9,4.4
T04318,2025-12-25 15:22:46,15,3,12,day,OP1008,EXC005,Excavator,Grading,Cloudy,Clay,Beginner,1.2,5404.7,46.1,9.38,10.5,46.7,42.2,71.9,48.1,56.5,8.4
T04319,2025-08-05 20:09:55,20,1,8,night,OP1032,EXC005,Excavator,Demolition,Rainy,Wet,Intermediate,3.9,4369.5,76.8,9.43,26.9,188.2,44.4,53.9,129.6,164.4,34.8
T04320,2026-09-08 15:13:44,15,1,9,day,OP1029,EXC007,Excavator,Grading,Windy,Loose,Intermediate,8.7,7856.9,61.9,6.62,36.6,61.5,32.9,22.7,52.5,81.1,28.6
T04321,2025-02-28 03:38:56,3,4,2,night,OP1050,DZR002,Dozer,Transfer,Windy,Dry,Intermediate,7.7,2890.8,69.4,9.05,19.1,91.8,32.8,7.0,24.9,35.7,10.8
T04322,2026-07-22 08:21:02,8,2,7,day,OP1015,EXC004,Excavator,Material Loading,Cloudy,Rocky,Beginner,0.6,5029.2,81.1,17.33,26.5,88.6,17.8,38.9,45.0,62.3,17.3
T04323,2026-08-14 03:15:25,3,4,8,night,OP1054,EXC003,Excavator,Earth Excavation,Foggy,Clay,Intermediate,5.0,5387.3,98,11.34,31.4,175.3,23.0,17.0,78.4,98.6,20.2
T04324,2026-06-01 10:16:23,10,0,6,day,OP1025,BCK002,Backhoe,Material Loading,Rainy,Rocky,Expert,17.0,6414.7,77.6,6.45,35.5,150.6,45.1,42.7,55.5,59.8,4.3
T04325,2025-05-08 08:14:09,8,3,5,day,OP1032,GRD001,Grader,Foundation Digging,Cloudy,Rocky,Intermediate,3.9,3171.6,50.3,11.89,43.4,191.6,44.0,68.6,98.4,137.1,38.7
T04326,2025-07-04 12:24:45,12,4,7,day,OP1024,LDR001,Loader,Trenching,Rainy,Dry,Beginner,1.5,2969.8,87.9,4.13,30.2,162.4,29.2,35.4,58.4,75.1,16.7
T04327,2025-06-06 15:30:46,15,4,6,day,OP1039,EXC002,Excavator,Demolition,Rainy,Dry,Expert,10.2,1297.7,51.2,10.12,40.0,73.6,23.1,84.8,109.8,106.3,-3.5
T04328,2026-03-18 11:13:32,11,2,3,day,OP1058,EXC003,Excavator,Material Loading,Rainy,Dry,Intermediate,3.3,4302.0,78.1,11.72,28.7,155.5,31.5,68.3,39.5,40.0,0.5
T04329,2025-04-18 07:18:03,7,4,4,day,OP1051,EXC005,Excavator,Site Clearing,Foggy,Loose,Expert,11.2,3569.9,46.9,15.43,34.0,146.7,37.4,30.4,85.2,87.4,2.2
T04330,2026-02-26 18:16:15,18,3,2,night,OP1046,BCK002,Backhoe,Transfer,Sunny,Clay,Beginner,2.1,5723.6,61.0,13.5,22.3,30.4,49.3,20.9,29.8,29.7,-0.1
T04331,2026-06-04 08:41:54,8,3,6,day,OP1009,GRD001,Grader,Foundation Digging,Cloudy,Dry,Intermediate,5.2,6033.3,90.9,12.62,40.3,160.0,25.2,60.4,88.2,99.5,11.3
T04332,2026-05-18 08:37:36,8,0,5,day,OP1025,LDR005,Loader,Earth Excavation,Foggy,Dry,Expert,17.0,3827.1,72.1,18.75,37.7,122.7,57.2,50.4,69.5,81.4,11.9
T04333,2025-08-09 18:30:20,18,5,8,night,OP1049,EXC005,Excavator,Trenching,Rainy,Rocky,Beginner,0.8,4398.2,66.7,11.02,36.0,235.7,51.8,82.8,74.8,101.3,26.5
T04334,2026-05-22 10:01:36,10,4,5,day,OP1013,BCK004,Backhoe,Earth Excavation,Sunny,Wet,Expert,18.9,4333.8,57.9,5.56,39.9,133.9,13.3,57.8,71.0,71.7,0.7
T04335,2026-03-11 01:10:32,1,2,3,night,OP1056,EXC004,Excavator,Site Clearing,Sunny,Loose,Intermediate,4.7,4056.1,88.0,10.52,23.1,24.2,43.3,31.8,75.8,99.4,23.6
T04336,2025-06-18 14:49:26,14,2,6,day,OP1004,LDR005,Loader,Site Clearing,Windy,Dry,Intermediate,6.3,1390.8,83.2,12.8,31.4,130.3,27.4,69.3,71.6,72.8,1.2
T04337,2026-07-17 22:19:18,22,4,7,night,OP1009,LDR001,Loader,Site Clearing,Cloudy,Loose,Intermediate,5.2,5732.2,73.3,15.99,29.6,261.1,27.9,20.3,83.1,102.5,19.4
T04338,2026-09-22 02:30:55,2,1,9,night,OP1026,EXC004,Excavator,Material Loading,Rainy,Wet,Beginner,2.3,5480.0,69.6,7.03,30.1,33.4,34.3,66.1,51.2,85.6,34.4
T04339,2025-09-21 03:27:30,3,6,9,night,OP1039,EXC005,Excavator,Trenching,Cloudy,Clay,Expert,10.2,4707.5,72.6,16.26,32.3,124.8,13.9,13.3,59.2,65.2,6.0
T04340,2025-12-17 08:39:07,8,2,12,day,OP1017,EXC006,Excavator,Grading,Sunny,Rocky,Expert,13.3,5123.1,47.8,14.7,17.9,177.8,20.9,51.9,52.1,42.5,-9.6
T04341,2025-07-22 11:44:39,11,1,7,day,OP1012,EXC008,Excavator,Demolition,Cloudy,Wet,Beginner,1.4,1861.5,60.0,12.49,30.3,161.0,47.6,34.3,103.3,133.0,29.7
T04342,2025-10-16 21:58:28,21,3,10,night,OP1053,BCK001,Backhoe,Trenching,Rainy,Clay,Intermediate,7.0,5152.3,43.4,7.59,23.0,44.5,34.7,71.7,71.6,86.7,15.1
T04343,2026-07-10 08:22:07,8,4,7,day,OP1056,BCK001,Backhoe,Earth Excavation,Sunny,Loose,Intermediate,4.7,7097.2,63.9,25.71,40.2,126.3,44.1,36.6,72.1,90.7,18.6
T04344,2026-06-11 08:31:42,8,3,6,day,OP1024,DZR004,Dozer,Demolition,Rainy,Wet,Beginner,1.5,4719.7,68.2,9.31,30.1,73.0,22.8,46.4,136.8,177.6,40.8
T04345,2025-07-21 08:31:57,8,0,7,day,OP1005,DZR003,Dozer,Transfer,Rainy,Wet,Expert,18.5,3547.9,75.2,2.14,28.0,50.8,44.9,86.8,33.8,33.7,-0.1
T04346,2026-02-18 12:19:02,12,2,2,day,OP1036,DZR003,Dozer,Earth Excavation,Cloudy,Clay,Intermediate,3.3,5096.6,57.9,19.28,18.8,193.0,9.2,55.6,72.5,89.4,16.9
T04347,2026-05-21 10:04:21,10,3,5,day,OP1012,EXC008,Excavator,Grading,Cloudy,Rocky,Beginner,1.4,4072.9,83.8,22.04,45.1,198.9,56.2,67.7,51.6,62.6,11.0
T04348,2026-03-23 10:19:47,10,0,3,day,OP1014,LDR003,Loader,Foundation Digging,Rainy,Wet,Expert,21.2,4129.6,67.0,8.89,26.6,201.1,14.8,25.8,103.8,105.2,1.4
T04349,2026-02-21 08:58:19,8,5,2,day,OP1027,DZR002,Dozer,Demolition,Cloudy,Dry,Intermediate,6.2,5505.8,36.2,0.25,14.6,183.5,19.6,58.4,101.5,117.0,15.5
T04350,2026-05-04 15:51:22,15,0,5,day,OP1020,BCK004,Backhoe,Trenching,Cloudy,Loose,Intermediate,8.4,4204.2,86.5,4.98,37.4,125.6,18.8,54.4,55.5,69.6,14.1
T04351,2025-05-19 15:05:19,15,0,5,day,OP1053,EXC003,Excavator,Trenching,Cloudy,Dry,Intermediate,7.0,2091.3,98,15.63,35.4,160.6,39.9,64.6,49.4,53.5,4.1
T04352,2026-05-08 01:24:56,1,4,5,night,OP1053,DZR004,Dozer,Material Loading,Sunny,Clay,Intermediate,7.0,4469.3,62.3,14.92,38.6,225.1,22.9,58.5,38.0,38.9,0.9
T04353,2026-06-22 19:57:27,19,0,6,night,OP1012,BCK003,Backhoe,Grading,Rainy,Clay,Beginner,1.4,5246.7,62.4,14.08,26.2,10,46.8,53.6,56.3,84.9,28.6
T04354,2025-02-13 12:42:00,12,3,2,day,OP1004,EXC007,Excavator,Transfer,Sunny,Clay,Intermediate,6.3,3680.5,80.3,15.4,26.3,139.9,18.9,92.3,27.6,26.1,-1.5
T04355,2025-09-02 12:03:18,12,1,9,day,OP1031,LDR004,Loader,Transfer,Cloudy,Rocky,Expert,22.8,3716.3,73.3,8.34,31.7,58.3,24.8,99.4,32.1,34.0,1.9
T04356,2025-03-29 07:12:22,7,5,3,day,OP1045,BCK002,Backhoe,Earth Excavation,Sunny,Clay,Intermediate,6.5,3282.1,60.8,9.52,25.1,27.7,33.5,60.2,65.8,76.6,10.8
T04357,2025-06-20 15:53:33,15,4,6,day,OP1009,GRD002,Grader,Demolition,Cloudy,Rocky,Intermediate,5.2,4302.4,55.4,10.99,32.2,98.9,27.7,91.5,120.5,148.6,28.1
T04358,2026-03-16 19:48:50,19,0,3,night,OP1004,GRD001,Grader,Foundation Digging,Sunny,Wet,Intermediate,6.3,5452.7,69.1,7.92,31.1,113.7,10.9,86.3,95.6,106.3,10.7
T04359,2025-06-14 15:57:57,15,5,6,day,OP1010,EXC007,Excavator,Material Loading,Cloudy,Rocky,Intermediate,8.6,4564.8,64.8,14.08,30.0,37.4,41.1,64.3,44.2,51.3,7.1
T04360,2025-07-08 09:19:08,9,1,7,day,OP1040,LDR001,Loader,Grading,Rainy,Wet,Intermediate,8.2,2998.0,50.6,17.63,30.8,245.2,52.2,72.4,55.2,61.8,6.6
T04361,2025-11-29 12:22:47,12,5,11,day,OP1041,EXC006,Excavator,Transfer,Sunny,Loose,Intermediate,4.3,4992.8,83.9,7.71,26.4,181.5,13.5,42.6,27.7,15.3,-12.4
T04362,2025-10-03 09:45:14,9,4,10,day,OP1041,EXC007,Excavator,Foundation Digging,Windy,Rocky,Intermediate,4.3,5373.2,96.8,18.18,30.1,112.5,5.7,84.8,110.5,107.2,-3.3
T04363,2025-04-21 15:37:20,15,0,4,day,OP1041,EXC004,Excavator,Material Loading,Windy,Clay,Intermediate,4.3,1695.3,81.1,7.78,31.6,161.1,5,12.1,37.7,35.8,-1.9
T04364,2026-01-09 12:07:09,12,4,1,day,OP1046,EXC006,Excavator,Material Loading,Windy,Loose,Beginner,2.1,5292.1,82.3,10.42,18.0,247.6,25.5,22.8,41.4,47.8,6.4
T04365,2025-05-16 06:54:13,6,4,5,day,OP1030,EXC006,Excavator,Earth Excavation,Sunny,Dry,Intermediate,4.1,3553.1,77.3,12.89,39.7,170.9,32.8,54.0,60.4,76.6,16.2
T04366,2025-01-31 21:49:18,21,4,1,night,OP1055,LDR001,Loader,Foundation Digging,Windy,Wet,Expert,12.2,1848.4,66.8,7.35,19.9,147.8,42.0,81.6,89.2,104.9,15.7
T04367,2025-04-12 03:58:30,3,5,4,night,OP1049,BCK003,Backhoe,Trenching,Foggy,Loose,Beginner,0.8,2059.1,55.6,10.4,33.7,72.5,45.1,62.8,55.8,62.6,6.8
T04368,2025-08-27 12:11:09,12,2,8,day,OP1030,BCK004,Backhoe,Grading,Rainy,Wet,Intermediate,4.1,2378.1,76.5,8.99,24.7,149.1,28.7,70.7,53.3,66.6,13.3
T04369,2025-11-18 08:28:15,8,1,11,day,OP1029,EXC008,Excavator,Earth Excavation,Rainy,Dry,Intermediate,8.7,2729.3,66.4,8.48,24.8,79.3,31.5,67.5,66.7,79.1,12.4
T04370,2025-09-06 09:37:34,9,5,9,day,OP1039,DZR001,Dozer,Demolition,Cloudy,Dry,Expert,10.2,2610.7,70.6,5.74,37.8,78.5,17.9,75.4,91.0,89.3,-1.7
T04371,2025-11-05 09:52:25,9,2,11,day,OP1055,EXC001,Excavator,Material Loading,Cloudy,Clay,Expert,12.2,4679.0,56.2,1.34,18.1,41.3,32.4,43.0,39.4,38.4,-1.0
T04372,2025-12-06 06:24:07,6,5,12,day,OP1058,EXC004,Excavator,Earth Excavation,Foggy,Clay,Intermediate,3.3,3364.2,85.4,14.05,17.0,192.3,44.8,62.3,71.6,75.9,4.3
T04373,2026-06-24 11:14:18,11,2,6,day,OP1052,DZR004,Dozer,Site Clearing,Rainy,Wet,Intermediate,5.8,4815.4,64.8,7.22,29.4,106.6,40.4,19.8,106.7,127.7,21.0
T04374,2026-08-29 21:16:55,21,5,8,night,OP1016,LDR004,Loader,Earth Excavation,Rainy,Dry,Beginner,2.9,6354.4,82.9,13.71,28.0,168.5,28.4,9.0,79.4,109.5,30.1
T04375,2025-09-11 13:03:13,13,3,9,day,OP1050,EXC004,Excavator,Trenching,Rainy,Dry,Intermediate,7.7,2738.4,46.7,9.82,28.5,36.2,21.4,65.0,55.6,69.0,13.4
T04376,2026-02-17 21:33:40,21,1,2,night,OP1036,LDR001,Loader,Material Loading,Sunny,Dry,Intermediate,3.3,4636.9,73.0,3.23,20.7,235.9,14.9,52.1,34.7,38.3,3.6
T04377,2025-06-07 20:16:12,20,5,6,night,OP1031,BCK003,Backhoe,Transfer,Rainy,Clay,Expert,22.8,2472.8,98,18.69,33.1,99.2,35.6,54.8,32.0,44.0,12.0
T04378,2026-04-15 03:12:54,3,2,4,night,OP1042,LDR002,Loader,Material Loading,Sunny,Rocky,Beginner,1.3,3596.6,57.3,8.49,31.5,127.0,13.1,69.1,41.4,74.3,32.9
T04379,2025-10-20 15:34:37,15,0,10,day,OP1010,GRD002,Grader,Transfer,Rainy,Wet,Intermediate,8.6,5192.9,67.4,12.35,26.4,130.3,37.6,64.2,35.4,49.1,13.7
T04380,2025-10-27 21:23:09,21,0,10,night,OP1050,EXC001,Excavator,Foundation Digging,Rainy,Loose,Intermediate,7.7,4616.8,63.3,6.48,31.8,69.4,21.2,45.5,100.3,108.0,7.7
T04381,2025-02-06 12:22:19,12,3,2,day,OP1008,EXC008,Excavator,Material Loading,Windy,Wet,Beginner,1.2,649.9,60.6,6.89,23.5,180.6,28.9,28.2,39.4,47.9,8.5
T04382,2025-12-13 14:03:47,14,5,12,day,OP1026,LDR003,Loader,Site Clearing,Sunny,Dry,Beginner,2.3,3400.8,78.7,5.88,18.8,241.2,24.0,15.6,70.5,88.6,18.1
T04383,2025-02-12 19:20:19,19,2,2,night,OP1031,DZR003,Dozer,Transfer,Foggy,Clay,Expert,22.8,2390.5,73.6,10.9,22.5,219.6,12.0,28.0,29.7,27.2,-2.5
T04384,2025-06-20 21:41:24,21,4,6,night,OP1053,DZR002,Dozer,Site Clearing,Rainy,Rocky,Intermediate,7.0,3713.9,80.1,10.98,35.4,97.9,30.8,61.7,107.2,128.4,21.2
T04385,2025-12-18 02:04:52,2,3,12,night,OP1049,EXC003,Excavator,Trenching,Sunny,Dry,Beginner,0.8,3642.2,65.2,4.47,24.4,251.5,44.8,82.1,50.2,78.1,27.9
T04386,2026-06-20 18:56:26,18,5,6,night,OP1045,EXC008,Excavator,Material Loading,Cloudy,Rocky,Intermediate,6.5,4294.6,98,14.1,31.2,10,39.1,29.4,43.8,51.8,8.0
T04387,2026-02-06 15:53:27,15,4,2,day,OP1006,GRD002,Grader,Material Loading,Foggy,Dry,Intermediate,3.3,5988.7,86.1,9.65,23.0,205.0,5,77.7,40.9,36.6,-4.3
T04388,2026-04-01 12:01:25,12,2,4,day,OP1032,BCK003,Backhoe,Grading,Sunny,Wet,Intermediate,3.9,4645.7,89.3,14.86,33.4,28.4,42.3,8.1,47.0,53.8,6.8
T04389,2025-05-30 20:04:12,20,4,5,night,OP1001,LDR003,Loader,Site Clearing,Sunny,Loose,Expert,13.7,1964.5,98,5.69,37.1,127.4,34.2,31.5,71.4,75.7,4.3
T04390,2026-05-07 11:44:11,11,3,5,day,OP1054,GRD003,Grader,Trenching,Sunny,Loose,Intermediate,5.0,3673.5,72.0,14.49,38.3,58.6,34.5,34.0,52.8,63.4,10.6
T04391,2025-10-09 11:15:25,11,3,10,day,OP1058,EXC002,Excavator,Foundation Digging,Sunny,Wet,Intermediate,3.3,2208.9,89.2,18.41,23.9,159.2,35.1,43.8,85.5,102.7,17.2
T04392,2026-05-27 09:21:12,9,2,5,day,OP1048,LDR001,Loader,Site Clearing,Sunny,Rocky,Beginner,2.2,5355.9,71.4,8.66,46,124.2,28.3,39.8,94.0,138.3,44.3
T04393,2025-02-19 06:53:45,6,2,2,day,OP1049,DZR004,Dozer,Foundation Digging,Cloudy,Loose,Beginner,0.8,1237.1,98,15.86,24.3,25.6,41.1,74.9,81.1,102.6,21.5
T04394,2025-10-21 15:33:11,15,1,10,day,OP1022,EXC007,Excavator,Material Loading,Windy,Dry,Beginner,0.6,5506.4,53.9,7.38,32.6,102.7,30.6,85.4,38.4,42.5,4.1
T04395,2025-04-17 22:57:00,22,3,4,night,OP1006,GRD002,Grader,Demolition,Cloudy,Rocky,Intermediate,3.3,3837.4,92.7,10.98,38.6,114.8,18.7,83.8,118.4,136.4,18.0
T04396,2025-06-04 12:44:09,12,2,6,day,OP1013,LDR001,Loader,Site Clearing,Windy,Loose,Expert,18.9,2750.8,83.2,7.83,31.2,281.1,7.7,60.4,76.9,69.7,-7.2
T04397,2025-01-31 12:59:02,12,4,1,day,OP1019,LDR005,Loader,Transfer,Cloudy,Dry,Intermediate,4.5,382.8,70.0,10.49,12.2,27.8,26.3,32.6,24.7,32.0,7.3
T04398,2025-12-25 00:57:45,0,3,12,night,OP1030,DZR002,Dozer,Demolition,Sunny,Rocky,Intermediate,4.1,5080.0,60.2,13.67,13.2,98.2,20.2,53.1,120.4,134.4,14.0
T04399,2025-11-07 06:48:32,6,4,11,day,OP1049,GRD001,Grader,Trenching,Cloudy,Loose,Beginner,0.8,4507.0,94.8,11.51,28.1,72.2,43.9,64.2,56.1,51.7,-4.4
T04400,2025-06-02 12:14:08,12,0,6,day,OP1012,EXC008,Excavator,Foundation Digging,Windy,Wet,Beginner,1.4,1496.7,49.2,8.17,28.9,169.3,40.6,41.9,88.3,120.6,32.3
T04401,2026-07-06 21:29:42,21,0,7,night,OP1035,BCK003,Backhoe,Grading,Sunny,Dry,Beginner,2.8,5349.4,49.5,16.37,25.3,145.1,48.1,91.8,42.3,58.2,15.9
T04402,2025-04-08 11:15:14,11,1,4,day,OP1002,EXC006,Excavator,Trenching,Cloudy,Rocky,Expert,18.3,3277.0,73.5,15.43,35.4,84.6,38.5,103.9,63.2,70.4,7.2
T04403,2026-03-06 00:25:39,0,4,3,night,OP1040,EXC008,Excavator,Foundation Digging,Rainy,Loose,Intermediate,8.2,3515.2,96.8,7.54,22.7,262.0,34.7,35.5,93.4,108.7,15.3
T04404,2025-11-18 08:33:03,8,1,11,day,OP1035,DZR003,Dozer,Trenching,Cloudy,Wet,Beginner,2.8,4423.9,36.5,17.45,9.5,168.9,56.1,49.4,60.7,118.5,57.8
T04405,2026-01-29 15:58:35,15,3,1,day,OP1045,DZR003,Dozer,Foundation Digging,Sunny,Clay,Intermediate,6.5,4951.7,52.1,15.18,16.7,279.0,35.6,49.4,90.6,101.9,11.3
T04406,2025-11-21 09:24:40,9,4,11,day,OP1002,LDR001,Loader,Trenching,Windy,Rocky,Expert,18.3,3990.8,67.0,7.23,20.2,10,35.8,46.3,67.1,74.6,7.5
T04407,2026-08-10 13:51:18,13,0,8,day,OP1029,DZR002,Dozer,Grading,Sunny,Wet,Intermediate,8.7,6748.3,65.5,10.62,27.4,117.5,35.0,56.2,50.7,64.9,14.2
T04408,2026-07-25 22:49:17,22,5,7,night,OP1011,LDR005,Loader,Material Loading,Cloudy,Loose,Intermediate,6.7,4327.8,74.0,15.6,29.2,101.2,42.2,56.3,37.1,64.0,26.9
T04409,2026-03-14 14:19:32,14,5,3,day,OP1050,DZR002,Dozer,Material Loading,Sunny,Wet,Intermediate,7.7,5660.7,71.2,14.51,28.3,242.7,11.3,52.7,41.1,40.4,-0.7
T04410,2026-07-07 11:21:23,11,1,7,day,OP1022,DZR004,Dozer,Site Clearing,Rainy,Wet,Beginner,0.6,4910.3,83.3,9.66,33.7,77.5,33.7,56.5,96.9,149.7,52.8
T04411,2026-05-06 06:48:42,6,2,5,day,OP1054,BCK002,Backhoe,Transfer,Sunny,Clay,Intermediate,5.0,6223.8,88.8,7.25,39.4,34.0,31.8,42.5,30.3,20.9,-9.4
T04412,2025-10-12 00:48:54,0,6,10,night,OP1042,BCK001,Backhoe,Earth Excavation,Sunny,Wet,Beginner,1.3,5116.6,71.0,4.39,30.6,148.2,24.4,67.9,73.0,99.6,26.6
T04413,2025-04-22 13:52:13,13,1,4,day,OP1012,EXC002,Excavator,Transfer,Sunny,Rocky,Beginner,1.4,968.7,73.2,10.82,25.2,103.9,42.1,51.7,29.8,32.8,3.0
T04414,2026-06-22 11:53:43,11,0,6,day,OP1035,BCK003,Backhoe,Material Loading,Windy,Clay,Beginner,2.8,5244.3,68.1,15.23,34.0,85.9,38.6,14.5,41.4,45.2,3.8
T04415,2026-03-30 14:32:07,14,0,3,day,OP1028,GRD002,Grader,Transfer,Rainy,Dry,Beginner,1.6,6367.9,51.9,6.03,26.1,174.3,37.5,72.4,34.1,33.4,-0.7
T04416,2026-06-18 11:50:13,11,3,6,day,OP1017,GRD003,Grader,Transfer,Rainy,Dry,Expert,13.3,3980.2,74.2,13.36,32.3,22.3,34.1,24.0,29.0,23.2,-5.8
T04417,2025-01-23 06:44:25,6,3,1,day,OP1049,BCK001,Backhoe,Site Clearing,Cloudy,Dry,Beginner,0.8,3205.8,78.2,16.02,17.4,90.3,47.5,40.9,72.0,104.6,32.6
T04418,2026-08-13 21:57:04,21,3,8,night,OP1060,LDR002,Loader,Material Loading,Sunny,Clay,Expert,10.8,4478.3,66.8,12.39,27.2,80.1,28.0,12.4,38.0,40.0,2.0
T04419,2025-07-18 07:47:58,7,4,7,day,OP1001,GRD002,Grader,Earth Excavation,Foggy,Dry,Expert,13.7,4504.3,77.5,12.97,28.4,105.4,31.5,52.2,70.2,68.8,-1.4
T04420,2026-06-04 11:39:39,11,3,6,day,OP1036,GRD002,Grader,Grading,Rainy,Clay,Intermediate,3.3,6848.8,47.5,7.08,33.3,256.9,16.3,23.5,58.1,59.3,1.2
T04421,2026-08-03 22:37:26,22,0,8,night,OP1009,LDR003,Loader,Grading,Rainy,Wet,Intermediate,5.2,5104.3,44.8,9.04,27.8,10,16.7,48.2,57.6,62.0,4.4
T04422,2025-06-12 18:20:12,18,3,6,night,OP1039,LDR005,Loader,Site Clearing,Rainy,Wet,Expert,10.2,1348.1,59.4,7.4,36.6,155.8,20.3,39.0,89.9,94.5,4.6
T04423,2025-05-03 12:00:42,12,5,5,day,OP1009,EXC008,Excavator,Foundation Digging,Sunny,Loose,Intermediate,5.2,1277.6,56.9,9.96,38.1,200.2,30.4,14.3,78.8,97.4,18.6
T04424,2026-02-20 15:08:54,15,4,2,day,OP1044,LDR001,Loader,Grading,Sunny,Dry,Beginner,1.1,4656.9,84.4,11.57,20.6,10,32.1,54.9,41.3,55.9,14.6
T04425,2025-08-28 14:26:44,14,3,8,day,OP1018,EXC001,Excavator,Foundation Digging,Cloudy,Dry,Expert,15.8,4176.7,84.8,17.44,27.0,82.3,16.5,61.1,82.4,85.8,3.4
T04426,2026-06-10 10:22:35,10,2,6,day,OP1045,LDR004,Loader,Trenching,Sunny,Dry,Intermediate,6.5,5767.1,97.4,9.47,40.8,140.5,24.8,67.1,54.3,67.1,12.8
T04427,2025-08-05 08:08:30,8,1,8,day,OP1053,EXC004,Excavator,Foundation Digging,Sunny,Loose,Intermediate,7.0,2466.9,43.1,21.1,36.3,214.5,27.2,91.8,78.8,95.2,16.4
T04428,2025-07-03 06:48:01,6,3,7,day,OP1049,EXC007,Excavator,Grading,Windy,Loose,Beginner,0.8,4700.7,68.8,0.83,32.4,156.4,47.0,16.7,47.4,58.8,11.4
T04429,2026-06-27 09:12:10,9,5,6,day,OP1014,EXC008,Excavator,Trenching,Rainy,Rocky,Expert,21.2,4342.8,92.2,6.83,33.0,209.8,33.2,26.2,75.4,84.2,8.8
T04430,2025-04-02 13:15:05,13,2,4,day,OP1047,EXC002,Excavator,Material Loading,Sunny,Loose,Beginner,2.8,822.5,44.2,12.19,34.4,193.3,42.8,66.3,33.6,49.3,15.7
T04431,2026-07-30 00:52:59,0,3,7,night,OP1054,EXC007,Excavator,Material Loading,Windy,Clay,Intermediate,5.0,7560.5,79.5,7.03,34.3,201.3,23.7,39.9,44.9,47.3,2.4
T04432,2026-07-24 14:16:36,14,4,7,day,OP1033,BCK002,Backhoe,Transfer,Rainy,Wet,Expert,17.2,6802.8,68.8,7.01,23.3,115.3,40.8,74.2,38.8,38.4,-0.4
T04433,2025-04-30 02:58:56,2,2,4,night,OP1027,GRD002,Grader,Earth Excavation,Sunny,Clay,Intermediate,6.2,3926.2,48.2,15.04,29.4,186.2,30.9,86.3,67.4,79.4,12.0
T04434,2025-09-24 08:02:52,8,2,9,day,OP1036,DZR003,Dozer,Grading,Windy,Wet,Intermediate,3.3,4022.2,48.6,13.86,25.6,47.6,8.4,32.3,51.8,43.3,-8.5
T04435,2025-03-21 01:42:04,1,4,3,night,OP1009,DZR004,Dozer,Foundation Digging,Rainy,Dry,Intermediate,5.2,1454.5,47.1,18.43,24.4,264.5,22.9,44.6,91.5,96.7,5.2
T04436,2026-05-30 14:25:33,14,5,5,day,OP1055,EXC005,Excavator,Material Loading,Foggy,Loose,Expert,12.2,6543.2,66.9,12.37,43.9,139.2,42.2,53.7,42.7,43.7,1.0
T04437,2025-03-24 09:55:50,9,0,3,day,OP1009,GRD001,Grader,Transfer,Cloudy,Dry,Intermediate,5.2,2843.6,95.8,15.83,20.7,246.6,25.3,12.3,25.1,26.7,1.6
T04438,2025-05-12 13:08:00,13,0,5,day,OP1030,LDR005,Loader,Material Loading,Sunny,Dry,Intermediate,4.1,1120.2,98,9.25,37.5,153.7,22.7,16.3,32.0,37.0,5.0
T04439,2026-06-16 01:46:05,1,1,6,night,OP1040,BCK004,Backhoe,Site Clearing,Windy,Rocky,Intermediate,8.2,4513.8,72.0,16.24,30.4,121.4,36.4,96.1,100.9,125.1,24.2
T04440,2026-02-09 07:00:32,7,0,2,day,OP1035,BCK002,Backhoe,Transfer,Foggy,Dry,Beginner,2.8,5596.1,72.7,10.47,28.2,205.2,31.4,70.0,30.2,33.7,3.5
T04441,2026-02-23 14:48:59,14,0,2,day,OP1021,GRD001,Grader,Transfer,Sunny,Wet,Intermediate,4.3,5297.9,78.1,23.99,22.3,51.7,32.5,64.5,30.4,46.9,16.5
T04442,2025-03-07 13:48:25,13,4,3,day,OP1003,BCK004,Backhoe,Material Loading,Sunny,Loose,Expert,20.4,1115.7,68.8,8.96,21.9,161.6,5,40.8,33.6,28.1,-5.5
T04443,2026-08-13 08:41:25,8,3,8,day,OP1003,BCK003,Backhoe,Earth Excavation,Rainy,Rocky,Expert,20.4,5622.9,68.7,15.12,33.3,147.6,5,39.2,101.7,96.1,-5.6
T04444,2025-04-01 07:01:23,7,1,4,day,OP1031,GRD002,Grader,Transfer,Rainy,Wet,Expert,22.8,3715.7,55.8,4.42,42.5,32.3,29.2,26.6,33.8,33.3,-0.5
T04445,2026-02-19 06:46:20,6,3,2,day,OP1001,EXC005,Excavator,Trenching,Windy,Dry,Expert,13.7,5810.8,48.6,10.85,22.6,166.5,29.0,31.7,59.3,61.9,2.6
T04446,2026-08-15 08:04:44,8,5,8,day,OP1060,LDR001,Loader,Transfer,Cloudy,Wet,Expert,10.8,5939.5,63.8,18.36,36.7,44.1,17.3,71.8,32.1,30.5,-1.6
T04447,2025-12-30 15:41:34,15,1,12,day,OP1043,LDR001,Loader,Material Loading,Foggy,Rocky,Expert,19.0,4277.4,97.8,8.84,15.0,10,23.1,115.4,48.2,57.6,9.4
T04448,2025-06-20 01:34:42,1,4,6,night,OP1010,DZR003,Dozer,Grading,Rainy,Clay,Intermediate,8.6,3319.5,64.7,13.06,33.9,50.6,40.8,79.1,49.2,60.6,11.4
T04449,2026-07-20 22:57:57,22,0,7,night,OP1012,EXC003,Excavator,Demolition,Rainy,Rocky,Beginner,1.4,5210.8,40.8,16.39,31.3,10,40.3,16.1,146.2,220.4,74.2
T04450,2025-09-30 08:52:36,8,1,9,day,OP1022,BCK002,Backhoe,Transfer,Cloudy,Wet,Beginner,0.6,4633.1,72.7,3.81,31.2,202.0,32.0,86.2,30.6,33.9,3.3
T04451,2026-07-03 13:16:13,13,4,7,day,OP1051,EXC005,Excavator,Foundation Digging,Cloudy,Dry,Expert,11.2,6791.0,67.2,16.39,27.6,10,32.9,41.0,90.5,96.4,5.9
T04452,2026-06-20 06:19:18,6,5,6,day,OP1004,LDR001,Loader,Material Loading,Sunny,Wet,Intermediate,6.3,5530.2,98,6.15,33.9,21.0,7.7,86.0,40.9,42.3,1.4
T04453,2025-02-27 20:49:22,20,3,2,night,OP1011,DZR002,Dozer,Foundation Digging,Cloudy,Clay,Intermediate,6.7,2888.7,70.7,18.0,23.7,234.1,39.6,12.5,86.3,112.4,26.1
T04454,2026-03-02 15:46:28,15,0,3,day,OP1014,BCK002,Backhoe,Trenching,Sunny,Loose,Expert,21.2,5752.1,67.6,13.74,17.1,209.8,22.7,55.7,57.0,51.3,-5.7
T04455,2026-05-08 02:46:47,2,4,5,night,OP1008,EXC007,Excavator,Site Clearing,Sunny,Wet,Beginner,1.2,6955.2,82.9,15.97,37.2,69.4,16.2,53.8,91.3,135.1,43.8
T04456,2026-09-09 18:56:55,18,2,9,night,OP1049,DZR003,Dozer,Foundation Digging,Rainy,Loose,Beginner,0.8,6580.5,65.4,0,31.9,86.4,39.5,60.3,105.8,154.5,48.7
T04457,2025-09-15 15:25:22,15,0,9,day,OP1040,GRD003,Grader,Site Clearing,Sunny,Clay,Intermediate,8.2,1966.5,71.3,13.58,30.9,58.0,35.3,71.8,74.8,89.7,14.9
T04458,2025-04-08 22:03:07,22,1,4,night,OP1023,GRD003,Grader,Grading,Foggy,Wet,Beginner,2.1,800.5,57.5,19.08,34.1,232.1,32.2,47.8,48.6,53.1,4.5
T04459,2025-01-14 08:00:28,8,1,1,day,OP1020,BCK002,Backhoe,Demolition,Windy,Clay,Intermediate,8.4,2742.1,62.5,8.47,15.8,136.2,34.3,68.0,102.4,120.7,18.3
T04460,2025-07-15 02:43:16,2,1,7,night,OP1019,GRD001,Grader,Site Clearing,Rainy,Loose,Intermediate,4.5,3666.3,63.6,20.94,30.7,115.1,14.9,45.8,94.2,104.1,9.9
T04461,2025-03-29 12:32:41,12,5,3,day,OP1059,BCK004,Backhoe,Grading,Cloudy,Clay,Expert,22.2,1275.9,70.0,10.31,23.5,10,62,67.3,43.1,49.2,6.1
T04462,2025-12-11 12:12:27,12,3,12,day,OP1008,DZR001,Dozer,Demolition,Sunny,Wet,Beginner,1.2,3312.3,62.3,10.08,16.3,132.8,38.4,49.5,103.6,145.2,41.6
T04463,2025-12-07 03:09:12,3,6,12,night,OP1025,EXC008,Excavator,Grading,Sunny,Loose,Expert,17.0,2866.3,53.8,18.13,19.8,159.7,58.1,81.0,40.5,48.1,7.6
T04464,2026-03-06 06:37:44,6,4,3,day,OP1040,DZR001,Dozer,Transfer,Sunny,Wet,Intermediate,8.2,3931.1,87.2,7.33,35.6,113.6,38.0,52.3,28.9,34.5,5.6
T04465,2026-05-09 10:02:16,10,5,5,day,OP1022,LDR001,Loader,Grading,Cloudy,Rocky,Beginner,0.6,5224.7,84.8,8.54,42.2,162.6,31.0,25.7,53.8,33.0,-20.8
T04466,2025-11-22 11:44:36,11,5,11,day,OP1053,EXC006,Excavator,Foundation Digging,Sunny,Rocky,Intermediate,7.0,4941.5,51.1,13.17,26.7,108.9,38.4,14.0,102.1,108.4,6.3
T04467,2026-08-07 10:16:31,10,4,8,day,OP1050,EXC002,Excavator,Foundation Digging,Foggy,Rocky,Intermediate,7.7,4413.2,89.2,16.14,27.0,97.7,17.4,75.3,114.6,117.7,3.1
T04468,2026-06-04 15:24:49,15,3,6,day,OP1049,GRD002,Grader,Grading,Cloudy,Wet,Beginner,0.8,6850.0,63.9,18.45,29.3,90.2,43.7,58.7,52.4,91.4,39.0
T04469,2025-06-25 03:20:43,3,2,6,night,OP1060,EXC002,Excavator,Foundation Digging,Rainy,Dry,Expert,10.8,1432.7,58.5,13.37,37.2,178.4,24.3,54.7,89.0,93.1,4.1
T04470,2025-07-14 13:46:01,13,0,7,day,OP1043,BCK002,Backhoe,Foundation Digging,Cloudy,Dry,Expert,19.0,4065.2,54.2,5.64,40.4,129.6,11.7,59.0,82.1,75.6,-6.5
T04471,2026-09-22 08:37:54,8,1,9,day,OP1014,GRD003,Grader,Trenching,Rainy,Clay,Expert,21.2,4680.0,78.4,2.81,25.2,171.3,21.4,100.0,67.8,68.4,0.6
T04472,2025-03-04 00:42:27,0,1,3,night,OP1004,EXC006,Excavator,Material Loading,Rainy,Wet,Intermediate,6.3,3018.3,68.1,12.71,25.9,10,5.2,61.3,44.9,54.1,9.2
T04473,2025-09-10 14:55:46,14,2,9,day,OP1050,BCK003,Backhoe,Site Clearing,Rainy,Dry,Intermediate,7.7,3164.7,52.0,9.82,28.8,60.6,29.7,62.2,88.0,94.9,6.9
T04474,2026-03-11 11:15:04,11,2,3,day,OP1042,DZR004,Dozer,Earth Excavation,Rainy,Rocky,Beginner,1.3,4048.9,84.1,7.5,24.3,141.4,6.4,50.1,89.1,105.9,16.8
T04475,2025-05-06 09:04:17,9,1,5,day,OP1047,BCK003,Backhoe,Grading,Sunny,Dry,Beginner,2.8,2235.8,62.3,11.31,39.3,101.9,25.1,55.4,38.0,50.9,12.9
T04476,2026-06-24 23:00:17,23,2,6,night,OP1036,EXC004,Excavator,Earth Excavation,Rainy,Clay,Intermediate,3.3,4829.3,72.7,0.25,34.9,217.6,14.2,40.4,87.9,93.3,5.4
T04477,2025-07-10 13:21:24,13,3,7,day,OP1047,EXC007,Excavator,Material Loading,Cloudy,Dry,Beginner,2.8,4753.8,73.6,17.25,29.6,126.0,35.2,47.9,35.9,38.0,2.1
T04478,2025-01-16 09:28:28,9,3,1,day,OP1015,GRD001,Grader,Demolition,Foggy,Wet,Beginner,0.6,2354.4,66.2,18.41,22.2,115.3,36.4,37.8,113.7,153.3,39.6
T04479,2025-08-08 21:51:59,21,4,8,night,OP1016,EXC005,Excavator,Grading,Rainy,Dry,Beginner,2.9,4391.9,65.9,17.78,34.5,317.9,32.6,43.1,46.9,70.6,23.7
T04480,2026-04-10 08:49:00,8,4,4,day,OP1055,GRD003,Grader,Earth Excavation,Rainy,Dry,Expert,12.2,3475.6,69.5,13.42,35.8,83.8,25.7,41.1,70.6,69.7,-0.9
T04481,2025-05-30 18:23:58,18,4,5,night,OP1012,LDR002,Loader,Foundation Digging,Cloudy,Dry,Beginner,1.4,1265.2,84.7,5.89,36.8,249.3,59.2,63.9,77.2,116.9,39.7
T04482,2026-07-04 08:36:31,8,5,7,day,OP1023,GRD001,Grader,Transfer,Rainy,Rocky,Beginner,2.1,6252.3,70.1,18.25,26.4,209.4,35.1,80.0,39.3,56.8,17.5
T04483,2025-04-14 14:51:18,14,0,4,day,OP1029,LDR004,Loader,Grading,Sunny,Rocky,Intermediate,8.7,2687.9,61.2,15.15,34.3,20.1,34.9,47.6,47.5,70.1,22.6
T04484,2025-09-22 22:15:49,22,0,9,night,OP1010,DZR001,Dozer,Trenching,Rainy,Wet,Intermediate,8.6,2731.3,65.8,16.46,23.2,82.7,26.7,41.5,69.5,84.1,14.6
T04485,2026-07-17 01:51:44,1,4,7,night,OP1041,DZR002,Dozer,Demolition,Rainy,Dry,Intermediate,4.3,6569.4,77.7,9.58,30.8,207.1,21.9,60.9,121.4,148.6,27.2
T04486,2025-10-28 11:36:25,11,1,10,day,OP1031,BCK003,Backhoe,Trenching,Cloudy,Loose,Expert,22.8,3514.1,75.8,10.17,27.3,276.6,19.0,91.5,54.0,48.4,-5.6
T04487,2026-04-02 07:03:47,7,3,4,day,OP1050,BCK003,Backhoe,Earth Excavation,Cloudy,Loose,Intermediate,7.7,4651.5,58.0,12.64,37.0,10,29.7,29.6,68.1,58.4,-9.7
T04488,2025-05-28 14:03:49,14,2,5,day,OP1045,BCK001,Backhoe,Site Clearing,Sunny,Clay,Intermediate,6.5,4120.6,71.4,14.43,42.6,200.8,30.4,68.2,79.6,98.4,18.8
T04489,2025-08-08 15:26:50,15,4,8,day,OP1006,EXC008,Excavator,Demolition,Rainy,Dry,Intermediate,3.3,1986.8,74.7,10.06,25.7,113.9,13.1,38.3,110.9,107.3,-3.6
T04490,2025-11-22 12:00:01,12,5,11,day,OP1022,EXC001,Excavator,Trenching,Rainy,Loose,Beginner,0.6,4803.7,87.0,11.9,22.4,96.9,21.6,65.2,65.1,101.6,36.5
T04491,2026-03-05 01:48:39,1,3,3,night,OP1009,LDR004,Loader,Material Loading,Rainy,Rocky,Intermediate,5.2,5056.4,68.0,18.14,26.8,101.5,22.9,28.6,53.0,46.6,-6.4
T04492,2025-03-26 10:40:19,10,2,3,day,OP1035,BCK001,Backhoe,Transfer,Sunny,Wet,Beginner,2.8,3659.6,70.0,13.96,27.4,20.7,38.3,41.4,28.6,28.0,-0.6
T04493,2026-05-25 09:54:01,9,0,5,day,OP1049,BCK003,Backhoe,Grading,Sunny,Rocky,Beginner,0.8,5039.3,69.4,19.54,29.3,51.2,55.8,33.8,51.9,67.6,15.7
T04494,2026-05-14 01:48:37,1,3,5,night,OP1059,LDR002,Loader,Trenching,Rainy,Dry,Expert,22.2,3807.8,57.7,9.02,35.9,95.9,49.3,52.1,59.8,65.2,5.4
T04495,2025-12-24 08:46:57,8,2,12,day,OP1049,EXC005,Excavator,Material Loading,Foggy,Clay,Beginner,0.8,5395.3,71.8,10.8,15.3,220.8,48.5,58.4,42.0,69.8,27.8
T04496,2025-10-16 06:40:30,6,3,10,day,OP1036,EXC007,Excavator,Material Loading,Sunny,Loose,Intermediate,3.3,5467.2,46.7,10.6,27.2,106.1,21.3,63.9,37.6,53.8,16.2
T04497,2025-08-30 03:23:23,3,5,8,night,OP1044,DZR001,Dozer,Earth Excavation,Cloudy,Dry,Beginner,1.1,2557.7,70.8,15.85,34.9,225.5,33.3,38.7,59.9,108.7,48.8
T04498,2025-03-25 14:34:48,14,1,3,day,OP1047,DZR003,Dozer,Foundation Digging,Windy,Loose,Beginner,2.8,2688.3,60.2,2.67,26.7,201.9,24.1,52.7,82.5,98.6,16.1
T04499,2025-12-04 07:23:49,7,3,12,day,OP1045,GRD003,Grader,Foundation Digging,Cloudy,Clay,Intermediate,6.5,2548.0,63.8,15.53,20.2,226.9,35.5,101.6,85.1,97.8,12.7
T04500,2025-07-07 10:21:11,10,0,7,day,OP1020,LDR001,Loader,Grading,Windy,Dry,Intermediate,8.4,2991.0,97.0,16.77,26.2,116.0,27.9,5,41.7,37.8,-3.9
T04501,2025-03-21 02:34:26,2,4,3,night,OP1027,DZR001,Dozer,Site Clearing,Sunny,Loose,Intermediate,6.2,1374.9,50.4,14.24,29.6,129.0,32.1,51.1,71.4,87.7,16.3
T04502,2025-09-03 09:44:03,9,2,9,day,OP1041,DZR003,Dozer,Trenching,Windy,Loose,Intermediate,4.3,3869.4,76.5,13.68,27.2,135.9,5.6,12.6,59.0,62.8,3.8
T04503,2026-04-07 11:33:06,11,1,4,day,OP1024,LDR004,Loader,Earth Excavation,Sunny,Loose,Beginner,1.5,5300.3,49.0,7.4,27.2,183.8,5,18.9,67.7,75.5,7.8
T04504,2026-05-05 14:41:34,14,1,5,day,OP1043,BCK004,Backhoe,Trenching,Foggy,Wet,Expert,19.0,4211.1,69.7,8.96,37.7,156.1,9.7,19.0,62.8,63.7,0.9
T04505,2026-09-08 11:36:55,11,1,9,day,OP1011,EXC006,Excavator,Foundation Digging,Cloudy,Loose,Intermediate,6.7,7058.5,45.7,10.67,36.3,181.5,43.7,42.3,95.9,121.9,26.0
T04506,2026-04-13 15:14:09,15,0,4,day,OP1015,LDR004,Loader,Transfer,Foggy,Clay,Beginner,0.6,5345.2,77.6,11.49,32.7,134.3,31.8,38.2,31.5,58.2,26.7
T04507,2025-01-11 14:20:27,14,5,1,day,OP1021,DZR003,Dozer,Site Clearing,Foggy,Rocky,Intermediate,4.3,2155.3,62.6,6.83,21.4,174.0,42.3,57.9,93.6,109.8,16.2
T04508,2025-03-07 22:43:11,22,4,3,night,OP1039,GRD001,Grader,Demolition,Sunny,Dry,Expert,10.2,2723.4,78.1,21.08,18.1,120.3,12.4,56.5,88.8,88.9,0.1
T04509,2025-09-08 14:38:16,14,0,9,day,OP1037,LDR002,Loader,Demolition,Rainy,Wet,Expert,24.1,2001.3,77.1,15.49,31.4,190.3,39.0,40.1,117.2,128.7,11.5
T04510,2025-04-28 23:00:40,23,0,4,night,OP1024,GRD002,Grader,Foundation Digging,Windy,Dry,Beginner,1.5,3917.7,57.0,9.93,30.8,259.2,11.7,26.2,84.1,103.7,19.6
T04511,2025-03-08 15:40:29,15,5,3,day,OP1055,EXC008,Excavator,Material Loading,Cloudy,Wet,Expert,12.2,869.9,77.7,11.78,21.7,85.1,34.2,82.7,37.6,43.1,5.5
T04512,2026-04-30 09:39:34,9,3,4,day,OP1003,GRD001,Grader,Foundation Digging,Sunny,Loose,Expert,20.4,5778.1,83.4,9.72,29.2,318.7,5,58.6,89.1,81.0,-8.1
T04513,2025-11-28 13:45:00,13,4,11,day,OP1023,DZR002,Dozer,Foundation Digging,Sunny,Clay,Beginner,2.1,4886.8,53.5,2.73,26.8,119.4,23.4,68.9,90.4,134.0,43.6
T04514,2026-05-25 13:08:58,13,0,5,day,OP1004,LDR001,Loader,Demolition,Sunny,Clay,Intermediate,6.3,5342.5,39.1,19.37,33.2,107.9,15.7,74.5,107.8,114.1,6.3
T04515,2026-09-07 14:10:43,14,0,9,day,OP1012,EXC002,Excavator,Demolition,Cloudy,Loose,Beginner,1.4,4640.7,67.7,13.46,23.0,16.5,41.3,56.1,103.3,137.5,34.2
T04516,2025-06-24 21:46:45,21,1,6,night,OP1023,BCK002,Backhoe,Foundation Digging,Rainy,Loose,Beginner,2.1,3921.6,67.2,7.81,31.7,119.9,30.7,36.0,96.4,134.0,37.6
T04517,2025-01-18 14:45:12,14,5,1,day,OP1030,EXC003,Excavator,Transfer,Cloudy,Clay,Intermediate,4.1,1207.9,55.2,10.01,19.9,10,28.4,79.4,27.2,31.3,4.1
T04518,2025-08-15 14:47:24,14,4,8,day,OP1004,BCK001,Backhoe,Material Loading,Foggy,Clay,Intermediate,6.3,4697.5,65.5,12.69,27.6,10,25.6,42.7,42.5,43.2,0.7
T04519,2026-06-20 09:54:57,9,5,6,day,OP1026,LDR001,Loader,Trenching,Windy,Dry,Beginner,2.3,5531.3,77.8,10.06,38.3,87.4,22.6,19.1,55.3,66.8,11.5
T04520,2026-08-08 03:30:15,3,5,8,night,OP1035,GRD003,Grader,Earth Excavation,Cloudy,Wet,Beginner,2.8,4349.9,70.6,6.07,25.4,102.3,55.7,71.2,73.1,125.4,52.3
T04521,2025-03-19 13:03:28,13,2,3,day,OP1055,GRD003,Grader,Transfer,Windy,Loose,Expert,12.2,651.7,65.7,0.66,22.6,36.6,38.3,32.3,26.6,26.1,-0.5
T04522,2025-01-23 07:12:54,7,3,1,day,OP1024,BCK003,Backhoe,Foundation Digging,Cloudy,Wet,Beginner,1.5,1483.4,59.4,5.99,16.6,94.4,18.8,41.1,88.1,120.2,32.1
T04523,2026-03-30 10:13:03,10,0,3,day,OP1017,EXC007,Excavator,Transfer,Windy,Loose,Expert,13.3,6672.8,65.2,6.16,27.9,325.7,20.3,24.0,31.5,27.2,-4.3
T04524,2026-04-17 07:27:26,7,4,4,day,OP1033,DZR004,Dozer,Material Loading,Cloudy,Wet,Expert,17.2,4317.8,48.1,12.14,29.9,88.7,25.5,83.2,40.3,37.9,-2.4
T04525,2025-06-23 10:49:50,10,0,6,day,OP1025,EXC002,Excavator,Demolition,Windy,Clay,Expert,17.0,1420.4,51.5,9.47,36.7,179.3,48.4,26.1,100.9,108.5,7.6
T04526,2025-01-07 12:32:35,12,1,1,day,OP1059,LDR004,Loader,Material Loading,Sunny,Rocky,Expert,22.2,1979.1,58.0,3.97,24.7,189.2,61.3,29.4,39.7,43.2,3.5
T04527,2026-09-10 09:20:00,9,3,9,day,OP1055,LDR004,Loader,Earth Excavation,Foggy,Wet,Expert,12.2,6438.4,68.7,20.52,27.1,154.7,35.3,54.2,84.9,90.3,5.4
T04528,2025-10-04 11:42:59,11,5,10,day,OP1023,EXC008,Excavator,Grading,Sunny,Clay,Beginner,2.1,2401.7,98,12.38,20.0,54.9,37.2,47.7,41.8,69.8,28.0
T04529,2025-08-20 14:23:56,14,2,8,day,OP1042,LDR003,Loader,Material Loading,Sunny,Clay,Beginner,1.3,2561.4,88.7,11.1,27.4,77.4,30.3,46.9,35.3,36.1,0.8
T04530,2025-04-07 13:40:16,13,0,4,day,OP1013,EXC006,Excavator,Earth Excavation,Sunny,Rocky,Expert,18.9,3270.4,69.8,11.84,32.6,229.2,16.1,22.3,74.1,64.2,-9.9
T04531,2025-03-03 11:41:17,11,0,3,day,OP1049,EXC005,Excavator,Foundation Digging,Windy,Dry,Beginner,0.8,3235.4,69.1,3.02,31.5,116.1,38.1,63.3,83.7,106.1,22.4
T04532,2025-07-28 13:33:03,13,0,7,day,OP1054,BCK001,Backhoe,Earth Excavation,Rainy,Dry,Intermediate,5.0,4565.7,73.6,8.21,26.4,196.7,34.9,48.7,73.5,91.7,18.2
T04533,2025-10-06 21:06:28,21,0,10,night,OP1058,BCK003,Backhoe,Trenching,Rainy,Wet,Intermediate,3.3,3356.4,66.5,6.69,30.9,302.0,44.5,32.6,67.7,80.1,12.4
T04534,2025-08-05 00:34:28,0,1,8,night,OP1003,EXC006,Excavator,Trenching,Cloudy,Rocky,Expert,20.4,4142.4,83.4,0,34.4,10,5,86.1,65.3,63.2,-2.1
T04535,2026-08-11 11:33:26,11,1,8,day,OP1056,EXC001,Excavator,Foundation Digging,Rainy,Dry,Intermediate,4.7,6716.2,65.1,9.07,29.2,157.6,36.2,64.2,109.3,129.5,20.2
T04536,2025-05-15 07:49:23,7,3,5,day,OP1026,GRD002,Grader,Foundation Digging,Sunny,Dry,Beginner,2.3,4037.2,76.4,14.75,45.1,102.0,27.0,61.1,79.6,106.3,26.7
T04537,2025-03-22 13:50:59,13,5,3,day,OP1038,EXC003,Excavator,Transfer,Rainy,Rocky,Beginner,2.4,1667.5,58.6,9.81,29.9,298.2,37.5,26.9,36.0,50.8,14.8
T04538,2026-09-19 06:31:49,6,5,9,day,OP1016,EXC004,Excavator,Transfer,Sunny,Loose,Beginner,2.9,5459.4,72.7,8.34,31.1,170.8,48.5,32.5,28.2,37.2,9.0
T04539,2025-06-28 00:52:18,0,5,6,night,OP1050,BCK001,Backhoe,Trenching,Rainy,Dry,Intermediate,7.7,4342.8,68.9,5.8,30.0,226.5,30.3,57.8,58.8,72.1,13.3
T04540,2025-05-07 10:49:13,10,2,5,day,OP1015,BCK002,Backhoe,Site Clearing,Windy,Clay,Beginner,0.6,3567.9,93.8,11.8,40.3,135.0,27.9,52.1,85.1,119.2,34.1
T04541,2026-03-30 10:16:56,10,0,3,day,OP1051,BCK004,Backhoe,Earth Excavation,Cloudy,Clay,Expert,11.2,3947.0,51.3,14.28,29.5,341.5,39.6,57.5,69.5,76.2,6.7
T04542,2026-02-18 00:30:10,0,2,2,night,OP1054,GRD001,Grader,Site Clearing,Cloudy,Wet,Intermediate,5.0,5257.0,98,8.19,20.9,222.5,30.4,53.2,88.7,101.8,13.1
T04543,2026-04-24 09:45:44,9,4,4,day,OP1058,EXC008,Excavator,Transfer,Foggy,Clay,Intermediate,3.3,3875.7,70.9,9.46,30.6,196.2,30.3,105.9,32.1,47.3,15.2
T04544,2025-12-13 14:25:03,14,5,12,day,OP1037,EXC005,Excavator,Transfer,Sunny,Loose,Expert,24.1,5316.8,48.9,12.0,14.7,176.0,44.2,55.0,28.0,31.6,3.6
T04545,2026-02-03 11:38:31,11,1,2,day,OP1040,EXC004,Excavator,Transfer,Cloudy,Clay,Intermediate,8.2,3796.5,71.1,9.41,26.4,310.9,38.2,78.2,28.6,31.4,2.8
T04546,2025-11-25 03:30:48,3,1,11,night,OP1052,LDR003,Loader,Foundation Digging,Sunny,Clay,Intermediate,5.8,3266.1,67.0,15.16,27.6,205.9,19.7,37.2,85.0,86.2,1.2
T04547,2025-01-29 21:52:04,21,2,1,night,OP1025,EXC002,Excavator,Site Clearing,Windy,Dry,Expert,17.0,365.2,82.1,16.49,16.1,207.0,44.1,23.4,73.7,83.8,10.1
T04548,2025-02-24 19:22:40,19,0,2,night,OP1024,GRD001,Grader,Demolition,Cloudy,Wet,Beginner,1.5,2642.1,64.4,10.95,12.4,87.2,17.4,52.3,103.9,99.1,-4.8
T04549,2025-08-29 15:21:38,15,4,8,day,OP1021,GRD001,Grader,Demolition,Windy,Dry,Intermediate,4.3,3998.6,67.2,11.42,30.8,95.0,44.4,44.9,102.2,113.2,11.0
T04550,2026-06-18 01:45:19,1,3,6,night,OP1035,GRD001,Grader,Site Clearing,Rainy,Rocky,Beginner,2.8,6133.4,78.2,8.87,30.8,74.7,48.8,79.8,117.3,190.3,73.0
T04551,2026-09-16 06:22:01,6,2,9,day,OP1056,LDR001,Loader,Trenching,Rainy,Rocky,Intermediate,4.7,6172.6,62.6,15.31,24.1,174.8,52.2,45.3,86.0,104.7,18.7
T04552,2025-09-03 10:46:22,10,2,9,day,OP1060,BCK004,Backhoe,Grading,Sunny,Clay,Expert,10.8,2428.8,82.0,7.26,25.5,83.7,22.6,22.5,41.8,37.2,-4.6
T04553,2026-02-18 06:45:58,6,2,2,day,OP1002,DZR001,Dozer,Site Clearing,Cloudy,Rocky,Expert,18.3,3814.3,50.8,8.81,19.3,246.0,37.7,54.9,91.4,102.0,10.6
T04554,2026-09-10 09:01:02,9,3,9,day,OP1016,LDR002,Loader,Site Clearing,Rainy,Dry,Beginner,2.9,4678.7,89.6,13.95,33.6,183.6,36.5,86.6,87.0,113.6,26.6
T04555,2025-03-15 12:23:13,12,5,3,day,OP1044,EXC007,Excavator,Site Clearing,Sunny,Clay,Beginner,1.1,3899.4,77.1,11.45,26.9,225.5,43.3,74.7,79.0,105.0,26.0
T04556,2026-01-31 08:53:37,8,5,1,day,OP1014,EXC004,Excavator,Trenching,Cloudy,Loose,Expert,21.2,3773.8,66.6,14.7,14.1,172.9,21.1,5,54.6,58.7,4.1
T04557,2025-02-19 10:48:15,10,2,2,day,OP1004,LDR002,Loader,Grading,Windy,Dry,Intermediate,6.3,532.9,84.5,14.76,17.5,61.0,31.4,14.9,40.7,44.6,3.9
T04558,2025-10-31 01:43:28,1,4,10,night,OP1025,DZR004,Dozer,Grading,Sunny,Dry,Expert,17.0,3089.7,68.4,10.53,34.5,149.9,50.9,77.6,38.9,41.6,2.7
T04559,2026-08-12 15:22:08,15,2,8,day,OP1052,EXC003,Excavator,Trenching,Rainy,Loose,Intermediate,5.8,5376.3,61.1,13.19,31.6,135.0,37.5,97.8,70.1,95.8,25.7
T04560,2026-02-21 15:50:04,15,5,2,day,OP1029,GRD001,Grader,Foundation Digging,Sunny,Rocky,Intermediate,8.7,5283.6,65.5,4.21,24.1,177.6,37.7,6.0,103.4,139.0,35.6
T04561,2026-09-10 15:39:38,15,3,9,day,OP1042,LDR003,Loader,Grading,Cloudy,Rocky,Beginner,1.3,5379.5,82.0,17.46,28.1,118.7,26.2,5,54.1,63.8,9.7
T04562,2025-08-07 19:48:47,19,3,8,night,OP1018,LDR003,Loader,Earth Excavation,Sunny,Wet,Expert,15.8,2468.1,53.0,20.45,30.0,179.0,25.3,29.1,66.1,68.4,2.3
T04563,2026-08-05 10:58:03,10,2,8,day,OP1021,GRD002,Grader,Material Loading,Windy,Clay,Intermediate,4.3,7301.2,68.9,8.76,37.5,56.7,33.3,56.2,46.5,46.5,0.0
T04564,2025-01-23 12:38:12,12,3,1,day,OP1037,GRD001,Grader,Site Clearing,Sunny,Dry,Expert,24.1,2406.4,56.1,11.02,14.7,10,47.7,88.6,68.0,76.8,8.8
T04565,2026-09-16 06:55:35,6,2,9,day,OP1007,BCK001,Backhoe,Transfer,Cloudy,Rocky,Beginner,1.2,7593.2,75.8,13.2,31.1,122.6,45.5,72.5,36.9,67.2,30.3
T04566,2026-06-20 22:13:56,22,5,6,night,OP1057,DZR001,Dozer,Demolition,Windy,Dry,Beginner,2.8,4709.6,72.5,11.69,36.0,188.9,8.0,57.0,99.5,123.5,24.0
T04567,2025-07-11 12:37:20,12,4,7,day,OP1032,EXC004,Excavator,Material Loading,Sunny,Loose,Intermediate,3.9,2285.7,67.2,7.44,27.2,74.9,40.8,21.0,33.6,41.9,8.3
T04568,2025-06-11 10:00:27,10,2,6,day,OP1038,EXC006,Excavator,Trenching,Rainy,Loose,Beginner,2.4,3743.8,76.0,0.92,28.8,154.9,29.2,62.9,66.6,102.3,35.7
T04569,2026-08-22 12:11:39,12,5,8,day,OP1018,LDR002,Loader,Demolition,Cloudy,Dry,Expert,15.8,4541.0,45.7,0.3,27.1,165.7,20.9,31.9,98.0,95.1,-2.9
T04570,2026-02-06 08:42:43,8,4,2,day,OP1056,BCK003,Backhoe,Earth Excavation,Sunny,Dry,Intermediate,4.7,4250.5,98,7.35,21.4,153.7,60.6,87.4,62.1,72.6,10.5
T04571,2025-12-31 21:04:47,21,2,12,night,OP1038,DZR004,Dozer,Demolition,Sunny,Dry,Beginner,2.4,3540.9,91.2,6.1,16.0,134.4,36.1,62.0,91.7,139.2,47.5
T04572,2026-08-28 14:55:37,14,4,8,day,OP1049,BCK003,Backhoe,Material Loading,Rainy,Dry,Beginner,0.8,5734.3,54.2,19.31,27.3,16.6,45.4,41.7,43.1,44.8,1.7
T04573,2025-04-15 15:40:22,15,1,4,day,OP1001,EXC002,Excavator,Demolition,Rainy,Loose,Expert,13.7,918.1,86.9,1.39,34.9,97.3,28.4,72.9,106.4,110.1,3.7
T04574,2026-04-02 06:27:39,6,3,4,day,OP1049,EXC007,Excavator,Site Clearing,Sunny,Rocky,Beginner,0.8,6693.5,74.3,10.12,40.3,155.0,41.8,75.1,98.5,140.0,41.5
T04575,2026-07-22 03:48:48,3,2,7,night,OP1051,LDR005,Loader,Transfer,Sunny,Dry,Expert,11.2,4300.1,71.0,10.05,36.6,10,35.2,33.7,25.7,31.2,5.5
T04576,2025-08-15 22:35:06,22,4,8,night,OP1034,BCK001,Backhoe,Grading,Cloudy,Loose,Beginner,1.3,4699.8,68.5,12.24,31.3,160.7,21.8,48.3,44.7,63.9,19.2
T04577,2026-06-24 15:50:43,15,2,6,day,OP1013,LDR002,Loader,Trenching,Rainy,Wet,Expert,18.9,4111.4,46.4,8.91,33.7,190.8,19.3,19.8,67.7,57.9,-9.8
T04578,2025-06-26 19:15:15,19,3,6,night,OP1005,EXC005,Excavator,Demolition,Sunny,Wet,Expert,18.5,4077.2,61.3,8.27,35.0,212.6,45.2,23.5,106.6,118.4,11.8
T04579,2025-08-08 09:39:27,9,4,8,day,OP1052,BCK001,Backhoe,Demolition,Rainy,Wet,Intermediate,5.8,4644.8,73.8,10.69,34.8,125.7,33.7,83.1,128.5,155.5,27.0
T04580,2025-05-19 20:23:56,20,0,5,night,OP1032,DZR001,Dozer,Grading,Cloudy,Rocky,Intermediate,3.9,1811.0,76.9,14.14,33.5,116.1,49.6,64.2,48.5,66.1,17.6
T04581,2025-09-28 03:37:38,3,6,9,night,OP1015,BCK003,Backhoe,Foundation Digging,Cloudy,Dry,Beginner,0.6,3292.7,91.6,16.11,32.1,51.8,20.2,56.9,79.7,104.9,25.2
T04582,2025-07-22 10:40:23,10,1,7,day,OP1023,BCK002,Backhoe,Earth Excavation,Rainy,Dry,Beginner,2.1,4122.6,72.7,14.25,32.4,185.7,37.5,69.3,77.8,134.4,56.6
T04583,2025-07-10 10:31:03,10,3,7,day,OP1005,BCK002,Backhoe,Earth Excavation,Rainy,Loose,Expert,18.5,4035.0,68.2,16.19,35.6,10,32.5,62.8,75.8,72.5,-3.3
T04584,2026-06-20 15:38:53,15,5,6,day,OP1016,EXC002,Excavator,Earth Excavation,Rainy,Dry,Beginner,2.9,4064.4,75.3,6.52,31.5,219.6,35.0,35.0,72.1,119.2,47.1
T04585,2026-07-24 15:49:23,15,4,7,day,OP1012,BCK003,Backhoe,Transfer,Rainy,Dry,Beginner,1.4,5479.1,48.7,8.09,34.7,10.0,56.1,46.5,33.1,52.0,18.9
T04586,2025-09-19 23:12:01,23,4,9,night,OP1015,GRD003,Grader,Grading,Cloudy,Rocky,Beginner,0.6,1998.0,73.8,12.7,27.8,114.7,28.0,48.2,48.5,84.7,36.2
T04587,2025-12-08 15:43:41,15,0,12,day,OP1016,GRD001,Grader,Grading,Windy,Wet,Beginner,2.9,4736.1,88.6,8.48,11.2,159.9,47.0,65.2,50.2,91.4,41.2
T04588,2026-01-13 12:24:43,12,1,1,day,OP1032,DZR002,Dozer,Trenching,Sunny,Wet,Intermediate,3.9,5222.2,78.4,5.79,11.9,111.9,38.9,31.7,60.7,75.8,15.1
T04589,2025-03-05 15:14:49,15,2,3,day,OP1051,GRD001,Grader,Grading,Rainy,Clay,Expert,11.2,2706.5,75.7,12.6,23.4,215.3,31.7,53.3,51.0,48.1,-2.9
T04590,2026-07-15 21:42:52,21,2,7,night,OP1030,BCK001,Backhoe,Grading,Sunny,Clay,Intermediate,4.1,7137.8,53.2,4.43,35.0,44.3,27.3,58.1,49.6,59.9,10.3
T04591,2026-08-11 10:11:24,10,1,8,day,OP1048,EXC005,Excavator,Material Loading,Foggy,Wet,Beginner,2.2,7074.8,78.9,5.25,33.1,240.4,30.6,23.0,47.8,59.1,11.3
T04592,2026-05-12 12:06:30,12,1,5,day,OP1025,GRD002,Grader,Foundation Digging,Sunny,Wet,Expert,17.0,6681.1,70.6,14.9,45.2,140.4,50.5,73.5,99.8,114.0,14.2
T04593,2026-01-12 14:56:21,14,0,1,day,OP1055,LDR005,Loader,Transfer,Cloudy,Loose,Expert,12.2,2909.2,64.6,4.6,15.0,138.1,28.1,69.4,26.4,24.1,-2.3
T04594,2025-03-11 09:25:49,9,1,3,day,OP1004,BCK002,Backhoe,Foundation Digging,Rainy,Dry,Intermediate,6.3,3151.3,60.4,10.25,28.1,75.9,19.6,92.8,91.9,113.7,21.8
T04595,2026-02-16 21:21:38,21,0,2,night,OP1020,GRD003,Grader,Site Clearing,Cloudy,Wet,Intermediate,8.4,3092.5,64.5,24.24,17.4,193.8,21.2,59.4,81.7,86.9,5.2
T04596,2026-07-07 14:02:20,14,1,7,day,OP1005,GRD003,Grader,Transfer,Cloudy,Wet,Expert,18.5,4119.5,83.1,15.43,34.6,255.0,52.0,58.3,30.0,40.4,10.4
T04597,2025-07-09 22:06:50,22,2,7,night,OP1022,EXC003,Excavator,Site Clearing,Rainy,Wet,Beginner,0.6,2465.7,61.1,9.67,31.9,115.7,35.1,43.9,91.2,138.6,47.4
T04598,2026-04-15 09:25:27,9,2,4,day,OP1028,GRD003,Grader,Earth Excavation,Sunny,Wet,Beginner,1.6,3512.2,79.6,9.22,30.4,79.3,43.8,57.2,68.8,100.4,31.6
T04599,2026-07-24 07:28:25,7,4,7,day,OP1007,EXC004,Excavator,Transfer,Rainy,Wet,Beginner,1.2,5043.5,46.0,6.92,27.1,102.8,32.4,94.9,34.4,49.7,15.3
T04600,2025-03-29 10:35:52,10,5,3,day,OP1054,EXC006,Excavator,Site Clearing,Cloudy,Clay,Intermediate,5.0,3203.8,71.7,9.38,24.1,107.3,31.3,74.8,79.2,89.1,9.9
T04601,2026-03-24 09:12:10,9,1,3,day,OP1055,DZR004,Dozer,Material Loading,Cloudy,Rocky,Expert,12.2,4143.2,66.4,14.48,26.4,158.9,35.5,42.2,43.6,46.0,2.4
T04602,2026-01-27 10:57:46,10,1,1,day,OP1030,GRD002,Grader,Transfer,Windy,Rocky,Intermediate,4.1,5914.2,77.5,10.95,20.9,185.0,6.7,17.2,37.4,31.4,-6.0
T04603,2025-06-28 13:33:47,13,5,6,day,OP1014,EXC002,Excavator,Transfer,Cloudy,Clay,Expert,21.2,1457.7,42.6,23.18,38.1,61.3,25.8,89.9,27.2,26.7,-0.5
T04604,2025-01-09 13:10:27,13,3,1,day,OP1038,DZR003,Dozer,Demolition,Cloudy,Wet,Beginner,2.4,2140.4,75.9,6.2,13.9,110.3,44.9,73.0,103.3,163.4,60.1
T04605,2025-03-13 08:29:05,8,3,3,day,OP1020,LDR001,Loader,Demolition,Cloudy,Dry,Intermediate,8.4,2143.7,38.9,11.67,19.5,114.6,27.9,91.3,90.6,96.3,5.7
T04606,2025-04-26 14:42:41,14,5,4,day,OP1003,EXC005,Excavator,Transfer,Sunny,Rocky,Expert,20.4,3630.5,71.1,8.64,30.6,170.5,5,61.5,31.1,30.6,-0.5
T04607,2025-09-19 15:46:57,15,4,9,day,OP1007,DZR003,Dozer,Foundation Digging,Rainy,Rocky,Beginner,1.2,3988.1,77.2,14.49,32.8,37.3,32.4,45.2,122.9,151.3,28.4
T04608,2025-03-10 07:18:52,7,0,3,day,OP1059,LDR005,Loader,Grading,Sunny,Wet,Expert,22.2,658.5,70.7,13.51,26.3,176.5,61.0,57.4,43.3,51.7,8.4
T04609,2026-02-07 13:54:01,13,5,2,day,OP1006,EXC002,Excavator,Trenching,Cloudy,Clay,Intermediate,3.3,3093.0,41.4,15.83,18.9,173.9,13.2,43.2,55.7,64.2,8.5
T04610,2026-02-05 10:38:57,10,3,2,day,OP1054,EXC005,Excavator,Demolition,Cloudy,Dry,Intermediate,5.0,5709.8,67.7,1.78,27.5,132.7,27.4,23.4,102.3,99.7,-2.6
T04611,2025-10-08 12:13:56,12,2,10,day,OP1032,BCK004,Backhoe,Material Loading,Foggy,Clay,Intermediate,3.9,2684.7,56.1,2.7,30.7,168.1,52.8,82.1,38.8,37.5,-1.3
T04612,2025-04-16 00:10:09,0,2,4,night,OP1044,LDR004,Loader,Earth Excavation,Cloudy,Wet,Beginner,1.1,2698.0,52.8,13.53,31.3,90.4,30.0,61.4,68.6,117.4,48.8
T04613,2026-02-20 19:36:18,19,4,2,night,OP1037,DZR002,Dozer,Site Clearing,Windy,Wet,Expert,24.1,5501.7,55.7,6.28,16.5,199.1,43.9,33.4,91.5,96.4,4.9
T04614,2025-07-23 13:27:07,13,2,7,day,OP1045,DZR001,Dozer,Transfer,Rainy,Rocky,Intermediate,6.5,2283.4,82.7,6.6,23.3,128.7,34.2,15.9,37.0,38.4,1.4
T04615,2026-02-02 14:57:39,14,0,2,day,OP1052,GRD001,Grader,Grading,Windy,Clay,Intermediate,5.8,5144.6,80.1,12.79,20.6,54.5,32.8,80.8,48.4,47.0,-1.4
T04616,2026-08-04 07:53:07,7,1,8,day,OP1048,LDR005,Loader,Trenching,Sunny,Dry,Beginner,2.2,4396.3,81.0,5.83,35.0,110.8,27.4,40.0,51.6,37.1,-14.5
T04617,2026-04-11 21:37:52,21,5,4,night,OP1002,GRD003,Grader,Site Clearing,Rainy,Wet,Expert,18.3,3486.8,83.6,13.04,31.3,287.7,48.3,58.9,97.0,116.0,19.0
T04618,2026-06-30 07:19:16,7,1,6,day,OP1028,BCK001,Backhoe,Earth Excavation,Sunny,Clay,Beginner,1.6,7023.9,75.7,11.89,36.4,162.7,45.2,82.2,75.3,96.3,21.0
T04619,2025-07-17 22:12:18,22,3,7,night,OP1051,GRD003,Grader,Foundation Digging,Cloudy,Loose,Expert,11.2,1530.5,92.1,6.12,24.2,212.6,26.4,86.4,81.1,78.8,-2.3
T04620,2025-01-20 06:35:28,6,0,1,day,OP1032,DZR004,Dozer,Earth Excavation,Cloudy,Dry,Intermediate,3.9,1018.0,82.7,6.41,9.1,95.4,33.0,42.6,59.7,70.1,10.4
T04621,2026-02-10 23:15:38,23,1,2,night,OP1015,EXC003,Excavator,Demolition,Cloudy,Dry,Beginner,0.6,4042.9,60.8,11.04,19.4,217.2,27.8,79.1,96.2,138.4,42.2
T04622,2025-04-24 11:05:59,11,3,4,day,OP1053,BCK004,Backhoe,Demolition,Cloudy,Wet,Intermediate,7.0,1465.3,55.1,11.5,27.1,147.8,47.3,38.9,103.3,126.5,23.2
T04623,2026-08-20 08:25:04,8,3,8,day,OP1046,LDR001,Loader,Foundation Digging,Rainy,Loose,Beginner,2.1,5976.1,52.9,12.04,26.8,37.9,42.0,68.4,102.3,142.8,40.5
T04624,2026-09-08 14:04:40,14,1,9,day,OP1017,EXC005,Excavator,Grading,Rainy,Clay,Expert,13.3,7280.4,77.5,15.92,33.6,98.0,20.4,33.0,57.4,61.6,4.2
T04625,2025-01-09 07:23:15,7,3,1,day,OP1060,LDR004,Loader,Trenching,Foggy,Loose,Expert,10.8,1992.1,78.4,9.93,11.4,201.9,34.6,82.6,53.9,55.8,1.9
T04626,2025-04-19 03:17:50,3,5,4,night,OP1044,BCK004,Backhoe,Grading,Cloudy,Clay,Beginner,1.1,1426.4,79.4,15.62,35.8,149.7,32.9,15.4,43.1,76.1,33.0
T04627,2025-07-09 15:03:10,15,2,7,day,OP1038,LDR004,Loader,Material Loading,Rainy,Wet,Beginner,2.4,3315.8,61.2,13.99,36.5,263.2,47.7,55.1,44.7,95.7,51.0
T04628,2025-12-19 12:27:41,12,4,12,day,OP1037,EXC003,Excavator,Grading,Windy,Loose,Expert,24.1,3652.7,66.9,8.38,18.7,146.6,41.8,114.9,42.6,56.6,14.0
T04629,2026-09-17 13:07:02,13,3,9,day,OP1048,LDR002,Loader,Site Clearing,Rainy,Wet,Beginner,2.2,4731.1,70.3,6.42,30.5,80.6,17.9,69.2,103.2,128.8,25.6
T04630,2025-07-10 23:45:34,23,3,7,night,OP1033,DZR003,Dozer,Foundation Digging,Cloudy,Dry,Expert,17.2,3472.2,65.6,9.26,31.1,51.6,32.3,64.5,80.3,89.0,8.7
T04631,2025-10-13 22:39:51,22,0,10,night,OP1006,BCK001,Backhoe,Demolition,Sunny,Rocky,Intermediate,3.3,5130.6,71.8,4.65,29.1,294.8,26.0,67.0,120.6,138.6,18.0
T04632,2025-07-07 09:52:54,9,0,7,day,OP1058,BCK001,Backhoe,Transfer,Cloudy,Wet,Intermediate,3.3,4411.3,73.0,9.38,30.0,129.1,32.7,23.7,30.3,39.1,8.8
T04633,2026-06-08 14:47:40,14,0,6,day,OP1004,EXC004,Excavator,Grading,Rainy,Dry,Intermediate,6.3,4710.0,46.9,6.53,30.8,205.0,30.0,54.4,50.6,53.2,2.6
T04634,2025-05-03 11:49:23,11,5,5,day,OP1022,GRD001,Grader,Foundation Digging,Sunny,Clay,Beginner,0.6,3136.2,87.4,7.04,46,147.7,31.0,49.9,84.6,148.5,63.9
T04635,2025-02-22 12:17:22,12,5,2,day,OP1023,DZR004,Dozer,Transfer,Sunny,Rocky,Beginner,2.1,1260.6,72.5,13.94,22.6,171.7,23.3,49.6,29.8,68.0,38.2
T04636,2025-03-20 07:11:47,7,3,3,day,OP1037,LDR005,Loader,Trenching,Rainy,Loose,Expert,24.1,731.5,30.1,11.41,27.5,137.3,55.1,75.4,60.9,68.2,7.3
T04637,2025-09-09 08:03:41,8,1,9,day,OP1015,GRD001,Grader,Material Loading,Rainy,Rocky,Beginner,0.6,4076.7,40.7,7.36,28.4,114.6,32.9,85.8,53.0,74.9,21.9
T04638,2026-08-03 15:55:32,15,0,8,day,OP1026,EXC001,Excavator,Foundation Digging,Rainy,Rocky,Beginner,2.3,6659.1,47.1,12.97,28.6,296.1,27.5,76.5,123.7,168.2,44.5
T04639,2025-04-14 08:49:31,8,0,4,day,OP1011,DZR004,Dozer,Site Clearing,Sunny,Dry,Intermediate,6.7,1631.9,79.3,9.32,32.0,42.0,35.9,62.8,68.0,87.5,19.5
T04640,2025-06-20 23:01:18,23,4,6,night,OP1020,BCK004,Backhoe,Site Clearing,Rainy,Wet,Intermediate,8.4,1885.0,57.8,9.81,33.7,107.8,16.0,96.1,90.1,116.8,26.7
T04641,2025-04-23 07:28:01,7,2,4,day,OP1029,EXC008,Excavator,Transfer,Windy,Loose,Intermediate,8.7,1203.2,70.8,4.57,35.4,70.4,30.9,24.5,26.4,39.7,13.3
T04642,2025-09-13 15:09:31,15,5,9,day,OP1058,EXC002,Excavator,Foundation Digging,Sunny,Rocky,Intermediate,3.3,2020.3,68.7,12.79,24.8,146.0,28.9,105.9,93.0,103.6,10.6
T04643,2026-04-20 15:41:33,15,0,4,day,OP1045,GRD003,Grader,Demolition,Sunny,Dry,Intermediate,6.5,3550.6,67.7,16.89,27.1,69.3,32.0,54.6,91.7,99.4,7.7
T04644,2025-02-11 14:56:58,14,1,2,day,OP1043,EXC004,Excavator,Earth Excavation,Cloudy,Clay,Expert,19.0,1191.4,52.2,7.77,21.7,95.5,5,45.8,65.7,59.9,-5.8
T04645,2026-09-19 01:43:56,1,5,9,night,OP1060,EXC004,Excavator,Foundation Digging,Windy,Wet,Expert,10.8,5457.9,81.2,13.08,30.9,140.2,38.1,31.3,101.2,112.6,11.4
T04646,2025-11-13 09:06:44,9,3,11,day,OP1055,DZR002,Dozer,Material Loading,Rainy,Dry,Expert,12.2,4775.8,50.2,14.82,26.8,128.7,26.0,38.5,43.4,45.1,1.7
T04647,2025-09-15 13:13:06,13,0,9,day,OP1016,EXC002,Excavator,Trenching,Rainy,Loose,Beginner,2.9,2034.3,64.8,5.71,32.4,97.1,44.9,19.7,57.5,65.5,8.0
T04648,2026-04-11 10:31:02,10,5,4,day,OP1057,DZR001,Dozer,Site Clearing,Sunny,Rocky,Beginner,2.8,4195.1,61.7,9.92,32.2,10,9.6,77.7,90.0,127.4,37.4
T04649,2025-03-27 20:35:56,20,3,3,night,OP1027,EXC005,Excavator,Earth Excavation,Cloudy,Loose,Intermediate,6.2,3413.3,85.1,11.08,33.6,114.3,26.5,38.9,65.0,56.9,-8.1
T04650,2025-10-25 10:43:11,10,5,10,day,OP1005,EXC002,Excavator,Trenching,Sunny,Dry,Expert,18.5,2325.5,70.6,24.43,27.7,153.5,36.2,35.8,48.0,47.2,-0.8
T04651,2026-03-03 09:49:39,9,1,3,day,OP1005,EXC008,Excavator,Material Loading,Sunny,Wet,Expert,18.5,3496.2,91.4,7.95,16.4,233.3,36.7,56.4,37.9,44.3,6.4
T04652,2025-12-24 13:22:35,13,2,12,day,OP1018,LDR003,Loader,Transfer,Windy,Clay,Expert,15.8,3480.8,77.4,8.13,17.7,93.8,21.0,71.3,28.9,28.2,-0.7
T04653,2026-01-09 10:04:17,10,4,1,day,OP1028,DZR004,Dozer,Site Clearing,Windy,Loose,Beginner,1.6,3603.2,51.0,10.67,12.6,274.5,54.6,50.4,81.5,145.9,64.4
T04654,2025-05-14 09:29:18,9,2,5,day,OP1011,EXC001,Excavator,Site Clearing,Sunny,Rocky,Intermediate,6.7,3401.4,68.7,6.76,31.1,242.2,24.6,44.8,87.4,102.7,15.3
T04655,2025-07-26 12:54:06,12,5,7,day,OP1003,DZR003,Dozer,Transfer,Rainy,Dry,Expert,20.4,3585.7,50.2,8.57,36.6,327.0,5,52.5,30.6,25.8,-4.8
T04656,2026-06-17 09:39:11,9,2,6,day,OP1022,LDR002,Loader,Transfer,Cloudy,Rocky,Beginner,0.6,4058.4,49.3,11.76,35.8,199.9,33.5,5,32.6,63.3,30.7
T04657,2025-11-27 03:19:08,3,3,11,night,OP1041,EXC007,Excavator,Transfer,Rainy,Dry,Intermediate,4.3,5772.8,76.0,10.52,22.3,117.2,5,43.1,33.3,38.0,4.7
T04658,2025-05-16 06:24:22,6,4,5,day,OP1050,EXC002,Excavator,Material Loading,Cloudy,Wet,Intermediate,7.7,1141.6,47.8,15.26,35.5,115.6,17.6,33.1,37.6,27.4,-10.2
T04659,2025-06-05 07:39:48,7,3,6,day,OP1030,LDR001,Loader,Site Clearing,Rainy,Dry,Intermediate,4.1,2756.6,68.1,12.9,29.8,64.7,12.2,35.2,78.7,84.6,5.9
T04660,2025-02-06 01:10:56,1,3,2,night,OP1009,LDR002,Loader,Earth Excavation,Windy,Loose,Intermediate,5.2,435.0,75.2,6.09,24.9,124.0,33.9,37.7,62.4,85.7,23.3
T04661,2026-03-08 01:57:13,1,6,3,night,OP1052,BCK001,Backhoe,Material Loading,Cloudy,Dry,Intermediate,5.8,6190.1,49.1,10.25,28.8,95.0,29.6,63.4,37.8,50.7,12.9
T04662,2026-02-05 10:20:19,10,3,2,day,OP1026,DZR004,Dozer,Site Clearing,Sunny,Clay,Beginner,2.3,3800.4,92.6,20.94,17.8,10,30.5,52.9,78.7,115.3,36.6
T04663,2025-07-01 06:15:40,6,1,7,day,OP1020,BCK002,Backhoe,Material Loading,Sunny,Clay,Intermediate,8.4,3968.0,52.6,13.68,27.8,117.3,17.5,47.7,37.3,47.8,10.5
T04664,2026-04-18 08:49:43,8,5,4,day,OP1010,EXC002,Excavator,Foundation Digging,Sunny,Rocky,Intermediate,8.6,3602.5,61.4,5.11,33.3,93.8,39.9,74.0,97.1,115.0,17.9
T04665,2025-05-27 07:43:32,7,1,5,day,OP1008,EXC006,Excavator,Demolition,Sunny,Rocky,Beginner,1.2,3633.6,49.4,13.09,33.1,223.3,26.2,81.5,114.1,146.3,32.2
T04666,2025-07-10 03:33:54,3,3,7,night,OP1011,LDR003,Loader,Demolition,Rainy,Loose,Intermediate,6.7,2258.8,80.4,8.09,28.8,185.7,31.0,67.3,108.4,131.0,22.6
T04667,2025-08-08 10:35:26,10,4,8,day,OP1011,DZR001,Dozer,Material Loading,Cloudy,Clay,Intermediate,6.7,2399.3,76.7,9.14,29.6,252.2,51.7,43.8,36.3,38.9,2.6
T04668,2025-12-29 15:42:20,15,0,12,day,OP1006,BCK002,Backhoe,Earth Excavation,Cloudy,Wet,Intermediate,3.3,5292.2,59.7,8.77,21.0,90.6,23.0,79.7,75.7,90.7,15.0
T04669,2025-02-12 21:30:44,21,2,2,night,OP1043,EXC005,Excavator,Transfer,Foggy,Rocky,Expert,19.0,3099.7,49.7,8.9,12.2,132.5,15.1,61.2,33.5,31.3,-2.2
T04670,2025-08-19 11:15:24,11,1,8,day,OP1049,DZR001,Dozer,Transfer,Cloudy,Wet,Beginner,0.8,2479.8,67.7,13.38,26.6,344.1,40.5,71.9,28.2,34.6,6.4
T04671,2026-07-31 14:49:07,14,4,7,day,OP1054,LDR003,Loader,Foundation Digging,Cloudy,Dry,Intermediate,5.0,5080.0,54.9,5.94,35.8,142.4,41.3,10.8,85.2,99.2,14.0
T04672,2025-05-30 10:30:26,10,4,5,day,OP1047,BCK003,Backhoe,Foundation Digging,Sunny,Rocky,Beginner,2.8,2411.5,66.7,1.66,37.4,223.6,34.2,51.6,93.0,110.5,17.5
T04673,2026-04-25 11:41:04,11,5,4,day,OP1004,BCK001,Backhoe,Earth Excavation,Sunny,Wet,Intermediate,6.3,6543.4,68.9,11.82,29.3,222.1,34.5,41.6,76.8,73.9,-2.9
T04674,2025-02-05 06:20:58,6,2,2,day,OP1015,EXC002,Excavator,Site Clearing,Rainy,Wet,Beginner,0.6,411.6,98,5.99,21.9,49.4,22.3,19.1,97.7,116.6,18.9
T04675,2026-02-02 06:44:16,6,0,2,day,OP1040,DZR003,Dozer,Grading,Rainy,Loose,Intermediate,8.2,4978.1,98,6.67,16.0,173.1,42.0,64.5,50.0,50.6,0.6
T04676,2025-03-10 22:22:12,22,0,3,night,OP1053,BCK001,Backhoe,Grading,Sunny,Loose,Intermediate,7.0,3546.4,79.2,12.5,25.2,148.2,38.4,64.2,41.6,41.7,0.1
T04677,2025-12-10 12:33:28,12,2,12,day,OP1018,LDR002,Loader,Trenching,Windy,Rocky,Expert,15.8,2679.6,46.5,10.89,17.1,182.1,14.5,71.0,64.7,67.5,2.8
T04678,2025-06-04 14:32:28,14,2,6,day,OP1047,EXC002,Excavator,Site Clearing,Rainy,Dry,Beginner,2.8,1282.8,83.4,18.8,35.4,66.9,24.1,67.1,85.2,131.0,45.8
T04679,2026-06-22 12:19:43,12,0,6,day,OP1051,GRD001,Grader,Foundation Digging,Windy,Dry,Expert,11.2,6165.8,79.6,11.37,30.8,95.8,36.4,27.6,93.4,93.6,0.2
T04680,2025-08-23 19:50:39,19,5,8,night,OP1054,EXC004,Excavator,Demolition,Rainy,Loose,Intermediate,5.0,2601.8,77.7,6.78,23.4,267.8,27.2,62.9,114.5,136.1,21.6
T04681,2026-08-17 08:03:33,8,0,8,day,OP1005,GRD002,Grader,Trenching,Cloudy,Dry,Expert,18.5,7387.9,95.8,8.78,25.4,73.3,47.8,53.5,59.1,70.4,11.3
T04682,2025-12-11 09:48:02,9,3,12,day,OP1040,BCK003,Backhoe,Foundation Digging,Sunny,Wet,Intermediate,8.2,3834.8,60.5,6.35,19.4,140.2,23.8,33.4,90.1,87.9,-2.2
T04683,2026-07-13 07:36:09,7,0,7,day,OP1055,BCK002,Backhoe,Grading,Foggy,Wet,Expert,12.2,6720.5,95.5,10.89,34.7,180.2,32.1,55.1,57.9,55.5,-2.4
T04684,2025-05-01 08:18:34,8,3,5,day,OP1045,LDR001,Loader,Site Clearing,Sunny,Rocky,Intermediate,6.5,2501.3,76.6,7.05,38.8,211.7,38.2,37.2,84.3,111.4,27.1
T04685,2025-10-03 12:55:48,12,4,10,day,OP1010,DZR002,Dozer,Earth Excavation,Sunny,Rocky,Intermediate,8.6,4477.7,51.6,9.86,27.4,271.9,34.7,50.0,77.6,103.3,25.7
T04686,2025-02-17 12:23:32,12,0,2,day,OP1049,BCK001,Backhoe,Site Clearing,Rainy,Rocky,Beginner,0.8,3390.0,60.1,10.76,13.9,186.6,42.9,35.2,107.6,162.7,55.1
T04687,2025-11-27 07:12:28,7,3,11,day,OP1028,EXC005,Excavator,Demolition,Sunny,Wet,Beginner,1.6,5197.8,96.6,11.11,16.2,92.2,52.5,62.1,111.1,174.1,63.0
T04688,2025-10-11 20:29:39,20,5,10,night,OP1010,GRD003,Grader,Foundation Digging,Foggy,Clay,Intermediate,8.6,2157.8,36.8,12.33,27.5,146.2,30.7,80.2,92.0,97.4,5.4
T04689,2025-02-17 11:33:21,11,0,2,day,OP1057,BCK002,Backhoe,Trenching,Windy,Loose,Beginner,2.8,2991.4,75.7,12.1,20.9,156.8,5,62.0,54.9,53.8,-1.1
T04690,2025-12-24 10:30:34,10,2,12,day,OP1040,DZR004,Dozer,Trenching,Cloudy,Clay,Intermediate,8.2,3486.6,74.4,7.36,13.3,233.4,31.5,57.5,56.5,69.5,13.0
T04691,2025-01-24 07:01:56,7,4,1,day,OP1014,EXC001,Excavator,Site Clearing,Rainy,Wet,Expert,21.2,2597.6,74.4,20.16,12.7,226.2,24.8,73.7,94.6,98.6,4.0
T04692,2026-01-03 11:24:08,11,5,1,day,OP1009,DZR001,Dozer,Site Clearing,Sunny,Rocky,Intermediate,5.2,3479.9,82.5,8.63,18.8,179.9,18.3,82.7,87.6,95.5,7.9
T04693,2025-12-13 00:44:59,0,5,12,night,OP1007,LDR004,Loader,Demolition,Sunny,Clay,Beginner,1.2,4457.5,50.9,11.7,16.8,118.7,18.2,48.8,104.4,137.3,32.9
T04694,2025-07-29 06:54:57,6,1,7,day,OP1058,EXC007,Excavator,Demolition,Rainy,Dry,Intermediate,3.3,4890.6,48.8,12.34,34.9,92.5,28.0,85.3,119.6,142.8,23.2
T04695,2025-09-17 22:52:28,22,2,9,night,OP1027,BCK001,Backhoe,Trenching,Rainy,Wet,Intermediate,6.2,4940.8,70.9,12.82,33.4,159.4,37.5,92.7,70.6,86.2,15.6
T04696,2026-02-04 12:07:46,12,2,2,day,OP1048,GRD001,Grader,Site Clearing,Cloudy,Loose,Beginner,2.2,5158.4,92.8,16.82,20.6,182.9,30.9,65.0,81.4,96.0,14.6
T04697,2025-09-12 12:42:11,12,4,9,day,OP1008,DZR001,Dozer,Foundation Digging,Cloudy,Dry,Beginner,1.2,2655.4,80.2,11.38,30.3,96.2,50.8,102.7,77.7,102.7,25.0
T04698,2025-09-04 15:04:12,15,3,9,day,OP1020,BCK001,Backhoe,Demolition,Rainy,Wet,Intermediate,8.4,4843.6,75.6,11.47,31.6,57.4,25.3,31.4,133.7,162.0,28.3
T04699,2026-07-13 09:00:51,9,0,7,day,OP1045,LDR002,Loader,Earth Excavation,Foggy,Dry,Intermediate,6.5,4248.0,86.2,15.88,35.9,86.7,33.6,101.2,70.4,88.0,17.6
T04700,2025-05-17 02:18:08,2,5,5,night,OP1005,LDR003,Loader,Transfer,Cloudy,Loose,Expert,18.5,1864.2,78.7,19.09,41.8,142.4,34.3,51.9,26.0,29.9,3.9
T04701,2025-05-06 21:59:44,21,1,5,night,OP1040,BCK002,Backhoe,Demolition,Rainy,Wet,Intermediate,8.2,3564.0,58.1,5.12,30.8,191.2,30.5,32.2,126.2,155.3,29.1
T04702,2025-05-04 01:54:12,1,6,5,night,OP1011,BCK004,Backhoe,Foundation Digging,Cloudy,Loose,Intermediate,6.7,1535.5,40.3,14.11,40.3,72.4,42.6,47.6,81.1,98.6,17.5
T04703,2025-03-19 13:21:40,13,2,3,day,OP1030,GRD003,Grader,Foundation Digging,Windy,Clay,Intermediate,4.1,651.8,70.4,3.73,18.3,10,27.9,67.9,89.1,99.0,9.9
T04704,2025-04-23 12:51:23,12,2,4,day,OP1002,EXC001,Excavator,Material Loading,Sunny,Dry,Expert,18.3,3249.1,66.0,12.06,38.0,155.2,19.0,47.5,33.0,34.9,1.9
T04705,2026-02-14 02:40:39,2,5,2,night,OP1048,LDR002,Loader,Transfer,Sunny,Clay,Beginner,2.2,3158.4,80.7,8.74,23.9,81.5,32.2,58.4,27.1,34.3,7.2
T04706,2026-06-09 15:36:41,15,1,6,day,OP1024,DZR002,Dozer,Demolition,Rainy,Rocky,Beginner,1.5,6296.2,85.5,17.31,31.5,124.8,10.8,64.0,158.4,185.9,27.5
T04707,2026-09-16 11:46:47,11,2,9,day,OP1010,EXC006,Excavator,Transfer,Windy,Rocky,Intermediate,8.6,7117.0,83.7,8.51,27.5,152.7,26.6,9.0,38.6,30.5,-8.1
T04708,2026-08-03 11:30:36,11,0,8,day,OP1025,EXC008,Excavator,Demolition,Rainy,Rocky,Expert,17.0,4613.6,85.9,5.5,29.1,142.8,44.0,30.6,142.0,144.3,2.3
T04709,2025-02-28 08:11:42,8,4,2,day,OP1032,DZR002,Dozer,Trenching,Cloudy,Dry,Intermediate,3.9,2892.2,77.2,3.32,18.7,121.9,51.2,53.5,50.2,58.9,8.7
T04710,2025-01-07 08:06:39,8,1,1,day,OP1015,BCK003,Backhoe,Earth Excavation,Sunny,Rocky,Beginner,0.6,1366.8,70.6,25.14,14.6,111.1,30.1,73.0,71.9,114.6,42.7
T04711,2025-10-05 00:45:38,0,6,10,night,OP1032,LDR003,Loader,Transfer,Windy,Rocky,Intermediate,3.9,2893.0,83.6,7.12,24.6,231.5,49.5,19.1,31.8,46.6,14.8
T04712,2025-09-22 09:27:54,9,0,9,day,OP1002,EXC008,Excavator,Site Clearing,Sunny,Rocky,Expert,18.3,2313.5,81.8,6.04,26.2,132.6,36.9,73.8,84.3,85.1,0.8
T04713,2026-03-18 08:09:37,8,2,3,day,OP1026,LDR004,Loader,Trenching,Cloudy,Wet,Beginner,2.3,5153.3,98,7.2,31.3,96.3,29.1,43.2,62.3,90.8,28.5
T04714,2026-02-16 11:28:03,11,0,2,day,OP1014,LDR002,Loader,Transfer,Cloudy,Rocky,Expert,21.2,3175.7,71.5,6.24,29.7,140.6,33.8,36.3,31.5,24.9,-6.6
T04715,2026-08-30 02:46:45,2,6,8,night,OP1017,LDR005,Loader,Trenching,Cloudy,Loose,Expert,13.3,4584.5,79.7,11.67,29.8,155.5,29.7,81.3,56.2,64.1,7.9
T04716,2026-06-13 14:47:14,14,5,6,day,OP1050,BCK001,Backhoe,Material Loading,Sunny,Rocky,Intermediate,7.7,6902.1,87.5,16.63,30.3,121.3,34.1,36.3,46.7,62.4,15.7
T04717,2025-10-27 13:55:21,13,0,10,day,OP1023,EXC006,Excavator,Grading,Windy,Dry,Beginner,2.1,4752.4,58.6,17.86,26.0,211.6,30.7,33.0,43.4,62.9,19.5
T04718,2026-02-14 22:41:16,22,5,2,night,OP1058,GRD003,Grader,Trenching,Cloudy,Rocky,Intermediate,3.3,3078.3,58.3,13.21,19.7,79.4,42.8,56.3,62.7,73.6,10.9
T04719,2025-01-22 06:58:49,6,2,1,day,OP1058,LDR001,Loader,Foundation Digging,Sunny,Clay,Intermediate,3.3,1778.2,43.3,11.02,20.5,110.2,38.7,85.3,82.5,108.2,25.7
T04720,2025-09-16 06:50:45,6,1,9,day,OP1002,GRD002,Grader,Demolition,Rainy,Rocky,Expert,18.3,4942.1,64.4,14.0,20.9,184.5,26.5,41.1,144.5,147.8,3.3
T04721,2025-11-24 18:24:42,18,0,11,night,OP1053,DZR002,Dozer,Earth Excavation,Windy,Wet,Intermediate,7.0,4859.0,76.4,16.9,25.6,97.3,35.6,32.9,76.1,76.2,0.1
T04722,2026-02-10 18:55:12,18,1,2,night,OP1029,EXC006,Excavator,Grading,Sunny,Clay,Intermediate,8.7,5527.7,57.7,8.07,11.0,92.8,42.4,75.9,46.9,56.8,9.9
T04723,2026-07-15 15:02:26,15,2,7,day,OP1046,GRD003,Grader,Earth Excavation,Windy,Rocky,Beginner,2.1,4178.2,46.7,3.66,31.9,53.2,50.5,59.4,85.4,131.5,46.1
T04724,2026-08-03 21:57:56,21,0,8,night,OP1028,DZR003,Dozer,Grading,Rainy,Rocky,Beginner,1.6,6311.4,56.2,10.41,27.6,228.4,54.1,57.3,67.0,90.1,23.1
T04725,2025-01-14 13:11:11,13,1,1,day,OP1008,LDR004,Loader,Material Loading,Sunny,Wet,Beginner,1.2,2030.4,98,11.83,11.8,218.8,27.9,94.9,36.5,55.6,19.1
T04726,2025-10-16 14:47:48,14,3,10,day,OP1034,BCK001,Backhoe,Material Loading,Windy,Loose,Beginner,1.3,5150.1,67.1,6.8,27.7,210.6,21.0,71.2,42.0,68.0,26.0
T04727,2025-08-08 10:11:12,10,4,8,day,OP1017,GRD002,Grader,Trenching,Windy,Clay,Expert,13.3,4658.4,57.6,7.75,29.4,82.2,22.6,41.8,62.3,62.7,0.4
T04728,2026-05-16 02:58:35,2,5,5,night,OP1034,EXC007,Excavator,Material Loading,Sunny,Clay,Beginner,1.3,7013.7,75.4,17.67,35.2,211.9,18.1,71.6,41.6,34.1,-7.5
T04729,2025-11-04 09:40:58,9,1,11,day,OP1040,EXC001,Excavator,Transfer,Sunny,Clay,Intermediate,8.2,4671.6,96.9,6.78,23.0,135.6,27.0,40.8,28.7,57.1,28.4
T04730,2026-09-08 01:46:55,1,1,9,night,OP1047,EXC008,Excavator,Earth Excavation,Rainy,Rocky,Beginner,2.8,4873.4,94.1,17.57,28.5,194.5,28.8,27.5,95.5,116.9,21.4
T04731,2026-04-18 15:26:26,15,5,4,day,OP1030,GRD003,Grader,Foundation Digging,Sunny,Clay,Intermediate,4.1,3536.0,70.2,9.84,32.9,146.6,8.3,25.2,85.9,70.8,-15.1
T04732,2026-04-06 07:59:20,7,0,4,day,OP1057,BCK002,Backhoe,Site Clearing,Foggy,Dry,Beginner,2.8,6005.2,45.0,5.39,34.2,183.5,9.5,35.8,86.9,109.6,22.7
T04733,2026-03-12 18:47:46,18,3,3,night,OP1021,LDR001,Loader,Material Loading,Sunny,Dry,Intermediate,4.3,4804.0,50.6,12.37,31.6,188.3,41.6,37.0,34.9,45.8,10.9
T04734,2026-07-11 20:00:43,20,5,7,night,OP1060,LDR001,Loader,Demolition,Rainy,Wet,Expert,10.8,5687.7,76.9,14.86,36.0,208.5,10.8,79.9,129.3,127.0,-2.3
T04735,2026-09-16 15:26:11,15,2,9,day,OP1033,LDR004,Loader,Earth Excavation,Cloudy,Clay,Expert,17.2,6484.1,98,14.5,30.4,203.2,37.5,22.0,76.2,82.8,6.6
T04736,2025-11-18 09:18:20,9,1,11,day,OP1053,LDR001,Loader,Demolition,Cloudy,Loose,Intermediate,7.0,3968.9,90.7,10.69,24.9,207.6,33.9,40.1,100.8,132.8,32.0
T04737,2026-06-13 03:32:57,3,5,6,night,OP1049,BCK002,Backhoe,Foundation Digging,Sunny,Clay,Beginner,0.8,6500.3,55.9,14.29,37.2,148.2,46.4,63.2,95.7,142.1,46.4
T04738,2025-06-26 14:20:07,14,3,6,day,OP1045,EXC003,Excavator,Demolition,Rainy,Rocky,Intermediate,6.5,2368.4,74.2,11.03,35.7,86.6,31.7,79.0,127.7,130.4,2.7
T04739,2025-02-24 13:15:17,13,0,2,day,OP1037,LDR005,Loader,Site Clearing,Sunny,Clay,Expert,24.1,558.1,79.6,5.7,28.3,22.2,47.0,59.3,74.8,79.3,4.5
T04740,2025-12-10 13:52:18,13,2,12,day,OP1043,GRD001,Grader,Trenching,Foggy,Clay,Expert,19.0,4750.1,60.9,11.47,13.8,129.8,18.2,48.1,67.2,66.5,-0.7
T04741,2026-09-12 12:52:02,12,5,9,day,OP1015,EXC008,Excavator,Material Loading,Rainy,Dry,Beginner,0.6,4906.0,66.0,9.03,28.7,130.1,23.6,38.6,40.0,40.2,0.2
T04742,2026-05-28 03:12:38,3,3,5,night,OP1032,EXC003,Excavator,Demolition,Cloudy,Rocky,Intermediate,3.9,4817.9,63.9,13.96,41.7,255.4,55.9,88.1,122.8,159.6,36.8
T04743,2025-09-11 14:26:38,14,3,9,day,OP1025,LDR005,Loader,Material Loading,Cloudy,Rocky,Expert,17.0,2011.2,68.1,11.04,33.9,12.0,50.4,44.6,40.9,41.5,0.6
T04744,2025-12-15 09:26:39,9,0,12,day,OP1038,EXC007,Excavator,Transfer,Cloudy,Dry,Beginner,2.4,5906.0,51.7,6.12,19.5,227.6,27.9,48.2,28.1,14.0,-14.1
T04745,2025-03-24 07:40:38,7,0,3,day,OP1053,LDR003,Loader,Earth Excavation,Sunny,Clay,Intermediate,7.0,1471.6,52.7,9.6,33.1,173.4,42.1,75.2,63.8,64.1,0.3
T04746,2026-07-30 07:00:28,7,3,7,day,OP1034,LDR004,Loader,Foundation Digging,Rainy,Clay,Beginner,1.3,6131.1,67.8,11.98,24.6,176.7,20.1,88.8,108.8,116.7,7.9
T04747,2025-11-03 20:44:56,20,0,11,night,OP1044,EXC007,Excavator,Earth Excavation,Cloudy,Rocky,Beginner,1.1,5602.9,76.3,4.23,22.9,65.8,48.6,5,83.3,104.0,20.7
T04748,2026-07-16 10:14:16,10,3,7,day,OP1020,BCK001,Backhoe,Trenching,Cloudy,Dry,Intermediate,8.4,7141.6,53.7,6.23,29.5,10,21.9,74.0,58.6,74.5,15.9
T04749,2026-07-21 22:25:51,22,1,7,night,OP1045,LDR002,Loader,Demolition,Windy,Wet,Intermediate,6.5,4310.5,60.6,5.48,29.2,111.0,26.6,28.4,114.8,145.1,30.3
T04750,2025-11-12 07:06:41,7,2,11,day,OP1013,EXC001,Excavator,Material Loading,Cloudy,Clay,Expert,18.9,4729.2,66.5,18.35,23.2,163.8,9.6,15.2,39.5,38.3,-1.2
T04751,2025-02-10 23:06:15,23,0,2,night,OP1024,BCK001,Backhoe,Material Loading,Sunny,Clay,Beginner,1.5,3342.2,71.5,20.03,17.9,319.4,27.7,80.2,36.4,77.0,40.6
T04752,2025-02-15 22:49:09,22,5,2,night,OP1050,EXC001,Excavator,Foundation Digging,Rainy,Rocky,Intermediate,7.7,2763.0,87.1,16.29,25.1,270.0,29.5,89.9,117.9,139.5,21.6
T04753,2026-03-31 23:44:34,23,1,3,night,OP1029,GRD002,Grader,Demolition,Cloudy,Rocky,Intermediate,8.7,6378.0,73.4,5.57,32.0,154.3,40.5,53.7,129.8,161.4,31.6
T04754,2025-04-17 14:43:20,14,3,4,day,OP1041,BCK001,Backhoe,Demolition,Rainy,Clay,Intermediate,4.3,3821.5,98,18.08,37.6,252.5,6.7,77.2,116.2,125.2,9.0
T04755,2025-09-18 15:11:56,15,3,9,day,OP1007,DZR003,Dozer,Earth Excavation,Sunny,Loose,Beginner,1.2,3980.6,87.9,11.01,34.3,266.6,32.9,71.2,64.5,90.2,25.7
T04756,2025-03-14 15:23:01,15,4,3,day,OP1033,EXC007,Excavator,Trenching,Sunny,Loose,Expert,17.2,3893.1,50.2,7.73,24.1,231.6,28.7,34.1,53.2,45.0,-8.2
T04757,2025-07-04 02:40:25,2,4,7,night,OP1023,LDR005,Loader,Site Clearing,Windy,Rocky,Beginner,2.1,1503.9,76.4,12.09,34.0,49.9,27.0,88.3,90.3,127.1,36.8
T04758,2026-09-16 23:25:32,23,2,9,night,OP1015,LDR001,Loader,Foundation Digging,Sunny,Rocky,Beginner,0.6,6177.8,65.4,16.82,29.5,228.3,29.3,77.5,106.7,164.7,58.0
T04759,2025-08-04 09:41:50,9,0,8,day,OP1011,LDR004,Loader,Earth Excavation,Cloudy,Wet,Intermediate,6.7,3503.9,77.7,10.53,30.3,130.9,28.1,88.7,70.8,80.3,9.5
T04760,2026-01-02 23:58:38,23,4,1,night,OP1013,LDR002,Loader,Grading,Windy,Dry,Expert,18.9,2851.0,81.0,14.96,15.0,162.2,20.9,23.3,43.0,44.0,1.0
T04761,2025-07-17 18:36:26,18,3,7,night,OP1057,LDR004,Loader,Earth Excavation,Cloudy,Clay,Beginner,2.8,3375.2,86.2,11.45,41.6,87.0,7.6,22.9,68.0,103.4,35.4
T04762,2026-01-10 23:59:13,23,5,1,night,OP1054,DZR001,Dozer,Foundation Digging,Cloudy,Clay,Intermediate,5.0,3534.9,66.8,8.19,14.1,18.6,41.0,68.2,88.5,114.6,26.1
T04763,2025-10-29 10:57:10,10,2,10,day,OP1007,EXC006,Excavator,Trenching,Cloudy,Wet,Beginner,1.2,4766.1,43.2,12.53,23.9,168.2,44.1,81.1,61.5,62.3,0.8
T04764,2025-10-09 21:52:04,21,3,10,night,OP1044,EXC002,Excavator,Trenching,Windy,Clay,Beginner,1.1,2212.1,85.1,20.73,30.1,92.2,25.0,66.6,56.7,56.4,-0.3
T04765,2025-05-26 18:35:18,18,0,5,night,OP1038,DZR004,Dozer,Material Loading,Sunny,Rocky,Beginner,2.4,1941.4,55.3,5.12,46,10,48.3,51.8,39.7,78.7,39.0
T04766,2025-11-03 07:03:17,7,0,11,day,OP1048,BCK001,Backhoe,Material Loading,Sunny,Loose,Beginner,2.2,5279.1,81.5,10.09,22.9,211.4,34.3,89.0,37.3,49.1,11.8
T04767,2025-10-03 09:36:30,9,4,10,day,OP1031,LDR004,Loader,Material Loading,Rainy,Loose,Expert,22.8,3941.9,86.8,14.79,23.9,308.7,15.0,61.8,43.9,40.6,-3.3
T04768,2026-06-06 06:19:47,6,5,6,day,OP1059,DZR003,Dozer,Material Loading,Sunny,Wet,Expert,22.2,5883.2,47.1,11.16,34.4,285.7,59.9,25.1,41.4,49.0,7.6
T04769,2026-05-08 21:02:36,21,4,5,night,OP1009,GRD003,Grader,Demolition,Rainy,Wet,Intermediate,5.2,3683.7,94.9,5.23,41.4,166.5,30.5,86.6,130.4,150.3,19.9
T04770,2026-07-21 01:45:50,1,1,7,night,OP1043,BCK004,Backhoe,Foundation Digging,Rainy,Clay,Expert,19.0,4769.3,69.5,13.08,36.2,55.3,24.1,27.8,104.2,110.4,6.2
T04771,2025-06-05 07:03:46,7,3,6,day,OP1059,BCK001,Backhoe,Transfer,Sunny,Loose,Expert,22.2,4176.8,62.8,11.06,40.8,164.9,62,74.6,26.9,32.8,5.9
T04772,2025-10-30 14:35:24,14,3,10,day,OP1008,LDR003,Loader,Transfer,Sunny,Rocky,Beginner,1.2,3079.7,66.6,8.22,30.4,204.4,23.1,74.5,30.5,60.3,29.8
T04773,2025-09-06 01:08:16,1,5,9,night,OP1003,LDR002,Loader,Earth Excavation,Sunny,Dry,Expert,20.4,1982.6,61.9,12.28,25.4,180.7,5.1,51.3,58.0,57.7,-0.3
T04774,2026-01-22 02:47:26,2,3,1,night,OP1005,GRD003,Grader,Transfer,Sunny,Wet,Expert,18.5,2904.3,67.3,12.66,16.3,180.9,41.9,15.0,27.8,35.2,7.4
T04775,2026-05-11 08:08:48,8,0,5,day,OP1050,GRD002,Grader,Demolition,Sunny,Wet,Intermediate,7.7,6672.6,67.9,7.34,41.3,56.9,31.0,33.3,117.1,140.1,23.0
T04776,2026-07-14 08:29:39,8,1,7,day,OP1045,LDR002,Loader,Site Clearing,Rainy,Rocky,Intermediate,6.5,4255.2,65.3,5.93,29.4,60.4,25.4,20.6,110.1,127.1,17.0
T04777,2026-04-06 20:06:29,20,0,4,night,OP1037,EXC008,Excavator,Grading,Cloudy,Rocky,Expert,24.1,3747.5,70.6,9.5,33.1,199.4,49.1,75.6,51.0,58.0,7.0
T04778,2025-09-08 19:33:46,19,0,9,night,OP1024,BCK001,Backhoe,Site Clearing,Rainy,Dry,Beginner,1.5,4874.1,69.9,16.18,31.9,218.9,14.8,52.4,87.2,125.9,38.7
T04779,2025-06-23 15:55:37,15,0,6,day,OP1014,EXC005,Excavator,Foundation Digging,Windy,Dry,Expert,21.2,4054.3,63.7,16.03,29.6,115.6,22.0,13.4,87.8,86.7,-1.1
T04780,2025-11-15 08:57:21,8,5,11,day,OP1013,EXC004,Excavator,Material Loading,Sunny,Dry,Expert,18.9,3211.7,74.3,16.59,24.1,178.9,10.5,11.1,32.9,31.3,-1.6
T04781,2025-04-10 13:56:44,13,3,4,day,OP1051,LDR003,Loader,Demolition,Sunny,Wet,Expert,11.2,1597.6,43.8,10.41,34.0,68.0,43.2,84.2,100.3,108.0,7.7
T04782,2025-08-16 08:22:25,8,5,8,day,OP1030,EXC002,Excavator,Earth Excavation,Rainy,Rocky,Intermediate,4.1,1813.8,66.1,10.66,28.6,136.5,37.2,65.9,90.6,93.9,3.3
T04783,2026-03-01 02:39:07,2,6,3,night,OP1048,LDR005,Loader,Demolition,Cloudy,Rocky,Beginner,2.2,3255.9,85.4,16.13,16.6,202.5,24.0,26.4,115.8,139.4,23.6
T04784,2025-11-15 09:05:15,9,5,11,day,OP1041,EXC008,Excavator,Foundation Digging,Sunny,Clay,Intermediate,4.3,2707.5,85.2,9.73,22.7,273.5,9.1,53.6,83.2,84.5,1.3
T04785,2025-03-06 15:42:38,15,3,3,day,OP1060,EXC003,Excavator,Demolition,Cloudy,Rocky,Expert,10.8,1551.3,71.5,19.77,36.2,98.1,24.7,5,112.4,108.8,-3.6
T04786,2025-11-21 12:52:01,12,4,11,day,OP1008,BCK001,Backhoe,Demolition,Windy,Loose,Beginner,1.2,5412.3,68.2,2.03,19.8,248.4,29.3,72.7,105.2,135.6,30.4
T04787,2025-12-25 14:29:19,14,3,12,day,OP1044,EXC001,Excavator,Material Loading,Cloudy,Wet,Beginner,1.1,5045.4,66.0,16.07,15.4,264.2,32.0,44.3,41.4,50.9,9.5
T04788,2026-01-12 12:28:13,12,0,1,day,OP1013,GRD002,Grader,Earth Excavation,Sunny,Loose,Expert,18.9,5805.2,69.6,13.61,20.6,138.7,6.9,108.5,69.0,75.0,6.0
T04789,2025-04-24 08:16:29,8,3,4,day,OP1029,DZR003,Dozer,Grading,Sunny,Dry,Intermediate,8.7,2905.4,65.1,15.39,37.1,106.5,29.4,82.6,38.6,49.2,10.6
T04790,2026-08-01 23:23:44,23,5,8,night,OP1044,GRD001,Grader,Demolition,Rainy,Rocky,Beginner,1.1,6461.2,78.2,7.87,30.1,152.9,33.6,42.8,149.9,215.7,65.8
T04791,2026-09-19 19:59:09,19,5,9,night,OP1034,EXC004,Excavator,Site Clearing,Rainy,Loose,Beginner,1.3,5463.5,84.7,0,31.9,239.8,5,21.8,95.1,107.0,11.9
T04792,2026-06-29 11:04:13,11,0,6,day,OP1009,DZR004,Dozer,Material Loading,Cloudy,Loose,Intermediate,5.2,4851.8,88.2,7.43,35.6,44.5,21.3,53.8,37.9,47.2,9.3
T04793,2026-08-03 06:21:30,6,0,8,day,OP1032,GRD001,Grader,Material Loading,Foggy,Clay,Intermediate,3.9,6470.6,62.9,0,29.4,137.0,34.6,62.4,46.7,58.7,12.0
T04794,2026-06-13 11:41:44,11,5,6,day,OP1027,BCK001,Backhoe,Trenching,Rainy,Wet,Intermediate,6.2,6901.1,62.7,11.0,35.8,162.1,32.0,94.3,78.1,90.3,12.2
T04795,2026-09-11 23:55:14,23,4,9,night,OP1042,EXC006,Excavator,Earth Excavation,Foggy,Dry,Beginner,1.3,7084.2,68.3,14.1,33.6,234.3,30.3,78.2,76.4,121.7,45.3
T04796,2026-02-19 06:41:35,6,3,2,day,OP1031,BCK004,Backhoe,Trenching,Rainy,Dry,Expert,22.8,3661.2,45.5,17.73,22.6,185.0,18.2,54.5,62.1,57.8,-4.3
T04797,2025-11-12 09:29:00,9,2,11,day,OP1030,GRD003,Grader,Earth Excavation,Sunny,Loose,Intermediate,4.1,2388.1,74.7,14.54,22.1,62.0,16.2,30.6,60.9,87.3,26.4
T04798,2025-10-03 15:20:17,15,4,10,day,OP1002,LDR004,Loader,Site Clearing,Windy,Wet,Expert,18.3,3943.6,82.8,17.71,29.6,153.7,27.6,30.7,89.6,92.4,2.8
T04799,2025-06-17 01:35:32,1,1,6,night,OP1053,LDR001,Loader,Transfer,Cloudy,Clay,Intermediate,7.0,2842.4,89.0,8.96,36.2,164.7,30.1,93.5,27.6,36.3,8.7
T04800,2025-07-28 06:22:04,6,0,7,day,OP1036,LDR002,Loader,Demolition,Cloudy,Dry,Intermediate,3.3,1692.2,78.4,17.75,38.4,220.0,14.8,63.2,90.6,99.1,8.5
T04801,2026-05-04 10:37:33,10,0,5,day,OP1015,EXC003,Excavator,Site Clearing,Cloudy,Clay,Beginner,0.6,4644.9,36.9,12.36,46,123.7,28.8,55.0,83.7,114.9,31.2
T04802,2025-10-15 15:32:00,15,2,10,day,OP1048,EXC008,Excavator,Transfer,Sunny,Dry,Beginner,2.2,2483.2,83.1,10.24,30.4,59.3,21.3,91.5,24.0,46.7,22.7
T04803,2025-10-21 08:55:25,8,1,10,day,OP1028,GRD001,Grader,Material Loading,Foggy,Dry,Beginner,1.6,4383.6,72.9,15.1,27.9,80.2,41.8,44.1,37.3,62.4,25.1
T04804,2025-10-01 01:43:21,1,2,10,night,OP1037,LDR004,Loader,Transfer,Cloudy,Rocky,Expert,24.1,3924.9,74.5,9.14,32.5,157.9,44.9,61.5,32.4,28.4,-4.0
T04805,2025-12-09 14:51:27,14,1,12,day,OP1045,EXC004,Excavator,Material Loading,Rainy,Rocky,Intermediate,6.5,3388.7,91.2,13.65,10.0,55.0,29.0,96.7,47.7,49.9,2.2
T04806,2025-01-11 14:33:30,14,5,1,day,OP1044,LDR004,Loader,Earth Excavation,Sunny,Loose,Beginner,1.1,2008.9,67.4,13.82,13.6,93.4,29.9,52.8,60.9,75.9,15.0
T04807,2025-03-22 06:38:12,6,5,3,day,OP1031,DZR002,Dozer,Site Clearing,Rainy,Dry,Expert,22.8,3052.3,69.1,8.04,27.8,24.8,24.5,82.6,86.8,82.2,-4.6
T04808,2025-01-11 08:34:16,8,5,1,day,OP1032,DZR002,Dozer,Site Clearing,Foggy,Rocky,Intermediate,3.9,2541.9,66.9,8.19,13.8,98.6,56.3,66.0,98.8,117.0,18.2
T04809,2026-02-17 07:56:30,7,1,2,day,OP1038,DZR002,Dozer,Foundation Digging,Cloudy,Rocky,Beginner,2.4,5476.3,42.2,14.03,21.1,77.6,20.2,36.9,107.2,134.1,26.9
T04810,2025-07-10 07:44:33,7,3,7,day,OP1038,LDR004,Loader,Foundation Digging,Cloudy,Dry,Beginner,2.4,3320.8,74.4,13.64,30.0,56.7,31.2,90.9,79.8,108.8,29.0
T04811,2025-07-24 15:21:51,15,3,7,day,OP1022,EXC008,Excavator,Trenching,Cloudy,Dry,Beginner,0.6,1877.2,52.9,14.21,36.1,155.8,17.1,27.9,49.4,65.5,16.1
T04812,2026-04-14 09:32:15,9,1,4,day,OP1060,BCK004,Backhoe,Material Loading,Sunny,Rocky,Expert,10.8,4056.3,51.1,10.18,35.0,52.6,29.8,52.9,42.2,40.7,-1.5
T04813,2026-01-20 03:50:55,3,1,1,night,OP1012,EXC008,Excavator,Trenching,Cloudy,Wet,Beginner,1.4,3187.7,42.9,10.92,22.1,10,51.9,53.0,57.9,78.8,20.9
T04814,2025-09-05 07:15:35,7,4,9,day,OP1017,BCK001,Backhoe,Foundation Digging,Sunny,Loose,Expert,13.3,4848.5,75.6,16.45,33.2,154.9,20.4,50.8,86.1,87.1,1.0
T04815,2025-03-17 12:59:10,12,0,3,day,OP1007,LDR001,Loader,Earth Excavation,Rainy,Loose,Beginner,1.2,2174.2,84.4,13.43,26.3,232.6,46.4,23.6,72.2,90.0,17.8
T04816,2026-07-16 19:19:59,19,3,7,night,OP1041,EXC003,Excavator,Transfer,Cloudy,Dry,Intermediate,4.3,5180.5,53.4,4.33,31.3,77.7,16.2,79.5,27.4,29.7,2.3
T04817,2026-04-18 06:59:12,6,5,4,day,OP1026,EXC003,Excavator,Demolition,Cloudy,Wet,Beginner,2.3,4527.0,53.0,8.0,36.1,49.8,26.4,65.9,111.7,169.2,57.5
T04818,2025-05-30 10:19:06,10,4,5,day,OP1016,BCK004,Backhoe,Demolition,Windy,Dry,Beginner,2.9,1727.8,46.4,15.08,42.2,272.6,41.6,30.5,95.2,131.2,36.0
T04819,2026-01-09 02:39:13,2,4,1,night,OP1008,DZR002,Dozer,Material Loading,Cloudy,Wet,Beginner,1.2,5190.0,73.6,7.7,20.0,118.1,34.1,55.2,41.6,56.0,14.4
T04820,2025-03-18 10:17:17,10,1,3,day,OP1031,EXC003,Excavator,Demolition,Sunny,Wet,Expert,22.8,1637.2,74.5,8.73,34.7,178.4,34.5,68.0,100.3,106.9,6.6
T04821,2025-11-03 10:29:43,10,0,11,day,OP1050,BCK001,Backhoe,Earth Excavation,Rainy,Dry,Intermediate,7.7,5280.2,62.3,6.69,30.4,204.2,23.1,45.4,77.7,87.4,9.7
T04822,2025-01-22 10:56:11,10,2,1,day,OP1006,EXC002,Excavator,Trenching,Cloudy,Wet,Intermediate,3.3,310.8,67.1,12.28,23.4,133.2,22.6,65.7,56.4,67.0,10.6
T04823,2026-01-31 07:14:20,7,5,1,day,OP1032,LDR003,Loader,Grading,Cloudy,Clay,Intermediate,3.9,3756.4,66.2,9.66,21.6,223.9,32.7,70.9,45.2,51.7,6.5
T04824,2026-03-21 18:43:48,18,5,3,night,OP1022,DZR003,Dozer,Earth Excavation,Cloudy,Wet,Beginner,0.6,5324.9,95.2,11.43,26.3,242.9,32.6,83.8,75.8,91.7,15.9
T04825,2026-08-15 06:55:33,6,5,8,day,OP1045,EXC004,Excavator,Demolition,Sunny,Dry,Intermediate,6.5,5204.0,46.7,7.14,32.9,49.1,32.2,69.8,97.5,116.4,18.9
T04826,2025-10-18 13:58:21,13,5,10,day,OP1030,EXC003,Excavator,Earth Excavation,Sunny,Wet,Intermediate,4.1,3200.5,98,15.43,27.9,160.9,28.2,96.9,68.0,85.3,17.3
T04827,2026-04-09 14:51:02,14,3,4,day,OP1007,LDR001,Loader,Transfer,Rainy,Clay,Beginner,1.2,5007.2,68.8,10.9,29.6,179.5,30.0,113.1,35.5,67.3,31.8
T04828,2025-11-26 00:05:39,0,2,11,night,OP1023,EXC004,Excavator,Trenching,Sunny,Wet,Beginner,2.1,3289.3,77.4,4.77,25.7,135.4,27.9,42.7,56.4,85.9,29.5
T04829,2025-01-27 19:22:32,19,0,1,night,OP1047,BCK001,Backhoe,Grading,Cloudy,Dry,Beginner,2.8,3238.9,44.9,18.54,22.1,95.3,37.6,85.8,40.3,65.3,25.0
T04830,2025-01-22 13:38:33,13,2,1,day,OP1047,BCK004,Backhoe,Demolition,Sunny,Rocky,Beginner,2.8,794.4,55.3,6.85,17.0,27.0,32.0,45.4,109.1,166.8,57.7
T04831,2025-12-04 06:42:12,6,3,12,day,OP1037,GRD002,Grader,Transfer,Sunny,Clay,Expert,24.1,5518.7,64.9,7.1,15.3,97.1,39.8,62.9,29.6,30.4,0.8
T04832,2026-07-30 12:12:57,12,3,7,day,OP1043,LDR005,Loader,Grading,Sunny,Wet,Expert,19.0,4361.1,62.4,15.8,26.5,185.8,25.4,54.1,46.5,45.2,-1.3
T04833,2026-07-17 07:43:29,7,4,7,day,OP1059,GRD001,Grader,Grading,Rainy,Clay,Expert,22.2,6346.9,80.1,15.45,35.6,10,50.6,82.7,55.0,58.3,3.3
T04834,2026-06-18 13:43:33,13,3,6,day,OP1002,DZR003,Dozer,Trenching,Rainy,Dry,Expert,18.3,5973.0,44.6,12.52,36.6,113.5,27.1,34.6,68.9,66.3,-2.6
T04835,2026-07-14 10:33:09,10,1,7,day,OP1041,EXC007,Excavator,Demolition,Rainy,Rocky,Intermediate,4.3,7446.7,65.5,13.91,33.3,18.8,12.4,118.3,150.8,170.6,19.8
T04836,2026-08-06 07:08:25,7,3,8,day,OP1020,LDR004,Loader,Earth Excavation,Rainy,Clay,Intermediate,8.4,6182.2,84.8,7.53,31.1,190.0,22.0,36.7,87.9,115.1,27.2
T04837,2026-03-28 10:46:57,10,5,3,day,OP1045,DZR004,Dozer,Foundation Digging,Rainy,Wet,Intermediate,6.5,4172.9,83.9,3.6,26.6,120.2,29.6,21.9,114.9,119.4,4.5
T04838,2025-09-11 10:45:43,10,3,9,day,OP1044,LDR004,Loader,Demolition,Rainy,Rocky,Beginner,1.1,3781.6,48.9,15.55,26.6,70.0,34.9,60.8,132.4,189.8,57.4
T04839,2025-11-11 12:10:11,12,1,11,day,OP1043,BCK002,Backhoe,Earth Excavation,Foggy,Loose,Expert,19.0,4940.7,53.6,9.33,21.9,68.7,11.3,67.4,75.2,70.7,-4.5
T04840,2025-08-08 03:01:34,3,4,8,night,OP1004,GRD003,Grader,Foundation Digging,Cloudy,Rocky,Intermediate,6.3,1685.3,64.9,9.81,28.0,33.2,26.6,35.3,95.8,120.2,24.4
T04841,2025-01-13 10:45:46,10,0,1,day,OP1040,EXC004,Excavator,Grading,Cloudy,Loose,Intermediate,8.2,978.4,91.1,8.39,16.0,113.9,22.5,18.8,41.1,36.4,-4.7
T04842,2026-02-14 11:17:39,11,5,2,day,OP1011,LDR001,Loader,Material Loading,Rainy,Loose,Intermediate,6.7,4611.9,45.9,9.36,16.3,139.3,40.3,35.5,45.9,55.3,9.4
T04843,2026-08-06 03:36:13,3,3,8,night,OP1053,LDR002,Loader,Material Loading,Sunny,Loose,Intermediate,7.0,4421.6,67.4,11.13,30.0,190.3,39.7,31.7,36.2,44.3,8.1
T04844,2026-09-21 10:58:12,10,0,9,day,OP1044,GRD002,Grader,Material Loading,Windy,Wet,Beginner,1.1,7644.3,71.5,10.19,25.6,149.6,46.0,78.1,48.4,74.6,26.2
T04845,2026-03-25 07:00:00,7,2,3,day,OP1015,GRD002,Grader,Material Loading,Cloudy,Rocky,Beginner,0.6,6329.1,65.1,4.46,27.8,155.3,33.8,31.8,47.1,58.5,11.4
T04846,2025-05-30 03:40:22,3,4,5,night,OP1005,LDR001,Loader,Earth Excavation,Rainy,Loose,Expert,18.5,2711.6,68.9,5.96,39.8,63.6,34.9,6.9,70.0,80.1,10.1
T04847,2025-08-02 14:09:06,14,5,8,day,OP1002,LDR001,Loader,Site Clearing,Rainy,Loose,Expert,18.3,3182.0,59.7,6.54,26.7,169.7,38.6,64.2,86.4,84.3,-2.1
T04848,2025-06-11 15:00:31,15,2,6,day,OP1013,EXC001,Excavator,Site Clearing,Windy,Wet,Expert,18.9,3607.4,59.3,6.75,25.0,145.8,6.3,63.7,87.0,89.2,2.2
T04849,2025-08-02 20:37:27,20,5,8,night,OP1006,EXC005,Excavator,Material Loading,Rainy,Clay,Intermediate,3.3,4347.7,80.9,16.77,38.7,151.3,25.7,56.9,45.7,51.5,5.8
T04850,2026-07-14 20:08:54,20,1,7,night,OP1033,BCK003,Backhoe,Grading,Windy,Rocky,Expert,17.2,5407.4,82.3,12.06,32.3,243.8,26.8,71.7,54.2,56.0,1.8
T04851,2026-02-25 07:46:35,7,2,2,day,OP1026,DZR004,Dozer,Foundation Digging,Cloudy,Loose,Beginner,2.3,3945.6,80.5,11.52,18.0,146.3,39.8,33.1,85.8,103.6,17.8
T04852,2025-02-10 13:35:34,13,0,2,day,OP1028,BCK001,Backhoe,Grading,Cloudy,Rocky,Beginner,1.6,3339.3,51.4,7.63,14.1,126.6,47.4,43.5,50.2,57.0,6.8
T04853,2025-07-23 15:00:02,15,2,7,day,OP1011,DZR004,Dozer,Site Clearing,Sunny,Loose,Intermediate,6.7,2363.7,59.0,7.76,34.1,185.1,33.9,47.0,71.4,76.1,4.7
T04854,2026-06-08 11:14:57,11,0,6,day,OP1004,LDR004,Loader,Material Loading,Cloudy,Loose,Intermediate,6.3,5752.8,39.2,12.16,34.7,157.4,17.0,19.8,39.1,45.9,6.8
T04855,2025-10-25 15:54:44,15,5,10,day,OP1012,BCK001,Backhoe,Foundation Digging,Cloudy,Wet,Beginner,1.4,5216.1,81.9,5.85,21.7,297.9,43.7,19.8,97.6,127.4,29.8
T04856,2026-04-20 08:34:59,8,0,4,day,OP1021,EXC001,Excavator,Site Clearing,Rainy,Loose,Intermediate,4.3,5890.4,70.3,16.93,38.3,221.4,34.5,77.6,95.4,123.6,28.2
T04857,2025-09-04 13:25:02,13,3,9,day,OP1044,BCK002,Backhoe,Grading,Cloudy,Wet,Beginner,1.1,4444.7,71.9,9.11,23.7,151.1,42.7,39.1,48.1,65.0,16.9
T04858,2025-12-25 14:11:52,14,3,12,day,OP1039,DZR001,Dozer,Material Loading,Foggy,Dry,Expert,10.2,3415.1,72.4,8.89,19.5,309.1,5.0,57.2,36.5,30.2,-6.3
T04859,2025-08-23 23:12:26,23,5,8,night,OP1005,BCK001,Backhoe,Site Clearing,Rainy,Rocky,Expert,18.5,4758.4,55.6,10.17,32.3,133.8,46.4,68.9,111.0,123.0,12.0
T04860,2026-05-01 07:03:55,7,4,5,day,OP1031,EXC005,Excavator,Transfer,Sunny,Clay,Expert,22.8,6329.2,61.2,9.3,37.4,40.3,32.3,32.2,30.4,30.6,0.2
T04861,2025-10-04 13:11:16,13,5,10,day,OP1039,LDR001,Loader,Material Loading,Windy,Clay,Expert,10.2,3641.6,64.2,18.9,32.9,215.6,13.4,83.1,39.7,35.7,-4.0
T04862,2025-04-21 23:01:20,23,0,4,night,OP1012,LDR004,Loader,Transfer,Sunny,Loose,Beginner,1.4,2741.5,65.4,10.33,34.3,100.6,41.5,61.3,25.4,41.7,16.3
T04863,2026-02-09 21:08:55,21,0,2,night,OP1002,DZR001,Dozer,Foundation Digging,Cloudy,Dry,Expert,18.3,3753.0,88.8,10.58,23.3,208.5,36.9,9.2,81.1,87.1,6.0
T04864,2026-05-29 02:10:07,2,4,5,night,OP1032,DZR004,Dozer,Demolition,Rainy,Clay,Intermediate,3.9,4622.8,88.1,4.85,39.8,93.2,52.0,62.6,131.3,169.2,37.9
T04865,2025-09-20 14:56:05,14,5,9,day,OP1010,DZR004,Dozer,Transfer,Rainy,Clay,Intermediate,8.6,2794.4,42.4,14.57,29.0,335.8,35.5,69.8,32.9,48.6,15.7
T04866,2026-02-18 18:30:41,18,2,2,night,OP1053,BCK001,Backhoe,Grading,Windy,Loose,Intermediate,7.0,6063.7,66.7,10.77,16.3,147.6,35.3,90.8,49.8,60.0,10.2
T04867,2026-04-23 07:14:03,7,3,4,day,OP1047,DZR004,Dozer,Grading,Sunny,Rocky,Beginner,2.8,4361.6,75.4,7.76,30.7,45.3,33.2,112.4,50.6,70.6,20.0
T04868,2026-08-12 06:20:39,6,2,8,day,OP1027,DZR003,Dozer,Earth Excavation,Cloudy,Dry,Intermediate,6.2,6372.3,79.7,12.33,31.9,101.8,28.0,45.2,69.0,75.1,6.1
T04869,2025-04-07 15:06:09,15,0,4,day,OP1004,GRD003,Grader,Earth Excavation,Cloudy,Dry,Intermediate,6.3,791.1,98,5.9,38.7,111.3,23.6,44.5,59.7,62.7,3.0
T04870,2026-09-05 11:42:52,11,5,9,day,OP1027,EXC006,Excavator,Foundation Digging,Rainy,Wet,Intermediate,6.2,7036.6,63.9,5.21,27.9,98.6,31.4,79.3,119.2,133.7,14.5
T04871,2025-09-10 21:23:01,21,2,9,night,OP1039,BCK004,Backhoe,Transfer,Rainy,Wet,Expert,10.2,2483.1,95.9,4.85,27.8,123.2,22.4,19.6,31.8,26.2,-5.6
T04872,2025-06-19 14:57:43,14,3,6,day,OP1045,LDR001,Loader,Transfer,Rainy,Rocky,Intermediate,6.5,2861.0,63.8,8.28,31.9,169.9,33.9,55.3,37.9,54.5,16.6
T04873,2026-07-02 23:17:37,23,3,7,night,OP1054,LDR004,Loader,Demolition,Rainy,Dry,Intermediate,5.0,5931.7,78.4,3.97,33.3,320.7,27.4,29.0,123.5,139.7,16.2
T04874,2025-05-03 23:59:39,23,5,5,night,OP1048,EXC001,Excavator,Material Loading,Cloudy,Dry,Beginner,2.2,3325.5,65.0,2.36,29.9,114.7,28.3,31.7,34.0,40.5,6.5
T04875,2025-03-25 06:17:27,6,1,3,day,OP1057,DZR003,Dozer,Earth Excavation,Windy,Rocky,Beginner,2.8,2685.8,24.8,5.75,21.8,150.9,7.7,32.0,80.1,90.0,9.9
T04876,2025-12-15 13:26:31,13,0,12,day,OP1045,EXC006,Excavator,Material Loading,Windy,Wet,Intermediate,6.5,5110.0,82.1,10.63,20.0,165.1,33.3,23.7,41.3,49.8,8.5
T04877,2025-04-30 06:51:39,6,2,4,day,OP1050,EXC008,Excavator,Foundation Digging,Rainy,Rocky,Intermediate,7.7,1254.2,84.0,11.41,37.9,224.6,21.5,35.1,112.0,129.3,17.3
T04878,2026-04-22 06:56:26,6,2,4,day,OP1048,LDR002,Loader,Transfer,Sunny,Wet,Beginner,2.2,3648.8,83.9,13.03,31.5,119.6,22.8,56.5,28.6,23.6,-5.0
T04879,2026-08-15 22:56:32,22,5,8,night,OP1016,EXC006,Excavator,Earth Excavation,Rainy,Wet,Beginner,2.9,6886.8,66.6,5.29,27.7,133.0,25.8,57.3,88.9,123.3,34.4
T04880,2026-05-02 10:21:28,10,5,5,day,OP1053,BCK001,Backhoe,Grading,Cloudy,Dry,Intermediate,7.0,6594.1,74.5,13.75,38.9,170.7,35.9,32.4,45.5,57.7,12.2
T04881,2025-09-10 07:28:28,7,2,9,day,OP1052,LDR001,Loader,Material Loading,Rainy,Clay,Intermediate,5.8,3464.6,79.9,4.55,31.6,159.4,26.2,49.4,46.1,59.0,12.9
T04882,2026-08-08 12:17:51,12,5,8,day,OP1022,BCK002,Backhoe,Transfer,Rainy,Dry,Beginner,0.6,6911.7,91.0,17.45,30.5,135.1,26.6,33.5,34.3,41.5,7.2
T04883,2025-06-10 15:33:53,15,1,6,day,OP1020,LDR002,Loader,Demolition,Rainy,Loose,Intermediate,8.4,1344.6,80.3,8.21,33.8,53.7,31.7,66.3,106.0,129.1,23.1
T04884,2025-12-30 14:00:53,14,1,12,day,OP1045,DZR002,Dozer,Site Clearing,Sunny,Loose,Intermediate,6.5,5120.4,54.3,0,23.3,76.6,34.2,64.8,78.9,82.3,3.4
T04885,2025-08-19 12:34:45,12,1,8,day,OP1028,EXC001,Excavator,Transfer,Cloudy,Loose,Beginner,1.6,4110.4,83.4,16.57,28.8,27.6,47.1,72.1,27.6,50.0,22.4
T04886,2025-07-16 12:52:02,12,2,7,day,OP1012,EXC008,Excavator,Trenching,Sunny,Dry,Beginner,1.4,1818.1,77.7,12.01,24.6,10,57.6,57.0,48.0,52.7,4.7
T04887,2026-05-22 11:00:43,11,4,5,day,OP1006,LDR005,Loader,Site Clearing,Sunny,Rocky,Intermediate,3.3,3857.0,81.4,1.99,38.2,42.2,12.8,41.1,88.9,91.9,3.0
T04888,2026-08-24 07:02:33,7,0,8,day,OP1031,DZR002,Dozer,Earth Excavation,Rainy,Loose,Expert,22.8,6848.4,89.3,10.47,32.9,94.4,29.4,58.1,82.4,77.5,-4.9
T04889,2026-01-24 03:11:13,3,5,1,night,OP1019,BCK003,Backhoe,Grading,Sunny,Dry,Intermediate,4.5,4153.9,67.9,12.96,14.0,183.1,10.6,83.0,40.5,39.6,-0.9
T04890,2025-01-08 23:15:18,23,2,1,night,OP1059,BCK002,Backhoe,Site Clearing,Foggy,Wet,Expert,22.2,2702.9,79.9,6.32,23.8,186.7,58.9,36.8,87.0,101.0,14.0
T04891,2025-06-18 20:46:33,20,2,6,night,OP1034,GRD002,Grader,Trenching,Cloudy,Clay,Beginner,1.3,4289.3,59.7,8.0,33.0,283.4,10.9,60.5,58.3,82.7,24.4
T04892,2026-01-28 02:39:26,2,2,1,night,OP1026,LDR004,Loader,Transfer,Cloudy,Dry,Beginner,2.3,4793.9,67.1,12.35,15.7,94.9,23.7,59.7,27.0,48.7,21.7
T04893,2026-04-09 20:11:58,20,3,4,night,OP1013,LDR003,Loader,Material Loading,Sunny,Wet,Expert,18.9,4256.7,76.2,8.24,29.9,130.6,9.8,57.5,39.0,37.3,-1.7
T04894,2025-02-27 11:35:32,11,3,2,day,OP1013,BCK001,Backhoe,Foundation Digging,Windy,Wet,Expert,18.9,3462.8,74.2,10.85,19.3,71.4,11.0,45.4,93.8,86.2,-7.6
T04895,2025-03-12 18:16:28,18,2,3,night,OP1045,LDR001,Loader,Transfer,Cloudy,Loose,Intermediate,6.5,2139.3,64.9,16.87,32.7,116.8,35.2,68.7,26.0,19.4,-6.6
T04896,2025-02-24 23:48:49,23,0,2,night,OP1037,BCK001,Backhoe,Site Clearing,Sunny,Wet,Expert,24.1,3444.6,88.0,10.89,15.8,204.5,27.7,82.9,80.4,88.0,7.6
T04897,2026-04-18 11:01:36,11,5,4,day,OP1028,EXC003,Excavator,Foundation Digging,Sunny,Clay,Beginner,1.6,4528.2,74.4,11.71,36.0,38.6,47.8,59.2,89.2,149.0,59.8
T04898,2025-07-30 09:50:45,9,2,7,day,OP1028,EXC007,Excavator,Foundation Digging,Cloudy,Clay,Beginner,1.6,4898.8,76.7,14.04,26.1,175.6,32.5,54.7,93.1,133.5,40.4
T04899,2026-04-03 02:31:25,2,4,4,night,OP1024,DZR002,Dozer,Earth Excavation,Rainy,Wet,Beginner,1.5,5803.1,52.9,16.04,38.4,74.2,6.0,42.7,89.7,124.2,34.5
T04900,2025-09-10 09:49:32,9,2,9,day,OP1046,BCK003,Backhoe,Site Clearing,Windy,Wet,Beginner,2.1,3163.2,95.8,8.73,24.3,94.9,25.7,35.2,86.4,112.7,26.3
T04901,2026-03-31 10:46:36,10,1,3,day,OP1015,LDR003,Loader,Transfer,Cloudy,Loose,Beginner,0.6,4188.2,91.4,8.42,18.1,108.6,16.7,61.1,27.7,37.8,10.1
T04902,2026-01-05 12:12:48,12,0,1,day,OP1029,DZR002,Dozer,Transfer,Rainy,Loose,Intermediate,8.7,5163.7,75.8,16.3,21.5,143.1,37.1,62.0,33.8,32.9,-0.9
T04903,2026-06-15 12:26:06,12,0,6,day,OP1006,EXC003,Excavator,Grading,Cloudy,Loose,Intermediate,3.3,4952.1,63.3,17.98,31.3,144.4,24.8,43.2,45.1,33.7,-11.4
T04904,2025-05-27 14:50:42,14,1,5,day,OP1031,LDR001,Loader,Earth Excavation,Sunny,Clay,Expert,22.8,2693.1,78.9,17.17,38.0,277.1,19.0,15.6,64.3,59.8,-4.5
T04905,2025-07-14 11:33:47,11,0,7,day,OP1036,EXC007,Excavator,Earth Excavation,Cloudy,Rocky,Intermediate,3.3,4782.5,88.1,12.08,24.9,289.4,16.4,79.2,80.8,84.9,4.1
T04906,2025-04-07 11:30:10,11,0,4,day,OP1051,LDR003,Loader,Transfer,Sunny,Wet,Expert,11.2,1575.0,81.8,13.31,26.1,259.1,35.9,55.0,27.4,25.2,-2.2
T04907,2026-01-21 09:16:10,9,2,1,day,OP1043,GRD003,Grader,Earth Excavation,Sunny,Loose,Expert,19.0,2899.0,54.2,0,18.6,10.9,14.2,57.7,61.9,64.3,2.4
T04908,2025-12-03 08:55:12,8,2,12,day,OP1002,DZR002,Dozer,Site Clearing,Cloudy,Loose,Expert,18.3,4921.8,77.2,12.38,15.7,291.1,31.1,63.4,80.7,85.5,4.8
T04909,2025-12-04 07:38:39,7,3,12,day,OP1032,GRD001,Grader,Grading,Sunny,Clay,Intermediate,3.9,4704.4,68.9,11.75,20.2,134.5,39.9,104.6,45.5,64.4,18.9
T04910,2025-08-14 08:18:38,8,3,8,day,OP1035,EXC002,Excavator,Earth Excavation,Cloudy,Rocky,Beginner,2.8,1799.2,75.2,18.3,33.0,75.7,50.2,112.6,74.1,88.3,14.2
T04911,2026-03-11 02:44:30,2,2,3,night,OP1021,DZR004,Dozer,Earth Excavation,Rainy,Dry,Intermediate,4.3,4046.3,83.8,10.06,28.5,194.9,50.8,61.0,70.5,92.1,21.6
T04912,2026-05-11 09:45:17,9,0,5,day,OP1058,EXC004,Excavator,Material Loading,Rainy,Clay,Intermediate,3.3,4504.0,58.4,13.89,35.7,234.3,42.8,23.6,44.9,64.5,19.6
T04913,2025-01-11 12:57:40,12,5,1,day,OP1015,BCK004,Backhoe,Trenching,Foggy,Rocky,Beginner,0.6,713.9,65.8,7.33,22.6,148.9,28.7,6.5,66.7,91.5,24.8
T04914,2026-08-26 06:30:46,6,2,8,day,OP1022,GRD002,Grader,Transfer,Cloudy,Clay,Beginner,0.6,7453.2,57.4,12.39,31.3,83.8,60.1,13.4,32.6,79.4,46.8
T04915,2025-04-12 15:37:08,15,5,4,day,OP1052,EXC005,Excavator,Demolition,Sunny,Loose,Intermediate,5.8,3528.6,73.1,8.0,30.7,237.9,30.8,83.2,96.2,105.2,9.0
T04916,2025-07-18 14:50:13,14,4,7,day,OP1024,BCK001,Backhoe,Material Loading,Rainy,Wet,Beginner,1.5,4493.1,50.4,1.64,38.0,141.6,15.7,69.7,48.1,73.4,25.3
T04917,2025-05-21 06:48:04,6,2,5,day,OP1013,BCK004,Backhoe,Grading,Cloudy,Clay,Expert,18.9,1661.0,48.4,19.05,38.4,115.7,19.4,83.9,43.1,45.9,2.8
T04918,2026-05-13 14:21:41,14,2,5,day,OP1028,EXC004,Excavator,Demolition,Sunny,Dry,Beginner,1.6,4520.0,43.1,15.11,40.6,118.4,41.4,42.7,95.1,135.4,40.3
T04919,2026-08-15 12:01:17,12,5,8,day,OP1015,EXC001,Excavator,Trenching,Sunny,Dry,Beginner,0.6,6745.5,61.3,16.95,27.3,108.3,7.7,35.4,56.2,97.4,41.2
T04920,2026-06-13 08:12:54,8,5,6,day,OP1052,BCK001,Backhoe,Trenching,Cloudy,Clay,Intermediate,5.8,6900.1,86.3,14.99,30.2,162.2,43.5,30.1,64.0,69.5,5.5
T04921,2025-02-11 19:29:36,19,1,2,night,OP1041,DZR002,Dozer,Site Clearing,Sunny,Clay,Intermediate,4.3,2771.5,78.4,8.85,16.0,62.3,12.5,18.5,75.6,86.2,10.6
T04922,2025-05-20 01:22:27,1,1,5,night,OP1052,BCK002,Backhoe,Transfer,Cloudy,Clay,Intermediate,5.8,3659.9,71.1,11.74,32.4,178.1,46.6,101.7,28.5,38.2,9.7
T04923,2025-04-28 09:01:03,9,0,4,day,OP1002,EXC008,Excavator,Transfer,Windy,Wet,Expert,18.3,1240.2,79.2,5.24,33.1,10,30.9,65.6,29.4,24.4,-5.0
T04924,2025-06-21 09:39:33,9,5,6,day,OP1058,DZR002,Dozer,Trenching,Cloudy,Clay,Intermediate,3.3,3717.5,90.6,8.68,30.6,116.6,36.1,33.9,57.0,53.3,-3.7
T04925,2025-02-18 15:56:06,15,1,2,day,OP1054,DZR001,Dozer,Trenching,Foggy,Loose,Intermediate,5.0,1152.6,76.1,9.76,23.4,46.2,25.9,85.8,56.9,51.8,-5.1
T04926,2026-01-31 11:18:52,11,5,1,day,OP1038,GRD003,Grader,Earth Excavation,Cloudy,Clay,Beginner,2.4,2972.6,80.0,14.7,16.0,64.7,39.5,93.7,67.0,72.7,5.7
T04927,2026-06-18 10:21:57,10,3,6,day,OP1055,LDR004,Loader,Foundation Digging,Sunny,Clay,Expert,12.2,5825.5,57.1,11.06,31.3,120.8,29.4,49.2,93.5,98.1,4.6
T04928,2025-02-08 21:42:32,21,5,2,night,OP1040,DZR002,Dozer,Grading,Cloudy,Rocky,Intermediate,8.2,2750.3,53.9,10.99,26.6,127.2,21.1,35.7,49.0,56.5,7.5
T04929,2025-02-22 22:21:26,22,5,2,night,OP1051,LDR005,Loader,Trenching,Sunny,Clay,Expert,11.2,546.3,84.3,8.63,25.8,192.0,34.1,45.3,52.8,55.2,2.4
T04930,2026-01-23 03:35:43,3,4,1,night,OP1004,EXC008,Excavator,Foundation Digging,Windy,Loose,Intermediate,6.3,3209.6,67.9,11.83,24.7,216.6,18.1,92.1,86.5,104.8,18.3
T04931,2025-06-26 21:37:54,21,3,6,night,OP1016,LDR002,Loader,Grading,Rainy,Wet,Beginner,2.9,1463.3,58.0,8.98,34.6,211.7,22.3,14.6,53.0,73.0,20.0
T04932,2026-01-27 12:33:55,12,1,1,day,OP1057,GRD001,Grader,Earth Excavation,Foggy,Rocky,Beginner,2.8,5100.1,71.0,11.41,18.5,108.2,8.8,33.6,88.1,119.1,31.0
T04933,2025-04-25 11:10:24,11,4,4,day,OP1009,EXC005,Excavator,Material Loading,Sunny,Rocky,Intermediate,5.2,3622.2,73.4,16.78,28.7,150.3,12.1,23.6,41.5,47.2,5.7
T04934,2025-06-12 09:46:07,9,3,6,day,OP1042,BCK003,Backhoe,Foundation Digging,Sunny,Rocky,Beginner,1.3,2506.1,65.3,11.02,33.0,89.1,19.3,53.9,93.0,123.3,30.3
T04935,2026-07-06 15:13:28,15,0,7,day,OP1055,GRD003,Grader,Site Clearing,Windy,Wet,Expert,12.2,4112.6,74.6,12.35,32.8,117.9,31.4,48.8,89.5,92.9,3.4
T04936,2026-01-27 11:08:51,11,1,1,day,OP1057,LDR001,Loader,Transfer,Windy,Loose,Beginner,2.8,4480.5,84.3,9.36,16.0,170.5,9.5,38.4,29.1,5.0,-24.1
T04937,2026-05-05 21:20:02,21,1,5,night,OP1053,LDR003,Loader,Grading,Rainy,Dry,Intermediate,7.0,4446.9,79.8,12.79,45.1,196.1,30.3,29.9,49.4,72.7,23.3
T04938,2025-05-24 10:27:56,10,5,5,day,OP1040,DZR004,Dozer,Trenching,Cloudy,Loose,Intermediate,8.2,1924.4,61.0,8.39,42.5,72.0,29.6,97.2,51.9,66.2,14.3
T04939,2025-10-15 21:59:02,21,2,10,night,OP1041,EXC006,Excavator,Trenching,Sunny,Rocky,Intermediate,4.3,4667.3,71.3,8.63,32.0,152.4,20.9,70.6,64.7,63.2,-1.5
T04940,2025-07-17 01:27:44,1,3,7,night,OP1016,BCK003,Backhoe,Grading,Sunny,Rocky,Beginner,2.9,2759.1,71.3,21.32,29.3,127.2,50.0,53.4,47.6,79.3,31.7
T04941,2025-10-02 15:46:06,15,3,10,day,OP1014,GRD002,Grader,Transfer,Sunny,Loose,Expert,21.2,5061.6,63.3,5.9,22.1,141.5,28.5,45.9,27.8,26.1,-1.7
T04942,2025-10-30 11:53:43,11,3,10,day,OP1042,EXC001,Excavator,Material Loading,Cloudy,Clay,Beginner,1.3,4635.8,98,6.81,35.3,268.4,37.6,29.9,39.4,59.7,20.3
T04943,2025-03-31 07:31:33,7,0,3,day,OP1010,EXC001,Excavator,Trenching,Sunny,Wet,Intermediate,8.6,3079.6,63.1,12.55,28.6,126.4,36.7,38.5,56.0,68.5,12.5
T04944,2026-03-26 13:36:22,13,3,3,day,OP1060,DZR001,Dozer,Demolition,Cloudy,Dry,Expert,10.8,4079.2,74.4,3.44,27.0,180.5,31.1,51.8,96.4,103.0,6.6
T04945,2025-01-08 00:21:02,0,2,1,night,OP1043,EXC004,Excavator,Foundation Digging,Windy,Clay,Expert,19.0,938.8,79.4,16.26,18.6,162.5,19.4,33.3,88.1,89.3,1.2
T04946,2025-03-19 21:35:54,21,2,3,night,OP1032,EXC002,Excavator,Foundation Digging,Rainy,Dry,Intermediate,3.9,722.8,81.5,15.57,29.5,162.5,55.7,98.9,88.8,120.2,31.4
T04947,2026-09-08 06:51:37,6,1,9,day,OP1057,BCK003,Backhoe,Demolition,Sunny,Loose,Beginner,2.8,5812.2,61.2,12.49,31.2,221.9,15.2,64.3,104.6,137.3,32.7
T04948,2025-12-26 08:07:55,8,4,12,day,OP1001,LDR004,Loader,Site Clearing,Rainy,Dry,Expert,13.7,4554.6,76.3,16.44,19.6,139.6,37.3,107.6,87.4,91.4,4.0
T04949,2025-05-27 18:43:58,18,1,5,night,OP1015,LDR005,Loader,Transfer,Cloudy,Dry,Beginner,0.6,1231.4,80.5,13.01,40.4,53.0,26.5,36.4,24.7,42.0,17.3
T04950,2025-01-16 06:34:46,6,3,1,day,OP1057,EXC001,Excavator,Foundation Digging,Cloudy,Clay,Beginner,2.8,2539.1,80.9,10.62,16.3,118.8,28.8,66.9,85.1,89.8,4.7
T04951,2026-08-18 22:34:08,22,1,8,night,OP1020,LDR001,Loader,Trenching,Foggy,Loose,Intermediate,8.4,5965.8,65.3,15.47,36.8,190.3,26.3,63.8,65.3,86.4,21.1
T04952,2026-03-12 12:20:11,12,3,3,day,OP1013,EXC002,Excavator,Demolition,Sunny,Loose,Expert,18.9,3333.4,57.7,15.9,26.8,143.7,20.8,58.9,95.5,90.1,-5.4
T04953,2025-11-27 10:50:39,10,3,11,day,OP1042,LDR001,Loader,Demolition,Cloudy,Dry,Beginner,1.3,4035.1,77.7,18.4,25.1,218.0,16.5,51.8,96.2,102.1,5.9
T04954,2025-02-01 07:39:15,7,5,2,day,OP1058,GRD001,Grader,Grading,Rainy,Dry,Intermediate,3.3,2470.6,89.6,12.1,24.8,139.4,46.0,31.1,46.2,55.2,9.0
T04955,2025-09-24 23:55:25,23,2,9,night,OP1023,EXC002,Excavator,Earth Excavation,Cloudy,Dry,Beginner,2.1,2103.3,75.5,6.26,30.3,319.6,29.9,59.3,59.7,91.5,31.8
T04956,2025-06-16 13:20:56,13,0,6,day,OP1010,EXC001,Excavator,Earth Excavation,Rainy,Rocky,Intermediate,8.6,3643.4,56.5,13.25,35.6,141.2,26.3,32.8,94.3,116.9,22.6
T04957,2025-05-07 03:17:26,3,2,5,night,OP1045,EXC003,Excavator,Foundation Digging,Sunny,Loose,Intermediate,6.5,2000.1,65.2,19.28,39.7,130.4,29.7,41.2,78.8,93.4,14.6
T04958,2026-05-05 12:40:48,12,1,5,day,OP1034,DZR001,Dozer,Trenching,Cloudy,Loose,Beginner,1.3,4370.9,82.5,9.32,44.9,222.0,5.6,38.3,55.8,66.1,10.3
T04959,2026-05-15 22:46:51,22,4,5,night,OP1019,LDR001,Loader,Site Clearing,Windy,Loose,Intermediate,4.5,5272.4,88.7,8.52,39.0,80.6,20.0,42.3,85.3,101.6,16.3
T04960,2026-08-08 12:30:34,12,5,8,day,OP1014,BCK003,Backhoe,Grading,Cloudy,Wet,Expert,21.2,5587.6,57.8,7.52,28.9,195.5,15.3,72.2,50.1,47.0,-3.1
T04961,2026-07-03 10:38:43,10,4,7,day,OP1020,EXC006,Excavator,Demolition,Cloudy,Wet,Intermediate,8.4,6569.1,41.4,7.61,34.1,173.4,34.8,88.2,120.1,137.9,17.8
T04962,2026-02-11 14:07:51,14,2,2,day,OP1057,LDR005,Loader,Demolition,Sunny,Clay,Beginner,2.8,3128.0,73.1,10.05,18.5,216.0,13.3,104.1,99.2,115.8,16.6
T04963,2025-09-27 13:22:13,13,5,9,day,OP1041,EXC007,Excavator,Earth Excavation,Windy,Dry,Intermediate,4.3,5330.5,70.5,17.74,33.6,193.5,10.7,52.7,69.4,69.5,0.1
T04964,2025-12-12 13:37:18,13,4,12,day,OP1011,DZR002,Dozer,Earth Excavation,Sunny,Wet,Intermediate,6.7,4988.9,70.6,3.14,22.2,10,38.9,23.5,72.7,104.3,31.6
T04965,2025-11-30 00:59:51,0,6,11,night,OP1019,GRD001,Grader,Trenching,Sunny,Dry,Intermediate,4.5,4673.2,64.7,14.0,19.6,126.1,26.4,23.1,52.2,66.8,14.6
T04966,2025-02-25 18:35:24,18,1,2,night,OP1047,GRD003,Grader,Trenching,Windy,Loose,Beginner,2.8,492.8,80.7,10.58,17.5,168.4,30.0,29.8,51.4,82.6,31.2
T04967,2025-01-13 11:00:36,11,0,1,day,OP1036,BCK004,Backhoe,Material Loading,Sunny,Wet,Intermediate,3.3,727.9,68.8,13.7,14.4,69.7,11.3,67.3,36.5,40.7,4.2
T04968,2026-04-14 20:58:47,20,1,4,night,OP1030,EXC001,Excavator,Demolition,Foggy,Rocky,Intermediate,4.1,5850.4,80.5,6.33,34.4,155.5,22.4,80.7,144.8,166.5,21.7
T04969,2026-01-14 01:07:11,1,2,1,night,OP1010,EXC005,Excavator,Earth Excavation,Windy,Wet,Intermediate,8.6,5546.3,52.6,15.9,17.5,135.8,31.2,14.4,79.0,101.9,22.9
T04970,2025-04-29 08:36:56,8,1,4,day,OP1007,DZR004,Dozer,Material Loading,Sunny,Rocky,Beginner,1.2,1741.3,42.3,10.82,29.0,83.6,50.3,79.7,39.7,61.5,21.8
T04971,2025-08-09 10:00:46,10,5,8,day,OP1055,BCK002,Backhoe,Grading,Sunny,Loose,Expert,12.2,4253.8,65.6,13.86,25.4,153.5,43.2,73.7,42.7,47.2,4.5
T04972,2025-06-17 10:40:24,10,1,6,day,OP1010,DZR004,Dozer,Earth Excavation,Foggy,Clay,Intermediate,8.6,2099.6,71.0,10.52,26.6,55.6,29.8,62.0,74.0,86.7,12.7
T04973,2025-11-14 07:16:42,7,4,11,day,OP1044,EXC007,Excavator,Material Loading,Cloudy,Dry,Beginner,1.1,5679.1,52.4,9.7,18.5,143.0,33.7,94.3,37.2,50.3,13.1
T04974,2025-03-31 08:59:05,8,0,3,day,OP1025,BCK003,Backhoe,Foundation Digging,Foggy,Rocky,Expert,17.0,1973.0,93.6,14.25,28.5,182.0,43.8,27.8,104.5,111.1,6.6
T04975,2026-09-01 12:27:35,12,1,9,day,OP1058,LDR004,Loader,Trenching,Windy,Rocky,Intermediate,3.3,6373.7,63.8,10.6,33.7,128.6,51.6,116.4,72.4,84.9,12.5
T04976,2025-06-24 09:12:00,9,1,6,day,OP1029,EXC006,Excavator,Transfer,Cloudy,Wet,Intermediate,8.7,3838.5,42.1,12.54,28.8,209.7,49.9,26.8,29.7,30.3,0.6
T04977,2025-04-10 23:42:50,23,3,4,night,OP1003,BCK004,Backhoe,Transfer,Sunny,Loose,Expert,20.4,1366.9,69.5,6.77,34.3,119.5,5,98.3,25.2,34.8,9.6
T04978,2025-12-24 09:30:05,9,2,12,day,OP1058,EXC007,Excavator,Foundation Digging,Sunny,Rocky,Intermediate,3.3,5971.8,57.8,13.79,15.4,165.0,47.3,81.2,105.9,117.0,11.1
T04979,2026-05-26 19:14:37,19,1,5,night,OP1058,LDR002,Loader,Grading,Sunny,Rocky,Intermediate,3.3,3900.7,92.1,7.52,41.5,136.3,37.1,41.0,49.8,50.5,0.7
T04980,2025-06-09 08:54:27,8,0,6,day,OP1034,GRD001,Grader,Demolition,Cloudy,Dry,Beginner,1.3,3405.4,69.8,8.93,41.1,86.4,25.4,39.7,93.9,137.4,43.5
T04981,2025-11-01 11:56:24,11,5,11,day,OP1047,LDR003,Loader,Transfer,Windy,Clay,Beginner,2.8,3093.5,73.7,13.2,19.2,141.9,26.3,53.6,29.3,56.4,27.1
T04982,2026-03-21 14:17:15,14,5,3,day,OP1060,LDR005,Loader,Transfer,Cloudy,Dry,Expert,10.8,3405.4,84.5,14.09,22.0,129.2,24.8,36.8,25.6,28.5,2.9
T04983,2025-12-04 10:17:48,10,3,12,day,OP1044,GRD002,Grader,Foundation Digging,Sunny,Loose,Beginner,1.1,5519.8,70.4,16.4,17.7,89.6,43.6,43.2,88.3,144.3,56.0
T04984,2026-05-06 13:41:18,13,2,5,day,OP1026,EXC002,Excavator,Site Clearing,Rainy,Clay,Beginner,2.3,3735.3,60.9,15.01,45.3,346.6,35.7,20.6,92.8,144.1,51.3
T04985,2026-08-25 11:47:46,11,1,8,day,OP1016,LDR002,Loader,Trenching,Rainy,Dry,Beginner,2.9,4562.8,76.3,7.42,31.0,226.3,35.2,45.2,62.4,116.4,54.0
T04986,2026-08-17 18:31:01,18,0,8,night,OP1017,EXC007,Excavator,Material Loading,Windy,Dry,Expert,13.3,7697.3,68.2,10.2,31.6,282.7,29.2,47.6,41.8,39.4,-2.4
T04987,2026-06-05 10:55:12,10,4,6,day,OP1051,EXC007,Excavator,Grading,Rainy,Rocky,Expert,11.2,7162.1,58.3,17.74,28.8,175.8,48.9,79.7,66.5,68.9,2.4
T04988,2025-10-11 00:10:48,0,5,10,night,OP1002,EXC005,Excavator,Earth Excavation,Sunny,Rocky,Expert,18.3,4852.5,82.6,12.14,29.4,87.6,16.5,110.9,78.7,80.9,2.2
T04989,2026-07-07 14:04:16,14,1,7,day,OP1019,EXC001,Excavator,Earth Excavation,Sunny,Wet,Intermediate,4.5,6461.5,69.9,13.79,26.2,175.4,28.9,100.5,76.6,85.6,9.0
T04990,2026-08-01 19:47:26,19,5,8,night,OP1013,EXC008,Excavator,Earth Excavation,Cloudy,Rocky,Expert,18.9,4601.5,57.3,12.75,30.6,189.8,15.9,68.6,80.3,88.5,8.2
T04991,2026-06-15 06:49:40,6,0,6,day,OP1014,EXC002,Excavator,Material Loading,Sunny,Wet,Expert,21.2,4025.3,58.4,10.47,37.2,112.3,14.7,43.9,38.7,37.0,-1.7
T04992,2025-04-22 02:58:49,2,1,4,night,OP1031,BCK002,Backhoe,Demolition,Windy,Dry,Expert,22.8,3456.0,68.9,7.44,35.2,218.6,24.8,36.8,99.8,102.8,3.0
T04993,2026-07-22 19:01:35,19,2,7,night,OP1026,GRD003,Grader,Grading,Sunny,Dry,Beginner,2.3,4230.6,85.0,5.44,33.9,69.2,29.1,41.3,40.6,42.2,1.6
T04994,2026-03-05 08:29:04,8,3,3,day,OP1023,EXC001,Excavator,Foundation Digging,Sunny,Clay,Beginner,2.1,5554.6,97.2,17.16,24.8,168.2,28.5,58.5,92.6,139.3,46.7
T04995,2026-01-19 08:58:05,8,0,1,day,OP1059,BCK003,Backhoe,Demolition,Sunny,Loose,Expert,22.2,4119.2,65.5,13.03,14.3,161.3,52.2,26.5,98.4,111.1,12.7
T04996,2026-08-08 23:19:53,23,5,8,night,OP1048,EXC001,Excavator,Site Clearing,Rainy,Dry,Beginner,2.2,6697.9,65.5,7.32,22.9,92.0,35.0,76.8,99.7,128.2,28.5
T04997,2025-02-15 19:49:47,19,5,2,night,OP1052,DZR002,Dozer,Material Loading,Foggy,Loose,Intermediate,5.8,2800.8,78.4,11.68,20.3,54.2,40.5,83.3,38.9,58.9,20.0
T04998,2025-02-17 12:27:14,12,0,2,day,OP1059,BCK001,Backhoe,Earth Excavation,Rainy,Wet,Expert,22.2,3390.1,86.4,12.39,16.0,170.9,58.0,44.0,78.1,95.7,17.6
T04999,2025-07-01 19:34:29,19,1,7,night,OP1058,GRD002,Grader,Material Loading,Rainy,Dry,Intermediate,3.3,4383.8,75.5,9.76,29.3,272.8,34.1,88.8,42.3,57.4,15.1
T05000,2026-05-28 12:19:18,12,3,5,day,OP1031,LDR003,Loader,Material Loading,Sunny,Loose,Expert,22.8,4612.0,85.4,14.04,35.3,80.3,22.7,85.9,36.4,41.6,5.2
