timestamp,hour_of_day,day_of_week,month,shift_type,shift_elapsed_min,machine_id,machine_type,operator_id,engine_hours,ambient_temp_c,weather,speed_kmh,rpm,engine_temp_c,fuel_level_pct,idle_pct,working_fuel_rate_lph,idle_fuel_rate_lph,blended_fuel_rate_lph,speed_variance,acceleration_events,worker_distance_m,seatbelt_status,safety_alert,risk_level,anomaly_type,anomaly_label
06:00:00,6,0,3,day,0,DZR004,Dozer,OP1035,1375.5,33.5,Sunny,6.42,1479,33.5,85.7,60,14.33,3.27,7.69,0.36,1,17.6,Fastened,FALSE,LOW,normal,1
06:02:00,6,0,3,day,2,DZR004,Dozer,OP1035,1375.5,33.5,Sunny,5.03,1703,37.8,85.6,49.5,12.26,2.36,7.36,0.75,2,20.9,Fastened,FALSE,LOW,normal,1
06:04:00,6,0,3,day,4,DZR004,Dozer,OP1035,1375.5,33.5,Sunny,4.4,1165,42,85.5,44.5,12.25,2.64,7.97,0.39,0,14.2,Fastened,FALSE,LOW,normal,1
06:06:00,6,0,3,day,6,DZR004,Dozer,OP1035,1375.5,33.5,Sunny,5.24,1506,46.3,85.5,55.9,13.14,2.53,7.21,0.28,1,14.1,Fastened,FALSE,LOW,normal,1
06:08:00,6,0,3,day,8,DZR004,Dozer,OP1035,1375.5,33.5,Sunny,4.14,1158,50.6,85.4,43.6,13.04,3.51,8.88,0.96,4,15,Fastened,FALSE,LOW,normal,1
06:10:00,6,0,3,day,10,DZR004,Dozer,OP1035,1375.6,33.5,Sunny,5.7,944,54.9,85.3,55,12.93,3.52,7.75,0.85,4,15.3,Fastened,FALSE,LOW,normal,1
06:12:00,6,0,3,day,12,DZR004,Dozer,OP1035,1375.6,33.5,Sunny,5.16,1529,59.2,85.2,38.2,9.38,3.77,7.24,0.6,0,12.9,Fastened,FALSE,LOW,normal,1
06:14:00,6,0,3,day,14,DZR004,Dozer,OP1035,1375.6,33.5,Sunny,5.81,1373,63.4,85.2,60,12.45,3.08,6.83,0.25,1,15.8,Fastened,FALSE,LOW,normal,1
06:16:00,6,0,3,day,16,DZR004,Dozer,OP1035,1375.6,33.5,Sunny,6.94,968,67.7,85.1,48.3,11.37,3.96,7.79,0.69,4,29.7,Fastened,FALSE,LOW,normal,1
06:18:00,6,0,3,day,18,DZR004,Dozer,OP1035,1375.6,33.5,Sunny,4.21,1889,72,85.1,53,10.63,3.35,6.77,0.49,1,19.3,Fastened,FALSE,LOW,normal,1
06:20:00,6,0,3,day,20,DZR004,Dozer,OP1035,1375.6,33.5,Sunny,2.97,1268,76.3,85,49.3,13.99,2.68,8.41,1.15,1,16.1,Fastened,FALSE,LOW,normal,1
06:22:00,6,0,3,day,22,DZR004,Dozer,OP1035,1375.6,33.5,Sunny,3.88,1449,80.6,84.9,39.6,15.02,2.65,10.12,0.52,2,11.8,Unfastened,TRUE,LOW,normal,1
06:24:00,6,0,3,day,24,DZR004,Dozer,OP1035,1375.6,33.5,Sunny,8.69,1638,84.9,84.8,50.2,11.41,2.99,7.18,0.27,0,18.8,Fastened,FALSE,LOW,normal,1
06:26:00,6,0,3,day,26,DZR004,Dozer,OP1035,1375.6,33.5,Sunny,7.63,1048,83.2,84.8,48.4,9.81,2.53,6.29,0.43,2,7.4,Fastened,FALSE,MEDIUM,normal,1
06:28:00,6,0,3,day,28,DZR004,Dozer,OP1035,1375.6,33.5,Sunny,5.16,1578,88.5,84.7,48.3,9.03,3.61,6.41,1.22,0,10.5,Fastened,FALSE,LOW,normal,1
06:30:00,6,0,3,day,30,DZR004,Dozer,OP1035,1375.7,33.5,Sunny,6.02,2138,86.7,84.6,40.5,12.88,2.78,8.79,0.58,0,23.8,Fastened,FALSE,LOW,normal,1
06:32:00,6,0,3,day,32,DZR004,Dozer,OP1035,1375.7,33.5,Sunny,3.93,1379,89.3,84.6,60,10.13,2.95,5.82,0.36,3,24.7,Fastened,FALSE,LOW,normal,1
06:34:00,6,0,3,day,34,DZR004,Dozer,OP1035,1375.7,33.5,Sunny,4.72,1198,88.2,84.5,59,11.23,2.5,6.08,1.13,0,22.2,Fastened,FALSE,LOW,normal,1
06:36:00,6,0,3,day,36,DZR004,Dozer,OP1035,1375.7,33.5,Sunny,6.61,1650,86.8,84.5,47.5,9.97,2.42,6.38,0.58,2,22.3,Fastened,FALSE,LOW,normal,1
06:38:00,6,0,3,day,38,DZR004,Dozer,OP1035,1375.7,33.5,Sunny,4.41,1535,85.7,84.4,53.2,9.3,3.32,6.12,0.96,3,23,Fastened,FALSE,LOW,normal,1
06:40:00,6,0,3,day,40,DZR004,Dozer,OP1035,1375.7,33.5,Sunny,3.89,1091,90.5,84.3,38.9,11.51,2.93,8.17,1.3,2,26.3,Fastened,FALSE,LOW,normal,1
06:42:00,6,0,3,day,42,DZR004,Dozer,OP1035,1375.7,33.5,Sunny,4.69,1441,91.6,84.3,40.4,10.91,2.86,7.66,0.66,3,0.5,Fastened,FALSE,MEDIUM,normal,1
06:44:00,6,0,3,day,44,DZR004,Dozer,OP1035,1375.7,33.5,Sunny,6.75,1469,84.5,84.2,56.9,10.03,3.21,6.15,0.31,2,7.6,Fastened,FALSE,MEDIUM,normal,1
06:46:00,6,0,3,day,46,DZR004,Dozer,OP1035,1375.7,33.5,Sunny,5.77,1398,93.9,84.1,50.5,14.58,2.56,8.51,0.45,2,24.3,Fastened,FALSE,LOW,normal,1
06:48:00,6,0,3,day,48,DZR004,Dozer,OP1035,1375.7,33.5,Sunny,4.9,1567,87.5,84.1,57,11.44,3.63,6.99,0.99,2,19.1,Fastened,FALSE,LOW,normal,1
06:50:00,6,0,3,day,50,DZR004,Dozer,OP1035,1375.8,33.5,Sunny,6.09,1407,87,84,49.6,12.38,2.75,7.6,0.84,3,6.3,Fastened,FALSE,MEDIUM,normal,1
06:52:00,6,0,3,day,52,DZR004,Dozer,OP1035,1375.8,33.5,Sunny,5.76,1047,89.1,83.9,41.1,11.17,2.81,7.73,0.68,0,34.6,Fastened,FALSE,LOW,normal,1
06:54:00,6,0,3,day,54,DZR004,Dozer,OP1035,1375.8,33.5,Sunny,6.06,1365,86.7,83.9,44.1,13.24,3.06,8.75,0.65,3,27.9,Fastened,FALSE,LOW,normal,1
06:56:00,6,0,3,day,56,DZR004,Dozer,OP1035,1375.8,33.5,Sunny,7.8,1446,84.8,83.8,53,11.08,3.89,7.27,0.59,4,9.1,Fastened,FALSE,LOW,normal,1
06:58:00,6,0,3,day,58,DZR004,Dozer,OP1035,1375.8,33.5,Sunny,3.9,1404,88.8,83.7,49.1,12.97,2.82,7.99,1.18,4,18.7,Fastened,FALSE,LOW,normal,1
07:00:00,7,0,3,day,60,DZR004,Dozer,OP1035,1375.8,33.5,Sunny,6.89,1723,78.4,83.7,39.4,9.87,2.93,7.14,0.59,4,14.2,Fastened,FALSE,LOW,normal,1
07:02:00,7,0,3,day,62,DZR004,Dozer,OP1035,1375.8,33.5,Sunny,4.06,1123,87.2,83.6,51.8,10.69,2.99,6.7,0.78,4,10,Fastened,FALSE,LOW,normal,1
07:04:00,7,0,3,day,64,DZR004,Dozer,OP1035,1375.8,33.5,Sunny,4.67,1093,84.3,83.5,46.6,11.64,3.48,7.84,0.62,4,14.4,Fastened,FALSE,LOW,normal,1
07:06:00,7,0,3,day,66,DZR004,Dozer,OP1035,1375.8,33.5,Sunny,5.54,1980,80.9,83.4,44.6,16.56,2.17,10.14,0.42,3,30.4,Fastened,FALSE,LOW,normal,1
07:08:00,7,0,3,day,68,DZR004,Dozer,OP1035,1375.8,33.5,Sunny,7.02,2006,87.1,83.4,46.2,12.65,3.68,8.51,0.53,4,18.6,Fastened,FALSE,LOW,normal,1
07:10:00,7,0,3,day,70,DZR004,Dozer,OP1035,1375.9,33.5,Sunny,4.02,1454,89.7,83.3,34.3,8.07,1.9,5.95,1.34,3,12.7,Fastened,FALSE,LOW,normal,1
07:12:00,7,0,3,day,72,DZR004,Dozer,OP1035,1375.9,33.5,Sunny,5.68,1599,92,83.2,52.1,12.01,3.99,7.83,0.19,3,14.4,Fastened,FALSE,LOW,normal,1
07:14:00,7,0,3,day,74,DZR004,Dozer,OP1035,1375.9,33.5,Sunny,4.94,1723,88.4,83.1,43.9,13.38,3.87,9.21,1.66,4,9.3,Fastened,FALSE,LOW,normal,1
07:16:00,7,0,3,day,76,DZR004,Dozer,OP1035,1375.9,33.5,Sunny,4.37,1741,88,83.1,58.2,14.63,3.77,8.31,0.05,0,19.3,Fastened,FALSE,LOW,normal,1
07:18:00,7,0,3,day,78,DZR004,Dozer,OP1035,1375.9,33.5,Sunny,7.21,2075,85,83,53.8,14.7,3.18,8.5,0.51,0,3.3,Fastened,FALSE,MEDIUM,normal,1
07:20:00,7,0,3,day,80,DZR004,Dozer,OP1035,1375.9,33.5,Sunny,5.78,1124,86.9,82.9,45.6,13.73,3.42,9.03,0.63,0,15.8,Fastened,FALSE,LOW,normal,1
07:22:00,7,0,3,day,82,DZR004,Dozer,OP1035,1375.9,33.5,Sunny,6.73,1154,83.6,82.9,56.8,9.75,3.71,6.32,0.7,0,11.3,Fastened,FALSE,LOW,normal,1
07:24:00,7,0,3,day,84,DZR004,Dozer,OP1035,1375.9,33.5,Sunny,4.6,1334,89.7,82.8,60,10.7,2.98,6.07,0.93,3,9.1,Fastened,FALSE,LOW,normal,1
07:26:00,7,0,3,day,86,DZR004,Dozer,OP1035,1375.9,33.5,Sunny,7.17,1775,86.2,82.7,42.2,11.98,2.04,7.79,0.4,0,16.4,Fastened,FALSE,LOW,normal,1
07:28:00,7,0,3,day,88,DZR004,Dozer,OP1035,1375.9,33.5,Sunny,5.95,1679,86.4,82.7,60,9.64,3.06,5.69,0.28,2,21.3,Fastened,FALSE,LOW,normal,1
07:30:00,7,0,3,day,90,DZR004,Dozer,OP1035,1376,33.5,Sunny,9.58,1424,94.8,82.6,45.8,12.48,3.1,8.18,0.87,4,16.5,Fastened,FALSE,LOW,normal,1
07:32:00,7,0,3,day,92,DZR004,Dozer,OP1035,1376,33.5,Sunny,5.65,1863,86.9,82.5,41.6,9.01,3.64,6.78,0.98,3,19.7,Fastened,FALSE,LOW,normal,1
07:34:00,7,0,3,day,94,DZR004,Dozer,OP1035,1376,33.5,Sunny,5.04,1118,87.9,82.5,39.6,12.01,3.52,8.65,0.42,2,26.8,Fastened,FALSE,LOW,normal,1
07:36:00,7,0,3,day,96,DZR004,Dozer,OP1035,1376,33.5,Sunny,5.14,1569,91.6,82.4,48.1,15.84,3.44,9.88,1.09,2,4.1,Fastened,FALSE,MEDIUM,normal,1
07:38:00,7,0,3,day,98,DZR004,Dozer,OP1035,1376,33.5,Sunny,7.74,1535,85.4,82.3,59.1,12.67,2.63,6.74,1.03,1,26.7,Unfastened,TRUE,LOW,normal,1
07:40:00,7,0,3,day,100,DZR004,Dozer,OP1035,1376,33.5,Sunny,4.29,1667,90.2,82.3,49.7,10.28,3.7,7.01,0.73,2,7.6,Fastened,FALSE,MEDIUM,normal,1
07:42:00,7,0,3,day,102,DZR004,Dozer,OP1035,1376,33.5,Sunny,5.76,2154,83.7,82.2,43.1,16.68,1.74,10.24,0.34,1,18.7,Fastened,FALSE,LOW,normal,1
07:44:00,7,0,3,day,104,DZR004,Dozer,OP1035,1376,33.5,Sunny,2.84,1644,90.1,82.1,51.1,13.13,2.79,7.85,0.86,3,18.4,Fastened,FALSE,LOW,normal,1
07:46:00,7,0,3,day,106,DZR004,Dozer,OP1035,1376,33.5,Sunny,3.55,1666,86.8,82,40.6,10.6,2.05,7.13,0.06,2,14.4,Fastened,FALSE,LOW,normal,1
07:48:00,7,0,3,day,108,DZR004,Dozer,OP1035,1376,33.5,Sunny,5.87,1614,86.8,82,47.5,11.87,3.6,7.94,0.24,4,13.9,Fastened,FALSE,LOW,normal,1
07:50:00,7,0,3,day,110,DZR004,Dozer,OP1035,1376.1,33.5,Sunny,8.79,1694,89.3,81.9,46.1,11.62,4.7,8.43,0.86,3,6.7,Fastened,FALSE,MEDIUM,normal,1
07:52:00,7,0,3,day,112,DZR004,Dozer,OP1035,1376.1,33.5,Sunny,6.54,1844,81.2,81.8,41.5,12.73,2.23,8.37,0.64,1,20.4,Fastened,FALSE,LOW,normal,1
07:54:00,7,0,3,day,114,DZR004,Dozer,OP1035,1376.1,33.5,Sunny,5.92,1406,88,81.7,33.9,8,3.48,6.47,0.45,3,28.3,Fastened,FALSE,LOW,normal,1
07:56:00,7,0,3,day,116,DZR004,Dozer,OP1035,1376.1,33.5,Sunny,4.11,1433,88.9,81.7,46.8,13.44,2.94,8.53,0.27,4,17.8,Unfastened,TRUE,LOW,normal,1
07:58:00,7,0,3,day,118,DZR004,Dozer,OP1035,1376.1,33.5,Sunny,5.27,1673,81.9,81.6,58.9,13.57,3,7.34,1.07,3,15.7,Fastened,FALSE,LOW,normal,1
08:00:00,8,0,3,day,120,DZR004,Dozer,OP1035,1376.1,33.5,Sunny,2.57,1466,81.6,81.5,46.5,12.14,2.63,7.72,0.45,2,21.3,Fastened,FALSE,LOW,normal,1
08:02:00,8,0,3,day,122,DZR004,Dozer,OP1035,1376.1,33.5,Sunny,3.15,1632,85.2,81.5,40.7,12.04,3.15,8.42,0.98,3,14.6,Fastened,FALSE,LOW,normal,1
08:04:00,8,0,3,day,124,DZR004,Dozer,OP1035,1376.1,33.5,Sunny,5.44,1644,87.4,81.4,44.1,10.46,2.64,7.01,0.73,3,14.4,Fastened,FALSE,LOW,normal,1
08:06:00,8,0,3,day,126,DZR004,Dozer,OP1035,1376.1,33.5,Sunny,5.38,1335,91.9,81.3,34.8,12.68,2.74,9.22,0.47,3,17.1,Unfastened,TRUE,LOW,normal,1
08:08:00,8,0,3,day,128,DZR004,Dozer,OP1035,1376.1,33.5,Sunny,7.96,1649,85.2,81.3,48.8,10.55,2.27,6.51,0.63,4,22.6,Unfastened,TRUE,LOW,normal,1
08:10:00,8,0,3,day,130,DZR004,Dozer,OP1035,1376.2,33.5,Sunny,7.07,1307,85.2,81.2,49,11.48,2.81,7.23,1.06,3,15.3,Fastened,FALSE,LOW,normal,1
08:12:00,8,0,3,day,132,DZR004,Dozer,OP1035,1376.2,33.5,Sunny,6.13,1343,87.3,81.1,36.2,10.36,3.34,7.82,0.53,3,7.8,Fastened,FALSE,MEDIUM,normal,1
08:14:00,8,0,3,day,134,DZR004,Dozer,OP1035,1376.2,33.5,Sunny,6.92,1291,85.4,81,35.1,12.35,2.43,8.87,0.91,1,9.2,Fastened,FALSE,LOW,normal,1
08:16:00,8,0,3,day,136,DZR004,Dozer,OP1035,1376.2,33.5,Sunny,8.38,1045,83.6,81,44.7,14.04,3.54,9.35,0.56,1,16.9,Fastened,FALSE,LOW,normal,1
08:18:00,8,0,3,day,138,DZR004,Dozer,OP1035,1376.2,33.5,Sunny,4.94,1123,88.9,80.9,45.3,14.55,2.38,9.04,1.01,0,22.3,Fastened,FALSE,LOW,normal,1
08:20:00,8,0,3,day,140,DZR004,Dozer,OP1035,1376.2,33.5,Sunny,7.41,1690,94,80.8,46.2,12.69,3.49,8.44,0.41,2,27.1,Fastened,FALSE,LOW,normal,1
08:22:00,8,0,3,day,142,DZR004,Dozer,OP1035,1376.2,33.5,Sunny,6.06,1774,86.2,80.7,37.9,11.64,3.09,8.4,0.74,4,22.3,Fastened,FALSE,LOW,normal,1
08:24:00,8,0,3,day,144,DZR004,Dozer,OP1035,1376.2,33.5,Sunny,4.68,1016,87.5,80.6,51.7,15.84,2.86,9.13,0.66,2,23.6,Fastened,FALSE,LOW,normal,1
08:26:00,8,0,3,day,146,DZR004,Dozer,OP1035,1376.2,33.5,Sunny,9.11,1178,87.5,80.6,53.8,13.41,2.99,7.8,0.82,1,20.5,Fastened,FALSE,LOW,normal,1
08:28:00,8,0,3,day,148,DZR004,Dozer,OP1035,1376.3,33.5,Sunny,6.34,1094,83.5,80.5,32.8,11.05,2.56,8.27,0.56,1,14.5,Unfastened,TRUE,LOW,normal,1
08:30:00,8,0,3,day,150,DZR004,Dozer,OP1035,1376.3,33.5,Sunny,3.58,934,89.6,80.4,53.7,16.69,2.93,9.3,0.72,1,26.7,Unfastened,TRUE,LOW,normal,1
08:32:00,8,0,3,day,152,DZR004,Dozer,OP1035,1376.3,33.5,Sunny,3.95,1813,84.5,80.4,38.4,8.09,2.38,5.9,0.1,0,26.7,Fastened,FALSE,LOW,normal,1
08:34:00,8,0,3,day,154,DZR004,Dozer,OP1035,1376.3,33.5,Sunny,7.14,1747,90.3,80.3,37.1,13.28,4.12,9.88,0.68,3,24.7,Unfastened,TRUE,LOW,normal,1
08:36:00,8,0,3,day,156,DZR004,Dozer,OP1035,1376.3,33.5,Sunny,3.48,1507,83.9,80.2,37.4,11.29,3.82,8.5,0.47,0,27.9,Fastened,FALSE,LOW,normal,1
08:38:00,8,0,3,day,158,DZR004,Dozer,OP1035,1376.3,33.5,Sunny,6.35,2110,86,80.1,33.7,12.35,2.02,8.87,0.4,2,20.7,Unfastened,TRUE,LOW,normal,1
08:40:00,8,0,3,day,160,DZR004,Dozer,OP1035,1376.3,33.5,Sunny,5.82,1583,84.6,80,48.7,13.7,2.54,8.27,1.09,3,22.4,Fastened,FALSE,LOW,normal,1
08:42:00,8,0,3,day,162,DZR004,Dozer,OP1035,1376.3,33.5,Sunny,4.92,1242,86.7,80,47.6,14.29,2.66,8.75,0.29,1,19.8,Fastened,FALSE,LOW,normal,1
08:44:00,8,0,3,day,164,DZR004,Dozer,OP1035,1376.3,33.5,Sunny,6.98,1181,86.4,79.9,42,10.12,2.57,6.95,0.35,3,19.8,Fastened,FALSE,LOW,normal,1
08:46:00,8,0,3,day,166,DZR004,Dozer,OP1035,1376.3,33.5,Sunny,4.64,1805,89.3,79.8,44.2,8,3.34,5.94,0.39,2,28.2,Fastened,FALSE,LOW,normal,1
08:48:00,8,0,3,day,168,DZR004,Dozer,OP1035,1376.4,33.5,Sunny,4.84,1379,90.8,79.8,39.6,10.73,3.5,7.87,1.63,0,5.5,Fastened,FALSE,MEDIUM,normal,1
08:50:00,8,0,3,day,170,DZR004,Dozer,OP1035,1376.4,33.5,Sunny,2.89,1716,85.7,79.7,39.3,12.55,3.15,8.86,0.77,3,15.5,Fastened,FALSE,LOW,normal,1
08:52:00,8,0,3,day,172,DZR004,Dozer,OP1035,1376.4,33.5,Sunny,5.81,1543,89.9,79.6,50.1,12.86,2.97,7.91,0.68,1,1.5,Fastened,TRUE,HIGH,normal,1
08:54:00,8,0,3,day,174,DZR004,Dozer,OP1035,1376.4,33.5,Sunny,4.62,1504,84.1,79.5,44.8,11.07,3.78,7.8,1.07,3,11.3,Fastened,FALSE,LOW,normal,1
08:56:00,8,0,3,day,176,DZR004,Dozer,OP1035,1376.4,33.5,Sunny,3.62,1855,84,79.5,34.9,12.05,2.95,8.87,0.74,1,19.6,Fastened,FALSE,LOW,normal,1
08:58:00,8,0,3,day,178,DZR004,Dozer,OP1035,1376.4,33.5,Sunny,6.73,1368,84.1,79.4,58.8,13.64,2.71,7.21,0.72,4,13.9,Fastened,FALSE,LOW,normal,1
09:00:00,9,0,3,day,180,DZR004,Dozer,OP1035,1376.4,33.5,Sunny,6.43,1696,82,79.3,52.4,12.57,2.72,7.41,0.58,0,10.1,Unfastened,TRUE,LOW,normal,1
09:02:00,9,0,3,day,182,DZR004,Dozer,OP1035,1376.4,33.5,Sunny,6.36,1666,83.5,79.3,42.7,12.4,3.17,8.46,0.64,0,13.1,Fastened,FALSE,LOW,normal,1
09:04:00,9,0,3,day,184,DZR004,Dozer,OP1035,1376.4,33.5,Sunny,4.13,1383,88.9,79.2,54.5,15.31,3.17,8.69,0.57,3,14.6,Fastened,FALSE,LOW,normal,1
09:06:00,9,0,3,day,186,DZR004,Dozer,OP1035,1376.4,33.5,Sunny,3.9,1446,88.5,79.1,40.5,14.1,2.94,9.58,0.27,4,5.2,Fastened,FALSE,MEDIUM,normal,1
09:08:00,9,0,3,day,188,DZR004,Dozer,OP1035,1376.5,33.5,Sunny,4.75,1314,89.2,79,53.9,13.2,3.1,7.76,0.92,1,5.7,Unfastened,TRUE,MEDIUM,normal,1
09:10:00,9,0,3,day,190,DZR004,Dozer,OP1035,1376.5,33.5,Sunny,6.15,1717,89.5,79,52.5,11.74,3,7.15,0.97,1,20.3,Fastened,FALSE,LOW,normal,1
09:12:00,9,0,3,day,192,DZR004,Dozer,OP1035,1376.5,33.5,Sunny,8.65,1860,84.5,78.9,40.5,11.93,2.92,8.28,0.46,0,24.8,Fastened,FALSE,LOW,normal,1
09:14:00,9,0,3,day,194,DZR004,Dozer,OP1035,1376.5,33.5,Sunny,7.02,1354,86.6,78.8,50.5,8.06,3.18,5.6,1.02,0,6.9,Fastened,FALSE,MEDIUM,normal,1
09:16:00,9,0,3,day,196,DZR004,Dozer,OP1035,1376.5,33.5,Sunny,4.2,1734,87.4,78.8,46.7,11.15,3.22,7.45,0.68,1,26.3,Unfastened,TRUE,LOW,normal,1
09:18:00,9,0,3,day,198,DZR004,Dozer,OP1035,1376.5,33.5,Sunny,6.27,1459,89.2,78.7,60,15.22,3.15,7.98,0.32,1,20.2,Fastened,FALSE,LOW,normal,1
09:20:00,9,0,3,day,200,DZR004,Dozer,OP1035,1376.5,33.5,Sunny,5.96,1914,90.3,78.6,54.2,11.59,3.63,7.28,0.1,3,16.7,Fastened,FALSE,LOW,normal,1
09:22:00,9,0,3,day,202,DZR004,Dozer,OP1035,1376.5,33.5,Sunny,3.77,2132,88.3,78.5,43,14.19,3.41,9.55,0.47,3,16.1,Fastened,FALSE,LOW,normal,1
09:24:00,9,0,3,day,204,DZR004,Dozer,OP1035,1376.5,33.5,Sunny,3.81,1539,88.4,78.5,46.5,12.77,2.32,7.91,0.82,2,9.3,Fastened,FALSE,LOW,normal,1
09:26:00,9,0,3,day,206,DZR004,Dozer,OP1035,1376.5,33.5,Sunny,5.01,1915,91.3,78.4,52.7,12.64,3.43,7.79,0.56,3,18.2,Fastened,FALSE,LOW,normal,1
09:28:00,9,0,3,day,208,DZR004,Dozer,OP1035,1376.6,33.5,Sunny,9.05,1275,91.9,78.3,38.7,14.47,2.41,9.8,0.52,2,27.1,Fastened,FALSE,LOW,normal,1
09:30:00,9,0,3,day,210,DZR004,Dozer,OP1035,1376.6,33.5,Sunny,6.04,1395,88.3,78.3,35.3,9.12,3.05,6.98,0.94,4,16.7,Fastened,FALSE,LOW,normal,1
09:32:00,9,0,3,day,212,DZR004,Dozer,OP1035,1376.6,33.5,Sunny,4.31,1196,86.4,78.2,50.7,11.52,2.34,6.87,0.52,4,14,Fastened,FALSE,LOW,normal,1
09:34:00,9,0,3,day,214,DZR004,Dozer,OP1035,1376.6,33.5,Sunny,4.02,1299,83.4,78.1,50,10.82,2.14,6.48,0.62,2,22.4,Fastened,FALSE,LOW,normal,1
09:36:00,9,0,3,day,216,DZR004,Dozer,OP1035,1376.6,33.5,Sunny,7.46,1829,88.9,78.1,39.3,12.81,3.11,9,0.51,3,17.2,Fastened,FALSE,LOW,normal,1
09:38:00,9,0,3,day,218,DZR004,Dozer,OP1035,1376.6,33.5,Sunny,4.75,1102,89.7,78,44.3,13.46,3.36,8.99,0.51,4,20.4,Unfastened,TRUE,LOW,normal,1
09:40:00,9,0,3,day,220,DZR004,Dozer,OP1035,1376.6,33.5,Sunny,6.85,1370,84.8,77.9,50,11.31,3,7.16,0.76,1,30.4,Fastened,FALSE,LOW,normal,1
09:42:00,9,0,3,day,222,DZR004,Dozer,OP1035,1376.6,33.5,Sunny,6.61,1570,87,77.8,49,12.1,3.43,7.85,1.01,0,16.2,Fastened,FALSE,LOW,normal,1
09:44:00,9,0,3,day,224,DZR004,Dozer,OP1035,1376.6,33.5,Sunny,2.41,1576,87.2,77.8,54.3,13.25,2.14,7.22,0.48,4,4.7,Fastened,FALSE,MEDIUM,normal,1
09:46:00,9,0,3,day,226,DZR004,Dozer,OP1035,1376.6,33.5,Sunny,5.89,913,83.2,77.7,50.6,14.16,3.77,8.9,0.47,3,16.7,Fastened,FALSE,LOW,normal,1
09:48:00,9,0,3,day,228,DZR004,Dozer,OP1035,1376.7,33.5,Sunny,6.11,1536,90.8,77.6,45.2,10.71,3.82,7.6,0.73,0,21.7,Fastened,FALSE,LOW,normal,1
09:50:00,9,0,3,day,230,DZR004,Dozer,OP1035,1376.7,33.5,Sunny,6.08,1328,80.6,77.6,60,10.45,2.31,5.57,0.31,3,0.5,Fastened,TRUE,HIGH,normal,1
09:52:00,9,0,3,day,232,DZR004,Dozer,OP1035,1376.7,33.5,Sunny,2.64,1591,85.7,77.5,43.2,12.41,2.7,8.22,0.43,2,24,Fastened,FALSE,LOW,normal,1
09:54:00,9,0,3,day,234,DZR004,Dozer,OP1035,1376.7,33.5,Sunny,3.03,1487,81.9,77.4,45.6,9.46,2.74,6.4,0.49,4,14.4,Fastened,FALSE,LOW,normal,1
09:56:00,9,0,3,day,236,DZR004,Dozer,OP1035,1376.7,33.5,Sunny,5.82,1959,85.8,77.4,36.9,12.98,2.07,8.95,0.34,1,20.1,Fastened,FALSE,LOW,normal,1
09:58:00,9,0,3,day,238,DZR004,Dozer,OP1035,1376.7,33.5,Sunny,4.78,2269,89.3,77.3,55.1,9.49,3.96,6.44,0.99,3,16.1,Fastened,FALSE,LOW,normal,1
10:00:00,10,0,3,day,240,DZR004,Dozer,OP1035,1376.7,33.5,Sunny,6.12,1650,88.6,77.2,41,10.86,3.33,7.77,0.38,2,16.2,Fastened,FALSE,LOW,normal,1
10:02:00,10,0,3,day,242,DZR004,Dozer,OP1035,1376.7,33.5,Sunny,8.15,1245,86.7,77.2,51,11.71,2.74,7.14,0.63,3,18.9,Unfastened,TRUE,LOW,normal,1
10:04:00,10,0,3,day,244,DZR004,Dozer,OP1035,1376.7,33.5,Sunny,6.52,1097,85.2,77.1,47.6,11.35,3.1,7.42,0.7,0,22.2,Fastened,FALSE,LOW,normal,1
10:06:00,10,0,3,day,246,DZR004,Dozer,OP1035,1376.7,33.5,Sunny,9.11,1277,85.1,77,48.2,11.64,2.71,7.34,0.97,4,27,Fastened,FALSE,LOW,normal,1
10:08:00,10,0,3,day,248,DZR004,Dozer,OP1035,1376.8,33.5,Sunny,3.81,1536,89.6,77,38,8.63,3.24,6.58,0.28,1,1.6,Fastened,FALSE,MEDIUM,normal,1
10:10:00,10,0,3,day,250,DZR004,Dozer,OP1035,1376.8,33.5,Sunny,4.96,1670,87.8,76.9,51.7,11.55,3.16,7.21,0.78,1,0.5,Fastened,FALSE,MEDIUM,normal,1
10:12:00,10,0,3,day,252,DZR004,Dozer,OP1035,1376.8,33.5,Sunny,6.39,1358,85.8,76.8,49.5,12.11,3.18,7.69,1.06,4,11,Fastened,FALSE,LOW,normal,1
10:14:00,10,0,3,day,254,DZR004,Dozer,OP1035,1376.8,33.5,Sunny,2.65,1703,87.6,76.8,28.6,12.04,3.59,9.62,0.76,2,11.2,Fastened,FALSE,LOW,normal,1
10:16:00,10,0,3,day,256,DZR004,Dozer,OP1035,1376.8,33.5,Sunny,4.92,1107,89.4,76.7,45.6,9.16,2.53,6.14,0.48,3,20,Unfastened,TRUE,LOW,normal,1
10:18:00,10,0,3,day,258,DZR004,Dozer,OP1035,1376.8,33.5,Sunny,9.73,1679,87.4,76.6,39.2,11.25,3.19,8.09,1.08,4,20,Fastened,FALSE,LOW,normal,1
10:20:00,10,0,3,day,260,DZR004,Dozer,OP1035,1376.8,33.5,Sunny,7.01,1378,87.4,76.6,45.4,11.59,3.13,7.75,0.57,1,26.2,Fastened,FALSE,LOW,normal,1
10:22:00,10,0,3,day,262,DZR004,Dozer,OP1035,1376.8,33.5,Sunny,7.7,1131,88.5,76.5,46.9,10.74,3.23,7.22,0.9,1,24.3,Fastened,FALSE,LOW,normal,1
10:24:00,10,0,3,day,264,DZR004,Dozer,OP1035,1376.8,33.5,Sunny,7.58,1402,84.9,76.4,38.6,11.52,1.79,7.76,0.74,0,8.6,Unfastened,TRUE,LOW,normal,1
10:26:00,10,0,3,day,266,DZR004,Dozer,OP1035,1376.8,33.5,Sunny,5.95,1053,87.7,76.4,51.3,11.05,3.18,7.01,1,0,19.9,Fastened,FALSE,LOW,normal,1
10:28:00,10,0,3,day,268,DZR004,Dozer,OP1035,1376.9,33.5,Sunny,5.9,1346,83,76.3,59.5,11.7,2.29,6.1,0.62,1,25,Fastened,FALSE,LOW,normal,1
10:30:00,10,0,3,day,270,DZR004,Dozer,OP1035,1376.9,33.5,Sunny,3.59,1489,88.5,76.2,45.1,12.91,2.42,8.18,1.7,0,5.6,Fastened,FALSE,MEDIUM,normal,1
10:32:00,10,0,3,day,272,DZR004,Dozer,OP1035,1376.9,33.5,Sunny,5.31,1190,88.2,76.2,41.8,10.57,3.11,7.45,0.57,1,27.4,Fastened,FALSE,LOW,normal,1
10:34:00,10,0,3,day,274,DZR004,Dozer,OP1035,1376.9,33.5,Sunny,7.73,1362,84.6,76.1,46.4,8.73,3.65,6.37,0.63,1,25.2,Fastened,FALSE,LOW,normal,1
10:36:00,10,0,3,day,276,DZR004,Dozer,OP1035,1376.9,33.5,Sunny,6.25,1198,84,76,44.9,13.15,2.54,8.39,0.63,0,15.4,Fastened,FALSE,LOW,normal,1
10:38:00,10,0,3,day,278,DZR004,Dozer,OP1035,1376.9,33.5,Sunny,5.61,1512,85.4,75.9,26.8,14.81,2.56,11.53,0.29,2,21,Fastened,FALSE,LOW,normal,1
10:40:00,10,0,3,day,280,DZR004,Dozer,OP1035,1376.9,33.5,Sunny,6.37,799,89.4,75.8,49.8,14.48,3.4,8.96,0.69,3,16.7,Fastened,FALSE,LOW,normal,1
10:42:00,10,0,3,day,282,DZR004,Dozer,OP1035,1376.9,33.5,Sunny,4.29,1459,76.2,75.7,36,15.46,2.91,10.94,0.56,1,13.6,Fastened,FALSE,LOW,normal,1
10:44:00,10,0,3,day,284,DZR004,Dozer,OP1035,1376.9,33.5,Sunny,6.3,1351,90.5,75.7,53.6,12.98,3.05,7.66,0.86,3,12.8,Fastened,FALSE,LOW,normal,1
10:46:00,10,0,3,day,286,DZR004,Dozer,OP1035,1376.9,33.5,Sunny,5.18,1349,87.7,75.6,51,9.71,3.13,6.35,0.63,0,24.2,Fastened,FALSE,LOW,normal,1
10:48:00,10,0,3,day,288,DZR004,Dozer,OP1035,1377,33.5,Sunny,3.83,1236,86.2,75.6,44.1,11.54,2.44,7.53,0.8,0,10.4,Fastened,FALSE,LOW,normal,1
10:50:00,10,0,3,day,290,DZR004,Dozer,OP1035,1377,33.5,Sunny,4.34,1514,83.2,75.5,54.7,15.33,3.16,8.67,0.78,2,9.5,Fastened,FALSE,LOW,normal,1
10:52:00,10,0,3,day,292,DZR004,Dozer,OP1035,1377,33.5,Sunny,6.11,1169,86.9,75.4,49.3,12.91,2.3,7.68,0.6,2,17.4,Fastened,FALSE,LOW,normal,1
10:54:00,10,0,3,day,294,DZR004,Dozer,OP1035,1377,33.5,Sunny,5.9,1146,84.1,75.3,54.1,13.44,3.39,8,0.48,2,18.8,Fastened,FALSE,LOW,normal,1
10:56:00,10,0,3,day,296,DZR004,Dozer,OP1035,1377,33.5,Sunny,6.76,1586,86.6,75.3,55.8,13.72,2.64,7.54,0.7,2,28.1,Unfastened,TRUE,LOW,normal,1
10:58:00,10,0,3,day,298,DZR004,Dozer,OP1035,1377,33.5,Sunny,6.96,1386,89.9,75.2,40.7,16.35,3.21,11,1.23,4,29.3,Fastened,FALSE,LOW,normal,1
11:00:00,11,0,3,day,300,DZR004,Dozer,OP1035,1377,33.5,Sunny,2.14,1698,84.9,75.1,39.9,9.91,2.96,7.14,0.15,1,20.1,Fastened,FALSE,LOW,normal,1
11:02:00,11,0,3,day,302,DZR004,Dozer,OP1035,1377,33.5,Sunny,8.4,1783,84.6,75,60,12.93,1.5,6.07,1.25,0,14.3,Fastened,FALSE,LOW,normal,1
11:04:00,11,0,3,day,304,DZR004,Dozer,OP1035,1377,33.5,Sunny,5.15,1180,88.7,75,50.2,12.88,3.59,8.22,4.22,23,17,Unfastened,TRUE,LOW,erratic_accel,-1
11:06:00,11,0,3,day,306,DZR004,Dozer,OP1035,1377.1,33.5,Sunny,7.41,1644,86.2,74.9,42.9,12.04,3.06,8.19,3.58,19,15.4,Fastened,FALSE,LOW,erratic_accel,-1
11:08:00,11,0,3,day,308,DZR004,Dozer,OP1035,1377.1,33.5,Sunny,5.63,1263,89.7,74.8,34.8,14.36,1.93,10.03,3.48,22,30.1,Unfastened,TRUE,LOW,erratic_accel,-1
11:10:00,11,0,3,day,310,DZR004,Dozer,OP1035,1377.1,33.5,Sunny,4.45,1587,85.3,74.8,57.4,9.41,1.99,5.15,2.94,20,27.1,Fastened,FALSE,LOW,erratic_accel,-1
11:12:00,11,0,3,day,312,DZR004,Dozer,OP1035,1377.1,33.5,Sunny,1.81,1285,87.8,74.7,47.1,12.33,3.07,7.97,3.78,12,25.2,Unfastened,FALSE,LOW,erratic_accel,-1
11:14:00,11,0,3,day,314,DZR004,Dozer,OP1035,1377.1,33.5,Sunny,4.03,1521,91.6,74.6,51.5,10.98,2.99,6.87,3.72,11,20.3,Unfastened,TRUE,LOW,erratic_accel,-1
11:16:00,11,0,3,day,316,DZR004,Dozer,OP1035,1377.1,33.5,Sunny,5.31,1207,84.5,74.6,43.9,10.48,2.77,7.1,4.39,24,13.7,Fastened,FALSE,LOW,erratic_accel,-1
11:18:00,11,0,3,day,318,DZR004,Dozer,OP1035,1377.1,33.5,Sunny,4.25,1312,88.6,74.5,41.1,12.78,2.5,8.55,3.37,15,21.8,Fastened,FALSE,LOW,erratic_accel,-1
11:20:00,11,0,3,day,320,DZR004,Dozer,OP1035,1377.1,33.5,Sunny,5.95,1748,86.5,74.4,37.8,10.17,2.29,7.19,3.63,22,26.2,Fastened,FALSE,LOW,erratic_accel,-1
11:22:00,11,0,3,day,322,DZR004,Dozer,OP1035,1377.1,33.5,Sunny,5.51,1590,90.7,74.4,49.1,12.43,2.62,7.61,3.25,23,12.7,Fastened,FALSE,LOW,erratic_accel,-1
11:24:00,11,0,3,day,324,DZR004,Dozer,OP1035,1377.1,33.5,Sunny,4.93,1362,89.3,74.3,57.2,15.16,3.33,8.39,4.48,25,16.9,Fastened,FALSE,LOW,erratic_accel,-1
11:26:00,11,0,3,day,326,DZR004,Dozer,OP1035,1377.2,33.5,Sunny,5.47,1710,88.6,74.2,40.6,13.86,2.73,9.34,2.69,21,26.3,Fastened,FALSE,LOW,erratic_accel,-1
11:28:00,11,0,3,day,328,DZR004,Dozer,OP1035,1377.2,33.5,Sunny,3.41,1379,82.6,74.1,37.4,11.9,3.5,8.76,3.47,18,14,Unfastened,TRUE,LOW,erratic_accel,-1
11:30:00,11,0,3,day,330,DZR004,Dozer,OP1035,1377.2,33.5,Sunny,4.92,1500,82.7,74,48.2,15.37,3.56,9.68,3.64,17,15.5,Fastened,FALSE,LOW,erratic_accel,-1
11:32:00,11,0,3,day,332,DZR004,Dozer,OP1035,1377.2,33.5,Sunny,4.75,1722,89.8,74,51.2,11.6,3.26,7.33,4.41,17,14.4,Fastened,FALSE,LOW,erratic_accel,-1
11:34:00,11,0,3,day,334,DZR004,Dozer,OP1035,1377.2,33.5,Sunny,7.58,1460,86.8,73.9,55.2,11.07,3.89,7.11,3.86,10,16.5,Fastened,FALSE,LOW,erratic_accel,-1
11:36:00,11,0,3,day,336,DZR004,Dozer,OP1035,1377.2,33.5,Sunny,5.06,1645,84.4,73.8,56.8,11.02,2.37,6.11,3.29,18,13.4,Fastened,FALSE,LOW,erratic_accel,-1
11:38:00,11,0,3,day,338,DZR004,Dozer,OP1035,1377.2,33.5,Sunny,4.22,1168,89.4,73.8,49.7,13.66,3.22,8.47,4.02,15,28.8,Fastened,FALSE,LOW,erratic_accel,-1
11:40:00,11,0,3,day,340,DZR004,Dozer,OP1035,1377.2,33.5,Sunny,6.69,1161,85.5,73.7,51.3,11.38,3.05,7.11,4.15,17,20.2,Fastened,FALSE,LOW,erratic_accel,-1
11:42:00,11,0,3,day,342,DZR004,Dozer,OP1035,1377.2,33.5,Sunny,4.25,1659,90.3,73.6,54.4,12.66,3.56,7.71,4.36,19,16.6,Fastened,FALSE,LOW,erratic_accel,-1
11:44:00,11,0,3,day,344,DZR004,Dozer,OP1035,1377.2,33.5,Sunny,7.27,1558,87.6,73.6,44.6,12.67,3.65,8.65,3.66,25,28.1,Fastened,FALSE,LOW,erratic_accel,-1
11:46:00,11,0,3,day,346,DZR004,Dozer,OP1035,1377.3,33.5,Sunny,6.27,1540,89.9,73.5,26.2,14.86,3.28,11.83,3.38,20,18.3,Unfastened,TRUE,LOW,erratic_accel,-1
11:48:00,11,0,3,day,348,DZR004,Dozer,OP1035,1377.3,33.5,Sunny,3.77,1367,87.2,73.4,34.6,12.51,2.97,9.21,4.3,15,12.8,Fastened,FALSE,LOW,erratic_accel,-1
11:50:00,11,0,3,day,350,DZR004,Dozer,OP1035,1377.3,33.5,Sunny,5.85,1756,84.6,73.3,52.8,12.46,3.77,7.87,3.83,23,28.4,Fastened,FALSE,LOW,erratic_accel,-1
11:52:00,11,0,3,day,352,DZR004,Dozer,OP1035,1377.3,33.5,Sunny,4.1,1246,87.7,73.2,41.8,10.86,3.59,7.82,3.57,19,19.6,Fastened,FALSE,LOW,erratic_accel,-1
11:54:00,11,0,3,day,354,DZR004,Dozer,OP1035,1377.3,33.5,Sunny,5.74,967,85.6,73.2,51.3,13.13,3.27,8.07,4.1,11,16.9,Fastened,FALSE,LOW,erratic_accel,-1
11:56:00,11,0,3,day,356,DZR004,Dozer,OP1035,1377.3,33.5,Sunny,5.43,1536,86.1,73.1,49.9,10.93,3.83,7.39,3.19,16,5.1,Fastened,FALSE,MEDIUM,erratic_accel,-1
11:58:00,11,0,3,day,358,DZR004,Dozer,OP1035,1377.3,33.5,Sunny,5.66,1466,84,73,37.8,10.96,3.42,8.11,3.32,11,12,Fastened,FALSE,LOW,erratic_accel,-1
12:00:00,12,0,3,day,360,DZR004,Dozer,OP1035,1377.3,33.5,Sunny,6.94,1557,87.5,72.9,46.5,12.18,2.83,7.83,4.32,22,8.6,Fastened,FALSE,LOW,erratic_accel,-1
12:02:00,12,0,3,day,362,DZR004,Dozer,OP1035,1377.3,33.5,Sunny,9.76,1620,87.5,72.9,46.9,13.68,2.66,8.51,3.56,16,6.3,Fastened,FALSE,MEDIUM,erratic_accel,-1
12:04:00,12,0,3,day,364,DZR004,Dozer,OP1035,1377.3,33.5,Sunny,3.92,1491,90.7,72.8,45.2,10.91,2.89,7.28,1.21,0,18.4,Fastened,FALSE,LOW,normal,1
12:06:00,12,0,3,day,366,DZR004,Dozer,OP1035,1377.4,33.5,Sunny,4.92,1454,88.2,72.7,43.1,15.44,2.41,9.82,0.76,3,23.2,Fastened,FALSE,LOW,normal,1
12:08:00,12,0,3,day,368,DZR004,Dozer,OP1035,1377.4,33.5,Sunny,7.63,1036,88.6,72.7,58.4,9.6,2.63,5.53,0.51,4,16,Fastened,FALSE,LOW,normal,1
12:10:00,12,0,3,day,370,DZR004,Dozer,OP1035,1377.4,33.5,Sunny,1.96,1557,90.1,72.6,53.2,17,2.82,9.46,0.67,4,2.2,Fastened,FALSE,MEDIUM,normal,1
12:12:00,12,0,3,day,372,DZR004,Dozer,OP1035,1377.4,33.5,Sunny,3.99,1230,82.7,72.5,44.7,9.21,3.32,6.58,0.27,4,18,Fastened,FALSE,LOW,normal,1
12:14:00,12,0,3,day,374,DZR004,Dozer,OP1035,1377.4,33.5,Sunny,3.4,1942,90.5,72.5,42,10.84,2.72,7.43,0.4,0,19.2,Unfastened,TRUE,LOW,normal,1
12:16:00,12,0,3,day,376,DZR004,Dozer,OP1035,1377.4,33.5,Sunny,8.8,1495,86.5,72.4,38.3,8.98,3.29,6.8,0.67,4,19.1,Fastened,FALSE,LOW,normal,1
12:18:00,12,0,3,day,378,DZR004,Dozer,OP1035,1377.4,33.5,Sunny,3.63,1565,82.4,72.3,57.3,10.73,3.82,6.77,0.52,3,26.2,Fastened,FALSE,LOW,normal,1
12:20:00,12,0,3,day,380,DZR004,Dozer,OP1035,1377.4,33.5,Sunny,3.12,1969,88.7,72.2,33.2,12.24,3.17,9.23,0.44,1,14.6,Fastened,FALSE,LOW,normal,1
12:22:00,12,0,3,day,382,DZR004,Dozer,OP1035,1377.4,33.5,Sunny,7.85,1771,91.2,72.2,41.7,13.3,1.64,8.44,0.53,1,10.4,Fastened,FALSE,LOW,normal,1
12:24:00,12,0,3,day,384,DZR004,Dozer,OP1035,1377.4,33.5,Sunny,4.84,1725,93,72.1,47.7,12.16,2.92,7.75,0.37,1,10.1,Fastened,FALSE,LOW,normal,1
12:26:00,12,0,3,day,386,DZR004,Dozer,OP1035,1377.5,33.5,Sunny,3.81,1259,86,72,54.8,13.72,4.03,8.41,0.51,0,18.6,Fastened,FALSE,LOW,normal,1
12:28:00,12,0,3,day,388,DZR004,Dozer,OP1035,1377.5,33.5,Sunny,4.37,1212,88.6,71.9,53.8,17,2.66,9.29,0.45,3,13.2,Fastened,FALSE,LOW,normal,1
12:30:00,12,0,3,day,390,DZR004,Dozer,OP1035,1377.5,33.5,Sunny,4.38,1612,86.1,71.9,60,12.31,2.7,6.54,0.83,1,18,Fastened,FALSE,LOW,normal,1
12:32:00,12,0,3,day,392,DZR004,Dozer,OP1035,1377.5,33.5,Sunny,3.23,1401,93.5,71.8,47.5,12.19,2.74,7.7,0.4,3,8.1,Fastened,FALSE,LOW,normal,1
12:34:00,12,0,3,day,394,DZR004,Dozer,OP1035,1377.5,33.5,Sunny,1.74,1546,91.5,71.7,46,10.45,3.18,7.11,0.62,2,21.2,Fastened,FALSE,LOW,normal,1
12:36:00,12,0,3,day,396,DZR004,Dozer,OP1035,1377.5,33.5,Sunny,5.44,1810,87.6,71.7,54.8,10.96,3.76,7.01,0.81,1,12.9,Fastened,FALSE,LOW,normal,1
12:38:00,12,0,3,day,398,DZR004,Dozer,OP1035,1377.5,33.5,Sunny,6.83,1172,86,71.6,41.3,12.53,3.26,8.7,0.4,3,25.1,Fastened,FALSE,LOW,normal,1
12:40:00,12,0,3,day,400,DZR004,Dozer,OP1035,1377.5,33.5,Sunny,10.28,1393,84.2,71.5,44,10.77,3.39,7.52,0.87,2,16.8,Fastened,FALSE,LOW,normal,1
12:42:00,12,0,3,day,402,DZR004,Dozer,OP1035,1377.5,33.5,Sunny,8.82,1177,85.6,71.5,54.3,14.64,3.08,8.36,0.72,0,18.4,Fastened,FALSE,LOW,normal,1
12:44:00,12,0,3,day,404,DZR004,Dozer,OP1035,1377.5,33.5,Sunny,5.96,1290,89.7,71.4,42.4,10.16,2.67,6.98,0.7,0,12.9,Fastened,FALSE,LOW,normal,1
12:46:00,12,0,3,day,406,DZR004,Dozer,OP1035,1377.6,33.5,Sunny,4.61,1685,86.2,71.3,39.8,14.83,3.34,10.26,0.59,3,13.4,Fastened,FALSE,LOW,normal,1
12:48:00,12,0,3,day,408,DZR004,Dozer,OP1035,1377.6,33.5,Sunny,5.71,1143,87.7,71.2,39.2,11.86,3.7,8.66,0.73,4,17.4,Fastened,FALSE,LOW,normal,1
12:50:00,12,0,3,day,410,DZR004,Dozer,OP1035,1377.6,33.5,Sunny,7.56,1252,92.5,71.2,42,10.04,4.1,7.55,0.6,4,18.9,Fastened,FALSE,LOW,normal,1
12:52:00,12,0,3,day,412,DZR004,Dozer,OP1035,1377.6,33.5,Sunny,8.3,1814,89,71.1,37.8,14.84,2.65,10.23,0,4,31.7,Fastened,FALSE,LOW,normal,1
12:54:00,12,0,3,day,414,DZR004,Dozer,OP1035,1377.6,33.5,Sunny,2.84,1151,85.7,71,34.1,10.35,3.87,8.14,0.46,1,15.2,Fastened,FALSE,LOW,normal,1
12:56:00,12,0,3,day,416,DZR004,Dozer,OP1035,1377.6,33.5,Sunny,5.79,1506,89,70.9,51,9.89,3.1,6.43,1,4,9.8,Fastened,FALSE,LOW,normal,1
12:58:00,12,0,3,day,418,DZR004,Dozer,OP1035,1377.6,33.5,Sunny,9.63,1162,94,70.9,56.1,13.22,3.59,7.82,0.49,0,0.5,Fastened,TRUE,HIGH,normal,1
13:00:00,13,0,3,day,420,DZR004,Dozer,OP1035,1377.6,33.5,Sunny,5.45,1160,88,70.8,47.1,11.02,3.07,7.28,0.62,4,21.8,Unfastened,TRUE,LOW,normal,1
13:02:00,13,0,3,day,422,DZR004,Dozer,OP1035,1377.6,33.5,Sunny,7.75,1305,87.2,70.7,47.8,9.7,2.89,6.44,0.5,2,29.6,Fastened,FALSE,LOW,normal,1
13:04:00,13,0,3,day,424,DZR004,Dozer,OP1035,1377.6,33.5,Sunny,8.52,1578,84.1,70.7,54.9,12.66,3.32,7.53,0.81,0,23,Fastened,FALSE,LOW,normal,1
13:06:00,13,0,3,day,426,DZR004,Dozer,OP1035,1377.7,33.5,Sunny,5.16,1879,86.3,70.6,60,9.25,2.13,4.98,0.39,1,16.6,Fastened,FALSE,LOW,normal,1
13:08:00,13,0,3,day,428,DZR004,Dozer,OP1035,1377.7,33.5,Sunny,7.39,1818,84.9,70.6,46.2,13.37,3.55,8.83,0.43,2,27.7,Fastened,FALSE,LOW,normal,1
13:10:00,13,0,3,day,430,DZR004,Dozer,OP1035,1377.7,33.5,Sunny,6.95,1214,87,70.5,30.2,8.28,2.7,6.59,1.13,4,27.5,Fastened,FALSE,LOW,normal,1
13:12:00,13,0,3,day,432,DZR004,Dozer,OP1035,1377.7,33.5,Sunny,8.55,1613,84,70.4,45,14.66,3.25,9.53,0.73,4,11.6,Fastened,FALSE,LOW,normal,1
13:14:00,13,0,3,day,434,DZR004,Dozer,OP1035,1377.7,33.5,Sunny,5.89,1484,90.2,70.3,41.3,9.78,2.5,6.77,0.62,4,18.9,Fastened,FALSE,LOW,normal,1
13:16:00,13,0,3,day,436,DZR004,Dozer,OP1035,1377.7,33.5,Sunny,5.58,1979,83.9,70.3,36.5,8.42,2.51,6.26,0.67,1,22.9,Fastened,FALSE,LOW,normal,1
13:18:00,13,0,3,day,438,DZR004,Dozer,OP1035,1377.7,33.5,Sunny,6.08,709,91.2,70.2,50.3,14.7,2.4,8.51,0.76,3,29.3,Unfastened,TRUE,LOW,normal,1
13:20:00,13,0,3,day,440,DZR004,Dozer,OP1035,1377.7,33.5,Sunny,6.44,815,93,70.1,39.6,13.56,3.69,9.65,0.64,4,16.3,Fastened,FALSE,LOW,normal,1
13:22:00,13,0,3,day,442,DZR004,Dozer,OP1035,1377.7,33.5,Sunny,3.93,1684,85.5,70.1,45.1,11.08,2.85,7.37,0.62,4,17.5,Fastened,FALSE,LOW,normal,1
13:24:00,13,0,3,day,444,DZR004,Dozer,OP1035,1377.8,33.5,Sunny,2.04,1641,87.6,70,48,14.67,2.34,8.75,0.29,2,7,Fastened,FALSE,MEDIUM,normal,1
13:26:00,13,0,3,day,446,DZR004,Dozer,OP1035,1377.8,33.5,Sunny,9.5,1783,88.9,69.9,52.5,15.97,1.77,8.52,1.12,1,21.1,Fastened,FALSE,LOW,normal,1
13:28:00,13,0,3,day,448,DZR004,Dozer,OP1035,1377.8,33.5,Sunny,3.4,1943,82.6,69.8,46.4,10.05,3.24,6.89,0.79,1,15.3,Unfastened,TRUE,LOW,normal,1
13:30:00,13,0,3,day,450,DZR004,Dozer,OP1035,1377.8,33.5,Sunny,2.09,1564,92.1,69.8,59.5,8,1.95,4.4,1.13,2,9.7,Unfastened,TRUE,LOW,normal,1
13:32:00,13,0,3,day,452,DZR004,Dozer,OP1035,1377.8,33.5,Sunny,7.51,1612,86,69.7,49.8,12.48,2.59,7.55,0.82,4,22.7,Fastened,FALSE,LOW,normal,1
13:34:00,13,0,3,day,454,DZR004,Dozer,OP1035,1377.8,33.5,Sunny,4.77,1481,92.3,69.7,29.2,11.87,2.8,9.22,0.7,1,26.8,Fastened,FALSE,LOW,normal,1
13:36:00,13,0,3,day,456,DZR004,Dozer,OP1035,1377.8,33.5,Sunny,4.83,1230,82.9,69.6,48.9,10.66,2.41,6.63,0.64,3,15.1,Fastened,FALSE,LOW,normal,1
13:38:00,13,0,3,day,458,DZR004,Dozer,OP1035,1377.8,33.5,Sunny,6.35,1345,90.1,69.5,49.2,11.48,4.15,7.87,0.86,4,23.8,Fastened,FALSE,LOW,normal,1
13:40:00,13,0,3,day,460,DZR004,Dozer,OP1035,1377.8,33.5,Sunny,3.77,1706,88.3,69.5,50.2,8.63,2.47,5.54,0.76,2,23.9,Fastened,FALSE,LOW,normal,1
13:42:00,13,0,3,day,462,DZR004,Dozer,OP1035,1377.8,33.5,Sunny,4.06,1203,88.7,69.4,43.9,15.03,2.76,9.64,0.25,1,18.1,Fastened,FALSE,LOW,normal,1
13:44:00,13,0,3,day,464,DZR004,Dozer,OP1035,1377.9,33.5,Sunny,5.99,1575,86.6,69.3,54.4,14.41,2.96,8.18,1.04,1,18.5,Fastened,FALSE,LOW,normal,1
13:46:00,13,0,3,day,466,DZR004,Dozer,OP1035,1377.9,33.5,Sunny,3.12,1550,89.6,69.2,45.9,15.06,3.45,9.73,1.25,3,12.7,Fastened,FALSE,LOW,normal,1
13:48:00,13,0,3,day,468,DZR004,Dozer,OP1035,1377.9,33.5,Sunny,4.22,1790,87.3,69.2,47.2,8.77,1.76,5.46,0.41,2,10.7,Fastened,FALSE,LOW,normal,1
13:50:00,13,0,3,day,470,DZR004,Dozer,OP1035,1377.9,33.5,Sunny,5.54,1686,86.1,69.1,55.3,11.26,2.29,6.3,1.15,4,24.3,Fastened,FALSE,LOW,normal,1
13:52:00,13,0,3,day,472,DZR004,Dozer,OP1035,1377.9,33.5,Sunny,7.17,1520,94.2,69.1,56.1,10.13,3.33,6.32,0.86,2,18.9,Fastened,FALSE,LOW,normal,1
13:54:00,13,0,3,day,474,DZR004,Dozer,OP1035,1377.9,33.5,Sunny,2.03,1481,86.8,69,49.4,8.84,3.7,6.3,0.91,1,10.5,Fastened,FALSE,LOW,normal,1
13:56:00,13,0,3,day,476,DZR004,Dozer,OP1035,1377.9,33.5,Sunny,7.38,898,88.2,69,43.5,8.38,2.24,5.71,0.33,3,15.9,Fastened,FALSE,LOW,normal,1
13:58:00,13,0,3,day,478,DZR004,Dozer,OP1035,1377.9,33.5,Sunny,5.73,1465,85.6,68.9,47.4,11.59,2.43,7.25,0.52,1,14.7,Fastened,FALSE,LOW,normal,1
14:00:00,14,0,3,day,480,DZR004,Dozer,OP1035,1377.9,33.5,Sunny,6.46,1672,77.4,68.8,55.3,13.16,3.57,7.86,0.57,1,21.1,Fastened,FALSE,LOW,normal,1
14:02:00,14,0,3,day,482,DZR004,Dozer,OP1035,1377.9,33.5,Sunny,5.34,1212,86.8,68.8,56.1,10.56,2.81,6.21,0.63,4,8,Fastened,FALSE,LOW,normal,1
14:04:00,14,0,3,day,484,DZR004,Dozer,OP1035,1378,33.5,Sunny,5.76,1423,84.6,68.7,53.3,11.04,3.15,6.83,0.62,4,15.1,Unfastened,TRUE,LOW,normal,1
14:06:00,14,0,3,day,486,DZR004,Dozer,OP1035,1378,33.5,Sunny,6.64,1013,90.7,68.6,43.8,12.52,2.94,8.32,0.67,1,28.8,Fastened,FALSE,LOW,normal,1
14:08:00,14,0,3,day,488,DZR004,Dozer,OP1035,1378,33.5,Sunny,5.57,906,91.2,68.6,43.6,11.32,2.54,7.49,0.62,4,16.4,Fastened,FALSE,LOW,normal,1
14:10:00,14,0,3,day,490,DZR004,Dozer,OP1035,1378,33.5,Sunny,4.92,1739,88.2,68.5,58.5,10.46,3.18,6.2,0.86,3,30.4,Unfastened,TRUE,LOW,normal,1
14:12:00,14,0,3,day,492,DZR004,Dozer,OP1035,1378,33.5,Sunny,4.23,1378,87.2,68.4,44.7,13.45,3.26,8.9,0.85,0,13.2,Unfastened,TRUE,LOW,normal,1
14:14:00,14,0,3,day,494,DZR004,Dozer,OP1035,1378,33.5,Sunny,6.94,1625,85.2,68.3,46.6,12.24,2.86,7.87,0.47,3,28.1,Fastened,FALSE,LOW,normal,1
14:16:00,14,0,3,day,496,DZR004,Dozer,OP1035,1378,33.5,Sunny,3.51,1712,81.7,68.3,43.2,9.7,3.64,7.08,1.27,0,12.6,Fastened,FALSE,LOW,normal,1
14:18:00,14,0,3,day,498,DZR004,Dozer,OP1035,1378,33.5,Sunny,3.75,1008,86.4,68.2,55.3,12.67,2.89,7.26,0.58,3,4.5,Fastened,FALSE,MEDIUM,normal,1
14:20:00,14,0,3,day,500,DZR004,Dozer,OP1035,1378,33.5,Sunny,6.58,1260,86.6,68.2,58.4,12.56,2.31,6.57,0.3,0,17.8,Fastened,FALSE,LOW,normal,1
14:22:00,14,0,3,day,502,DZR004,Dozer,OP1035,1378,33.5,Sunny,3.82,1531,89.7,68.1,46.7,9.03,2.71,6.08,0.41,2,28.4,Fastened,FALSE,LOW,normal,1
14:24:00,14,0,3,day,504,DZR004,Dozer,OP1035,1378.1,33.5,Sunny,6.53,1461,79.9,68,48.8,10.33,3.38,6.94,0.23,0,19.5,Unfastened,TRUE,LOW,normal,1
14:26:00,14,0,3,day,506,DZR004,Dozer,OP1035,1378.1,33.5,Sunny,2.98,1535,85.3,68,42.5,13.46,2.45,8.78,0.33,1,29.2,Fastened,FALSE,LOW,normal,1
14:28:00,14,0,3,day,508,DZR004,Dozer,OP1035,1378.1,33.5,Sunny,5.63,1953,89,67.9,48.5,12.6,3.03,7.96,0.49,3,8.4,Fastened,FALSE,LOW,normal,1
14:30:00,14,0,3,day,510,DZR004,Dozer,OP1035,1378.1,33.5,Sunny,8.17,1534,86.4,67.8,33.5,10.42,2.71,7.84,0.54,4,23.3,Fastened,FALSE,LOW,normal,1
14:32:00,14,0,3,day,512,DZR004,Dozer,OP1035,1378.1,33.5,Sunny,4.56,1408,84.4,67.8,41.3,10.53,3.16,7.49,0,4,21,Fastened,FALSE,LOW,normal,1
14:34:00,14,0,3,day,514,DZR004,Dozer,OP1035,1378.1,33.5,Sunny,5.79,1074,83.5,67.7,49.3,10.93,2.6,6.82,0.55,4,22.8,Fastened,FALSE,LOW,normal,1
14:36:00,14,0,3,day,516,DZR004,Dozer,OP1035,1378.1,33.5,Sunny,5.39,1418,90.9,67.6,50,12.39,2.55,7.47,0.44,1,20,Fastened,FALSE,LOW,normal,1
14:38:00,14,0,3,day,518,DZR004,Dozer,OP1035,1378.1,33.5,Sunny,4.89,1230,85.6,67.6,32.3,10.27,2.06,7.62,0.52,1,31.6,Fastened,FALSE,LOW,normal,1
14:40:00,14,0,3,day,520,DZR004,Dozer,OP1035,1378.1,33.5,Sunny,6.99,1096,83.5,67.5,47.6,10.36,2.97,6.84,1.08,2,17.5,Unfastened,TRUE,LOW,normal,1
14:42:00,14,0,3,day,522,DZR004,Dozer,OP1035,1378.1,33.5,Sunny,6.63,1245,87.5,67.4,50,13.76,3.77,8.77,1.01,3,10.3,Fastened,FALSE,LOW,normal,1
14:44:00,14,0,3,day,524,DZR004,Dozer,OP1035,1378.2,33.5,Sunny,3.77,1403,81.2,67.3,45.8,12.32,2.53,7.84,0.73,1,14.4,Fastened,FALSE,LOW,normal,1
14:46:00,14,0,3,day,526,DZR004,Dozer,OP1035,1378.2,33.5,Sunny,5.58,1757,85.3,67.3,48.5,9.41,2.93,6.27,0,4,31.4,Fastened,FALSE,LOW,normal,1
14:48:00,14,0,3,day,528,DZR004,Dozer,OP1035,1378.2,33.5,Sunny,4.1,1828,86.7,67.2,44.2,10.31,3.13,7.14,0.87,4,15.6,Fastened,FALSE,LOW,normal,1
14:50:00,14,0,3,day,530,DZR004,Dozer,OP1035,1378.2,33.5,Sunny,7.13,1590,84,67.2,49,12.69,1.89,7.4,0.34,2,21.3,Unfastened,TRUE,LOW,normal,1
14:52:00,14,0,3,day,532,DZR004,Dozer,OP1035,1378.2,33.5,Sunny,4.27,1617,86.4,67.1,46.8,13.2,4.22,9,0.63,2,6,Fastened,FALSE,MEDIUM,normal,1
14:54:00,14,0,3,day,534,DZR004,Dozer,OP1035,1378.2,33.5,Sunny,4.91,1540,84.2,67,52.4,9.84,3.79,6.67,0.74,1,20.5,Fastened,FALSE,LOW,normal,1
14:56:00,14,0,3,day,536,DZR004,Dozer,OP1035,1378.2,33.5,Sunny,4.74,1804,84,66.9,29.7,10.38,2.89,8.16,0.91,2,10.2,Fastened,FALSE,LOW,normal,1
14:58:00,14,0,3,day,538,DZR004,Dozer,OP1035,1378.2,33.5,Sunny,2.52,925,84.6,66.9,36.4,11.93,2.7,8.57,0.07,3,24.2,Fastened,FALSE,LOW,normal,1
15:00:00,15,0,3,day,540,DZR004,Dozer,OP1035,1378.2,33.5,Sunny,9.07,1713,92.3,66.8,42.4,13.07,2.78,8.71,1.39,3,26.9,Fastened,FALSE,LOW,normal,1
15:02:00,15,0,3,day,542,DZR004,Dozer,OP1035,1378.2,33.5,Sunny,6.14,1594,89,66.7,50.3,9.23,2.38,5.78,0.3,1,21.3,Fastened,FALSE,LOW,normal,1
15:04:00,15,0,3,day,544,DZR004,Dozer,OP1035,1378.3,33.5,Sunny,5.13,1942,90.6,66.7,38.4,12.29,2.98,8.71,0.49,0,20.6,Unfastened,TRUE,LOW,normal,1
15:06:00,15,0,3,day,546,DZR004,Dozer,OP1035,1378.3,33.5,Sunny,5.03,1540,86.6,66.6,43.1,9.67,2.43,6.55,1.36,3,25.6,Fastened,FALSE,LOW,normal,1
15:08:00,15,0,3,day,548,DZR004,Dozer,OP1035,1378.3,33.5,Sunny,4.64,1676,87.4,66.5,35.8,12.64,3.27,9.29,0.44,3,17.5,Fastened,FALSE,LOW,normal,1
15:10:00,15,0,3,day,550,DZR004,Dozer,OP1035,1378.3,33.5,Sunny,5.01,1572,82.8,66.4,45.3,14.48,3,9.28,1.04,2,8.3,Fastened,FALSE,LOW,normal,1
15:12:00,15,0,3,day,552,DZR004,Dozer,OP1035,1378.3,33.5,Sunny,9.94,1420,90,66.4,44.9,12.77,2.97,8.37,0.56,3,25.9,Fastened,FALSE,LOW,normal,1
15:14:00,15,0,3,day,554,DZR004,Dozer,OP1035,1378.3,33.5,Sunny,6.86,1299,88.3,66.3,48.7,12.14,2.69,7.54,0.64,2,1.9,Fastened,TRUE,HIGH,normal,1
15:16:00,15,0,3,day,556,DZR004,Dozer,OP1035,1378.3,33.5,Sunny,6.6,2009,89.9,66.2,45.6,9.78,3.1,6.73,1.01,3,15.1,Fastened,FALSE,LOW,normal,1
15:18:00,15,0,3,day,558,DZR004,Dozer,OP1035,1378.3,33.5,Sunny,6.1,1015,87,66.2,46.2,12.13,2.83,7.83,0.61,0,5,Fastened,FALSE,MEDIUM,normal,1
15:20:00,15,0,3,day,560,DZR004,Dozer,OP1035,1378.3,33.5,Sunny,6.29,1314,91,66.1,43.4,9.1,3.54,6.69,0.44,4,19.8,Unfastened,TRUE,LOW,normal,1
15:22:00,15,0,3,day,562,DZR004,Dozer,OP1035,1378.3,33.5,Sunny,4.06,1298,80.5,66,47,12.3,3.51,8.17,1.11,1,20.5,Fastened,FALSE,LOW,normal,1
15:24:00,15,0,3,day,564,DZR004,Dozer,OP1035,1378.4,33.5,Sunny,4.85,1087,85,65.9,45.8,12.9,2.44,8.11,0.88,0,24.8,Fastened,FALSE,LOW,normal,1
15:26:00,15,0,3,day,566,DZR004,Dozer,OP1035,1378.4,33.5,Sunny,7.08,1050,90.3,65.9,44.3,12.9,2.76,8.41,0.48,1,6.5,Fastened,FALSE,MEDIUM,normal,1
15:28:00,15,0,3,day,568,DZR004,Dozer,OP1035,1378.4,33.5,Sunny,9.91,1315,83,65.8,41.7,10.3,2.89,7.21,1.1,4,14,Fastened,FALSE,LOW,normal,1
15:30:00,15,0,3,day,570,DZR004,Dozer,OP1035,1378.4,33.5,Sunny,6.83,1601,91.2,65.7,52.9,13.8,2.85,8.01,0.51,4,3.5,Fastened,FALSE,MEDIUM,normal,1
15:32:00,15,0,3,day,572,DZR004,Dozer,OP1035,1378.4,33.5,Sunny,5.58,1532,87.1,65.7,41,13.36,2.64,8.96,1.29,2,14,Fastened,FALSE,LOW,normal,1
15:34:00,15,0,3,day,574,DZR004,Dozer,OP1035,1378.4,33.5,Sunny,5.25,1544,86.6,65.6,59.7,15.06,2.49,7.56,1,2,7.7,Fastened,FALSE,MEDIUM,normal,1
15:36:00,15,0,3,day,576,DZR004,Dozer,OP1035,1378.4,33.5,Sunny,4.51,1180,84.5,65.5,42.7,14.24,2.57,9.26,0.3,0,7,Fastened,FALSE,MEDIUM,normal,1
15:38:00,15,0,3,day,578,DZR004,Dozer,OP1035,1378.4,33.5,Sunny,4.93,1387,86.5,65.4,38.8,11.29,2.92,8.04,1.02,4,0.5,Fastened,FALSE,MEDIUM,normal,1
15:40:00,15,0,3,day,580,DZR004,Dozer,OP1035,1378.4,33.5,Sunny,5.02,1804,82.2,65.4,38.7,10.89,2.55,7.66,0.51,2,5.5,Fastened,FALSE,MEDIUM,normal,1
15:42:00,15,0,3,day,582,DZR004,Dozer,OP1035,1378.5,33.5,Sunny,4.58,999,95.8,65.3,45,11.85,2.9,7.82,0.58,3,19.8,Fastened,FALSE,LOW,normal,1
15:44:00,15,0,3,day,584,DZR004,Dozer,OP1035,1378.5,33.5,Sunny,6.17,1610,84.6,65.2,46.6,11.08,3.01,7.32,0.92,2,22.1,Fastened,FALSE,LOW,normal,1
15:46:00,15,0,3,day,586,DZR004,Dozer,OP1035,1378.5,33.5,Sunny,8.1,1856,87.4,65.2,40.6,11.52,2.78,7.97,0.95,0,4.3,Fastened,FALSE,MEDIUM,normal,1
15:48:00,15,0,3,day,588,DZR004,Dozer,OP1035,1378.5,33.5,Sunny,6.95,1603,87.6,65.1,44.5,12.68,2.67,8.23,0.66,2,30.3,Unfastened,TRUE,LOW,normal,1
15:50:00,15,0,3,day,590,DZR004,Dozer,OP1035,1378.5,33.5,Sunny,3.74,1176,88.8,65,35,10.83,4.06,8.46,1.19,3,17.5,Fastened,FALSE,LOW,normal,1
15:52:00,15,0,3,day,592,DZR004,Dozer,OP1035,1378.5,33.5,Sunny,7.36,1428,79.8,64.9,36.8,13.77,3.1,9.84,0.66,1,17.8,Fastened,FALSE,LOW,normal,1
15:54:00,15,0,3,day,594,DZR004,Dozer,OP1035,1378.5,33.5,Sunny,8.75,1099,87.7,64.8,37.2,13.08,1.74,8.86,0.77,0,6,Fastened,FALSE,MEDIUM,normal,1
15:56:00,15,0,3,day,596,DZR004,Dozer,OP1035,1378.5,33.5,Sunny,4.94,1414,87.2,64.8,42.9,12.14,2.86,8.16,0.57,3,20.2,Fastened,FALSE,LOW,normal,1
15:58:00,15,0,3,day,598,DZR004,Dozer,OP1035,1378.5,33.5,Sunny,4.7,1083,90.2,64.7,40,12.12,2.56,8.3,0.25,2,25.1,Fastened,FALSE,LOW,normal,1
16:00:00,16,0,3,day,600,DZR004,Dozer,OP1035,1378.5,33.5,Sunny,7.31,1514,84.9,64.6,40.8,9.6,2.89,6.86,0.62,3,6.6,Fastened,FALSE,MEDIUM,normal,1
16:02:00,16,0,3,day,602,DZR004,Dozer,OP1035,1378.6,33.5,Sunny,7.69,1329,86.8,64.6,42.8,9.66,2.97,6.8,1,2,19.7,Fastened,FALSE,LOW,normal,1
16:04:00,16,0,3,day,604,DZR004,Dozer,OP1035,1378.6,33.5,Sunny,5.55,1755,87.3,64.5,31,10.41,2.39,7.92,0.83,4,36.4,Fastened,FALSE,LOW,normal,1
16:06:00,16,0,3,day,606,DZR004,Dozer,OP1035,1378.6,33.5,Sunny,3.45,1458,84.5,64.4,38.6,9.83,3.44,7.36,0.64,1,22.8,Unfastened,TRUE,LOW,normal,1
16:08:00,16,0,3,day,608,DZR004,Dozer,OP1035,1378.6,33.5,Sunny,2.4,1133,82.6,64.4,39.8,10.97,3.36,7.94,0.73,2,17.8,Fastened,FALSE,LOW,normal,1
16:10:00,16,0,3,day,610,DZR004,Dozer,OP1035,1378.6,33.5,Sunny,1.68,1655,84.6,64.3,48.3,11.27,2.71,7.14,0.79,3,16.6,Fastened,FALSE,LOW,normal,1
16:12:00,16,0,3,day,612,DZR004,Dozer,OP1035,1378.6,33.5,Sunny,5.06,1786,87,64.2,55.8,10.27,2.25,5.79,0.71,3,29.9,Fastened,FALSE,LOW,normal,1
16:14:00,16,0,3,day,614,DZR004,Dozer,OP1035,1378.6,33.5,Sunny,7.02,1485,85.6,64.1,31.8,13.56,3.82,10.46,0.16,3,16.3,Fastened,FALSE,LOW,normal,1
16:16:00,16,0,3,day,616,DZR004,Dozer,OP1035,1378.6,33.5,Sunny,4.32,916,87.1,64.1,36.4,14.48,3.2,10.37,1.11,1,11.5,Fastened,FALSE,LOW,normal,1
16:18:00,16,0,3,day,618,DZR004,Dozer,OP1035,1378.6,33.5,Sunny,3.24,1077,82.3,64,40.2,12.67,2.77,8.69,0.55,0,21.3,Fastened,FALSE,LOW,normal,1
16:20:00,16,0,3,day,620,DZR004,Dozer,OP1035,1378.6,33.5,Sunny,8.21,1445,87.6,63.9,47.2,11.24,2.81,7.26,0.4,3,16.8,Fastened,FALSE,LOW,normal,1
16:22:00,16,0,3,day,622,DZR004,Dozer,OP1035,1378.7,33.5,Sunny,4.3,1271,82.9,63.8,29.1,10.77,3.45,8.64,0.57,2,4.2,Fastened,FALSE,MEDIUM,normal,1
16:24:00,16,0,3,day,624,DZR004,Dozer,OP1035,1378.7,33.5,Sunny,4.78,1500,89.9,63.7,41.2,14.59,3.25,9.92,0.78,2,24.8,Unfastened,TRUE,LOW,normal,1
16:26:00,16,0,3,day,626,DZR004,Dozer,OP1035,1378.7,33.5,Sunny,6.86,876,80.4,63.7,39,13.6,2.67,9.34,0.33,0,14.4,Fastened,FALSE,LOW,normal,1
16:28:00,16,0,3,day,628,DZR004,Dozer,OP1035,1378.7,33.5,Sunny,3.09,1822,92.5,63.6,39.9,10.31,3.72,7.68,0.37,2,21.9,Fastened,FALSE,LOW,normal,1
16:30:00,16,0,3,day,630,DZR004,Dozer,OP1035,1378.7,33.5,Sunny,6.66,1377,86.5,63.5,31.8,14.1,2.22,10.32,0.69,4,24.8,Fastened,FALSE,LOW,normal,1
16:32:00,16,0,3,day,632,DZR004,Dozer,OP1035,1378.7,33.5,Sunny,4.63,1384,87.1,63.5,60,8,2.22,4.53,0.6,2,14.5,Fastened,FALSE,LOW,normal,1
16:34:00,16,0,3,day,634,DZR004,Dozer,OP1035,1378.7,33.5,Sunny,6.32,1697,85.7,63.4,35.5,11.61,2.64,8.43,0.96,1,28.8,Fastened,FALSE,LOW,normal,1
16:36:00,16,0,3,day,636,DZR004,Dozer,OP1035,1378.7,33.5,Sunny,6.12,1093,92.2,63.3,43.6,13.01,2.09,8.25,0.66,3,26.8,Fastened,FALSE,LOW,normal,1
16:38:00,16,0,3,day,638,DZR004,Dozer,OP1035,1378.7,33.5,Sunny,7.66,1491,85.5,63.2,51.8,9.23,3.03,6.02,0.4,4,17.6,Fastened,FALSE,LOW,normal,1
16:40:00,16,0,3,day,640,DZR004,Dozer,OP1035,1378.7,33.5,Sunny,6.05,1623,88.9,63.2,48.9,16.13,3.41,9.91,0.31,3,19.1,Fastened,FALSE,LOW,normal,1
16:42:00,16,0,3,day,642,DZR004,Dozer,OP1035,1378.8,33.5,Sunny,8.25,1641,84.8,63.1,40.3,11.74,2.67,8.08,0.85,0,16.7,Fastened,FALSE,LOW,normal,1
16:44:00,16,0,3,day,644,DZR004,Dozer,OP1035,1378.8,33.5,Sunny,6.24,1363,86.7,63,41.8,12.44,2.55,8.31,0.61,1,20.5,Fastened,FALSE,LOW,normal,1
16:46:00,16,0,3,day,646,DZR004,Dozer,OP1035,1378.8,33.5,Sunny,5.28,969,87.7,62.9,48.4,12.72,2.99,8.01,0.58,3,20.9,Fastened,FALSE,LOW,normal,1
16:48:00,16,0,3,day,648,DZR004,Dozer,OP1035,1378.8,33.5,Sunny,6.02,1609,80.7,62.9,45.9,11.56,2.96,7.61,1.24,4,15.8,Fastened,FALSE,LOW,normal,1
16:50:00,16,0,3,day,650,DZR004,Dozer,OP1035,1378.8,33.5,Sunny,8.5,1233,86,62.8,35.6,8.46,1.5,5.98,1.02,4,7.4,Unfastened,TRUE,MEDIUM,normal,1
16:52:00,16,0,3,day,652,DZR004,Dozer,OP1035,1378.8,33.5,Sunny,3.3,796,88.7,62.7,39.6,14.44,2.94,9.89,0.95,4,18.6,Fastened,FALSE,LOW,normal,1
16:54:00,16,0,3,day,654,DZR004,Dozer,OP1035,1378.8,33.5,Sunny,5.68,1499,84.2,62.6,36,13.2,3.22,9.61,1.26,3,18.9,Fastened,FALSE,LOW,normal,1
16:56:00,16,0,3,day,656,DZR004,Dozer,OP1035,1378.8,33.5,Sunny,7.88,1302,90.9,62.6,47.7,10.73,2.77,6.93,0.56,0,27.4,Fastened,FALSE,LOW,normal,1
16:58:00,16,0,3,day,658,DZR004,Dozer,OP1035,1378.8,33.5,Sunny,3.99,893,87.8,62.5,60,11.2,2.92,6.23,0.84,3,25.1,Unfastened,TRUE,LOW,normal,1
17:00:00,17,0,3,day,660,DZR004,Dozer,OP1035,1378.8,33.5,Sunny,6.13,1623,85.9,62.5,56.3,14.48,2.47,7.72,0.78,3,30.2,Fastened,FALSE,LOW,normal,1
17:02:00,17,0,3,day,662,DZR004,Dozer,OP1035,1378.9,33.5,Sunny,4.6,1509,81.7,62.4,28.3,8.65,2.18,6.82,0.44,1,4.5,Fastened,FALSE,MEDIUM,normal,1
17:04:00,17,0,3,day,664,DZR004,Dozer,OP1035,1378.9,33.5,Sunny,5.62,1728,89.2,62.3,40,14.55,3.12,9.98,0.58,4,7.7,Fastened,FALSE,MEDIUM,normal,1
17:06:00,17,0,3,day,666,DZR004,Dozer,OP1035,1378.9,33.5,Sunny,8.88,1052,94.7,62.2,56.7,14.34,2.44,7.59,0.52,4,22.8,Fastened,FALSE,LOW,normal,1
17:08:00,17,0,3,day,668,DZR004,Dozer,OP1035,1378.9,33.5,Sunny,4.75,1559,84.7,62.2,37,8.17,2.82,6.19,0.77,4,20.9,Fastened,FALSE,LOW,normal,1
17:10:00,17,0,3,day,670,DZR004,Dozer,OP1035,1378.9,33.5,Sunny,6.34,1509,86.2,62.1,42,13.12,3.06,8.89,0.53,1,16.1,Fastened,FALSE,LOW,normal,1
17:12:00,17,0,3,day,672,DZR004,Dozer,OP1035,1378.9,33.5,Sunny,4.53,1363,88.2,62,40.8,14.7,3,9.93,0.87,0,16.5,Unfastened,TRUE,LOW,normal,1
17:14:00,17,0,3,day,674,DZR004,Dozer,OP1035,1378.9,33.5,Sunny,7.22,1467,91.7,61.9,34.4,14.9,2.8,10.74,0.55,3,21.8,Unfastened,TRUE,LOW,normal,1
17:16:00,17,0,3,day,676,DZR004,Dozer,OP1035,1378.9,33.5,Sunny,5.4,1578,84.1,61.8,44.9,12.33,2.4,7.87,0.76,1,5.4,Fastened,FALSE,MEDIUM,normal,1
17:18:00,17,0,3,day,678,DZR004,Dozer,OP1035,1378.9,33.5,Sunny,7.5,2150,89.8,61.8,44.5,12.97,3.49,8.75,1.05,3,18,Unfastened,TRUE,LOW,normal,1
17:20:00,17,0,3,day,680,DZR004,Dozer,OP1035,1378.9,33.5,Sunny,5.71,1376,85.9,61.7,44.6,8.64,3.37,6.29,1,1,14,Fastened,FALSE,LOW,normal,1
17:22:00,17,0,3,day,682,DZR004,Dozer,OP1035,1379,33.5,Sunny,5.63,1304,80.2,61.6,49.7,13.1,3.85,8.5,0.76,3,12.4,Fastened,FALSE,LOW,normal,1
17:24:00,17,0,3,day,684,DZR004,Dozer,OP1035,1379,33.5,Sunny,6.69,986,85.8,61.6,49,10.22,2.51,6.44,0.81,4,17.5,Unfastened,TRUE,LOW,normal,1
17:26:00,17,0,3,day,686,DZR004,Dozer,OP1035,1379,33.5,Sunny,5.62,1208,90.8,61.5,56.3,14.59,3.62,8.41,0.5,4,26.3,Fastened,FALSE,LOW,normal,1
17:28:00,17,0,3,day,688,DZR004,Dozer,OP1035,1379,33.5,Sunny,7.84,1405,83.3,61.4,48.9,13.43,2.61,8.14,0.68,4,25,Fastened,FALSE,LOW,normal,1
17:30:00,17,0,3,day,690,DZR004,Dozer,OP1035,1379,33.5,Sunny,6.74,1313,83.5,61.3,37.2,13.18,2.7,9.28,0.53,2,11.1,Fastened,FALSE,LOW,normal,1
17:32:00,17,0,3,day,692,DZR004,Dozer,OP1035,1379,33.5,Sunny,3.95,1324,91.6,61.3,40.2,9.01,3.65,6.86,0.8,2,14.7,Fastened,FALSE,LOW,normal,1
17:34:00,17,0,3,day,694,DZR004,Dozer,OP1035,1379,33.5,Sunny,5.41,904,90.3,61.2,48.9,15.74,3.2,9.61,0.24,0,19.7,Fastened,FALSE,LOW,normal,1
17:36:00,17,0,3,day,696,DZR004,Dozer,OP1035,1379,33.5,Sunny,5.77,1388,88.1,61.1,50.8,12.74,3.14,7.86,1.08,3,14.5,Fastened,FALSE,LOW,normal,1
17:38:00,17,0,3,day,698,DZR004,Dozer,OP1035,1379,33.5,Sunny,4.28,1332,85.3,61,45.9,14.45,3.05,9.22,0.5,1,14.5,Unfastened,TRUE,LOW,normal,1
17:40:00,17,0,3,day,700,DZR004,Dozer,OP1035,1379,33.5,Sunny,5.53,1054,91,60.9,49.9,17,3.04,10.03,0.98,1,10.1,Fastened,FALSE,LOW,normal,1
17:42:00,17,0,3,day,702,DZR004,Dozer,OP1035,1379.1,33.5,Sunny,8.61,1256,82.2,60.9,35.3,9.41,3.77,7.42,0.64,0,18.5,Fastened,FALSE,LOW,normal,1
17:44:00,17,0,3,day,704,DZR004,Dozer,OP1035,1379.1,33.5,Sunny,6.89,1172,86.8,60.8,50.8,13.13,2.6,7.78,0.53,4,29.7,Fastened,FALSE,LOW,normal,1
17:46:00,17,0,3,day,706,DZR004,Dozer,OP1035,1379.1,33.5,Sunny,5.8,1157,81.7,60.7,39.9,11.3,3.23,8.08,1.16,1,15.3,Fastened,FALSE,LOW,normal,1
17:48:00,17,0,3,day,708,DZR004,Dozer,OP1035,1379.1,33.5,Sunny,7.23,1516,90.1,60.7,56.9,12.27,2.83,6.9,1.18,4,23.3,Fastened,FALSE,LOW,normal,1
17:50:00,17,0,3,day,710,DZR004,Dozer,OP1035,1379.1,33.5,Sunny,4.67,2044,83.9,60.6,37.4,11.38,3.13,8.29,0.72,4,19.6,Fastened,FALSE,LOW,normal,1
17:52:00,17,0,3,day,712,DZR004,Dozer,OP1035,1379.1,33.5,Sunny,4.2,1403,83.2,60.5,55,13.55,2.9,7.69,0.99,4,14.3,Fastened,FALSE,LOW,normal,1
17:54:00,17,0,3,day,714,DZR004,Dozer,OP1035,1379.1,33.5,Sunny,8.55,1697,87.3,60.4,35.2,15.31,3.2,11.05,0.3,2,23,Fastened,FALSE,LOW,normal,1
17:56:00,17,0,3,day,716,DZR004,Dozer,OP1035,1379.1,33.5,Sunny,5.12,1454,84,60.4,42.2,12.35,3.21,8.49,0.79,4,24.8,Fastened,FALSE,LOW,normal,1
17:58:00,17,0,3,day,718,DZR004,Dozer,OP1035,1379.1,33.5,Sunny,10.01,1652,88.3,60.3,51.3,14.73,2.62,8.52,1.23,2,23.2,Fastened,FALSE,LOW,normal,1
06:00:00,6,2,12,day,0,EXC006,Excavator,OP1045,5122.3,20.4,Windy,7.4,1012,20.4,86.1,22.7,8,2.51,6.75,1.22,3,22.3,Fastened,FALSE,LOW,normal,1
06:02:00,6,2,12,day,2,EXC006,Excavator,OP1045,5122.3,20.4,Windy,3.63,1525,25.8,86,22.1,9.41,3.63,8.13,0.59,3,23.4,Unfastened,TRUE,LOW,normal,1
06:04:00,6,2,12,day,4,EXC006,Excavator,OP1045,5122.3,20.4,Windy,8.1,1244,31.1,86,35.5,10.49,3.36,7.96,0.81,4,11.1,Fastened,FALSE,LOW,normal,1
06:06:00,6,2,12,day,6,EXC006,Excavator,OP1045,5122.3,20.4,Windy,4.47,2239,36.4,85.9,33.6,14.05,3.14,10.38,0.96,2,8.9,Unfastened,TRUE,LOW,normal,1
06:08:00,6,2,12,day,8,EXC006,Excavator,OP1045,5122.3,20.4,Windy,4.66,1442,41.7,85.8,29.3,11,3.06,8.67,0.43,1,29.6,Fastened,FALSE,LOW,normal,1
06:10:00,6,2,12,day,10,EXC006,Excavator,OP1045,5122.4,20.4,Windy,3.93,1584,47.1,85.7,24.6,11.75,2.77,9.54,1.26,2,3.7,Fastened,FALSE,MEDIUM,normal,1
06:12:00,6,2,12,day,12,EXC006,Excavator,OP1045,5122.4,20.4,Windy,6.17,1220,52.4,85.7,21.5,9.8,1.64,8.05,0.59,1,20.1,Fastened,FALSE,LOW,normal,1
06:14:00,6,2,12,day,14,EXC006,Excavator,OP1045,5122.4,20.4,Windy,6.25,1634,57.7,85.6,17.7,15.03,2.55,12.82,0.85,2,11,Fastened,FALSE,LOW,normal,1
06:16:00,6,2,12,day,16,EXC006,Excavator,OP1045,5122.4,20.4,Windy,3.43,1238,63,85.5,12,10.81,3.31,9.91,0.97,2,7.8,Fastened,FALSE,MEDIUM,normal,1
06:18:00,6,2,12,day,18,EXC006,Excavator,OP1045,5122.4,20.4,Windy,2.43,1429,68.4,85.4,24,10.58,2.62,8.67,0.6,4,30.4,Fastened,FALSE,LOW,normal,1
06:20:00,6,2,12,day,20,EXC006,Excavator,OP1045,5122.4,20.4,Windy,2.6,1295,73.7,85.3,26.7,14.18,2.8,11.14,0.44,3,30.5,Fastened,FALSE,LOW,normal,1
06:22:00,6,2,12,day,22,EXC006,Excavator,OP1045,5122.4,20.4,Windy,7.22,1525,79,85.2,35.5,12.54,3.55,9.35,0.85,0,25.7,Fastened,FALSE,LOW,normal,1
06:24:00,6,2,12,day,24,EXC006,Excavator,OP1045,5122.4,20.4,Windy,6.13,1454,84.3,85.1,34.7,16.85,3.27,12.14,0.68,3,20.6,Fastened,FALSE,LOW,normal,1
06:26:00,6,2,12,day,26,EXC006,Excavator,OP1045,5122.4,20.4,Windy,4.67,1638,87.3,85,26.3,12.66,2.94,10.1,0.83,1,17.1,Fastened,FALSE,LOW,normal,1
06:28:00,6,2,12,day,28,EXC006,Excavator,OP1045,5122.4,20.4,Windy,9.55,1450,88.5,85,20,9.29,1.85,7.8,0.67,3,11.6,Fastened,FALSE,LOW,normal,1
06:30:00,6,2,12,day,30,EXC006,Excavator,OP1045,5122.5,20.4,Windy,9.44,1471,92.2,84.9,34.3,11.73,2.32,8.5,0.88,1,12.4,Fastened,FALSE,LOW,normal,1
06:32:00,6,2,12,day,32,EXC006,Excavator,OP1045,5122.5,20.4,Windy,3.26,1397,86,84.8,29.1,13.06,3.05,10.15,0.77,2,23.4,Unfastened,TRUE,LOW,normal,1
06:34:00,6,2,12,day,34,EXC006,Excavator,OP1045,5122.5,20.4,Windy,5.23,1677,91.4,84.8,37.3,12.04,3.02,8.68,0.98,2,0.5,Fastened,TRUE,HIGH,normal,1
06:36:00,6,2,12,day,36,EXC006,Excavator,OP1045,5122.5,20.4,Windy,6.02,1568,93.3,84.7,25.6,11.66,2.96,9.43,0.83,1,6.2,Fastened,FALSE,MEDIUM,normal,1
06:38:00,6,2,12,day,38,EXC006,Excavator,OP1045,5122.5,20.4,Windy,4.76,1424,91.9,84.6,27.7,9.81,3.66,8.11,0.78,3,14,Fastened,FALSE,LOW,normal,1
06:40:00,6,2,12,day,40,EXC006,Excavator,OP1045,5122.5,20.4,Windy,6.34,1840,86.2,84.5,33.4,9.79,2.52,7.36,0.48,0,21.1,Fastened,FALSE,LOW,normal,1
06:42:00,6,2,12,day,42,EXC006,Excavator,OP1045,5122.5,20.4,Windy,6.3,1241,88.6,84.5,32.6,13.35,3.3,10.07,0.85,2,15.5,Fastened,FALSE,LOW,normal,1
06:44:00,6,2,12,day,44,EXC006,Excavator,OP1045,5122.5,20.4,Windy,5.91,1168,82.9,84.4,28.5,12.91,3.2,10.14,0.41,2,14.9,Fastened,FALSE,LOW,normal,1
06:46:00,6,2,12,day,46,EXC006,Excavator,OP1045,5122.5,20.4,Windy,6.37,1253,85,84.3,39.1,12.44,4.06,9.16,1.28,0,11.5,Fastened,FALSE,LOW,normal,1
06:48:00,6,2,12,day,48,EXC006,Excavator,OP1045,5122.5,20.4,Windy,6.56,978,90.4,84.2,14.4,12.58,3.3,11.24,0.35,0,24.7,Fastened,FALSE,LOW,normal,1
06:50:00,6,2,12,day,50,EXC006,Excavator,OP1045,5122.6,20.4,Windy,4.37,1428,87.3,84.1,34.8,11.43,3.24,8.58,0.62,3,12.8,Fastened,FALSE,LOW,normal,1
06:52:00,6,2,12,day,52,EXC006,Excavator,OP1045,5122.6,20.4,Windy,4.43,1580,83.8,84.1,45.9,13.49,2.65,8.51,0.46,0,21.3,Fastened,FALSE,LOW,normal,1
06:54:00,6,2,12,day,54,EXC006,Excavator,OP1045,5122.6,20.4,Windy,3.66,2019,88.2,84,21.2,13.32,4.18,11.38,0.64,4,8,Fastened,FALSE,LOW,normal,1
06:56:00,6,2,12,day,56,EXC006,Excavator,OP1045,5122.6,20.4,Windy,5.84,896,82.7,83.9,38.4,10.72,3.37,7.9,0.92,4,15.7,Fastened,FALSE,LOW,normal,1
06:58:00,6,2,12,day,58,EXC006,Excavator,OP1045,5122.6,20.4,Windy,4.38,1368,82.9,83.8,41.3,11.96,3.06,8.28,0.88,3,8.9,Fastened,FALSE,LOW,normal,1
07:00:00,7,2,12,day,60,EXC006,Excavator,OP1045,5122.6,20.4,Windy,4.09,1295,85.7,83.8,39.9,13.73,2.79,9.36,0.67,0,18.1,Fastened,FALSE,LOW,normal,1
07:02:00,7,2,12,day,62,EXC006,Excavator,OP1045,5122.6,20.4,Windy,6.37,1429,85.8,83.7,31.3,9.14,2.76,7.14,0.93,3,25,Fastened,FALSE,LOW,normal,1
07:04:00,7,2,12,day,64,EXC006,Excavator,OP1045,5122.6,20.4,Windy,3.35,1879,85.1,83.6,28.1,8.87,2.93,7.2,0.97,2,15.1,Fastened,FALSE,LOW,normal,1
07:06:00,7,2,12,day,66,EXC006,Excavator,OP1045,5122.6,20.4,Windy,6.44,1299,86.5,83.6,23.8,12.32,2.26,9.93,0.62,2,9.6,Unfastened,TRUE,LOW,normal,1
07:08:00,7,2,12,day,68,EXC006,Excavator,OP1045,5122.6,20.4,Windy,5.46,1131,91.8,83.5,37.1,9.78,3.65,7.51,0.37,0,24.7,Fastened,FALSE,LOW,normal,1
07:10:00,7,2,12,day,70,EXC006,Excavator,OP1045,5122.7,20.4,Windy,6.98,1463,86,83.4,24.6,11.37,3.37,9.4,0.69,4,22,Fastened,FALSE,LOW,normal,1
07:12:00,7,2,12,day,72,EXC006,Excavator,OP1045,5122.7,20.4,Windy,6.8,1021,90.5,83.3,42.5,11.96,3.33,8.29,0.64,4,6.7,Fastened,FALSE,MEDIUM,normal,1
07:14:00,7,2,12,day,74,EXC006,Excavator,OP1045,5122.7,20.4,Windy,5.91,1686,89.4,83.3,33.8,12.03,3.17,9.04,0.69,4,12.1,Fastened,FALSE,LOW,normal,1
07:16:00,7,2,12,day,76,EXC006,Excavator,OP1045,5122.7,20.4,Windy,4.82,1844,88.9,83.2,17.2,15.12,3.45,13.11,0.83,3,21.7,Fastened,FALSE,LOW,normal,1
07:18:00,7,2,12,day,78,EXC006,Excavator,OP1045,5122.7,20.4,Windy,5.77,1417,83.2,83.1,30.3,12.89,3.2,9.95,0.21,0,13.6,Fastened,FALSE,LOW,normal,1
07:20:00,7,2,12,day,80,EXC006,Excavator,OP1045,5122.7,20.4,Windy,5.3,1260,83.6,83,48,12.95,3.03,8.19,0.49,1,7.4,Unfastened,TRUE,MEDIUM,normal,1
07:22:00,7,2,12,day,82,EXC006,Excavator,OP1045,5122.7,20.4,Windy,7.36,1539,86.4,82.9,20.4,13.87,2.69,11.59,0.59,1,23.3,Fastened,FALSE,LOW,normal,1
07:24:00,7,2,12,day,84,EXC006,Excavator,OP1045,5122.7,20.4,Windy,6.24,1724,82.2,82.8,30.7,11.58,2.8,8.88,0.49,0,19.8,Fastened,FALSE,LOW,normal,1
07:26:00,7,2,12,day,86,EXC006,Excavator,OP1045,5122.7,20.4,Windy,7.05,1385,87.5,82.7,19.8,14.93,3.14,12.6,0.66,3,14.2,Fastened,FALSE,LOW,normal,1
07:28:00,7,2,12,day,88,EXC006,Excavator,OP1045,5122.7,20.4,Windy,3.86,1464,80.3,82.6,27.5,14.36,2.63,11.13,0.24,2,20.2,Fastened,FALSE,LOW,normal,1
07:30:00,7,2,12,day,90,EXC006,Excavator,OP1045,5122.8,20.4,Windy,6.35,1614,83.9,82.6,32.1,12.18,2.89,9.2,0.69,1,19.9,Fastened,FALSE,LOW,normal,1
07:32:00,7,2,12,day,92,EXC006,Excavator,OP1045,5122.8,20.4,Windy,5.48,1826,89.7,82.5,32.9,11.92,2.47,8.81,0.61,1,5.3,Fastened,FALSE,MEDIUM,normal,1
07:34:00,7,2,12,day,94,EXC006,Excavator,OP1045,5122.8,20.4,Windy,3.63,924,87,82.4,26.3,10.33,2.87,8.37,0.48,0,26.1,Fastened,FALSE,LOW,normal,1
07:36:00,7,2,12,day,96,EXC006,Excavator,OP1045,5122.8,20.4,Windy,3.63,1967,87.8,82.4,21,10.3,2.95,8.76,0.77,2,11.3,Fastened,FALSE,LOW,normal,1
07:38:00,7,2,12,day,98,EXC006,Excavator,OP1045,5122.8,20.4,Windy,3,1420,84.2,82.3,33.6,9.9,3.14,7.63,0.66,2,29.4,Fastened,FALSE,LOW,normal,1
07:40:00,7,2,12,day,100,EXC006,Excavator,OP1045,5122.8,20.4,Windy,9.95,1496,88,82.2,41.7,9.35,3.03,6.71,0.73,1,21.2,Fastened,FALSE,LOW,normal,1
07:42:00,7,2,12,day,102,EXC006,Excavator,OP1045,5122.8,20.4,Windy,8.1,1539,85.9,82.1,25.2,13.19,3.19,10.67,0.37,3,16.7,Fastened,FALSE,LOW,normal,1
07:44:00,7,2,12,day,104,EXC006,Excavator,OP1045,5122.8,20.4,Windy,7.32,1321,83.2,82.1,42.6,10.18,3.37,7.28,0.7,3,28.9,Fastened,FALSE,LOW,normal,1
07:46:00,7,2,12,day,106,EXC006,Excavator,OP1045,5122.8,20.4,Windy,5.7,1150,84.5,82,30.8,8.95,2.99,7.11,0.59,1,25,Fastened,FALSE,LOW,normal,1
07:48:00,7,2,12,day,108,EXC006,Excavator,OP1045,5122.8,20.4,Windy,6.84,1672,90.7,82,34.2,8.12,2.56,6.22,0.81,1,18.2,Fastened,FALSE,LOW,normal,1
07:50:00,7,2,12,day,110,EXC006,Excavator,OP1045,5122.9,20.4,Windy,5.94,1514,88.2,81.9,32.3,13.76,2.33,10.07,0.39,1,14.7,Fastened,FALSE,LOW,normal,1
07:52:00,7,2,12,day,112,EXC006,Excavator,OP1045,5122.9,20.4,Windy,7.62,1582,92.6,81.8,18.7,10.8,2.08,9.17,0.34,3,23.5,Fastened,FALSE,LOW,normal,1
07:54:00,7,2,12,day,114,EXC006,Excavator,OP1045,5122.9,20.4,Windy,4.33,1758,85.7,81.7,30.7,10.38,2.71,8.03,0.91,0,22.7,Fastened,FALSE,LOW,normal,1
07:56:00,7,2,12,day,116,EXC006,Excavator,OP1045,5122.9,20.4,Windy,5.49,1772,86.3,81.7,34.9,14.05,2.42,9.99,1,3,33.7,Fastened,FALSE,LOW,normal,1
07:58:00,7,2,12,day,118,EXC006,Excavator,OP1045,5122.9,20.4,Windy,6.54,1599,86.9,81.6,37.7,12.66,3.19,9.09,0.27,2,20.7,Fastened,FALSE,LOW,normal,1
08:00:00,8,2,12,day,120,EXC006,Excavator,OP1045,5122.9,20.4,Windy,4.74,1447,86.1,81.5,36.8,15.03,2.65,10.47,0.8,0,15.5,Fastened,FALSE,LOW,normal,1
08:02:00,8,2,12,day,122,EXC006,Excavator,OP1045,5122.9,20.4,Windy,8.03,1212,86.3,81.4,30.1,13.93,3.23,10.71,0.47,0,24.8,Fastened,FALSE,LOW,normal,1
08:04:00,8,2,12,day,124,EXC006,Excavator,OP1045,5122.9,20.4,Windy,2.96,1694,88.4,81.3,34.7,14.3,2.48,10.2,0.73,4,21.7,Fastened,FALSE,LOW,normal,1
08:06:00,8,2,12,day,126,EXC006,Excavator,OP1045,5122.9,20.4,Windy,6.9,1394,83.6,81.3,38.7,12.24,3.1,8.7,1.1,0,24.6,Fastened,FALSE,LOW,normal,1
08:08:00,8,2,12,day,128,EXC006,Excavator,OP1045,5122.9,20.4,Windy,4.7,1849,81.2,81.2,26.4,10.74,3.13,8.73,0.53,1,10.9,Fastened,FALSE,LOW,normal,1
08:10:00,8,2,12,day,130,EXC006,Excavator,OP1045,5123,20.4,Windy,3.92,1526,90.5,81.1,43.2,11.99,2.64,7.95,0.33,0,25.5,Fastened,FALSE,LOW,normal,1
08:12:00,8,2,12,day,132,EXC006,Excavator,OP1045,5123,20.4,Windy,6.54,1364,82.8,81.1,42,9.76,2.93,6.89,0.62,1,16.7,Fastened,FALSE,LOW,normal,1
08:14:00,8,2,12,day,134,EXC006,Excavator,OP1045,5123,20.4,Windy,4.61,1043,91.1,81,26.5,10.32,2.82,8.33,0.83,4,8.3,Fastened,FALSE,LOW,normal,1
08:16:00,8,2,12,day,136,EXC006,Excavator,OP1045,5123,20.4,Windy,6.38,1559,87.9,80.9,29.3,11.51,1.82,8.67,0.91,0,35.5,Fastened,FALSE,LOW,normal,1
08:18:00,8,2,12,day,138,EXC006,Excavator,OP1045,5123,20.4,Windy,6.17,1463,90.9,80.8,32.5,12.7,2.18,9.28,0.29,2,35.7,Fastened,FALSE,LOW,normal,1
08:20:00,8,2,12,day,140,EXC006,Excavator,OP1045,5123,20.4,Windy,4.31,1172,85.8,80.8,30.8,12.16,2.71,9.25,0.88,3,16.7,Unfastened,TRUE,LOW,normal,1
08:22:00,8,2,12,day,142,EXC006,Excavator,OP1045,5123,20.4,Windy,10.84,1039,84,80.7,39.9,9.76,2.09,6.7,0.53,3,21.5,Fastened,FALSE,LOW,normal,1
08:24:00,8,2,12,day,144,EXC006,Excavator,OP1045,5123,20.4,Windy,7.87,940,90.5,80.6,36.7,13.92,2.58,9.76,0.41,2,19.4,Fastened,FALSE,LOW,normal,1
08:26:00,8,2,12,day,146,EXC006,Excavator,OP1045,5123,20.4,Windy,6.19,2212,86.1,80.5,25.9,12.38,3.82,10.16,0.89,0,11.5,Fastened,FALSE,LOW,normal,1
08:28:00,8,2,12,day,148,EXC006,Excavator,OP1045,5123.1,20.4,Windy,5.71,1620,106,80.5,53.7,10.81,2.92,6.57,0.74,4,27.8,Fastened,TRUE,MEDIUM,temp_spike,-1
08:30:00,8,2,12,day,150,EXC006,Excavator,OP1045,5123.1,20.4,Windy,4.74,1660,101.5,80.4,32,11.74,3.66,9.15,0.57,0,24.2,Fastened,FALSE,MEDIUM,temp_spike,-1
08:32:00,8,2,12,day,152,EXC006,Excavator,OP1045,5123.1,20.4,Windy,4.44,997,108,80.3,30.7,10.92,2.53,8.34,0.83,3,19.8,Fastened,TRUE,MEDIUM,temp_spike,-1
08:34:00,8,2,12,day,154,EXC006,Excavator,OP1045,5123.1,20.4,Windy,0.98,1871,108.7,80.3,19.2,11.24,2.14,9.49,0.31,1,16.6,Fastened,TRUE,MEDIUM,temp_spike,-1
08:36:00,8,2,12,day,156,EXC006,Excavator,OP1045,5123.1,20.4,Windy,8.48,939,110.6,80.2,46.8,11.25,2.65,7.23,1.41,3,20.3,Fastened,TRUE,MEDIUM,temp_spike,-1
08:38:00,8,2,12,day,158,EXC006,Excavator,OP1045,5123.1,20.4,Windy,2.22,1342,106.5,80.1,22.7,13.05,3.15,10.8,0.4,0,35.5,Fastened,TRUE,MEDIUM,temp_spike,-1
08:40:00,8,2,12,day,160,EXC006,Excavator,OP1045,5123.1,20.4,Windy,7,1805,104.5,80,29.5,9.94,3.94,8.17,1.11,4,16.3,Fastened,FALSE,MEDIUM,temp_spike,-1
08:42:00,8,2,12,day,162,EXC006,Excavator,OP1045,5123.1,20.4,Windy,7.7,1693,105.5,80,27.3,10.07,2.55,8.02,0.42,0,12.1,Fastened,TRUE,MEDIUM,temp_spike,-1
08:44:00,8,2,12,day,164,EXC006,Excavator,OP1045,5123.1,20.4,Windy,6.16,1471,89,79.9,29.7,11.67,3.36,9.2,0.36,4,12.5,Fastened,FALSE,LOW,normal,1
08:46:00,8,2,12,day,166,EXC006,Excavator,OP1045,5123.1,20.4,Windy,3.45,1859,86.9,79.8,36.7,9.85,2.59,7.19,1.07,2,14.9,Fastened,FALSE,LOW,normal,1
08:48:00,8,2,12,day,168,EXC006,Excavator,OP1045,5123.2,20.4,Windy,6.41,1317,84.7,79.8,35.4,11.05,3.13,8.25,0.8,2,11.5,Fastened,FALSE,LOW,normal,1
08:50:00,8,2,12,day,170,EXC006,Excavator,OP1045,5123.2,20.4,Windy,4.63,1462,87.5,79.7,21.2,9.5,3.08,8.14,0.45,4,29.8,Fastened,FALSE,LOW,normal,1
08:52:00,8,2,12,day,172,EXC006,Excavator,OP1045,5123.2,20.4,Windy,6.07,1361,85.6,79.6,36.8,11.35,2.87,8.23,0.52,0,14.2,Fastened,FALSE,LOW,normal,1
08:54:00,8,2,12,day,174,EXC006,Excavator,OP1045,5123.2,20.4,Windy,3.69,1549,87.7,79.6,24,11.28,2.71,9.22,0.78,1,20.1,Fastened,FALSE,LOW,normal,1
08:56:00,8,2,12,day,176,EXC006,Excavator,OP1045,5123.2,20.4,Windy,4.77,1835,86.8,79.5,31.1,11.65,3.23,9.03,0.34,4,24.3,Fastened,FALSE,LOW,normal,1
08:58:00,8,2,12,day,178,EXC006,Excavator,OP1045,5123.2,20.4,Windy,4.85,1423,89.1,79.4,30.1,9.55,2.47,7.42,1.41,0,27.2,Fastened,FALSE,LOW,normal,1
09:00:00,9,2,12,day,180,EXC006,Excavator,OP1045,5123.2,20.4,Windy,6.2,1267,91.3,79.3,28.4,13.42,3.54,10.61,1.27,0,32.5,Fastened,FALSE,LOW,normal,1
09:02:00,9,2,12,day,182,EXC006,Excavator,OP1045,5123.2,20.4,Windy,5.92,1584,89.2,79.3,28.4,9.7,2.07,7.53,0.22,0,20,Fastened,FALSE,LOW,normal,1
09:04:00,9,2,12,day,184,EXC006,Excavator,OP1045,5123.2,20.4,Windy,3.41,1947,87.8,79.2,37.2,13.36,3.07,9.53,1.17,2,7,Fastened,FALSE,MEDIUM,normal,1
09:06:00,9,2,12,day,186,EXC006,Excavator,OP1045,5123.2,20.4,Windy,6.86,1410,85.6,79.1,32.2,12.82,3.05,9.67,0.22,1,25.8,Fastened,FALSE,LOW,normal,1
09:08:00,9,2,12,day,188,EXC006,Excavator,OP1045,5123.3,20.4,Windy,4.28,1545,88,79,26.3,12.97,2.68,10.26,0.5,0,5.1,Fastened,FALSE,MEDIUM,normal,1
09:10:00,9,2,12,day,190,EXC006,Excavator,OP1045,5123.3,20.4,Windy,4.74,2023,87.9,78.9,25.8,11.6,2.59,9.28,0.89,3,8.5,Fastened,FALSE,LOW,normal,1
09:12:00,9,2,12,day,192,EXC006,Excavator,OP1045,5123.3,20.4,Windy,4.36,1365,86.1,78.9,17.7,11.69,3.48,10.24,0.81,2,31.5,Fastened,FALSE,LOW,normal,1
09:14:00,9,2,12,day,194,EXC006,Excavator,OP1045,5123.3,20.4,Windy,5.1,1108,83.8,78.8,25.9,12.89,2.76,10.27,0.93,0,25.6,Fastened,FALSE,LOW,normal,1
09:16:00,9,2,12,day,196,EXC006,Excavator,OP1045,5123.3,20.4,Windy,1.07,1134,88.6,78.7,39.1,10.74,3.18,7.78,1.06,4,31,Unfastened,FALSE,LOW,normal,1
09:18:00,9,2,12,day,198,EXC006,Excavator,OP1045,5123.3,20.4,Windy,3.8,1340,86.1,78.6,31.2,9.28,2.61,7.2,0.8,2,28.7,Unfastened,TRUE,LOW,normal,1
09:20:00,9,2,12,day,200,EXC006,Excavator,OP1045,5123.3,20.4,Windy,5.06,1960,88.2,78.6,36,11.1,3.02,8.19,0.51,4,8.6,Fastened,FALSE,LOW,normal,1
09:22:00,9,2,12,day,202,EXC006,Excavator,OP1045,5123.3,20.4,Windy,5.97,1569,85.2,78.5,45.2,14.37,2.65,9.07,0.86,0,14.1,Fastened,FALSE,LOW,normal,1
09:24:00,9,2,12,day,204,EXC006,Excavator,OP1045,5123.3,20.4,Windy,5.44,1642,91.6,78.4,42.3,9.93,2.08,6.61,0.69,3,7.1,Fastened,FALSE,MEDIUM,normal,1
09:26:00,9,2,12,day,206,EXC006,Excavator,OP1045,5123.3,20.4,Windy,6.97,1433,87.9,78.4,27.2,13.04,2.9,10.28,1.43,0,26.7,Fastened,FALSE,LOW,normal,1
09:28:00,9,2,12,day,208,EXC006,Excavator,OP1045,5123.4,20.4,Windy,5.11,1252,88.2,78.3,33,16.33,2.57,11.79,0.43,2,25.3,Unfastened,TRUE,LOW,normal,1
09:30:00,9,2,12,day,210,EXC006,Excavator,OP1045,5123.4,20.4,Windy,4.51,1471,86.8,78.2,44,11.35,3.12,7.73,0.89,2,19.3,Fastened,FALSE,LOW,normal,1
09:32:00,9,2,12,day,212,EXC006,Excavator,OP1045,5123.4,20.4,Windy,4.83,1636,88.1,78.1,30.1,14.71,2.44,11.02,0.62,0,22.3,Fastened,FALSE,LOW,normal,1
09:34:00,9,2,12,day,214,EXC006,Excavator,OP1045,5123.4,20.4,Windy,3.68,1873,84.9,78,37,13.34,3.79,9.81,0.73,1,32.1,Fastened,FALSE,LOW,normal,1
09:36:00,9,2,12,day,216,EXC006,Excavator,OP1045,5123.4,20.4,Windy,4.37,1983,83.5,78,35.2,10.72,3.02,8.01,1.03,4,8.7,Fastened,FALSE,LOW,normal,1
09:38:00,9,2,12,day,218,EXC006,Excavator,OP1045,5123.4,20.4,Windy,3.09,1560,90.4,77.9,47.2,10.17,3.3,6.93,0.66,0,29.4,Fastened,FALSE,LOW,normal,1
09:40:00,9,2,12,day,220,EXC006,Excavator,OP1045,5123.4,20.4,Windy,8.56,1802,88.2,77.8,22.1,13.49,2.5,11.06,0.79,3,17.5,Unfastened,TRUE,LOW,normal,1
09:42:00,9,2,12,day,222,EXC006,Excavator,OP1045,5123.4,20.4,Windy,4.97,1687,87.7,77.7,32.8,12.26,2.88,9.18,0.36,2,17.5,Fastened,FALSE,LOW,normal,1
09:44:00,9,2,12,day,224,EXC006,Excavator,OP1045,5123.4,20.4,Windy,3.51,1530,87.7,77.6,28.9,16.18,3.18,12.42,0.93,1,6.3,Fastened,FALSE,MEDIUM,normal,1
09:46:00,9,2,12,day,226,EXC006,Excavator,OP1045,5123.4,20.4,Windy,2.94,837,79.7,77.5,17.8,12.94,3.18,11.2,0.53,1,24.9,Fastened,FALSE,LOW,normal,1
09:48:00,9,2,12,day,228,EXC006,Excavator,OP1045,5123.5,20.4,Windy,4.14,1619,83.3,77.5,26,8,2.53,6.58,0.68,0,17.4,Fastened,FALSE,LOW,normal,1
09:50:00,9,2,12,day,230,EXC006,Excavator,OP1045,5123.5,20.4,Windy,6.41,1826,83.2,77.4,27.9,13.01,3.49,10.35,1.1,4,26.1,Unfastened,TRUE,LOW,normal,1
09:52:00,9,2,12,day,232,EXC006,Excavator,OP1045,5123.5,20.4,Windy,3.58,1401,85.6,77.3,43.3,10.84,2.08,7.05,0.89,4,24.2,Fastened,FALSE,LOW,normal,1
09:54:00,9,2,12,day,234,EXC006,Excavator,OP1045,5123.5,20.4,Windy,3.86,1121,90.7,77.3,33.9,12.87,3.48,9.69,0.84,3,13.9,Fastened,FALSE,LOW,normal,1
09:56:00,9,2,12,day,236,EXC006,Excavator,OP1045,5123.5,20.4,Windy,6.91,970,86.3,77.2,33.6,14.41,3.34,10.69,1.04,4,32.9,Fastened,FALSE,LOW,normal,1
09:58:00,9,2,12,day,238,EXC006,Excavator,OP1045,5123.5,20.4,Windy,7.2,1196,89,77.1,30.9,11.78,3.04,9.08,0.27,0,15.5,Fastened,FALSE,LOW,normal,1
10:00:00,10,2,12,day,240,EXC006,Excavator,OP1045,5123.5,20.4,Windy,6.46,1407,86.3,77,39.9,11.88,4.05,8.76,0.74,4,28.6,Fastened,FALSE,LOW,normal,1
10:02:00,10,2,12,day,242,EXC006,Excavator,OP1045,5123.5,20.4,Windy,3.8,1420,82.7,76.9,14.9,12.72,3.27,11.31,0.78,4,24.1,Fastened,FALSE,LOW,normal,1
10:04:00,10,2,12,day,244,EXC006,Excavator,OP1045,5123.5,20.4,Windy,5.58,1865,84.1,76.8,28.3,15.64,3.6,12.23,0.96,3,11.3,Fastened,FALSE,LOW,normal,1
10:06:00,10,2,12,day,246,EXC006,Excavator,OP1045,5123.5,20.4,Windy,4.49,1347,88,76.8,29.7,10.09,3.48,8.13,0.98,3,29.5,Fastened,FALSE,LOW,normal,1
10:08:00,10,2,12,day,248,EXC006,Excavator,OP1045,5123.6,20.4,Windy,0.79,1329,89.1,76.7,10.9,12.77,2.25,11.62,0.66,4,28.3,Fastened,FALSE,LOW,normal,1
10:10:00,10,2,12,day,250,EXC006,Excavator,OP1045,5123.6,20.4,Windy,6.71,1545,82.6,76.6,25.7,13.12,3.49,10.65,1.36,4,6.1,Fastened,FALSE,MEDIUM,normal,1
10:12:00,10,2,12,day,252,EXC006,Excavator,OP1045,5123.6,20.4,Windy,6.17,1658,83.5,76.5,30.1,13.44,3.02,10.3,0.54,1,22.9,Fastened,FALSE,LOW,normal,1
10:14:00,10,2,12,day,254,EXC006,Excavator,OP1045,5123.6,20.4,Windy,6.4,1399,92.1,76.4,25.5,13.16,3.9,10.8,0.56,2,24.9,Fastened,FALSE,LOW,normal,1
10:16:00,10,2,12,day,256,EXC006,Excavator,OP1045,5123.6,20.4,Windy,8.47,1379,84.4,76.3,36.7,13.55,2.96,9.66,0.74,4,15.4,Fastened,FALSE,LOW,normal,1
10:18:00,10,2,12,day,258,EXC006,Excavator,OP1045,5123.6,20.4,Windy,7.56,1553,86.5,76.2,38.7,11.21,2.94,8.01,0.48,4,14.1,Fastened,FALSE,LOW,normal,1
10:20:00,10,2,12,day,260,EXC006,Excavator,OP1045,5123.6,20.4,Windy,3.55,1364,86.1,76.2,39.5,13.93,3.56,9.83,1.24,0,9,Fastened,FALSE,LOW,normal,1
10:22:00,10,2,12,day,262,EXC006,Excavator,OP1045,5123.6,20.4,Windy,2.25,1737,88.5,76.1,33.9,12.15,3.2,9.12,0.62,2,12.6,Fastened,FALSE,LOW,normal,1
10:24:00,10,2,12,day,264,EXC006,Excavator,OP1045,5123.6,20.4,Windy,4.94,1606,87.7,76,35.3,8.95,3.05,6.87,1.22,4,8.3,Fastened,FALSE,LOW,normal,1
10:26:00,10,2,12,day,266,EXC006,Excavator,OP1045,5123.6,20.4,Windy,3.96,1254,88.2,75.9,25.5,12.25,3.44,10,0.59,1,18.5,Unfastened,TRUE,LOW,normal,1
10:28:00,10,2,12,day,268,EXC006,Excavator,OP1045,5123.7,20.4,Windy,6.54,1812,87.4,75.9,30.1,10.68,2.76,8.3,0.93,4,22.9,Fastened,FALSE,LOW,normal,1
10:30:00,10,2,12,day,270,EXC006,Excavator,OP1045,5123.7,20.4,Windy,4.79,1427,88.4,75.8,47.5,13.86,2.85,8.63,0.83,1,9.1,Fastened,FALSE,LOW,normal,1
10:32:00,10,2,12,day,272,EXC006,Excavator,OP1045,5123.7,20.4,Windy,6.58,1103,83.5,75.7,34,12.28,3.31,9.23,0.63,2,25,Unfastened,TRUE,LOW,normal,1
10:34:00,10,2,12,day,274,EXC006,Excavator,OP1045,5123.7,20.4,Windy,6.6,1446,82.4,75.7,27,9.02,3.53,7.54,0.49,3,20.2,Fastened,FALSE,LOW,normal,1
10:36:00,10,2,12,day,276,EXC006,Excavator,OP1045,5123.7,20.4,Windy,7.23,1653,85.1,75.6,33.3,12.01,3.45,9.16,0.74,3,19.5,Fastened,FALSE,LOW,normal,1
10:38:00,10,2,12,day,278,EXC006,Excavator,OP1045,5123.7,20.4,Windy,4.9,1125,95.6,75.5,36.7,11.05,3.22,8.18,1.02,0,8.3,Fastened,FALSE,LOW,normal,1
10:40:00,10,2,12,day,280,EXC006,Excavator,OP1045,5123.7,20.4,Windy,5.47,1645,83.4,75.4,31.1,13.18,2.89,9.98,0.97,2,8.7,Unfastened,TRUE,LOW,normal,1
10:42:00,10,2,12,day,282,EXC006,Excavator,OP1045,5123.7,20.4,Windy,8.84,1420,90.5,75.4,38.9,13.66,4.09,9.94,0.81,2,15.2,Fastened,FALSE,LOW,normal,1
10:44:00,10,2,12,day,284,EXC006,Excavator,OP1045,5123.7,20.4,Windy,6.65,2007,90,75.3,34.7,12.16,4.13,9.37,0.53,0,7.9,Fastened,FALSE,MEDIUM,normal,1
10:46:00,10,2,12,day,286,EXC006,Excavator,OP1045,5123.7,20.4,Windy,8.43,1305,87.1,75.2,35.3,12.2,3.36,9.08,0.73,1,29.3,Fastened,FALSE,LOW,normal,1
10:48:00,10,2,12,day,288,EXC006,Excavator,OP1045,5123.8,20.4,Windy,5,1459,86.5,75.1,21.5,9.52,2.88,8.09,0.62,4,22.3,Fastened,FALSE,LOW,normal,1
10:50:00,10,2,12,day,290,EXC006,Excavator,OP1045,5123.8,20.4,Windy,7.19,1543,89.2,75,28.2,14.43,2.85,11.16,0.77,0,25.3,Fastened,FALSE,LOW,normal,1
10:52:00,10,2,12,day,292,EXC006,Excavator,OP1045,5123.8,20.4,Windy,5.48,1240,81.5,75,20.4,12.22,3.28,10.4,0.52,1,13.9,Fastened,FALSE,LOW,normal,1
10:54:00,10,2,12,day,294,EXC006,Excavator,OP1045,5123.8,20.4,Windy,6.38,758,83.6,74.9,27.6,11.97,2.96,9.48,0.59,0,10.8,Fastened,FALSE,LOW,normal,1
10:56:00,10,2,12,day,296,EXC006,Excavator,OP1045,5123.8,20.4,Windy,6.45,1342,81.7,74.8,42.4,11.79,3.35,8.21,0.62,2,21.6,Fastened,FALSE,LOW,normal,1
10:58:00,10,2,12,day,298,EXC006,Excavator,OP1045,5123.8,20.4,Windy,6.95,1447,81.7,74.7,25.7,12.01,3.13,9.73,0.71,4,23,Unfastened,TRUE,LOW,normal,1
11:00:00,11,2,12,day,300,EXC006,Excavator,OP1045,5123.8,20.4,Windy,5.26,1166,90.3,74.6,37.6,12.27,4.1,9.2,0.87,3,33.8,Fastened,FALSE,LOW,normal,1
11:02:00,11,2,12,day,302,EXC006,Excavator,OP1045,5123.8,20.4,Windy,1.86,1724,84.8,74.6,36.3,12.43,2.84,8.95,0.65,0,17.1,Fastened,FALSE,LOW,normal,1
11:04:00,11,2,12,day,304,EXC006,Excavator,OP1045,5123.8,20.4,Windy,7.95,1823,89.1,74.5,41.8,10.83,3.25,7.66,0.69,4,21.9,Fastened,FALSE,LOW,normal,1
11:06:00,11,2,12,day,306,EXC006,Excavator,OP1045,5123.9,20.4,Windy,7.06,1244,89.6,74.4,33.5,14.68,2.75,10.68,0.39,1,12.7,Fastened,FALSE,LOW,normal,1
11:08:00,11,2,12,day,308,EXC006,Excavator,OP1045,5123.9,20.4,Windy,6.57,1350,82.6,74.4,36.8,12.48,1.86,8.57,0.92,0,32.1,Fastened,FALSE,LOW,normal,1
11:10:00,11,2,12,day,310,EXC006,Excavator,OP1045,5123.9,20.4,Windy,7.37,1423,85.7,74.3,27.1,11.64,2.65,9.2,0.91,4,14.8,Fastened,FALSE,LOW,normal,1
11:12:00,11,2,12,day,312,EXC006,Excavator,OP1045,5123.9,20.4,Windy,7.16,1069,84.8,74.2,52.2,15.11,2.46,8.51,0.83,4,6.8,Fastened,FALSE,MEDIUM,normal,1
11:14:00,11,2,12,day,314,EXC006,Excavator,OP1045,5123.9,20.4,Windy,4.34,1661,84.8,74.1,36.8,13.03,2.94,9.32,0.72,1,24.3,Fastened,FALSE,LOW,normal,1
11:16:00,11,2,12,day,316,EXC006,Excavator,OP1045,5123.9,20.4,Windy,8.73,1503,86.5,74,18.9,10.93,3.05,9.44,0.87,1,27.7,Fastened,FALSE,LOW,normal,1
11:18:00,11,2,12,day,318,EXC006,Excavator,OP1045,5123.9,20.4,Windy,7.6,1411,84.3,74,31.1,12.83,2.2,9.52,0.69,1,11,Fastened,FALSE,LOW,normal,1
11:20:00,11,2,12,day,320,EXC006,Excavator,OP1045,5123.9,20.4,Windy,2.76,1572,80,73.9,20.2,12.38,2.43,10.37,0.44,1,13.2,Fastened,FALSE,LOW,normal,1
11:22:00,11,2,12,day,322,EXC006,Excavator,OP1045,5123.9,20.4,Windy,5.95,800,84.9,73.8,45.4,9.35,3.36,6.63,1.11,1,15.7,Fastened,FALSE,LOW,normal,1
11:24:00,11,2,12,day,324,EXC006,Excavator,OP1045,5123.9,20.4,Windy,6.63,1346,84.3,73.8,35.2,12.25,3.07,9.02,0.93,3,13.7,Fastened,FALSE,LOW,normal,1
11:26:00,11,2,12,day,326,EXC006,Excavator,OP1045,5124,20.4,Windy,6.86,1547,79.9,73.7,37.4,8.53,2.48,6.27,1.23,4,24,Fastened,FALSE,LOW,normal,1
11:28:00,11,2,12,day,328,EXC006,Excavator,OP1045,5124,20.4,Windy,4.57,1785,89.4,73.6,25.6,13.81,2.98,11.04,0.77,4,25.3,Fastened,FALSE,LOW,normal,1
11:30:00,11,2,12,day,330,EXC006,Excavator,OP1045,5124,20.4,Windy,4.86,1826,89,73.5,34.8,14.1,3.66,10.47,0.32,0,22.5,Unfastened,TRUE,LOW,normal,1
11:32:00,11,2,12,day,332,EXC006,Excavator,OP1045,5124,20.4,Windy,4.16,1185,92,73.5,25.1,9.51,3.5,8,1.31,0,23.2,Fastened,FALSE,LOW,normal,1
11:34:00,11,2,12,day,334,EXC006,Excavator,OP1045,5124,20.4,Windy,5.89,1045,87.3,73.4,28.8,10.15,2.82,8.04,0.33,2,31.4,Fastened,FALSE,LOW,normal,1
11:36:00,11,2,12,day,336,EXC006,Excavator,OP1045,5124,20.4,Windy,9.07,1571,86.5,73.3,34,11.5,3.1,8.64,0.14,3,16.5,Fastened,FALSE,LOW,normal,1
11:38:00,11,2,12,day,338,EXC006,Excavator,OP1045,5124,20.4,Windy,3.36,1449,85.7,73.2,36.3,12.67,2.43,8.95,0.89,1,21.7,Fastened,FALSE,LOW,normal,1
11:40:00,11,2,12,day,340,EXC006,Excavator,OP1045,5124,20.4,Windy,2.87,1412,88.6,73.2,43.1,11.92,2.98,8.07,1,2,27.3,Fastened,FALSE,LOW,normal,1
11:42:00,11,2,12,day,342,EXC006,Excavator,OP1045,5124,20.4,Windy,8.37,1544,83.4,73.1,17.3,11.2,2.71,9.73,0.9,2,16,Fastened,FALSE,LOW,normal,1
11:44:00,11,2,12,day,344,EXC006,Excavator,OP1045,5124,20.4,Windy,1.99,1211,91.7,73,44.9,13.93,3.71,9.34,0.84,3,11.3,Fastened,FALSE,LOW,normal,1
11:46:00,11,2,12,day,346,EXC006,Excavator,OP1045,5124.1,20.4,Windy,8.75,1462,89.3,72.9,26.8,12.95,2.31,10.1,0.34,4,20.2,Fastened,FALSE,LOW,normal,1
11:48:00,11,2,12,day,348,EXC006,Excavator,OP1045,5124.1,20.4,Windy,7.81,1424,84.9,72.8,31,13.46,3.13,10.26,1.2,4,11.5,Fastened,FALSE,LOW,normal,1
11:50:00,11,2,12,day,350,EXC006,Excavator,OP1045,5124.1,20.4,Windy,4.35,1263,90,72.8,30.7,8.56,3.6,7.04,0.9,0,27.5,Fastened,FALSE,LOW,normal,1
11:52:00,11,2,12,day,352,EXC006,Excavator,OP1045,5124.1,20.4,Windy,7.95,1206,87.3,72.7,32.2,10.2,2.67,7.78,1.16,2,29,Fastened,FALSE,LOW,normal,1
11:54:00,11,2,12,day,354,EXC006,Excavator,OP1045,5124.1,20.4,Windy,3.66,1378,91.3,72.7,46,10.38,3.33,7.14,0.47,4,19.2,Fastened,FALSE,LOW,normal,1
11:56:00,11,2,12,day,356,EXC006,Excavator,OP1045,5124.1,20.4,Windy,5.44,1369,85.9,72.6,38.3,11.53,3.45,8.44,0.43,4,31.5,Fastened,FALSE,LOW,normal,1
11:58:00,11,2,12,day,358,EXC006,Excavator,OP1045,5124.1,20.4,Windy,4.95,1203,85.6,72.5,29.2,8,3.5,6.69,0.23,0,18,Fastened,FALSE,LOW,normal,1
12:00:00,12,2,12,day,360,EXC006,Excavator,OP1045,5124.1,20.4,Windy,2.72,1579,84.1,72.5,48.3,11.53,2.11,6.98,1.08,1,6.3,Fastened,FALSE,MEDIUM,normal,1
12:02:00,12,2,12,day,362,EXC006,Excavator,OP1045,5124.1,20.4,Windy,7.51,1331,93.2,72.4,24.1,12.94,2.46,10.41,0.67,4,16.6,Fastened,FALSE,LOW,normal,1
12:04:00,12,2,12,day,364,EXC006,Excavator,OP1045,5124.1,20.4,Windy,6.14,1201,87.9,72.3,28.3,10.03,3.41,8.16,0.51,1,18,Fastened,FALSE,LOW,normal,1
12:06:00,12,2,12,day,366,EXC006,Excavator,OP1045,5124.2,20.4,Windy,7.89,1462,89.1,72.2,20.3,12.37,2.71,10.41,0.33,2,32.2,Unfastened,TRUE,LOW,normal,1
12:08:00,12,2,12,day,368,EXC006,Excavator,OP1045,5124.2,20.4,Windy,5.64,1619,90.5,72.2,40.7,14.09,3.15,9.64,0.99,1,15.4,Fastened,FALSE,LOW,normal,1
12:10:00,12,2,12,day,370,EXC006,Excavator,OP1045,5124.2,20.4,Windy,1.35,807,88.5,72.1,29.2,12.92,3.62,10.2,0.59,3,11.5,Unfastened,FALSE,LOW,normal,1
12:12:00,12,2,12,day,372,EXC006,Excavator,OP1045,5124.2,20.4,Windy,3.26,1307,88.6,72,31.9,11.17,3.25,8.64,1.46,3,22.3,Fastened,FALSE,LOW,normal,1
12:14:00,12,2,12,day,374,EXC006,Excavator,OP1045,5124.2,20.4,Windy,6.22,1541,86.6,71.9,30.7,12.71,4.01,10.04,0.77,2,6.6,Unfastened,TRUE,MEDIUM,normal,1
12:16:00,12,2,12,day,376,EXC006,Excavator,OP1045,5124.2,20.4,Windy,4.4,1519,86.5,71.8,33.2,12.02,2.72,8.93,0.45,1,8,Fastened,FALSE,LOW,normal,1
12:18:00,12,2,12,day,378,EXC006,Excavator,OP1045,5124.2,20.4,Windy,5.88,1435,86.3,71.8,26.3,9.97,3.06,8.15,0.81,0,13.4,Fastened,FALSE,LOW,normal,1
12:20:00,12,2,12,day,380,EXC006,Excavator,OP1045,5124.2,20.4,Windy,6.34,1179,92.3,71.7,35.2,14.3,3.37,10.45,0.78,2,18,Fastened,FALSE,LOW,normal,1
12:22:00,12,2,12,day,382,EXC006,Excavator,OP1045,5124.2,20.4,Windy,5.62,1468,83.7,71.6,26.4,10.29,2.45,8.22,0.88,4,10.7,Fastened,FALSE,LOW,normal,1
12:24:00,12,2,12,day,384,EXC006,Excavator,OP1045,5124.2,20.4,Windy,4.91,1273,92.9,71.5,21.7,15.05,3.38,12.52,0.6,2,10,Fastened,FALSE,LOW,normal,1
12:26:00,12,2,12,day,386,EXC006,Excavator,OP1045,5124.3,20.4,Windy,4.62,1666,88.9,71.4,28,13.73,2.38,10.55,1.24,3,9.3,Fastened,FALSE,LOW,normal,1
12:28:00,12,2,12,day,388,EXC006,Excavator,OP1045,5124.3,20.4,Windy,2.97,1168,88.8,71.4,33.8,9.54,3.27,7.42,0.66,0,15.1,Fastened,FALSE,LOW,normal,1
12:30:00,12,2,12,day,390,EXC006,Excavator,OP1045,5124.3,20.4,Windy,6.65,1918,88.4,71.3,28.6,12.98,3.24,10.19,0.21,3,18.1,Fastened,FALSE,LOW,normal,1
12:32:00,12,2,12,day,392,EXC006,Excavator,OP1045,5124.3,20.4,Windy,7.17,1917,88.1,71.2,20.6,12.7,2.37,10.57,0.69,4,6,Fastened,FALSE,MEDIUM,normal,1
12:34:00,12,2,12,day,394,EXC006,Excavator,OP1045,5124.3,20.4,Windy,4.82,1284,85.8,71.1,30.5,13.35,3.63,10.39,0.66,0,9.6,Fastened,FALSE,LOW,normal,1
12:36:00,12,2,12,day,396,EXC006,Excavator,OP1045,5124.3,20.4,Windy,6.54,1443,87.5,71,34.5,13.26,2.47,9.54,0.24,0,36,Fastened,FALSE,LOW,normal,1
12:38:00,12,2,12,day,398,EXC006,Excavator,OP1045,5124.3,20.4,Windy,7.41,1459,85.2,70.9,27.8,11.89,3.24,9.49,0.23,2,15.5,Unfastened,TRUE,LOW,normal,1
12:40:00,12,2,12,day,400,EXC006,Excavator,OP1045,5124.3,20.4,Windy,5.52,1311,87.3,70.9,30.6,9.99,3.29,7.94,0.81,1,14.2,Fastened,FALSE,LOW,normal,1
12:42:00,12,2,12,day,402,EXC006,Excavator,OP1045,5124.3,20.4,Windy,5.61,1502,85.4,70.8,36.2,12.58,2.94,9.09,1.13,3,29.7,Fastened,FALSE,LOW,normal,1
12:44:00,12,2,12,day,404,EXC006,Excavator,OP1045,5124.3,20.4,Windy,1.33,1095,82.4,70.7,29.7,12.88,2.86,9.9,0.24,0,9,Fastened,FALSE,LOW,normal,1
12:46:00,12,2,12,day,406,EXC006,Excavator,OP1045,5124.4,20.4,Windy,7.84,1538,87.4,70.7,29.5,10.26,3.27,8.2,0.69,2,22.7,Fastened,FALSE,LOW,normal,1
12:48:00,12,2,12,day,408,EXC006,Excavator,OP1045,5124.4,20.4,Windy,5.69,1634,84,70.6,36.7,16.19,3.36,11.48,0.67,3,5.2,Fastened,FALSE,MEDIUM,normal,1
12:50:00,12,2,12,day,410,EXC006,Excavator,OP1045,5124.4,20.4,Windy,2.85,1486,86.4,70.5,33.5,11.63,2.73,8.65,0.94,0,11.2,Fastened,FALSE,LOW,normal,1
12:52:00,12,2,12,day,412,EXC006,Excavator,OP1045,5124.4,20.4,Windy,5.51,987,87.6,70.4,29,16.25,3.05,12.42,0.67,1,2.3,Fastened,TRUE,HIGH,normal,1
12:54:00,12,2,12,day,414,EXC006,Excavator,OP1045,5124.4,20.4,Windy,3.84,1533,89.1,70.3,24.1,11.82,2.99,9.69,0.66,3,11.7,Fastened,FALSE,LOW,normal,1
12:56:00,12,2,12,day,416,EXC006,Excavator,OP1045,5124.4,20.4,Windy,3.44,1278,92.2,70.2,27.5,10.17,2.87,8.16,0.85,3,9.5,Fastened,FALSE,LOW,normal,1
12:58:00,12,2,12,day,418,EXC006,Excavator,OP1045,5124.4,20.4,Windy,6.33,1301,89.6,70.2,31.5,8.92,2.75,6.98,1.2,4,21.6,Fastened,FALSE,LOW,normal,1
13:00:00,13,2,12,day,420,EXC006,Excavator,OP1045,5124.4,20.4,Windy,3.88,1437,86.6,70.1,29.1,11.98,1.92,9.05,0.44,4,26.6,Fastened,FALSE,LOW,normal,1
13:02:00,13,2,12,day,422,EXC006,Excavator,OP1045,5124.4,20.4,Windy,3.03,1832,87.7,70,34.2,14.76,3.48,10.9,0.63,4,21,Fastened,FALSE,LOW,normal,1
13:04:00,13,2,12,day,424,EXC006,Excavator,OP1045,5124.4,20.4,Windy,7.18,1414,90.2,69.9,23.6,14.19,2.98,11.54,1.28,4,49.2,Fastened,FALSE,LOW,normal,1
13:06:00,13,2,12,day,426,EXC006,Excavator,OP1045,5124.5,20.4,Windy,3.03,1639,85.3,69.8,31.5,15.19,3.44,11.49,0.52,4,8.3,Fastened,FALSE,LOW,normal,1
13:08:00,13,2,12,day,428,EXC006,Excavator,OP1045,5124.5,20.4,Windy,5.12,1312,89.6,69.7,31.4,10.69,3.03,8.28,0.96,3,19.6,Fastened,FALSE,LOW,normal,1
13:10:00,13,2,12,day,430,EXC006,Excavator,OP1045,5124.5,20.4,Windy,5.57,1330,93.2,69.7,27.7,12.01,3.24,9.58,0.43,1,26.7,Fastened,FALSE,LOW,normal,1
13:12:00,13,2,12,day,432,EXC006,Excavator,OP1045,5124.5,20.4,Windy,6.43,1005,93,69.6,41.1,12.81,3.78,9.1,0.42,0,11.2,Fastened,FALSE,LOW,normal,1
13:14:00,13,2,12,day,434,EXC006,Excavator,OP1045,5124.5,20.4,Windy,3.19,1464,85.8,69.5,43,10.79,2.78,7.35,0.37,4,12.7,Fastened,FALSE,LOW,normal,1
13:16:00,13,2,12,day,436,EXC006,Excavator,OP1045,5124.5,20.4,Windy,3.74,1112,88.3,69.4,29,13.22,1.83,9.92,0.3,4,12,Fastened,FALSE,LOW,normal,1
13:18:00,13,2,12,day,438,EXC006,Excavator,OP1045,5124.5,20.4,Windy,6.5,1071,88.1,69.4,25.9,10.11,2.62,8.17,1.02,0,25.8,Fastened,FALSE,LOW,normal,1
13:20:00,13,2,12,day,440,EXC006,Excavator,OP1045,5124.5,20.4,Windy,5.68,1543,87,69.3,28.7,12.38,3.36,9.79,0.83,3,18.5,Fastened,FALSE,LOW,normal,1
13:22:00,13,2,12,day,442,EXC006,Excavator,OP1045,5124.5,20.4,Windy,4.43,1497,82.9,69.2,31,15.37,3.61,11.72,0.45,4,15.8,Fastened,FALSE,LOW,normal,1
13:24:00,13,2,12,day,444,EXC006,Excavator,OP1045,5124.6,20.4,Windy,7.89,1519,84.5,69.1,26.7,10.38,3.06,8.43,0.82,0,22.4,Fastened,FALSE,LOW,normal,1
13:26:00,13,2,12,day,446,EXC006,Excavator,OP1045,5124.6,20.4,Windy,5.29,1771,87,69.1,37.9,9.05,3.51,6.95,0.3,2,13.7,Fastened,FALSE,LOW,normal,1
13:28:00,13,2,12,day,448,EXC006,Excavator,OP1045,5124.6,20.4,Windy,5.29,2048,86.2,69,29.3,13.43,3.36,10.48,0.24,1,19,Fastened,FALSE,LOW,normal,1
13:30:00,13,2,12,day,450,EXC006,Excavator,OP1045,5124.6,20.4,Windy,5.13,1056,86.4,68.9,26.1,9.42,2.97,7.74,0.12,2,24.8,Fastened,FALSE,LOW,normal,1
13:32:00,13,2,12,day,452,EXC006,Excavator,OP1045,5124.6,20.4,Windy,4.59,1629,88.3,68.8,31,15.29,2.7,11.39,0.97,0,23.4,Fastened,FALSE,LOW,normal,1
13:34:00,13,2,12,day,454,EXC006,Excavator,OP1045,5124.6,20.4,Windy,5.87,1683,86.5,68.8,33.1,11.78,2.36,8.66,0.39,0,18.5,Fastened,FALSE,LOW,normal,1
13:36:00,13,2,12,day,456,EXC006,Excavator,OP1045,5124.6,20.4,Windy,3.99,1193,89,68.7,20.2,13.78,3.01,11.6,0,0,26.2,Fastened,FALSE,LOW,normal,1
13:38:00,13,2,12,day,458,EXC006,Excavator,OP1045,5124.6,20.4,Windy,4.22,1324,83,68.6,31.4,12.3,3.49,9.53,0.8,3,5.8,Fastened,FALSE,MEDIUM,normal,1
13:40:00,13,2,12,day,460,EXC006,Excavator,OP1045,5124.6,20.4,Windy,4.51,1281,83.1,68.5,27.5,10.85,4.25,9.04,0.73,3,18.3,Fastened,FALSE,LOW,normal,1
13:42:00,13,2,12,day,462,EXC006,Excavator,OP1045,5124.6,20.4,Windy,6.14,1340,87.3,68.4,31.4,10.53,3.32,8.27,0.37,4,1.6,Fastened,TRUE,HIGH,normal,1
13:44:00,13,2,12,day,464,EXC006,Excavator,OP1045,5124.7,20.4,Windy,4.31,1438,87.9,68.4,27.3,9.09,2.9,7.4,0.88,0,9.5,Fastened,FALSE,LOW,normal,1
13:46:00,13,2,12,day,466,EXC006,Excavator,OP1045,5124.7,20.4,Windy,3.23,1409,90,68.3,26.7,11.23,3.23,9.09,0.86,2,17.2,Fastened,FALSE,LOW,normal,1
13:48:00,13,2,12,day,468,EXC006,Excavator,OP1045,5124.7,20.4,Windy,6.58,1245,85.6,68.2,35.7,12.53,3.33,9.25,0.44,1,21.8,Fastened,FALSE,LOW,normal,1
13:50:00,13,2,12,day,470,EXC006,Excavator,OP1045,5124.7,20.4,Windy,6.09,1358,86.2,68.1,25.4,12.28,3.82,10.13,0.85,4,27,Fastened,FALSE,LOW,normal,1
13:52:00,13,2,12,day,472,EXC006,Excavator,OP1045,5124.7,20.4,Windy,5.03,1607,90.3,68.1,28.3,8.71,2.64,6.99,0.85,4,17.1,Fastened,FALSE,LOW,normal,1
13:54:00,13,2,12,day,474,EXC006,Excavator,OP1045,5124.7,20.4,Windy,4.96,1080,85.6,68,42,9.28,3.07,6.67,1.18,3,7,Fastened,FALSE,MEDIUM,normal,1
13:56:00,13,2,12,day,476,EXC006,Excavator,OP1045,5124.7,20.4,Windy,4.3,1634,86.8,67.9,31.9,12.33,3.37,9.47,0.97,0,33.8,Unfastened,TRUE,LOW,normal,1
13:58:00,13,2,12,day,478,EXC006,Excavator,OP1045,5124.7,20.4,Windy,2.42,1545,86.7,67.8,32.5,16.2,2.4,11.71,0.95,1,19.4,Fastened,FALSE,LOW,normal,1
14:00:00,14,2,12,day,480,EXC006,Excavator,OP1045,5124.7,20.4,Windy,6.88,1525,89.5,67.8,40.2,13.84,3.37,9.63,0.65,2,12.2,Fastened,FALSE,LOW,normal,1
14:02:00,14,2,12,day,482,EXC006,Excavator,OP1045,5124.7,20.4,Windy,4.02,967,85.5,67.7,27.5,13.52,4.35,11,0.61,4,29.7,Fastened,FALSE,LOW,normal,1
14:04:00,14,2,12,day,484,EXC006,Excavator,OP1045,5124.8,20.4,Windy,6.17,1259,92.1,67.6,20.6,11.88,3.23,10.1,0.7,3,23.8,Fastened,FALSE,LOW,normal,1
14:06:00,14,2,12,day,486,EXC006,Excavator,OP1045,5124.8,20.4,Windy,5.32,1496,89.4,67.5,30.9,12.35,2.64,9.35,0.74,3,15.9,Fastened,FALSE,LOW,normal,1
14:08:00,14,2,12,day,488,EXC006,Excavator,OP1045,5124.8,20.4,Windy,4.98,1184,88.8,67.4,32.2,11.42,2.58,8.57,1.01,0,18.1,Fastened,FALSE,LOW,normal,1
14:10:00,14,2,12,day,490,EXC006,Excavator,OP1045,5124.8,20.4,Windy,3.51,1964,84.4,67.4,39.5,10.92,2.94,7.77,1.47,3,16.6,Fastened,FALSE,LOW,normal,1
14:12:00,14,2,12,day,492,EXC006,Excavator,OP1045,5124.8,20.4,Windy,6.14,1174,86.4,67.3,37,9.99,2.02,7.04,0.85,0,32.3,Fastened,FALSE,LOW,normal,1
14:14:00,14,2,12,day,494,EXC006,Excavator,OP1045,5124.8,20.4,Windy,6.68,1173,87.1,67.2,24.2,12.51,3.3,10.28,0.58,0,22.2,Fastened,FALSE,LOW,normal,1
14:16:00,14,2,12,day,496,EXC006,Excavator,OP1045,5124.8,20.4,Windy,3.83,967,83.7,67.1,26.1,12.25,3.32,9.92,1.15,1,47.2,Fastened,FALSE,LOW,normal,1
14:18:00,14,2,12,day,498,EXC006,Excavator,OP1045,5124.8,20.4,Windy,3.34,1416,88.1,67.1,30,14.23,2.99,10.86,0.67,1,20.1,Unfastened,TRUE,LOW,normal,1
14:20:00,14,2,12,day,500,EXC006,Excavator,OP1045,5124.8,20.4,Windy,5.42,1425,90.6,67,40.9,11.77,3.72,8.48,0.36,3,7.7,Fastened,FALSE,MEDIUM,normal,1
14:22:00,14,2,12,day,502,EXC006,Excavator,OP1045,5124.8,20.4,Windy,2.96,1136,85.1,66.9,28.5,15.23,2.54,11.61,0.4,0,19,Fastened,FALSE,LOW,normal,1
14:24:00,14,2,12,day,504,EXC006,Excavator,OP1045,5124.9,20.4,Windy,4.84,1445,83.1,66.8,32.7,12.58,3.17,9.5,0.52,2,7.7,Fastened,FALSE,MEDIUM,normal,1
14:26:00,14,2,12,day,506,EXC006,Excavator,OP1045,5124.9,20.4,Windy,7.16,1144,87.9,66.7,38.4,10.11,3.26,7.48,0.99,3,28,Fastened,FALSE,LOW,normal,1
14:28:00,14,2,12,day,508,EXC006,Excavator,OP1045,5124.9,20.4,Windy,4.9,1443,86.8,66.7,35.1,11.97,3.89,9.13,0.73,3,26.6,Fastened,FALSE,LOW,normal,1
14:30:00,14,2,12,day,510,EXC006,Excavator,OP1045,5124.9,20.4,Windy,3.71,1485,81.9,66.6,33.5,10.8,2.24,7.93,0.18,0,13.2,Fastened,FALSE,LOW,normal,1
14:32:00,14,2,12,day,512,EXC006,Excavator,OP1045,5124.9,20.4,Windy,1.64,1634,89.1,66.5,28.1,12.48,3.68,10.01,0.5,2,21.1,Fastened,FALSE,LOW,normal,1
14:34:00,14,2,12,day,514,EXC006,Excavator,OP1045,5124.9,20.4,Windy,3.62,1490,84.5,66.4,29.8,12.87,3.2,9.99,0.34,1,24.4,Fastened,FALSE,LOW,normal,1
14:36:00,14,2,12,day,516,EXC006,Excavator,OP1045,5124.9,20.4,Windy,6.17,1275,85.9,66.3,19.7,12.86,2.26,10.77,0.58,3,22.1,Fastened,FALSE,LOW,normal,1
14:38:00,14,2,12,day,518,EXC006,Excavator,OP1045,5124.9,20.4,Windy,8.27,1474,89,66.3,29.4,11.79,2.95,9.19,0.49,2,22.4,Fastened,FALSE,LOW,normal,1
14:40:00,14,2,12,day,520,EXC006,Excavator,OP1045,5124.9,20.4,Windy,5.89,1076,88.1,66.2,17,11.72,3.02,10.24,0.48,1,20.7,Fastened,FALSE,LOW,normal,1
14:42:00,14,2,12,day,522,EXC006,Excavator,OP1045,5124.9,20.4,Windy,4.96,1557,90.4,66.1,38.8,13.28,3.05,9.31,0.83,4,18.7,Fastened,FALSE,LOW,normal,1
14:44:00,14,2,12,day,524,EXC006,Excavator,OP1045,5125,20.4,Windy,8.13,1786,87.7,66,21.8,12.8,2.77,10.61,1.21,1,19,Fastened,FALSE,LOW,normal,1
14:46:00,14,2,12,day,526,EXC006,Excavator,OP1045,5125,20.4,Windy,3.84,1383,80.8,65.9,26.3,13.31,2.79,10.54,0.62,1,24.9,Fastened,FALSE,LOW,normal,1
14:48:00,14,2,12,day,528,EXC006,Excavator,OP1045,5125,20.4,Windy,5.43,2043,88.1,65.9,33.1,10.35,1.88,7.55,0.48,2,20.9,Fastened,FALSE,LOW,normal,1
14:50:00,14,2,12,day,530,EXC006,Excavator,OP1045,5125,20.4,Windy,5.5,944,91.5,65.8,27,11.91,2.23,9.3,0.14,3,18.2,Fastened,FALSE,LOW,normal,1
14:52:00,14,2,12,day,532,EXC006,Excavator,OP1045,5125,20.4,Windy,5.84,1162,85.4,65.7,27.3,13.08,3.05,10.34,1.01,1,33.8,Fastened,FALSE,LOW,normal,1
14:54:00,14,2,12,day,534,EXC006,Excavator,OP1045,5125,20.4,Windy,4.64,1273,87.8,65.6,21.7,10.84,3.32,9.21,0,1,23.8,Fastened,FALSE,LOW,normal,1
14:56:00,14,2,12,day,536,EXC006,Excavator,OP1045,5125,20.4,Windy,6.45,1372,96.4,65.6,24.3,9.71,2.92,8.06,0.88,3,2,Fastened,TRUE,HIGH,normal,1
14:58:00,14,2,12,day,538,EXC006,Excavator,OP1045,5125,20.4,Windy,3.29,1740,89.8,65.5,24.8,11.63,3.97,9.73,0.73,4,13.7,Fastened,FALSE,LOW,normal,1
15:00:00,15,2,12,day,540,EXC006,Excavator,OP1045,5125,20.4,Windy,7.26,1660,85,65.4,28.8,9.61,2.79,7.65,0.8,1,18.8,Fastened,FALSE,LOW,normal,1
15:02:00,15,2,12,day,542,EXC006,Excavator,OP1045,5125,20.4,Windy,1.02,1728,84.4,65.3,34.7,11.18,2.64,8.22,0.77,2,22.9,Fastened,FALSE,LOW,normal,1
15:04:00,15,2,12,day,544,EXC006,Excavator,OP1045,5125.1,20.4,Windy,4.76,1052,87.7,65.3,20,11.03,3.14,9.45,0.64,0,15.1,Fastened,FALSE,LOW,normal,1
15:06:00,15,2,12,day,546,EXC006,Excavator,OP1045,5125.1,20.4,Windy,3.08,1472,86.2,65.2,27.3,14.18,3.77,11.34,1.06,4,17.9,Fastened,FALSE,LOW,normal,1
15:08:00,15,2,12,day,548,EXC006,Excavator,OP1045,5125.1,20.4,Windy,5.49,1421,91.5,65.1,22.9,10.47,2.12,8.56,1.44,1,17,Fastened,FALSE,LOW,normal,1
15:10:00,15,2,12,day,550,EXC006,Excavator,OP1045,5125.1,20.4,Windy,4.55,1657,87,65,32.2,13.04,2.93,9.78,0.82,3,27.3,Fastened,FALSE,LOW,normal,1
15:12:00,15,2,12,day,552,EXC006,Excavator,OP1045,5125.1,20.4,Windy,9.88,1437,83.2,64.9,21.8,13.62,3.18,11.34,0.2,1,24.8,Fastened,FALSE,LOW,normal,1
15:14:00,15,2,12,day,554,EXC006,Excavator,OP1045,5125.1,20.4,Windy,6.41,1662,88.9,64.9,26.5,10.57,2.64,8.47,1.27,3,14.9,Fastened,FALSE,LOW,normal,1
15:16:00,15,2,12,day,556,EXC006,Excavator,OP1045,5125.1,20.4,Windy,6.88,1566,89.7,64.8,38,11.59,3.63,8.57,0.81,2,7.2,Fastened,FALSE,MEDIUM,normal,1
15:18:00,15,2,12,day,558,EXC006,Excavator,OP1045,5125.1,20.4,Windy,6.07,1423,91.9,64.7,31.9,9.98,3.69,7.97,1.21,3,21.4,Fastened,FALSE,LOW,normal,1
15:20:00,15,2,12,day,560,EXC006,Excavator,OP1045,5125.1,20.4,Windy,3.7,1583,87.2,64.6,21.2,11.26,2.92,9.49,0.54,2,18.3,Fastened,FALSE,LOW,normal,1
15:22:00,15,2,12,day,562,EXC006,Excavator,OP1045,5125.1,20.4,Windy,3.22,1804,83.7,64.5,32.6,15.65,2.52,11.37,0.48,0,20.3,Fastened,FALSE,LOW,normal,1
15:24:00,15,2,12,day,564,EXC006,Excavator,OP1045,5125.2,20.4,Windy,6.65,1622,84.2,64.5,29.4,13.12,2.93,10.12,0.32,2,25.8,Fastened,FALSE,LOW,normal,1
15:26:00,15,2,12,day,566,EXC006,Excavator,OP1045,5125.2,20.4,Windy,7.21,1707,87.8,64.4,36.6,11.09,3.46,8.3,0.8,3,30.9,Fastened,FALSE,LOW,normal,1
15:28:00,15,2,12,day,568,EXC006,Excavator,OP1045,5125.2,20.4,Windy,2.83,1737,88.4,64.3,27.3,13.01,2.32,10.09,0.71,4,5.5,Fastened,FALSE,MEDIUM,normal,1
15:30:00,15,2,12,day,570,EXC006,Excavator,OP1045,5125.2,20.4,Windy,4.61,1375,87.3,64.2,39,10.09,2.53,7.14,0.85,3,11.8,Fastened,FALSE,LOW,normal,1
15:32:00,15,2,12,day,572,EXC006,Excavator,OP1045,5125.2,20.4,Windy,2.99,1563,88.5,64.2,19.9,9.4,2.81,8.09,0.45,4,19.1,Fastened,FALSE,LOW,normal,1
15:34:00,15,2,12,day,574,EXC006,Excavator,OP1045,5125.2,20.4,Windy,2.45,1342,92.3,64.1,30.8,14.11,2.38,10.5,0.77,3,8.1,Fastened,FALSE,LOW,normal,1
15:36:00,15,2,12,day,576,EXC006,Excavator,OP1045,5125.2,20.4,Windy,5.07,1351,87.7,64,39.5,11.92,3.04,8.41,0.07,0,18.8,Fastened,FALSE,LOW,normal,1
15:38:00,15,2,12,day,578,EXC006,Excavator,OP1045,5125.2,20.4,Windy,4.85,1213,80.9,64,27,10.03,3.52,8.27,1.03,2,29.3,Unfastened,TRUE,LOW,normal,1
15:40:00,15,2,12,day,580,EXC006,Excavator,OP1045,5125.2,20.4,Windy,2.91,1310,87.9,63.9,35.2,15.28,3.04,10.97,0.39,0,3.5,Fastened,FALSE,MEDIUM,normal,1
15:42:00,15,2,12,day,582,EXC006,Excavator,OP1045,5125.3,20.4,Windy,8.83,969,83.5,63.8,31.4,13.34,3.17,10.15,0.97,3,30.6,Fastened,FALSE,LOW,normal,1
15:44:00,15,2,12,day,584,EXC006,Excavator,OP1045,5125.3,20.4,Windy,4.5,1448,85.8,63.7,29.7,11.92,2.89,9.24,0.66,3,20.8,Fastened,FALSE,LOW,normal,1
15:46:00,15,2,12,day,586,EXC006,Excavator,OP1045,5125.3,20.4,Windy,1.28,1531,82.6,63.6,23,12.51,3.03,10.33,0.63,1,13.8,Fastened,FALSE,LOW,normal,1
15:48:00,15,2,12,day,588,EXC006,Excavator,OP1045,5125.3,20.4,Windy,4.87,1422,91.8,63.5,30.5,13.62,3.2,10.44,0.65,2,26.3,Fastened,FALSE,LOW,normal,1
15:50:00,15,2,12,day,590,EXC006,Excavator,OP1045,5125.3,20.4,Windy,1.47,1202,90.7,63.5,34,12.02,3.37,9.08,0.41,4,12.9,Fastened,FALSE,LOW,normal,1
15:52:00,15,2,12,day,592,EXC006,Excavator,OP1045,5125.3,20.4,Windy,2.16,1727,82.6,63.4,44.3,8.62,3.12,6.18,0.66,4,20.5,Fastened,FALSE,LOW,normal,1
15:54:00,15,2,12,day,594,EXC006,Excavator,OP1045,5125.3,20.4,Windy,6.25,1727,89.2,63.3,27.3,12.7,3.58,10.21,0.94,1,21.1,Fastened,FALSE,LOW,normal,1
15:56:00,15,2,12,day,596,EXC006,Excavator,OP1045,5125.3,20.4,Windy,5.75,1501,93.1,63.3,30.6,9.37,2.41,7.24,0.82,0,19.3,Fastened,FALSE,LOW,normal,1
15:58:00,15,2,12,day,598,EXC006,Excavator,OP1045,5125.3,20.4,Windy,3.71,1768,87.8,63.2,44.3,11.72,2.76,7.75,0.71,2,23.8,Fastened,FALSE,LOW,normal,1
16:00:00,16,2,12,day,600,EXC006,Excavator,OP1045,5125.3,20.4,Windy,4.18,1476,86.8,63.1,37.5,11.47,3.88,8.62,0.72,3,1.8,Fastened,FALSE,MEDIUM,normal,1
16:02:00,16,2,12,day,602,EXC006,Excavator,OP1045,5125.4,20.4,Windy,7.89,1480,86.4,63,33.4,13.13,2.32,9.52,0.95,1,0.8,Fastened,TRUE,HIGH,normal,1
16:04:00,16,2,12,day,604,EXC006,Excavator,OP1045,5125.4,20.4,Windy,5.24,1290,89.7,62.9,15,12.28,2.87,10.87,0.43,1,17.8,Fastened,FALSE,LOW,normal,1
16:06:00,16,2,12,day,606,EXC006,Excavator,OP1045,5125.4,20.4,Windy,1.87,1219,87.4,62.9,29.8,12.21,3.21,9.53,0.61,4,17.3,Fastened,FALSE,LOW,normal,1
16:08:00,16,2,12,day,608,EXC006,Excavator,OP1045,5125.4,20.4,Windy,4.54,1463,82.7,62.8,39.8,11.7,2.94,8.21,1.13,0,9.7,Fastened,FALSE,LOW,normal,1
16:10:00,16,2,12,day,610,EXC006,Excavator,OP1045,5125.4,20.4,Windy,5.93,1248,86.5,62.7,39.6,8.86,3.37,6.69,1.05,4,12.5,Fastened,FALSE,LOW,normal,1
16:12:00,16,2,12,day,612,EXC006,Excavator,OP1045,5125.4,20.4,Windy,3.11,1264,81.4,62.7,35.6,12.32,2.25,8.74,0.61,2,23,Fastened,FALSE,LOW,normal,1
16:14:00,16,2,12,day,614,EXC006,Excavator,OP1045,5125.4,20.4,Windy,9.07,1175,78.9,62.6,35.2,10.54,2.38,7.67,1.45,0,14,Fastened,FALSE,LOW,normal,1
16:16:00,16,2,12,day,616,EXC006,Excavator,OP1045,5125.4,20.4,Windy,6.34,1167,93.4,62.5,33.5,10.28,2.02,7.51,0.65,3,16.8,Fastened,FALSE,LOW,normal,1
16:18:00,16,2,12,day,618,EXC006,Excavator,OP1045,5125.4,20.4,Windy,6.7,1433,87,62.4,7.4,12.14,3.23,11.48,1.25,4,15.1,Fastened,FALSE,LOW,normal,1
16:20:00,16,2,12,day,620,EXC006,Excavator,OP1045,5125.4,20.4,Windy,7.88,1459,84.7,62.3,25.3,15.09,2.92,12.01,1.09,2,9.9,Fastened,FALSE,LOW,normal,1
16:22:00,16,2,12,day,622,EXC006,Excavator,OP1045,5125.5,20.4,Windy,11.77,2386,86.4,62.3,25.4,13.47,2.4,10.66,3.52,0,26,Fastened,FALSE,LOW,overspeed,-1
16:24:00,16,2,12,day,624,EXC006,Excavator,OP1045,5125.5,20.4,Windy,11.46,2488,82.1,62.2,40.4,15.37,2.84,10.31,2.03,4,10,Fastened,FALSE,LOW,overspeed,-1
16:26:00,16,2,12,day,626,EXC006,Excavator,OP1045,5125.5,20.4,Windy,12.38,2314,91.3,62.1,23.6,11.29,2.46,9.21,3.17,3,31.5,Fastened,FALSE,LOW,overspeed,-1
16:28:00,16,2,12,day,628,EXC006,Excavator,OP1045,5125.5,20.4,Windy,12.96,2708,90,62,40.8,13.87,2.77,9.34,3.23,3,28.8,Fastened,FALSE,LOW,overspeed,-1
16:30:00,16,2,12,day,630,EXC006,Excavator,OP1045,5125.5,20.4,Windy,14.78,2168,84.8,61.9,25.1,13.58,2.53,10.81,2.66,4,27.2,Unfastened,TRUE,LOW,overspeed,-1
16:32:00,16,2,12,day,632,EXC006,Excavator,OP1045,5125.5,20.4,Windy,12.58,2334,85,61.9,23.9,9.57,3.73,8.17,2.73,3,17.8,Fastened,FALSE,LOW,overspeed,-1
16:34:00,16,2,12,day,634,EXC006,Excavator,OP1045,5125.5,20.4,Windy,15.17,2579,90.4,61.8,26.4,11.7,2.06,9.16,2.61,4,4.9,Fastened,FALSE,MEDIUM,overspeed,-1
16:36:00,16,2,12,day,636,EXC006,Excavator,OP1045,5125.5,20.4,Windy,12.4,2199,85.1,61.7,22.9,13.12,2.82,10.76,2.76,0,18.1,Fastened,FALSE,LOW,overspeed,-1
16:38:00,16,2,12,day,638,EXC006,Excavator,OP1045,5125.5,20.4,Windy,17.31,2761,85.9,61.6,35.2,12.99,3.11,9.51,1.96,2,15.9,Fastened,FALSE,LOW,overspeed,-1
16:40:00,16,2,12,day,640,EXC006,Excavator,OP1045,5125.5,20.4,Windy,12.25,2389,87.1,61.5,40.6,12.65,3.21,8.82,2.99,0,19.5,Fastened,FALSE,LOW,overspeed,-1
16:42:00,16,2,12,day,642,EXC006,Excavator,OP1045,5125.6,20.4,Windy,12.27,2414,87.2,61.5,26.5,12.22,2.13,9.55,2.57,4,17.5,Fastened,FALSE,LOW,overspeed,-1
16:44:00,16,2,12,day,644,EXC006,Excavator,OP1045,5125.6,20.4,Windy,13.33,2492,83.5,61.4,45,14.01,3.59,9.32,1.93,3,21.8,Fastened,FALSE,LOW,overspeed,-1
16:46:00,16,2,12,day,646,EXC006,Excavator,OP1045,5125.6,20.4,Windy,14.03,2157,85.5,61.3,34.6,13.3,2.45,9.55,2.48,2,9.4,Fastened,FALSE,LOW,overspeed,-1
16:48:00,16,2,12,day,648,EXC006,Excavator,OP1045,5125.6,20.4,Windy,12.69,2586,87.8,61.2,39.8,10.72,2.02,7.26,2.91,2,23.1,Fastened,FALSE,LOW,overspeed,-1
16:50:00,16,2,12,day,650,EXC006,Excavator,OP1045,5125.6,20.4,Windy,15.39,2602,86.1,61.2,42,11.53,2.87,7.89,2.48,3,18.5,Fastened,FALSE,LOW,overspeed,-1
16:52:00,16,2,12,day,652,EXC006,Excavator,OP1045,5125.6,20.4,Windy,15.02,2585,85.8,61.1,32.8,13.58,3.11,10.15,3.71,0,12.3,Fastened,FALSE,LOW,overspeed,-1
16:54:00,16,2,12,day,654,EXC006,Excavator,OP1045,5125.6,20.4,Windy,12.4,2343,88.7,61,27.9,10.68,2.79,8.48,3.47,4,23.8,Fastened,FALSE,LOW,overspeed,-1
16:56:00,16,2,12,day,656,EXC006,Excavator,OP1045,5125.6,20.4,Windy,13.45,2519,83.2,61,32.2,10.59,2.26,7.91,3.19,1,7.4,Fastened,FALSE,MEDIUM,overspeed,-1
16:58:00,16,2,12,day,658,EXC006,Excavator,OP1045,5125.6,20.4,Windy,12.01,2669,86.5,60.9,29,14.79,2.34,11.18,2.46,3,6.8,Fastened,FALSE,MEDIUM,overspeed,-1
17:00:00,17,2,12,day,660,EXC006,Excavator,OP1045,5125.6,20.4,Windy,12.17,2356,91.6,60.8,40.5,11.83,2.52,8.06,2.5,0,30.8,Fastened,FALSE,LOW,overspeed,-1
17:02:00,17,2,12,day,662,EXC006,Excavator,OP1045,5125.7,20.4,Windy,11.64,2463,89.2,60.7,33.9,12.7,2.85,9.36,2.83,0,13.1,Fastened,FALSE,LOW,overspeed,-1
17:04:00,17,2,12,day,664,EXC006,Excavator,OP1045,5125.7,20.4,Windy,13.67,2539,84.8,60.7,39.1,9.81,2.27,6.86,2.27,2,19.2,Fastened,FALSE,LOW,overspeed,-1
17:06:00,17,2,12,day,666,EXC006,Excavator,OP1045,5125.7,20.4,Windy,15.57,2745,88.5,60.6,19.7,13.4,3.41,11.43,2.11,2,28.7,Unfastened,TRUE,LOW,overspeed,-1
17:08:00,17,2,12,day,668,EXC006,Excavator,OP1045,5125.7,20.4,Windy,13.13,2673,86.8,60.5,29.4,13.08,3.4,10.23,2.9,4,14.7,Fastened,FALSE,LOW,overspeed,-1
17:10:00,17,2,12,day,670,EXC006,Excavator,OP1045,5125.7,20.4,Windy,4.35,1284,79.4,60.4,23.2,8.8,2.8,7.41,0.84,3,13.5,Fastened,FALSE,LOW,normal,1
17:12:00,17,2,12,day,672,EXC006,Excavator,OP1045,5125.7,20.4,Windy,8.74,1853,84.7,60.3,23.9,10.69,2.64,8.77,0.36,3,17.7,Unfastened,TRUE,LOW,normal,1
17:14:00,17,2,12,day,674,EXC006,Excavator,OP1045,5125.7,20.4,Windy,8.76,1591,86.1,60.3,35.8,12.36,1.91,8.62,0.61,0,21.5,Fastened,FALSE,LOW,normal,1
17:16:00,17,2,12,day,676,EXC006,Excavator,OP1045,5125.7,20.4,Windy,5.37,1632,89.7,60.2,23.2,12.19,2.54,9.95,1.13,0,24.9,Fastened,FALSE,LOW,normal,1
17:18:00,17,2,12,day,678,EXC006,Excavator,OP1045,5125.7,20.4,Windy,3.85,1399,91.6,60.1,27.9,14.65,3,11.4,0.83,3,12.4,Unfastened,TRUE,LOW,normal,1
17:20:00,17,2,12,day,680,EXC006,Excavator,OP1045,5125.7,20.4,Windy,1.26,1607,86.2,60,25.8,10.63,2.66,8.57,1.01,4,18.6,Fastened,FALSE,LOW,normal,1
17:22:00,17,2,12,day,682,EXC006,Excavator,OP1045,5125.8,20.4,Windy,4.5,1484,86.4,59.9,25.2,12.32,3.34,10.06,0.44,3,2.1,Fastened,FALSE,MEDIUM,normal,1
17:24:00,17,2,12,day,684,EXC006,Excavator,OP1045,5125.8,20.4,Windy,3.99,1544,87.3,59.9,31.7,13.1,3.53,10.07,0.77,1,23.6,Fastened,FALSE,LOW,normal,1
17:26:00,17,2,12,day,686,EXC006,Excavator,OP1045,5125.8,20.4,Windy,3.79,1481,88.1,59.8,25.5,10,2.68,8.13,1.15,1,26,Fastened,FALSE,LOW,normal,1
17:28:00,17,2,12,day,688,EXC006,Excavator,OP1045,5125.8,20.4,Windy,6.82,1304,86.2,59.7,38.1,14.94,3.01,10.39,0.54,4,27.2,Fastened,FALSE,LOW,normal,1
17:30:00,17,2,12,day,690,EXC006,Excavator,OP1045,5125.8,20.4,Windy,4.32,1984,84.9,59.6,38.6,14.93,3.33,10.45,0.78,0,21.7,Fastened,FALSE,LOW,normal,1
17:32:00,17,2,12,day,692,EXC006,Excavator,OP1045,5125.8,20.4,Windy,3.81,1470,91,59.5,33.1,11.52,2.66,8.59,0.39,3,10.1,Fastened,FALSE,LOW,normal,1
17:34:00,17,2,12,day,694,EXC006,Excavator,OP1045,5125.8,20.4,Windy,4.85,1112,88.2,59.5,33.1,13.43,2.96,9.96,1.37,4,21.9,Fastened,FALSE,LOW,normal,1
17:36:00,17,2,12,day,696,EXC006,Excavator,OP1045,5125.8,20.4,Windy,8.63,1458,86.2,59.4,26,11.07,2.6,8.87,0.35,3,22.8,Fastened,FALSE,LOW,normal,1
17:38:00,17,2,12,day,698,EXC006,Excavator,OP1045,5125.8,20.4,Windy,6.9,1619,86.1,59.3,41.8,14.1,2.97,9.45,0.62,0,6,Fastened,FALSE,MEDIUM,normal,1
17:40:00,17,2,12,day,700,EXC006,Excavator,OP1045,5125.8,20.4,Windy,4.62,1251,88,59.2,35.6,13.67,3.67,10.11,0.81,3,16.4,Fastened,FALSE,LOW,normal,1
17:42:00,17,2,12,day,702,EXC006,Excavator,OP1045,5125.9,20.4,Windy,2.77,1543,91,59.2,24.9,9.79,3.5,8.22,0.72,4,32.3,Fastened,FALSE,LOW,normal,1
17:44:00,17,2,12,day,704,EXC006,Excavator,OP1045,5125.9,20.4,Windy,8.64,1600,89.1,59.1,29.4,10.77,2.71,8.4,0.2,1,11.1,Fastened,FALSE,LOW,normal,1
17:46:00,17,2,12,day,706,EXC006,Excavator,OP1045,5125.9,20.4,Windy,1.73,1562,85.2,59,39.8,11.44,2.43,7.85,1.07,0,17.4,Fastened,FALSE,LOW,normal,1
17:48:00,17,2,12,day,708,EXC006,Excavator,OP1045,5125.9,20.4,Windy,3.29,1360,89.8,59,32.6,9.26,4.21,7.61,0.7,1,4.3,Fastened,FALSE,MEDIUM,normal,1
17:50:00,17,2,12,day,710,EXC006,Excavator,OP1045,5125.9,20.4,Windy,6.73,1465,90.3,58.9,22,8,2.63,6.82,0.63,1,9.5,Fastened,FALSE,LOW,normal,1
17:52:00,17,2,12,day,712,EXC006,Excavator,OP1045,5125.9,20.4,Windy,4.12,1398,89.8,58.8,35.5,13.31,3.47,9.82,0.81,1,10.6,Fastened,FALSE,LOW,normal,1
17:54:00,17,2,12,day,714,EXC006,Excavator,OP1045,5125.9,20.4,Windy,9.28,1929,85.4,58.7,32.7,12.01,1.98,8.73,0.86,1,19.1,Fastened,FALSE,LOW,normal,1
17:56:00,17,2,12,day,716,EXC006,Excavator,OP1045,5125.9,20.4,Windy,0.53,1486,90.3,58.7,27.3,8.51,2.94,6.99,0.83,4,17.9,Fastened,FALSE,LOW,normal,1
17:58:00,17,2,12,day,718,EXC006,Excavator,OP1045,5125.9,20.4,Windy,6.78,1625,88.7,58.6,36.4,10.21,2.82,7.52,0.82,2,14.5,Unfastened,TRUE,LOW,normal,1
06:00:00,6,2,12,day,0,GRD003,Grader,OP1019,2591.4,12.3,Cloudy,3.71,1423,12.3,88.1,10.1,12.64,3.15,11.68,0.76,1,14.3,Fastened,FALSE,LOW,normal,1
06:02:00,6,2,12,day,2,GRD003,Grader,OP1019,2591.4,12.3,Cloudy,4.45,2049,18.2,88,19.8,13.58,3.24,11.53,0.74,2,13.4,Fastened,FALSE,LOW,normal,1
06:04:00,6,2,12,day,4,GRD003,Grader,OP1019,2591.4,12.3,Cloudy,5.69,1640,24.2,87.9,19,12.26,3.13,10.53,0.69,0,23.5,Fastened,FALSE,LOW,normal,1
06:06:00,6,2,12,day,6,GRD003,Grader,OP1019,2591.4,12.3,Cloudy,2.22,1557,30.2,87.8,18.2,8.91,4.01,8.02,0.57,3,14.1,Fastened,FALSE,LOW,normal,1
06:08:00,6,2,12,day,8,GRD003,Grader,OP1019,2591.4,12.3,Cloudy,7.99,1286,36.2,87.7,27.4,10.99,2.31,8.61,1.26,4,22,Fastened,FALSE,LOW,normal,1
06:10:00,6,2,12,day,10,GRD003,Grader,OP1019,2591.5,12.3,Cloudy,6.71,1457,42.2,87.6,5.9,10.74,2.73,10.27,0.59,4,10,Fastened,FALSE,LOW,normal,1
06:12:00,6,2,12,day,12,GRD003,Grader,OP1019,2591.5,12.3,Cloudy,5.83,1748,48.1,87.4,14.1,13.67,3.13,12.18,0.72,4,17.6,Fastened,FALSE,LOW,normal,1
06:14:00,6,2,12,day,14,GRD003,Grader,OP1019,2591.5,12.3,Cloudy,4.32,1643,54.1,87.3,24.5,14.27,2.53,11.39,0.16,1,24.7,Fastened,FALSE,LOW,normal,1
06:16:00,6,2,12,day,16,GRD003,Grader,OP1019,2591.5,12.3,Cloudy,4.48,1653,60.1,87.2,19.5,11.42,2.75,9.73,0.49,4,22.3,Fastened,FALSE,LOW,normal,1
06:18:00,6,2,12,day,18,GRD003,Grader,OP1019,2591.5,12.3,Cloudy,5.24,1817,66.1,87,23.1,14.93,3.08,12.19,0.74,4,0.5,Fastened,TRUE,HIGH,normal,1
06:20:00,6,2,12,day,20,GRD003,Grader,OP1019,2591.5,12.3,Cloudy,4.61,1133,72.1,86.9,27.6,9.79,2.44,7.76,0.87,4,20.5,Fastened,FALSE,LOW,normal,1
06:22:00,6,2,12,day,22,GRD003,Grader,OP1019,2591.5,12.3,Cloudy,8.16,1633,78,86.8,31.5,13.36,3.43,10.23,1.1,2,22.1,Unfastened,TRUE,LOW,normal,1
06:24:00,6,2,12,day,24,GRD003,Grader,OP1019,2591.5,12.3,Cloudy,3.87,1435,84,86.7,12.3,11.97,2.75,10.84,1.15,0,25.7,Fastened,FALSE,LOW,normal,1
06:26:00,6,2,12,day,26,GRD003,Grader,OP1019,2591.5,12.3,Cloudy,10.62,1774,90.5,86.5,11.9,12.42,2.25,11.21,0.51,1,17.4,Fastened,FALSE,LOW,normal,1
06:28:00,6,2,12,day,28,GRD003,Grader,OP1019,2591.5,12.3,Cloudy,7.67,987,91.3,86.4,29.4,12.78,3.39,10.02,0.97,4,17.7,Fastened,FALSE,LOW,normal,1
06:30:00,6,2,12,day,30,GRD003,Grader,OP1019,2591.6,12.3,Cloudy,4.96,1842,87,86.3,11.7,9.97,2.91,9.14,0.64,2,28.2,Fastened,FALSE,LOW,normal,1
06:32:00,6,2,12,day,32,GRD003,Grader,OP1019,2591.6,12.3,Cloudy,6.52,1384,89,86.2,19.6,9.71,2.51,8.3,0.72,3,6.3,Fastened,FALSE,MEDIUM,normal,1
06:34:00,6,2,12,day,34,GRD003,Grader,OP1019,2591.6,12.3,Cloudy,6.89,1553,86.1,86.1,17.8,13.91,3.06,11.98,0.64,0,26.4,Fastened,FALSE,LOW,normal,1
06:36:00,6,2,12,day,36,GRD003,Grader,OP1019,2591.6,12.3,Cloudy,7.5,1002,84.8,86,19.6,11.19,2.67,9.52,0.73,3,17.9,Fastened,FALSE,LOW,normal,1
06:38:00,6,2,12,day,38,GRD003,Grader,OP1019,2591.6,12.3,Cloudy,4.8,1602,86.8,85.8,18.1,11.29,2.96,9.78,0.72,4,19.1,Fastened,FALSE,LOW,normal,1
06:40:00,6,2,12,day,40,GRD003,Grader,OP1019,2591.6,12.3,Cloudy,9.43,1479,88.3,85.7,16.9,13.77,2.31,11.83,0.45,1,19.1,Fastened,FALSE,LOW,normal,1
06:42:00,6,2,12,day,42,GRD003,Grader,OP1019,2591.6,12.3,Cloudy,6.25,1417,89.7,85.6,22.8,12.6,2.38,10.27,0.39,4,13.7,Unfastened,TRUE,LOW,normal,1
06:44:00,6,2,12,day,44,GRD003,Grader,OP1019,2591.6,12.3,Cloudy,3.21,1432,85.8,85.5,16.7,11.29,2,9.74,1.34,2,13.2,Fastened,FALSE,LOW,normal,1
06:46:00,6,2,12,day,46,GRD003,Grader,OP1019,2591.6,12.3,Cloudy,3.87,1313,83.3,85.3,18.2,12.32,3.96,10.8,0.53,3,23.5,Fastened,FALSE,LOW,normal,1
06:48:00,6,2,12,day,48,GRD003,Grader,OP1019,2591.6,12.3,Cloudy,5.76,1488,87.7,85.2,40.7,11.49,2.52,7.84,0.98,2,21.5,Fastened,FALSE,LOW,normal,1
06:50:00,6,2,12,day,50,GRD003,Grader,OP1019,2591.7,12.3,Cloudy,7.53,1715,86.4,85.1,24.6,12.15,2.76,9.84,0.8,1,29.4,Fastened,FALSE,LOW,normal,1
06:52:00,6,2,12,day,52,GRD003,Grader,OP1019,2591.7,12.3,Cloudy,9.06,1135,82.5,85,23,13.86,3.64,11.51,0.08,2,5.5,Fastened,FALSE,MEDIUM,normal,1
06:54:00,6,2,12,day,54,GRD003,Grader,OP1019,2591.7,12.3,Cloudy,6.73,1379,89.5,84.9,19.5,10.83,3.03,9.31,0.85,4,20.8,Fastened,FALSE,LOW,normal,1
06:56:00,6,2,12,day,56,GRD003,Grader,OP1019,2591.7,12.3,Cloudy,5.55,1491,82.2,84.8,23.9,12.5,3.21,10.28,1.18,2,24.4,Fastened,FALSE,LOW,normal,1
06:58:00,6,2,12,day,58,GRD003,Grader,OP1019,2591.7,12.3,Cloudy,4.59,2010,81.7,84.6,21.4,10.31,2.71,8.68,0.11,0,22.7,Fastened,FALSE,LOW,normal,1
07:00:00,7,2,12,day,60,GRD003,Grader,OP1019,2591.7,12.3,Cloudy,5.07,1449,91.1,84.5,11.3,12.95,2.97,11.82,0.25,4,13.9,Fastened,FALSE,LOW,normal,1
07:02:00,7,2,12,day,62,GRD003,Grader,OP1019,2591.7,12.3,Cloudy,5.14,1129,83.4,84.4,22,13.54,3.14,11.25,0.75,3,6.7,Fastened,FALSE,MEDIUM,normal,1
07:04:00,7,2,12,day,64,GRD003,Grader,OP1019,2591.7,12.3,Cloudy,4.77,1322,90.3,84.2,11.9,12.43,3.32,11.35,0.82,2,15.1,Fastened,FALSE,LOW,normal,1
07:06:00,7,2,12,day,66,GRD003,Grader,OP1019,2591.7,12.3,Cloudy,8.71,1347,83.5,84.2,29.9,8,3.21,6.57,0.84,3,16.3,Fastened,FALSE,LOW,normal,1
07:08:00,7,2,12,day,68,GRD003,Grader,OP1019,2591.7,12.3,Cloudy,3.16,1810,91.2,84,19.8,13.13,3.64,11.25,1.22,4,8.1,Fastened,FALSE,LOW,normal,1
07:10:00,7,2,12,day,70,GRD003,Grader,OP1019,2591.8,12.3,Cloudy,5.06,1562,85.4,83.9,14.2,12.43,3.26,11.13,0.42,1,36.3,Fastened,FALSE,LOW,normal,1
07:12:00,7,2,12,day,72,GRD003,Grader,OP1019,2591.8,12.3,Cloudy,6.82,1645,87.6,83.8,16.5,13.53,3,11.79,0.95,1,22.9,Fastened,FALSE,LOW,normal,1
07:14:00,7,2,12,day,74,GRD003,Grader,OP1019,2591.8,12.3,Cloudy,5.42,1226,87.6,83.7,25.7,10.03,2.85,8.18,0.35,0,19.7,Fastened,FALSE,LOW,normal,1
07:16:00,7,2,12,day,76,GRD003,Grader,OP1019,2591.8,12.3,Cloudy,5.66,1537,89,83.5,19.1,11.33,2.89,9.72,0.6,0,31.2,Fastened,FALSE,LOW,normal,1
07:18:00,7,2,12,day,78,GRD003,Grader,OP1019,2591.8,12.3,Cloudy,4.97,1339,83.7,83.4,15.1,9.59,3.87,8.73,0.96,1,29.2,Fastened,FALSE,LOW,normal,1
07:20:00,7,2,12,day,80,GRD003,Grader,OP1019,2591.8,12.3,Cloudy,7.37,1658,82.7,83.3,28.1,13.4,2.69,10.39,0.48,3,19.3,Unfastened,TRUE,LOW,normal,1
07:22:00,7,2,12,day,82,GRD003,Grader,OP1019,2591.8,12.3,Cloudy,8.04,1211,87.8,83.2,6.3,12.84,2.11,12.16,0.35,2,4.6,Fastened,FALSE,MEDIUM,normal,1
07:24:00,7,2,12,day,84,GRD003,Grader,OP1019,2591.8,12.3,Cloudy,5.81,1465,87.5,83.1,25,8,3.37,6.84,0.54,0,28,Fastened,FALSE,LOW,normal,1
07:26:00,7,2,12,day,86,GRD003,Grader,OP1019,2591.8,12.3,Cloudy,5.32,1860,90.7,83,21,12.37,2.72,10.34,0.39,0,17.8,Fastened,FALSE,LOW,normal,1
07:28:00,7,2,12,day,88,GRD003,Grader,OP1019,2591.8,12.3,Cloudy,3.93,1177,86.3,82.8,21.2,15.93,3.04,13.2,0.48,1,11.2,Fastened,FALSE,LOW,normal,1
07:30:00,7,2,12,day,90,GRD003,Grader,OP1019,2591.9,12.3,Cloudy,9.14,1349,86.7,82.7,17.1,11.07,2.86,9.67,0.41,4,17.9,Fastened,FALSE,LOW,normal,1
07:32:00,7,2,12,day,92,GRD003,Grader,OP1019,2591.9,12.3,Cloudy,2.45,1549,83.2,82.6,26.8,9.16,3.88,7.74,1.28,4,27.2,Fastened,FALSE,LOW,normal,1
07:34:00,7,2,12,day,94,GRD003,Grader,OP1019,2591.9,12.3,Cloudy,5.64,1375,86.9,82.5,5.3,11.91,3.58,11.47,0.82,1,28.9,Fastened,FALSE,LOW,normal,1
07:36:00,7,2,12,day,96,GRD003,Grader,OP1019,2591.9,12.3,Cloudy,7.94,1595,82.5,82.3,16.1,11.42,2.99,10.06,0.28,1,12.8,Fastened,FALSE,LOW,normal,1
07:38:00,7,2,12,day,98,GRD003,Grader,OP1019,2591.9,12.3,Cloudy,5.64,1264,86.7,82.2,28.1,16.17,2.66,12.37,0.44,3,7.5,Fastened,FALSE,MEDIUM,normal,1
07:40:00,7,2,12,day,100,GRD003,Grader,OP1019,2591.9,12.3,Cloudy,5.03,1831,86.8,82.1,20.1,12.7,2.23,10.6,1.11,1,33.4,Fastened,FALSE,LOW,normal,1
07:42:00,7,2,12,day,102,GRD003,Grader,OP1019,2591.9,12.3,Cloudy,6.91,1613,82.3,82,14.1,10.62,2.79,9.52,0.38,4,20.4,Fastened,FALSE,LOW,normal,1
07:44:00,7,2,12,day,104,GRD003,Grader,OP1019,2591.9,12.3,Cloudy,6.73,1143,85.6,81.8,20.4,12.98,2.67,10.88,0.59,2,14.5,Fastened,FALSE,LOW,normal,1
07:46:00,7,2,12,day,106,GRD003,Grader,OP1019,2591.9,12.3,Cloudy,4.9,1596,86.6,81.7,25.7,8,2.8,6.66,0.58,2,9.9,Fastened,FALSE,LOW,normal,1
07:48:00,7,2,12,day,108,GRD003,Grader,OP1019,2591.9,12.3,Cloudy,6.43,1325,88.3,81.6,20.8,10.57,2.96,8.99,0.9,0,30.3,Fastened,FALSE,LOW,normal,1
07:50:00,7,2,12,day,110,GRD003,Grader,OP1019,2592,12.3,Cloudy,8.4,1252,81.9,81.6,31,9.34,3.3,7.47,0.45,3,11.9,Fastened,FALSE,LOW,normal,1
07:52:00,7,2,12,day,112,GRD003,Grader,OP1019,2592,12.3,Cloudy,6.92,1221,81.6,81.4,29.3,11.05,3.62,8.87,1.23,0,11.1,Fastened,FALSE,LOW,normal,1
07:54:00,7,2,12,day,114,GRD003,Grader,OP1019,2592,12.3,Cloudy,4.31,1574,87.1,81.3,30.1,12.02,2.47,9.15,0.85,3,10.8,Fastened,FALSE,LOW,normal,1
07:56:00,7,2,12,day,116,GRD003,Grader,OP1019,2592,12.3,Cloudy,5.16,1473,85.2,81.2,19.8,16.61,2.66,13.85,1.13,4,22.3,Fastened,FALSE,LOW,normal,1
07:58:00,7,2,12,day,118,GRD003,Grader,OP1019,2592,12.3,Cloudy,7.3,1539,87.6,81.1,19,10.37,1.98,8.78,0.86,0,21.7,Fastened,FALSE,LOW,normal,1
08:00:00,8,2,12,day,120,GRD003,Grader,OP1019,2592,12.3,Cloudy,3.02,1505,83.8,80.9,8.4,10.82,3.43,10.2,1.04,0,4.5,Fastened,FALSE,MEDIUM,normal,1
08:02:00,8,2,12,day,122,GRD003,Grader,OP1019,2592,12.3,Cloudy,8.14,1528,87.6,80.8,18.7,12.68,3.57,10.98,0.62,1,20.5,Fastened,FALSE,LOW,normal,1
08:04:00,8,2,12,day,124,GRD003,Grader,OP1019,2592,12.3,Cloudy,0.54,1377,84.5,80.7,24.9,11.78,3.76,9.78,0.86,3,30.6,Fastened,FALSE,LOW,normal,1
08:06:00,8,2,12,day,126,GRD003,Grader,OP1019,2592,12.3,Cloudy,9.63,868,87.2,80.6,31.7,10.23,2.06,7.64,0.91,1,18.5,Fastened,FALSE,LOW,normal,1
08:08:00,8,2,12,day,128,GRD003,Grader,OP1019,2592,12.3,Cloudy,4.1,1232,90.3,80.5,25.2,12.43,3.91,10.28,0.87,0,25.1,Fastened,FALSE,LOW,normal,1
08:10:00,8,2,12,day,130,GRD003,Grader,OP1019,2592.1,12.3,Cloudy,6.68,1709,89.4,80.3,21,15.16,3.09,12.63,1.02,1,10.1,Fastened,FALSE,LOW,normal,1
08:12:00,8,2,12,day,132,GRD003,Grader,OP1019,2592.1,12.3,Cloudy,6.7,1412,87.4,80.2,25.3,12.41,3.01,10.03,1.24,1,17.3,Fastened,FALSE,LOW,normal,1
08:14:00,8,2,12,day,134,GRD003,Grader,OP1019,2592.1,12.3,Cloudy,5.31,1350,92.8,80.1,13.6,13.98,3.1,12.5,0.36,2,16.3,Fastened,FALSE,LOW,normal,1
08:16:00,8,2,12,day,136,GRD003,Grader,OP1019,2592.1,12.3,Cloudy,9.14,1607,83.3,80,28.1,12.14,3.61,9.74,0.34,1,13.8,Fastened,FALSE,LOW,normal,1
08:18:00,8,2,12,day,138,GRD003,Grader,OP1019,2592.1,12.3,Cloudy,6.08,1301,83.7,79.8,25.4,14.21,2.33,11.19,0.87,2,10.2,Fastened,FALSE,LOW,normal,1
08:20:00,8,2,12,day,140,GRD003,Grader,OP1019,2592.1,12.3,Cloudy,7,994,89.9,79.7,28.8,9.27,3.78,7.69,0.54,3,6.7,Fastened,FALSE,MEDIUM,normal,1
08:22:00,8,2,12,day,142,GRD003,Grader,OP1019,2592.1,12.3,Cloudy,7.18,1470,84.8,79.6,14.9,13.27,2.24,11.63,0.5,1,8,Fastened,FALSE,LOW,normal,1
08:24:00,8,2,12,day,144,GRD003,Grader,OP1019,2592.1,12.3,Cloudy,7.95,1337,92.3,79.5,35.8,11.24,3.32,8.4,0.8,4,6.9,Fastened,FALSE,MEDIUM,normal,1
08:26:00,8,2,12,day,146,GRD003,Grader,OP1019,2592.1,12.3,Cloudy,4.52,873,86.1,79.4,24.2,12.96,2.79,10.5,0.58,2,17.2,Fastened,FALSE,LOW,normal,1
08:28:00,8,2,12,day,148,GRD003,Grader,OP1019,2592.2,12.3,Cloudy,5.77,1242,84.5,79.3,29.8,11.18,3.05,8.76,0.48,1,32.3,Fastened,FALSE,LOW,normal,1
08:30:00,8,2,12,day,150,GRD003,Grader,OP1019,2592.2,12.3,Cloudy,3.36,1343,88.7,79.1,18.7,11.37,3.26,9.85,0.43,0,10.1,Fastened,FALSE,LOW,normal,1
08:32:00,8,2,12,day,152,GRD003,Grader,OP1019,2592.2,12.3,Cloudy,7.1,750,89.2,79,9.8,11.97,2.76,11.07,0.71,3,24.6,Fastened,FALSE,LOW,normal,1
08:34:00,8,2,12,day,154,GRD003,Grader,OP1019,2592.2,12.3,Cloudy,5.71,1735,87.8,78.9,22.7,10.78,3.49,9.13,0.24,3,18.3,Fastened,FALSE,LOW,normal,1
08:36:00,8,2,12,day,156,GRD003,Grader,OP1019,2592.2,12.3,Cloudy,6.11,2061,86.6,78.8,22.2,12.2,2.74,10.1,0.36,1,16.2,Fastened,FALSE,LOW,normal,1
08:38:00,8,2,12,day,158,GRD003,Grader,OP1019,2592.2,12.3,Cloudy,4.7,1372,89.9,78.7,28.9,12.24,2.8,9.51,0.83,3,12.7,Fastened,FALSE,LOW,normal,1
08:40:00,8,2,12,day,160,GRD003,Grader,OP1019,2592.2,12.3,Cloudy,1.51,1242,87.9,78.5,16.7,14.51,2.42,12.49,0.49,1,21.4,Fastened,FALSE,LOW,normal,1
08:42:00,8,2,12,day,162,GRD003,Grader,OP1019,2592.2,12.3,Cloudy,6.3,1349,85.7,78.4,26.6,12.09,2.41,9.52,0.82,2,31.1,Fastened,FALSE,LOW,normal,1
08:44:00,8,2,12,day,164,GRD003,Grader,OP1019,2592.2,12.3,Cloudy,6.35,1302,86.3,78.3,29.1,9.63,2.68,7.61,0.72,1,26.3,Fastened,FALSE,LOW,normal,1
08:46:00,8,2,12,day,166,GRD003,Grader,OP1019,2592.2,12.3,Cloudy,5.13,1879,81.4,78.2,27.8,12.13,3.22,9.65,0.79,3,17.9,Fastened,FALSE,LOW,normal,1
08:48:00,8,2,12,day,168,GRD003,Grader,OP1019,2592.3,12.3,Cloudy,8,1678,86.3,78.1,28.4,15.16,2.48,11.56,0.61,0,1.4,Fastened,TRUE,HIGH,proximity_breach,-1
08:50:00,8,2,12,day,170,GRD003,Grader,OP1019,2592.3,12.3,Cloudy,10.1,1711,90.7,77.9,14.7,13.91,3.24,12.34,0.07,4,1.4,Fastened,TRUE,HIGH,proximity_breach,-1
08:52:00,8,2,12,day,172,GRD003,Grader,OP1019,2592.3,12.3,Cloudy,6.91,1614,87,77.8,27.8,13.67,2.01,10.43,0.76,0,2,Unfastened,TRUE,HIGH,proximity_breach,-1
08:54:00,8,2,12,day,174,GRD003,Grader,OP1019,2592.3,12.3,Cloudy,7.45,1351,92.3,77.7,22.7,12.6,2.47,10.3,0.85,2,2.1,Fastened,TRUE,HIGH,proximity_breach,-1
08:56:00,8,2,12,day,176,GRD003,Grader,OP1019,2592.3,12.3,Cloudy,4.05,1598,86.6,77.6,21,8.63,2.54,7.35,0.76,3,2.7,Unfastened,TRUE,MEDIUM,proximity_breach,-1
08:58:00,8,2,12,day,178,GRD003,Grader,OP1019,2592.3,12.3,Cloudy,5.75,1619,87.3,77.5,26.6,11.41,3.12,9.2,0.83,4,2.9,Fastened,TRUE,HIGH,proximity_breach,-1
09:00:00,9,2,12,day,180,GRD003,Grader,OP1019,2592.3,12.3,Cloudy,7.09,1829,85.8,77.4,25.1,11.22,3.12,9.19,1.1,0,2.1,Fastened,TRUE,HIGH,proximity_breach,-1
09:02:00,9,2,12,day,182,GRD003,Grader,OP1019,2592.3,12.3,Cloudy,6.87,1410,85.3,77.3,19.1,9.26,2.98,8.06,0.67,1,2.6,Fastened,TRUE,HIGH,proximity_breach,-1
09:04:00,9,2,12,day,184,GRD003,Grader,OP1019,2592.3,12.3,Cloudy,5.55,2255,88.1,77.2,25.6,10.16,3.04,8.34,1.08,0,1.9,Fastened,TRUE,HIGH,proximity_breach,-1
09:06:00,9,2,12,day,186,GRD003,Grader,OP1019,2592.3,12.3,Cloudy,8.26,1100,86,77,23.7,15.07,2.19,12.02,1.58,2,1,Fastened,TRUE,HIGH,proximity_breach,-1
09:08:00,9,2,12,day,188,GRD003,Grader,OP1019,2592.4,12.3,Cloudy,8.8,1855,85.8,76.9,21.5,9.28,3.34,8,1.14,1,2.6,Fastened,TRUE,HIGH,proximity_breach,-1
09:10:00,9,2,12,day,190,GRD003,Grader,OP1019,2592.4,12.3,Cloudy,7.36,1250,88,76.8,18.3,16.76,2.19,14.09,0.89,0,1.2,Fastened,TRUE,HIGH,proximity_breach,-1
09:12:00,9,2,12,day,192,GRD003,Grader,OP1019,2592.4,12.3,Cloudy,9.22,1810,87.2,76.6,22.6,13.49,2.07,10.91,0.89,3,1.3,Fastened,TRUE,HIGH,proximity_breach,-1
09:14:00,9,2,12,day,194,GRD003,Grader,OP1019,2592.4,12.3,Cloudy,7.35,1512,85.1,76.5,22.1,11.05,2.78,9.22,0.84,4,1.3,Fastened,TRUE,HIGH,proximity_breach,-1
09:16:00,9,2,12,day,196,GRD003,Grader,OP1019,2592.4,12.3,Cloudy,7.1,1651,86,76.4,17.2,9.78,3.06,8.62,0.42,2,1.7,Fastened,TRUE,HIGH,proximity_breach,-1
09:18:00,9,2,12,day,198,GRD003,Grader,OP1019,2592.4,12.3,Cloudy,7.53,1494,83.9,76.3,18.2,11.39,2.71,9.81,0.71,4,0.3,Unfastened,TRUE,HIGH,proximity_breach,-1
09:20:00,9,2,12,day,200,GRD003,Grader,OP1019,2592.4,12.3,Cloudy,5.6,1899,91.9,76.2,9.9,10,3.16,9.32,0.65,1,0.9,Fastened,TRUE,HIGH,proximity_breach,-1
09:22:00,9,2,12,day,202,GRD003,Grader,OP1019,2592.4,12.3,Cloudy,9.11,1171,89.1,76.1,23.9,11.47,2.48,9.32,0.93,3,1,Fastened,TRUE,HIGH,proximity_breach,-1
09:24:00,9,2,12,day,204,GRD003,Grader,OP1019,2592.4,12.3,Cloudy,6.94,1483,95.7,75.9,18.1,12.57,3.2,10.87,0.36,0,0.6,Fastened,TRUE,HIGH,proximity_breach,-1
09:26:00,9,2,12,day,206,GRD003,Grader,OP1019,2592.4,12.3,Cloudy,4.93,1212,90.3,75.8,19.5,11.03,2.89,9.44,1.55,0,8.3,Fastened,FALSE,LOW,normal,1
09:28:00,9,2,12,day,208,GRD003,Grader,OP1019,2592.5,12.3,Cloudy,5.58,1361,82.9,75.7,28.3,10.39,2.87,8.26,0.64,4,24.6,Fastened,FALSE,LOW,normal,1
09:30:00,9,2,12,day,210,GRD003,Grader,OP1019,2592.5,12.3,Cloudy,7.14,869,88.1,75.6,29.2,12.24,3.22,9.61,0.86,3,26.2,Fastened,FALSE,LOW,normal,1
09:32:00,9,2,12,day,212,GRD003,Grader,OP1019,2592.5,12.3,Cloudy,5.68,1762,81.7,75.5,5,14.06,2.99,13.51,0.96,3,13.2,Fastened,FALSE,LOW,normal,1
09:34:00,9,2,12,day,214,GRD003,Grader,OP1019,2592.5,12.3,Cloudy,5.13,1441,91.4,75.4,23.5,9.91,3.51,8.41,0.91,3,20.1,Unfastened,TRUE,LOW,normal,1
09:36:00,9,2,12,day,216,GRD003,Grader,OP1019,2592.5,12.3,Cloudy,4.7,1967,90.3,75.2,27.2,14.79,3.05,11.6,0.87,1,15.8,Unfastened,TRUE,LOW,normal,1
09:38:00,9,2,12,day,218,GRD003,Grader,OP1019,2592.5,12.3,Cloudy,3.92,1503,89.1,75.1,22.5,10.73,2.89,8.97,0.48,4,18.6,Fastened,FALSE,LOW,normal,1
09:40:00,9,2,12,day,220,GRD003,Grader,OP1019,2592.5,12.3,Cloudy,6.13,1528,87.4,75,22.4,15.43,3.08,12.66,0.51,1,11.4,Fastened,FALSE,LOW,normal,1
09:42:00,9,2,12,day,222,GRD003,Grader,OP1019,2592.5,12.3,Cloudy,4.57,1219,82.6,74.8,30.6,14.96,2.68,11.2,0.44,2,6.9,Fastened,FALSE,MEDIUM,normal,1
09:44:00,9,2,12,day,224,GRD003,Grader,OP1019,2592.5,12.3,Cloudy,3.67,1213,87.2,74.7,21.8,9.02,2.67,7.64,0.59,2,15.5,Fastened,FALSE,LOW,normal,1
09:46:00,9,2,12,day,226,GRD003,Grader,OP1019,2592.5,12.3,Cloudy,5.29,1573,85.4,74.6,11.9,10.8,2.89,9.86,0.95,3,23.9,Fastened,FALSE,LOW,normal,1
09:48:00,9,2,12,day,228,GRD003,Grader,OP1019,2592.6,12.3,Cloudy,7.08,1180,88.6,74.5,19.1,11.98,2.9,10.25,0.97,2,25.6,Fastened,FALSE,LOW,normal,1
09:50:00,9,2,12,day,230,GRD003,Grader,OP1019,2592.6,12.3,Cloudy,3.87,1187,86.6,74.4,12.6,10.5,3.32,9.6,0.52,3,23.6,Fastened,FALSE,LOW,normal,1
09:52:00,9,2,12,day,232,GRD003,Grader,OP1019,2592.6,12.3,Cloudy,4.26,1329,89.7,74.3,26.7,12.01,2.62,9.5,0.68,4,4,Fastened,FALSE,MEDIUM,normal,1
09:54:00,9,2,12,day,234,GRD003,Grader,OP1019,2592.6,12.3,Cloudy,3.85,1342,90.4,74.1,25.2,14.88,2.87,11.85,0.32,3,18.1,Fastened,FALSE,LOW,normal,1
09:56:00,9,2,12,day,236,GRD003,Grader,OP1019,2592.6,12.3,Cloudy,6.52,1129,88,74,16.1,16.1,2.04,13.84,0.64,2,21.2,Fastened,FALSE,LOW,normal,1
09:58:00,9,2,12,day,238,GRD003,Grader,OP1019,2592.6,12.3,Cloudy,3.88,2051,89.2,73.8,29.9,14.95,3.57,11.55,0.95,3,22.9,Fastened,FALSE,LOW,normal,1
10:00:00,10,2,12,day,240,GRD003,Grader,OP1019,2592.6,12.3,Cloudy,4.46,1524,87.7,73.7,19.6,9.73,2.61,8.33,0.28,0,7.4,Fastened,FALSE,MEDIUM,normal,1
10:02:00,10,2,12,day,242,GRD003,Grader,OP1019,2592.6,12.3,Cloudy,2.92,1498,87,73.6,27.9,10.29,2.49,8.11,0.87,0,21.4,Fastened,FALSE,LOW,normal,1
10:04:00,10,2,12,day,244,GRD003,Grader,OP1019,2592.6,12.3,Cloudy,4.88,1580,91.9,73.5,23.5,9.41,1.91,7.65,0.49,0,20.2,Fastened,FALSE,LOW,normal,1
10:06:00,10,2,12,day,246,GRD003,Grader,OP1019,2592.6,12.3,Cloudy,5.29,1491,85.4,73.4,6.4,15.59,2.8,14.77,0.55,4,21.2,Fastened,FALSE,LOW,normal,1
10:08:00,10,2,12,day,248,GRD003,Grader,OP1019,2592.7,12.3,Cloudy,4.96,1233,91.4,73.2,20.1,13.26,3.47,11.29,0.71,1,18.7,Fastened,FALSE,LOW,normal,1
10:10:00,10,2,12,day,250,GRD003,Grader,OP1019,2592.7,12.3,Cloudy,2.82,600,89.2,73.1,31.7,12.85,2.89,9.69,0.67,3,14,Fastened,FALSE,LOW,normal,1
10:12:00,10,2,12,day,252,GRD003,Grader,OP1019,2592.7,12.3,Cloudy,4.84,1545,89.8,73,32,15.45,3.13,11.51,0.65,1,26.8,Fastened,FALSE,LOW,normal,1
10:14:00,10,2,12,day,254,GRD003,Grader,OP1019,2592.7,12.3,Cloudy,11.74,1723,92.9,72.9,14.5,11.09,3.57,10,0.4,3,19.5,Fastened,FALSE,LOW,normal,1
10:16:00,10,2,12,day,256,GRD003,Grader,OP1019,2592.7,12.3,Cloudy,5.61,1341,88.5,72.8,16.2,8.64,2.89,7.71,0.54,1,42.5,Fastened,FALSE,LOW,normal,1
10:18:00,10,2,12,day,258,GRD003,Grader,OP1019,2592.7,12.3,Cloudy,5.48,1267,90.1,72.6,19,12.93,3.11,11.06,0.45,3,24.9,Fastened,FALSE,LOW,normal,1
10:20:00,10,2,12,day,260,GRD003,Grader,OP1019,2592.7,12.3,Cloudy,6.71,1656,85.2,72.5,15.6,12.9,4.22,11.55,0.39,2,0.5,Fastened,TRUE,HIGH,normal,1
10:22:00,10,2,12,day,262,GRD003,Grader,OP1019,2592.7,12.3,Cloudy,3.92,1558,90.1,72.4,28.6,15.03,3.29,11.67,0.8,3,25,Fastened,FALSE,LOW,normal,1
10:24:00,10,2,12,day,264,GRD003,Grader,OP1019,2592.7,12.3,Cloudy,5.98,1327,91.2,72.2,10.1,13.87,2.95,12.77,0.87,1,15.6,Fastened,FALSE,LOW,normal,1
10:26:00,10,2,12,day,266,GRD003,Grader,OP1019,2592.7,12.3,Cloudy,2.59,1813,81.5,72.1,16.2,9.85,2.92,8.73,0.67,1,22,Fastened,FALSE,LOW,normal,1
10:28:00,10,2,12,day,268,GRD003,Grader,OP1019,2592.8,12.3,Cloudy,2.6,1502,88.1,72,30.7,10.61,3.1,8.3,0.61,2,10.8,Fastened,FALSE,LOW,normal,1
10:30:00,10,2,12,day,270,GRD003,Grader,OP1019,2592.8,12.3,Cloudy,3.45,1664,87.4,71.9,29.6,14.43,2.1,10.78,0.05,1,3.8,Fastened,FALSE,MEDIUM,normal,1
10:32:00,10,2,12,day,272,GRD003,Grader,OP1019,2592.8,12.3,Cloudy,6.61,1929,86,71.8,22.1,12.81,2.73,10.58,0,0,12.2,Fastened,FALSE,LOW,normal,1
10:34:00,10,2,12,day,274,GRD003,Grader,OP1019,2592.8,12.3,Cloudy,5.76,1847,84.7,71.7,30.5,10.95,3.18,8.58,0.12,3,15.4,Fastened,FALSE,LOW,normal,1
10:36:00,10,2,12,day,276,GRD003,Grader,OP1019,2592.8,12.3,Cloudy,4,1533,93,71.5,17.8,11.01,3.28,9.63,0.78,1,25,Fastened,FALSE,LOW,normal,1
10:38:00,10,2,12,day,278,GRD003,Grader,OP1019,2592.8,12.3,Cloudy,5.75,1099,86.8,71.4,23.9,9.95,4.26,8.59,0.43,4,25,Fastened,FALSE,LOW,normal,1
10:40:00,10,2,12,day,280,GRD003,Grader,OP1019,2592.8,12.3,Cloudy,6.05,1205,84.6,71.3,29,10.89,2.45,8.44,1.08,4,27.3,Fastened,FALSE,LOW,normal,1
10:42:00,10,2,12,day,282,GRD003,Grader,OP1019,2592.8,12.3,Cloudy,7.89,1566,89.8,71.3,15.4,8,3.03,7.23,0.75,0,18.8,Fastened,FALSE,LOW,normal,1
10:44:00,10,2,12,day,284,GRD003,Grader,OP1019,2592.8,12.3,Cloudy,6.35,1836,89.3,71.1,26.9,11.22,2.66,8.92,0.46,0,27.8,Fastened,FALSE,LOW,normal,1
10:46:00,10,2,12,day,286,GRD003,Grader,OP1019,2592.8,12.3,Cloudy,5.07,1558,86.6,71,24.2,12.72,2.97,10.36,0.53,1,22.6,Fastened,FALSE,LOW,normal,1
10:48:00,10,2,12,day,288,GRD003,Grader,OP1019,2592.9,12.3,Cloudy,5.5,1243,80.4,70.9,20,12.66,2.86,10.7,0.81,3,20.3,Fastened,FALSE,LOW,normal,1
10:50:00,10,2,12,day,290,GRD003,Grader,OP1019,2592.9,12.3,Cloudy,4.34,1230,88.6,70.8,25.5,11.61,2,9.16,1.17,1,16.8,Fastened,FALSE,LOW,normal,1
10:52:00,10,2,12,day,292,GRD003,Grader,OP1019,2592.9,12.3,Cloudy,3.18,1522,92.5,70.7,19,12.35,2.53,10.48,0.32,1,21.9,Fastened,FALSE,LOW,normal,1
10:54:00,10,2,12,day,294,GRD003,Grader,OP1019,2592.9,12.3,Cloudy,6.59,1536,86.3,70.6,24,8.82,2.61,7.33,0.57,2,20.7,Fastened,FALSE,LOW,normal,1
10:56:00,10,2,12,day,296,GRD003,Grader,OP1019,2592.9,12.3,Cloudy,4.67,1164,89.4,70.4,17.1,13.37,3.37,11.66,1.03,3,28.3,Fastened,FALSE,LOW,normal,1
10:58:00,10,2,12,day,298,GRD003,Grader,OP1019,2592.9,12.3,Cloudy,6.9,1271,88.9,70.3,31.7,9.09,3.12,7.2,0.49,0,10.5,Fastened,FALSE,LOW,normal,1
11:00:00,11,2,12,day,300,GRD003,Grader,OP1019,2592.9,12.3,Cloudy,4.13,1425,85.4,70.2,22,13.47,2.95,11.16,1.32,4,15.2,Fastened,FALSE,LOW,normal,1
11:02:00,11,2,12,day,302,GRD003,Grader,OP1019,2592.9,12.3,Cloudy,6.75,1690,84.8,70.1,26.6,12.81,3.33,10.29,0.65,3,28.3,Fastened,FALSE,LOW,normal,1
11:04:00,11,2,12,day,304,GRD003,Grader,OP1019,2592.9,12.3,Cloudy,6.69,1300,83.6,70,12.7,11.44,2.88,10.35,1.11,2,11.9,Fastened,FALSE,LOW,normal,1
11:06:00,11,2,12,day,306,GRD003,Grader,OP1019,2593,12.3,Cloudy,3.51,1077,90.7,69.8,24.5,14.47,3.02,11.66,0.44,3,33.8,Fastened,FALSE,LOW,normal,1
11:08:00,11,2,12,day,308,GRD003,Grader,OP1019,2593,12.3,Cloudy,3.91,1700,83.7,69.7,27.4,12,3.47,9.66,0.48,0,24.2,Fastened,FALSE,LOW,normal,1
11:10:00,11,2,12,day,310,GRD003,Grader,OP1019,2593,12.3,Cloudy,7.39,1723,86.6,69.6,37.7,10.69,2.21,7.49,0.61,1,16.4,Fastened,FALSE,LOW,normal,1
11:12:00,11,2,12,day,312,GRD003,Grader,OP1019,2593,12.3,Cloudy,8.41,1430,86.6,69.5,23.7,12.99,2.46,10.49,0.68,2,14.4,Fastened,FALSE,LOW,normal,1
11:14:00,11,2,12,day,314,GRD003,Grader,OP1019,2593,12.3,Cloudy,4.34,1815,87.8,69.4,27.1,10.47,2.57,8.33,0.68,3,23.6,Fastened,FALSE,LOW,normal,1
11:16:00,11,2,12,day,316,GRD003,Grader,OP1019,2593,12.3,Cloudy,5.96,1356,89,69.3,16.1,11.19,3.32,9.92,0.81,3,13.2,Fastened,FALSE,LOW,normal,1
11:18:00,11,2,12,day,318,GRD003,Grader,OP1019,2593,12.3,Cloudy,7.52,1481,88,69.2,21,12.38,3.36,10.49,1.22,0,17,Fastened,FALSE,LOW,normal,1
11:20:00,11,2,12,day,320,GRD003,Grader,OP1019,2593,12.3,Cloudy,4.76,1193,88.9,69,5.3,9.94,2.67,9.55,0.88,2,19.9,Fastened,FALSE,LOW,normal,1
11:22:00,11,2,12,day,322,GRD003,Grader,OP1019,2593,12.3,Cloudy,7.17,1464,85.7,68.9,5.3,10.3,2.49,9.89,0.79,2,24.1,Unfastened,TRUE,LOW,normal,1
11:24:00,11,2,12,day,324,GRD003,Grader,OP1019,2593,12.3,Cloudy,6.45,1339,84.8,68.8,17.1,14.9,2.75,12.82,0.96,4,30.2,Fastened,FALSE,LOW,normal,1
11:26:00,11,2,12,day,326,GRD003,Grader,OP1019,2593.1,12.3,Cloudy,7.31,1591,86.1,68.7,23.9,10.31,3.21,8.61,0.69,2,26.1,Fastened,FALSE,LOW,normal,1
11:28:00,11,2,12,day,328,GRD003,Grader,OP1019,2593.1,12.3,Cloudy,6.76,1302,92.5,68.6,18.6,11.84,3.26,10.24,0.49,0,16.1,Fastened,FALSE,LOW,normal,1
11:30:00,11,2,12,day,330,GRD003,Grader,OP1019,2593.1,12.3,Cloudy,4.55,864,87.4,68.4,34.7,13.01,3.49,9.71,0.4,0,11,Fastened,FALSE,LOW,normal,1
11:32:00,11,2,12,day,332,GRD003,Grader,OP1019,2593.1,12.3,Cloudy,3.6,1619,85.6,68.3,12.9,11.95,2.91,10.78,0.19,0,8.4,Fastened,FALSE,LOW,normal,1
11:34:00,11,2,12,day,334,GRD003,Grader,OP1019,2593.1,12.3,Cloudy,1.68,1491,78.9,68.2,18.7,14.66,3.18,12.51,0.57,2,11.5,Fastened,FALSE,LOW,normal,1
11:36:00,11,2,12,day,336,GRD003,Grader,OP1019,2593.1,12.3,Cloudy,4.61,1193,87.8,68,20.1,10.96,3.26,9.41,1.05,1,21.5,Fastened,FALSE,LOW,normal,1
11:38:00,11,2,12,day,338,GRD003,Grader,OP1019,2593.1,12.3,Cloudy,4.77,1753,86.2,67.9,16.7,10.53,3.19,9.3,0.5,2,6.1,Fastened,FALSE,MEDIUM,normal,1
11:40:00,11,2,12,day,340,GRD003,Grader,OP1019,2593.1,12.3,Cloudy,3.54,1635,85.6,67.8,25.1,11.26,3.6,9.34,0.39,0,31.2,Fastened,FALSE,LOW,normal,1
11:42:00,11,2,12,day,342,GRD003,Grader,OP1019,2593.1,12.3,Cloudy,3.62,1225,82.5,67.7,23.6,15.04,3.05,12.21,0.99,2,11.6,Unfastened,TRUE,LOW,normal,1
11:44:00,11,2,12,day,344,GRD003,Grader,OP1019,2593.1,12.3,Cloudy,3.25,1549,87.2,67.6,21.5,11.96,2.08,9.84,0.79,4,17.4,Fastened,FALSE,LOW,normal,1
11:46:00,11,2,12,day,346,GRD003,Grader,OP1019,2593.2,12.3,Cloudy,8.02,1296,90.8,67.5,17.6,10.75,2.67,9.33,0.24,2,19.2,Fastened,FALSE,LOW,normal,1
11:48:00,11,2,12,day,348,GRD003,Grader,OP1019,2593.2,12.3,Cloudy,3.22,1128,82.6,67.3,19.5,11.63,2.37,9.82,0.69,2,12,Fastened,FALSE,LOW,normal,1
11:50:00,11,2,12,day,350,GRD003,Grader,OP1019,2593.2,12.3,Cloudy,8.1,1513,82.8,67.2,21.6,10.62,3.52,9.09,1.18,2,30.6,Fastened,FALSE,LOW,normal,1
11:52:00,11,2,12,day,352,GRD003,Grader,OP1019,2593.2,12.3,Cloudy,6.54,1246,84.3,67.1,14.7,11.96,2.24,10.53,0.78,2,21,Fastened,FALSE,LOW,normal,1
11:54:00,11,2,12,day,354,GRD003,Grader,OP1019,2593.2,12.3,Cloudy,7,1636,86,67,16.7,12.02,3.1,10.53,0.5,0,23.3,Fastened,FALSE,LOW,normal,1
11:56:00,11,2,12,day,356,GRD003,Grader,OP1019,2593.2,12.3,Cloudy,5.69,1845,91.9,66.9,18.6,12.17,2.56,10.38,0.74,4,13.1,Fastened,FALSE,LOW,normal,1
11:58:00,11,2,12,day,358,GRD003,Grader,OP1019,2593.2,12.3,Cloudy,5.2,1510,83.8,66.7,33.2,13.85,3.22,10.32,0.49,3,18.8,Fastened,FALSE,LOW,normal,1
12:00:00,12,2,12,day,360,GRD003,Grader,OP1019,2593.2,12.3,Cloudy,9.17,1371,84.1,66.6,5,10.02,1.55,9.6,0.5,4,15.5,Fastened,FALSE,LOW,normal,1
12:02:00,12,2,12,day,362,GRD003,Grader,OP1019,2593.2,12.3,Cloudy,6.07,1166,85.2,66.5,17.6,14.17,3.33,12.26,0.42,3,5.3,Unfastened,TRUE,MEDIUM,normal,1
12:04:00,12,2,12,day,364,GRD003,Grader,OP1019,2593.2,12.3,Cloudy,5.91,1478,88.5,66.3,16,13.27,2.81,11.6,0.45,4,23.5,Fastened,FALSE,LOW,normal,1
12:06:00,12,2,12,day,366,GRD003,Grader,OP1019,2593.3,12.3,Cloudy,5.05,1586,83.7,66.2,5,14.28,2.13,13.67,0.66,1,14.3,Fastened,FALSE,LOW,normal,1
12:08:00,12,2,12,day,368,GRD003,Grader,OP1019,2593.3,12.3,Cloudy,6.17,885,79.1,66,25.8,13.58,2.33,10.68,0.92,0,9.9,Fastened,FALSE,LOW,normal,1
12:10:00,12,2,12,day,370,GRD003,Grader,OP1019,2593.3,12.3,Cloudy,5.17,1379,85.4,65.9,24.3,13.89,2.86,11.21,0.7,1,15.4,Fastened,FALSE,LOW,normal,1
12:12:00,12,2,12,day,372,GRD003,Grader,OP1019,2593.3,12.3,Cloudy,5.15,1305,89.5,65.8,29.1,11.14,2.82,8.72,0.65,0,21.2,Fastened,FALSE,LOW,normal,1
12:14:00,12,2,12,day,374,GRD003,Grader,OP1019,2593.3,12.3,Cloudy,4.24,1624,89.8,65.7,23.7,9.64,3.13,8.1,0.89,0,19.4,Fastened,FALSE,LOW,normal,1
12:16:00,12,2,12,day,376,GRD003,Grader,OP1019,2593.3,12.3,Cloudy,3.9,852,88.8,65.5,10.3,14.59,2.26,13.32,0.66,2,18.2,Fastened,FALSE,LOW,normal,1
12:18:00,12,2,12,day,378,GRD003,Grader,OP1019,2593.3,12.3,Cloudy,6.72,1618,81.9,65.4,24.6,12.79,3.64,10.54,0.37,1,10.1,Fastened,FALSE,LOW,normal,1
12:20:00,12,2,12,day,380,GRD003,Grader,OP1019,2593.3,12.3,Cloudy,6.11,1670,87.8,65.3,25.3,13.29,3.36,10.78,1.52,0,9.5,Fastened,FALSE,LOW,normal,1
12:22:00,12,2,12,day,382,GRD003,Grader,OP1019,2593.3,12.3,Cloudy,3.8,1285,80.4,65.2,14.3,13.49,3.09,12,0.66,3,17.3,Fastened,FALSE,LOW,normal,1
12:24:00,12,2,12,day,384,GRD003,Grader,OP1019,2593.3,12.3,Cloudy,5.67,1351,88.2,65,29.5,12.57,1.98,9.45,0.89,4,25.2,Fastened,FALSE,LOW,normal,1
12:26:00,12,2,12,day,386,GRD003,Grader,OP1019,2593.4,12.3,Cloudy,6.54,1489,88.7,64.9,22.3,11.86,3.28,9.95,0.79,1,22,Fastened,FALSE,LOW,normal,1
12:28:00,12,2,12,day,388,GRD003,Grader,OP1019,2593.4,12.3,Cloudy,3.95,1509,92.3,64.8,37.9,12.22,2.71,8.62,0.56,3,26.9,Fastened,FALSE,LOW,normal,1
12:30:00,12,2,12,day,390,GRD003,Grader,OP1019,2593.4,12.3,Cloudy,6,1685,86.4,64.7,19.2,12.95,3.38,11.11,0.82,0,30.4,Fastened,FALSE,LOW,normal,1
12:32:00,12,2,12,day,392,GRD003,Grader,OP1019,2593.4,12.3,Cloudy,8.33,1712,84.3,64.6,27.7,10.55,1.87,8.15,0.88,3,20.7,Fastened,FALSE,LOW,normal,1
12:34:00,12,2,12,day,394,GRD003,Grader,OP1019,2593.4,12.3,Cloudy,5.82,1285,92.9,64.5,16.3,9.86,3.02,8.75,1.03,2,27.4,Fastened,FALSE,LOW,normal,1
12:36:00,12,2,12,day,396,GRD003,Grader,OP1019,2593.4,12.3,Cloudy,6.44,1730,87.6,64.4,23.8,10.45,2.36,8.52,1.06,3,21.2,Fastened,FALSE,LOW,normal,1
12:38:00,12,2,12,day,398,GRD003,Grader,OP1019,2593.4,12.3,Cloudy,4.82,1104,89.4,64.2,7.8,11.86,3.17,11.18,0.95,0,25.8,Fastened,FALSE,LOW,normal,1
12:40:00,12,2,12,day,400,GRD003,Grader,OP1019,2593.4,12.3,Cloudy,8.62,1306,88.9,64.1,9.5,11.96,3.49,11.16,0.2,0,21.2,Fastened,FALSE,LOW,normal,1
12:42:00,12,2,12,day,402,GRD003,Grader,OP1019,2593.4,12.3,Cloudy,6.93,1648,87.9,64,11.6,12.66,4.01,11.66,0.57,4,29.2,Fastened,FALSE,LOW,normal,1
12:44:00,12,2,12,day,404,GRD003,Grader,OP1019,2593.4,12.3,Cloudy,4.46,1517,84.7,63.8,12.5,12.11,2.94,10.96,0.75,1,18.7,Fastened,FALSE,LOW,normal,1
12:46:00,12,2,12,day,406,GRD003,Grader,OP1019,2593.5,12.3,Cloudy,3.54,1029,85.2,63.7,23.8,10.96,2.47,8.94,1.01,2,18.7,Fastened,FALSE,LOW,normal,1
12:48:00,12,2,12,day,408,GRD003,Grader,OP1019,2593.5,12.3,Cloudy,4.36,927,87.3,63.6,15.4,9.44,2.83,8.42,0.97,0,25.6,Unfastened,TRUE,LOW,normal,1
12:50:00,12,2,12,day,410,GRD003,Grader,OP1019,2593.5,12.3,Cloudy,4.63,1136,86.7,63.5,5,12.05,3.12,11.6,0.62,3,19.1,Fastened,FALSE,LOW,normal,1
12:52:00,12,2,12,day,412,GRD003,Grader,OP1019,2593.5,12.3,Cloudy,5.9,991,83.7,63.4,20,11.82,2.54,9.96,0.73,1,2.2,Unfastened,TRUE,HIGH,proximity_breach,-1
12:54:00,12,2,12,day,414,GRD003,Grader,OP1019,2593.5,12.3,Cloudy,6.42,1514,85.5,63.2,12.5,17,3.17,15.27,0.89,1,2.3,Fastened,TRUE,HIGH,proximity_breach,-1
12:56:00,12,2,12,day,416,GRD003,Grader,OP1019,2593.5,12.3,Cloudy,7.47,1376,91.7,63.1,20.9,12.7,3.29,10.73,0.51,3,1.4,Fastened,TRUE,HIGH,proximity_breach,-1
12:58:00,12,2,12,day,418,GRD003,Grader,OP1019,2593.5,12.3,Cloudy,6.9,1403,85.3,62.9,14.3,13.68,3.07,12.16,0.64,4,2.4,Fastened,TRUE,HIGH,proximity_breach,-1
13:00:00,13,2,12,day,420,GRD003,Grader,OP1019,2593.5,12.3,Cloudy,9.1,1472,89.9,62.8,19.7,13.73,3.17,11.65,0.62,4,1.8,Fastened,TRUE,HIGH,proximity_breach,-1
13:02:00,13,2,12,day,422,GRD003,Grader,OP1019,2593.5,12.3,Cloudy,6.57,1775,87.6,62.7,12.5,10.06,2.18,9.08,0.94,0,3.2,Fastened,FALSE,MEDIUM,proximity_breach,-1
13:04:00,13,2,12,day,424,GRD003,Grader,OP1019,2593.5,12.3,Cloudy,6.28,1625,86.2,62.6,19.1,11.61,3.3,10.02,0.79,4,1.3,Fastened,TRUE,HIGH,proximity_breach,-1
13:06:00,13,2,12,day,426,GRD003,Grader,OP1019,2593.6,12.3,Cloudy,8.75,1165,84.7,62.5,16.5,8,3.17,7.2,0.74,2,2,Fastened,TRUE,HIGH,proximity_breach,-1
13:08:00,13,2,12,day,428,GRD003,Grader,OP1019,2593.6,12.3,Cloudy,7.38,1503,83.5,62.3,22.5,13.79,3.46,11.47,0.57,0,2.5,Fastened,TRUE,HIGH,proximity_breach,-1
13:10:00,13,2,12,day,430,GRD003,Grader,OP1019,2593.6,12.3,Cloudy,6.59,1057,84.7,62.2,21.3,12.15,3.05,10.21,0.87,4,1.5,Fastened,TRUE,HIGH,proximity_breach,-1
13:12:00,13,2,12,day,432,GRD003,Grader,OP1019,2593.6,12.3,Cloudy,9.15,1350,89.1,62.1,14.4,10.62,3.36,9.57,0.94,2,2.3,Fastened,TRUE,HIGH,proximity_breach,-1
13:14:00,13,2,12,day,434,GRD003,Grader,OP1019,2593.6,12.3,Cloudy,9.52,1299,87,62,21.1,9.12,3.09,7.85,0.57,2,1.1,Fastened,TRUE,HIGH,proximity_breach,-1
13:16:00,13,2,12,day,436,GRD003,Grader,OP1019,2593.6,12.3,Cloudy,8.98,1373,82.2,61.9,34.5,12.76,2.56,9.24,0.63,4,2.1,Fastened,TRUE,HIGH,proximity_breach,-1
13:18:00,13,2,12,day,438,GRD003,Grader,OP1019,2593.6,12.3,Cloudy,8.22,1320,86.5,61.8,17.8,12.64,3.33,10.98,1.02,1,2.5,Fastened,TRUE,HIGH,proximity_breach,-1
13:20:00,13,2,12,day,440,GRD003,Grader,OP1019,2593.6,12.3,Cloudy,4.63,1633,84.6,61.7,19.3,9.12,3.35,8.01,0.58,3,0.7,Fastened,FALSE,MEDIUM,proximity_breach,-1
13:22:00,13,2,12,day,442,GRD003,Grader,OP1019,2593.6,12.3,Cloudy,9.21,1541,86.6,61.6,5,10.36,2.7,9.98,0.71,3,1.7,Fastened,TRUE,HIGH,proximity_breach,-1
13:24:00,13,2,12,day,444,GRD003,Grader,OP1019,2593.7,12.3,Cloudy,7.24,1276,89.6,61.4,18.4,11.06,3.65,9.7,0.49,0,25,Fastened,FALSE,LOW,normal,1
13:26:00,13,2,12,day,446,GRD003,Grader,OP1019,2593.7,12.3,Cloudy,8.3,1590,82.7,61.3,25.8,12.49,3.32,10.12,0.12,4,11.2,Fastened,FALSE,LOW,normal,1
13:28:00,13,2,12,day,448,GRD003,Grader,OP1019,2593.7,12.3,Cloudy,5.17,1183,89.9,61.2,18.1,14.98,2,12.63,0.43,2,14,Fastened,FALSE,LOW,normal,1
13:30:00,13,2,12,day,450,GRD003,Grader,OP1019,2593.7,12.3,Cloudy,6.28,1421,94.1,61,17.1,14.23,3.51,12.4,0.18,4,21.3,Unfastened,TRUE,LOW,normal,1
13:32:00,13,2,12,day,452,GRD003,Grader,OP1019,2593.7,12.3,Cloudy,5.47,1383,90.2,60.9,20.9,15.6,2.51,12.86,0.92,4,4.5,Fastened,FALSE,MEDIUM,normal,1
13:34:00,13,2,12,day,454,GRD003,Grader,OP1019,2593.7,12.3,Cloudy,2.81,1556,87,60.7,25.1,13.71,2.56,10.91,0.56,1,10.1,Fastened,FALSE,LOW,normal,1
13:36:00,13,2,12,day,456,GRD003,Grader,OP1019,2593.7,12.3,Cloudy,5.31,1442,82.2,60.6,33.7,10.65,2.68,7.96,0.79,2,27.5,Fastened,FALSE,LOW,normal,1
13:38:00,13,2,12,day,458,GRD003,Grader,OP1019,2593.7,12.3,Cloudy,5.64,1453,87.8,60.5,26.7,12.38,3.43,9.99,0.55,1,12.6,Fastened,FALSE,LOW,normal,1
13:40:00,13,2,12,day,460,GRD003,Grader,OP1019,2593.7,12.3,Cloudy,7.44,1765,83.4,60.4,29.1,12.38,2.65,9.55,0.9,1,31.7,Unfastened,TRUE,LOW,normal,1
13:42:00,13,2,12,day,462,GRD003,Grader,OP1019,2593.7,12.3,Cloudy,3.36,1045,92.4,60.3,21.3,10.88,2.82,9.16,0.77,1,15.7,Fastened,FALSE,LOW,normal,1
13:44:00,13,2,12,day,464,GRD003,Grader,OP1019,2593.8,12.3,Cloudy,2.51,1502,87.1,60.2,19.6,8.21,3.1,7.21,0.53,4,16.2,Fastened,FALSE,LOW,normal,1
13:46:00,13,2,12,day,466,GRD003,Grader,OP1019,2593.8,12.3,Cloudy,5.79,1540,87.8,60.1,25,9.46,3.53,7.98,1.28,0,19.5,Fastened,FALSE,LOW,normal,1
13:48:00,13,2,12,day,468,GRD003,Grader,OP1019,2593.8,12.3,Cloudy,3.56,1462,89.8,60,25.1,8.25,3.8,7.13,0.64,2,9.5,Fastened,FALSE,LOW,normal,1
13:50:00,13,2,12,day,470,GRD003,Grader,OP1019,2593.8,12.3,Cloudy,4.14,1345,81.2,59.9,19.8,11.31,3.43,9.75,0.23,3,28.8,Fastened,FALSE,LOW,normal,1
13:52:00,13,2,12,day,472,GRD003,Grader,OP1019,2593.8,12.3,Cloudy,8.22,1842,89.4,59.8,29.8,11.2,3.13,8.8,1.09,1,21,Unfastened,TRUE,LOW,normal,1
13:54:00,13,2,12,day,474,GRD003,Grader,OP1019,2593.8,12.3,Cloudy,4.32,1086,83.6,59.7,20.7,9.71,2.03,8.12,0.6,2,22.9,Fastened,FALSE,LOW,normal,1
13:56:00,13,2,12,day,476,GRD003,Grader,OP1019,2593.8,12.3,Cloudy,6.34,1432,88.5,59.6,21.5,12.51,2.8,10.42,1.19,1,16.5,Fastened,FALSE,LOW,normal,1
13:58:00,13,2,12,day,478,GRD003,Grader,OP1019,2593.8,12.3,Cloudy,3.26,1674,89.4,59.5,23.2,12.46,2.76,10.21,0.61,2,4.6,Fastened,FALSE,MEDIUM,normal,1
14:00:00,14,2,12,day,480,GRD003,Grader,OP1019,2593.8,12.3,Cloudy,5.13,1674,91.1,59.3,20.5,13.97,3.54,11.83,0.75,0,30.2,Fastened,FALSE,LOW,normal,1
14:02:00,14,2,12,day,482,GRD003,Grader,OP1019,2593.8,12.3,Cloudy,6.29,1738,85.9,59.2,33.2,11.51,3.06,8.7,0.88,4,13.8,Fastened,FALSE,LOW,normal,1
14:04:00,14,2,12,day,484,GRD003,Grader,OP1019,2593.9,12.3,Cloudy,7.24,1284,90.1,59.1,27.1,11.78,3.59,9.56,0.65,3,27.9,Fastened,FALSE,LOW,normal,1
14:06:00,14,2,12,day,486,GRD003,Grader,OP1019,2593.9,12.3,Cloudy,6.24,1238,82.8,59,16.5,9.62,2.52,8.45,0.54,0,18.6,Fastened,FALSE,LOW,normal,1
14:08:00,14,2,12,day,488,GRD003,Grader,OP1019,2593.9,12.3,Cloudy,3.61,874,89.8,58.9,20.5,11.97,3.18,10.17,0.53,4,29.1,Fastened,FALSE,LOW,normal,1
14:10:00,14,2,12,day,490,GRD003,Grader,OP1019,2593.9,12.3,Cloudy,3.41,1791,86.8,58.8,23.2,12.95,2.76,10.59,0.66,4,9.8,Fastened,FALSE,LOW,normal,1
14:12:00,14,2,12,day,492,GRD003,Grader,OP1019,2593.9,12.3,Cloudy,6.63,1186,85.1,58.6,14.1,12.43,3.41,11.16,0.45,4,33.9,Fastened,FALSE,LOW,normal,1
14:14:00,14,2,12,day,494,GRD003,Grader,OP1019,2593.9,12.3,Cloudy,4.76,1218,87,58.5,23.8,13.28,3.16,10.87,0.6,3,15.8,Fastened,FALSE,LOW,normal,1
14:16:00,14,2,12,day,496,GRD003,Grader,OP1019,2593.9,12.3,Cloudy,7.2,1326,88.8,58.4,21.8,13.56,2.38,11.12,0.69,1,18.2,Fastened,FALSE,LOW,normal,1
14:18:00,14,2,12,day,498,GRD003,Grader,OP1019,2593.9,12.3,Cloudy,4.91,1559,88.1,58.2,23.9,14.49,2.57,11.64,0.81,0,21.4,Unfastened,TRUE,LOW,normal,1
14:20:00,14,2,12,day,500,GRD003,Grader,OP1019,2593.9,12.3,Cloudy,6.74,1389,82.4,58.1,15.4,13.4,2.54,11.73,0.26,1,23.3,Fastened,FALSE,LOW,normal,1
14:22:00,14,2,12,day,502,GRD003,Grader,OP1019,2593.9,12.3,Cloudy,5.1,1275,91,58,22.1,9.21,3.11,7.86,0.3,3,30,Fastened,FALSE,LOW,normal,1
14:24:00,14,2,12,day,504,GRD003,Grader,OP1019,2594,12.3,Cloudy,4.1,1705,84.7,57.9,20.8,10.36,3.38,8.91,0.83,3,8.6,Fastened,FALSE,LOW,normal,1
14:26:00,14,2,12,day,506,GRD003,Grader,OP1019,2594,12.3,Cloudy,4.05,1578,92.3,57.8,28.6,11.36,3.38,9.08,0.81,3,13.4,Fastened,FALSE,LOW,normal,1
14:28:00,14,2,12,day,508,GRD003,Grader,OP1019,2594,12.3,Cloudy,5.84,1084,87.4,57.7,16.5,10.18,4.14,9.18,0.73,3,12.4,Fastened,FALSE,LOW,normal,1
14:30:00,14,2,12,day,510,GRD003,Grader,OP1019,2594,12.3,Cloudy,5.02,1012,84.1,57.5,19,12.84,3.36,11.04,0.84,4,23,Fastened,FALSE,LOW,normal,1
14:32:00,14,2,12,day,512,GRD003,Grader,OP1019,2594,12.3,Cloudy,6.21,1523,94.1,57.4,23.5,11.43,2.47,9.32,0.36,0,31.3,Unfastened,TRUE,LOW,normal,1
14:34:00,14,2,12,day,514,GRD003,Grader,OP1019,2594,12.3,Cloudy,4.7,1642,88.7,57.3,7.2,11.9,2.95,11.26,0.6,1,10.8,Fastened,FALSE,LOW,normal,1
14:36:00,14,2,12,day,516,GRD003,Grader,OP1019,2594,12.3,Cloudy,5.16,1293,89.5,57.2,20.3,9.68,3.77,8.48,1.17,3,13.1,Fastened,FALSE,LOW,normal,1
14:38:00,14,2,12,day,518,GRD003,Grader,OP1019,2594,12.3,Cloudy,5.76,1554,90.8,57,17.8,15.48,2.91,13.24,0.8,4,25.7,Fastened,FALSE,LOW,normal,1
14:40:00,14,2,12,day,520,GRD003,Grader,OP1019,2594,12.3,Cloudy,4.78,1370,82.6,56.9,22.8,12.31,2.79,10.14,0.37,4,15.1,Fastened,FALSE,LOW,normal,1
14:42:00,14,2,12,day,522,GRD003,Grader,OP1019,2594,12.3,Cloudy,3.06,1436,91.8,56.8,27.6,11.3,2.9,8.98,0.9,2,19.3,Fastened,FALSE,LOW,normal,1
14:44:00,14,2,12,day,524,GRD003,Grader,OP1019,2594.1,12.3,Cloudy,8.75,1351,87.7,56.7,35.5,12.89,3.3,9.49,0.94,4,12.1,Fastened,FALSE,LOW,normal,1
14:46:00,14,2,12,day,526,GRD003,Grader,OP1019,2594.1,12.3,Cloudy,5.29,1153,84.5,56.6,20,15.31,2.71,12.79,0.86,4,19.6,Fastened,FALSE,LOW,normal,1
14:48:00,14,2,12,day,528,GRD003,Grader,OP1019,2594.1,12.3,Cloudy,3.7,1287,88.8,56.5,32.9,10.95,2.85,8.29,1.07,1,18.5,Fastened,FALSE,LOW,normal,1
14:50:00,14,2,12,day,530,GRD003,Grader,OP1019,2594.1,12.3,Cloudy,5.24,1479,88.4,56.3,26.1,10.83,2.67,8.7,0.89,2,13.4,Fastened,FALSE,LOW,normal,1
14:52:00,14,2,12,day,532,GRD003,Grader,OP1019,2594.1,12.3,Cloudy,7.8,1248,89.7,56.3,18.2,9.45,2.59,8.2,0.53,1,11,Fastened,FALSE,LOW,normal,1
14:54:00,14,2,12,day,534,GRD003,Grader,OP1019,2594.1,12.3,Cloudy,6.29,1341,87.4,56.1,22.9,11.44,2.85,9.47,1.02,3,12.6,Fastened,FALSE,LOW,normal,1
14:56:00,14,2,12,day,536,GRD003,Grader,OP1019,2594.1,12.3,Cloudy,9.27,601,85.2,56,22.4,11.79,4.04,10.05,0.81,2,27.2,Fastened,FALSE,LOW,normal,1
14:58:00,14,2,12,day,538,GRD003,Grader,OP1019,2594.1,12.3,Cloudy,2.23,1273,85,55.9,22.3,13.09,3.14,10.87,0.45,3,18.8,Fastened,FALSE,LOW,normal,1
15:00:00,15,2,12,day,540,GRD003,Grader,OP1019,2594.1,12.3,Cloudy,5.34,1186,89.3,55.8,11.9,10.34,3.16,9.49,0.2,3,26.3,Fastened,FALSE,LOW,normal,1
15:02:00,15,2,12,day,542,GRD003,Grader,OP1019,2594.1,12.3,Cloudy,7.26,1788,89,55.7,17.7,8,3.69,7.24,0.96,3,32.6,Fastened,FALSE,LOW,normal,1
15:04:00,15,2,12,day,544,GRD003,Grader,OP1019,2594.2,12.3,Cloudy,1.89,1489,83.5,55.6,31.9,13.33,2.79,9.97,0.93,0,27.6,Unfastened,FALSE,LOW,normal,1
15:06:00,15,2,12,day,546,GRD003,Grader,OP1019,2594.2,12.3,Cloudy,8.45,1494,88.7,55.5,22.5,12.09,2.94,10.03,0.8,3,14.2,Fastened,FALSE,LOW,normal,1
15:08:00,15,2,12,day,548,GRD003,Grader,OP1019,2594.2,12.3,Cloudy,5.93,1562,91.7,55.4,22,8.86,3.42,7.66,0.28,1,26.1,Fastened,FALSE,LOW,normal,1
15:10:00,15,2,12,day,550,GRD003,Grader,OP1019,2594.2,12.3,Cloudy,5.65,1319,88.8,55.3,31.3,11.1,2.77,8.49,0.43,2,25.3,Fastened,FALSE,LOW,normal,1
15:12:00,15,2,12,day,552,GRD003,Grader,OP1019,2594.2,12.3,Cloudy,8.81,1734,90,55.1,12.4,15.53,2.44,13.91,0.94,0,21.5,Fastened,FALSE,LOW,normal,1
15:14:00,15,2,12,day,554,GRD003,Grader,OP1019,2594.2,12.3,Cloudy,8.78,1257,90.1,55,11.2,8.57,3.16,7.96,0.97,1,12.5,Fastened,FALSE,LOW,normal,1
15:16:00,15,2,12,day,556,GRD003,Grader,OP1019,2594.2,12.3,Cloudy,3.59,1462,85.8,54.9,18.2,12.55,3.31,10.87,0.23,4,21.2,Fastened,FALSE,LOW,normal,1
15:18:00,15,2,12,day,558,GRD003,Grader,OP1019,2594.2,12.3,Cloudy,6.53,1133,93.5,54.8,16.1,10.65,2.16,9.28,0.92,0,32.7,Fastened,FALSE,LOW,normal,1
15:20:00,15,2,12,day,560,GRD003,Grader,OP1019,2594.2,12.3,Cloudy,7.14,2095,90.6,54.7,36.1,12.17,2.56,8.7,0.53,0,12.5,Fastened,FALSE,LOW,normal,1
15:22:00,15,2,12,day,562,GRD003,Grader,OP1019,2594.2,12.3,Cloudy,5.99,1486,82.3,54.5,25.3,13.69,2.22,10.79,0.02,2,4.5,Unfastened,TRUE,MEDIUM,normal,1
15:24:00,15,2,12,day,564,GRD003,Grader,OP1019,2594.3,12.3,Cloudy,7.4,1386,84.5,54.4,28.5,11.93,2.63,9.28,1.08,0,5.8,Fastened,FALSE,MEDIUM,normal,1
15:26:00,15,2,12,day,566,GRD003,Grader,OP1019,2594.3,12.3,Cloudy,8.53,1211,88,54.3,23.4,13.91,2.91,11.34,0.94,0,22,Fastened,FALSE,LOW,normal,1
15:28:00,15,2,12,day,568,GRD003,Grader,OP1019,2594.3,12.3,Cloudy,5.84,1806,85.2,54.2,16.7,11.48,3.31,10.12,0.75,4,7.7,Fastened,FALSE,MEDIUM,normal,1
15:30:00,15,2,12,day,570,GRD003,Grader,OP1019,2594.3,12.3,Cloudy,6.29,1641,86.8,54,22.3,12.79,3.68,10.76,1.03,4,5.3,Fastened,FALSE,MEDIUM,normal,1
15:32:00,15,2,12,day,572,GRD003,Grader,OP1019,2594.3,12.3,Cloudy,7.77,1299,88.3,53.9,24.8,13.59,3.19,11.01,0.73,2,33.7,Fastened,FALSE,LOW,normal,1
15:34:00,15,2,12,day,574,GRD003,Grader,OP1019,2594.3,12.3,Cloudy,4.6,1425,85.5,53.8,17.1,13.38,3.26,11.65,0.7,1,13.3,Fastened,FALSE,LOW,normal,1
15:36:00,15,2,12,day,576,GRD003,Grader,OP1019,2594.3,12.3,Cloudy,5.04,833,83.2,53.7,29.1,11.86,2.69,9.19,1.31,2,15.2,Fastened,FALSE,LOW,normal,1
15:38:00,15,2,12,day,578,GRD003,Grader,OP1019,2594.3,12.3,Cloudy,6.92,1493,85.6,53.5,16.8,12.66,2.76,11,0.42,4,35.8,Fastened,FALSE,LOW,normal,1
15:40:00,15,2,12,day,580,GRD003,Grader,OP1019,2594.3,12.3,Cloudy,5.69,1729,88.2,53.4,19.1,14.44,3.21,12.3,0.82,1,34.2,Fastened,FALSE,LOW,normal,1
15:42:00,15,2,12,day,582,GRD003,Grader,OP1019,2594.4,12.3,Cloudy,3.68,1549,85.7,53.2,22.9,13.36,3.2,11.03,0.43,2,23.3,Fastened,FALSE,LOW,normal,1
15:44:00,15,2,12,day,584,GRD003,Grader,OP1019,2594.4,12.3,Cloudy,6.78,1064,82.7,53.1,16.9,11.38,2.53,9.88,0.49,0,19.1,Fastened,FALSE,LOW,normal,1
15:46:00,15,2,12,day,586,GRD003,Grader,OP1019,2594.4,12.3,Cloudy,6.06,1374,82.3,53,7.1,11.34,2.5,10.71,0.38,3,14.6,Unfastened,TRUE,LOW,normal,1
15:48:00,15,2,12,day,588,GRD003,Grader,OP1019,2594.4,12.3,Cloudy,5.89,1412,85.9,52.8,15.6,14.78,3.74,13.06,0.96,2,24.6,Fastened,FALSE,LOW,normal,1
15:50:00,15,2,12,day,590,GRD003,Grader,OP1019,2594.4,12.3,Cloudy,1.56,1678,90.5,52.7,31.3,12.59,3.12,9.63,0.95,3,0.5,Fastened,FALSE,MEDIUM,normal,1
15:52:00,15,2,12,day,592,GRD003,Grader,OP1019,2594.4,12.3,Cloudy,2.63,1149,89.2,52.6,19.5,11.64,3.14,9.98,0.63,1,15.2,Fastened,FALSE,LOW,normal,1
15:54:00,15,2,12,day,594,GRD003,Grader,OP1019,2594.4,12.3,Cloudy,6.03,1383,82.5,52.5,31.5,12.51,3.45,9.66,0.5,2,18.5,Fastened,FALSE,LOW,normal,1
15:56:00,15,2,12,day,596,GRD003,Grader,OP1019,2594.4,12.3,Cloudy,6.22,1531,83.8,52.4,19.5,12.37,3.56,10.65,0.65,4,21.9,Fastened,FALSE,LOW,normal,1
15:58:00,15,2,12,day,598,GRD003,Grader,OP1019,2594.4,12.3,Cloudy,6.8,1080,86,52.2,26.4,12.87,3.77,10.47,0.56,2,13,Fastened,FALSE,LOW,normal,1
16:00:00,16,2,12,day,600,GRD003,Grader,OP1019,2594.4,12.3,Cloudy,5.45,1756,87.7,52.1,25.6,11.02,3.25,9.03,0.83,2,37.6,Fastened,FALSE,LOW,normal,1
16:02:00,16,2,12,day,602,GRD003,Grader,OP1019,2594.5,12.3,Cloudy,6.23,1379,89.4,52,24.5,12.72,2.25,10.15,0.52,1,18.7,Fastened,FALSE,LOW,normal,1
16:04:00,16,2,12,day,604,GRD003,Grader,OP1019,2594.5,12.3,Cloudy,7.72,1594,86.4,51.9,27.7,15.33,3.03,11.92,0.93,0,31.5,Fastened,FALSE,LOW,normal,1
16:06:00,16,2,12,day,606,GRD003,Grader,OP1019,2594.5,12.3,Cloudy,6.4,1280,89.4,51.8,22.4,11.41,3.61,9.66,0.61,4,1.4,Fastened,TRUE,HIGH,normal,1
16:08:00,16,2,12,day,608,GRD003,Grader,OP1019,2594.5,12.3,Cloudy,7.38,774,85.3,51.6,13.3,13.53,3.58,12.21,0.76,2,18,Fastened,FALSE,LOW,normal,1
16:10:00,16,2,12,day,610,GRD003,Grader,OP1019,2594.5,12.3,Cloudy,5.55,1634,80.4,51.5,23.9,12.46,3.69,10.36,0.62,0,22.2,Fastened,FALSE,LOW,normal,1
16:12:00,16,2,12,day,612,GRD003,Grader,OP1019,2594.5,12.3,Cloudy,6.22,1697,87.1,51.4,20.4,11.66,3.45,9.99,0.76,1,15.8,Fastened,FALSE,LOW,normal,1
16:14:00,16,2,12,day,614,GRD003,Grader,OP1019,2594.5,12.3,Cloudy,2.41,1385,83.8,51.2,15.5,13.79,3.25,12.16,0.7,1,29.1,Fastened,FALSE,LOW,normal,1
16:16:00,16,2,12,day,616,GRD003,Grader,OP1019,2594.5,12.3,Cloudy,5.67,1949,89.4,51.1,12.4,9.36,3.19,8.59,0.51,3,24,Fastened,FALSE,LOW,normal,1
16:18:00,16,2,12,day,618,GRD003,Grader,OP1019,2594.5,12.3,Cloudy,4.53,1558,86.9,51,12.2,13.44,2.29,12.08,0.48,4,16.7,Fastened,FALSE,LOW,normal,1
16:20:00,16,2,12,day,620,GRD003,Grader,OP1019,2594.5,12.3,Cloudy,9.12,1159,90.6,50.9,30.3,10.3,3.3,8.18,0.13,2,12.8,Fastened,FALSE,LOW,normal,1
16:22:00,16,2,12,day,622,GRD003,Grader,OP1019,2594.6,12.3,Cloudy,3.99,1261,85.9,50.8,14.6,10.16,3.25,9.15,0.48,1,12.5,Fastened,FALSE,LOW,normal,1
16:24:00,16,2,12,day,624,GRD003,Grader,OP1019,2594.6,12.3,Cloudy,6.6,1841,85.5,50.7,26.5,11.33,3.4,9.23,0.8,1,14.7,Fastened,FALSE,LOW,normal,1
16:26:00,16,2,12,day,626,GRD003,Grader,OP1019,2594.6,12.3,Cloudy,3.44,1737,88.1,50.6,13.7,8,3.21,7.34,1.29,3,6.4,Fastened,FALSE,MEDIUM,normal,1
16:28:00,16,2,12,day,628,GRD003,Grader,OP1019,2594.6,12.3,Cloudy,3.75,1501,86.6,50.5,22.3,12.62,2.68,10.4,0.86,4,20,Fastened,FALSE,LOW,normal,1
16:30:00,16,2,12,day,630,GRD003,Grader,OP1019,2594.6,12.3,Cloudy,9.63,1228,83.9,50.3,20.9,12.86,3.56,10.92,0.51,2,11.7,Unfastened,TRUE,LOW,normal,1
16:32:00,16,2,12,day,632,GRD003,Grader,OP1019,2594.6,12.3,Cloudy,4.92,1858,88.4,50.2,21.4,12.89,2.5,10.67,1,2,33.4,Fastened,FALSE,LOW,normal,1
16:34:00,16,2,12,day,634,GRD003,Grader,OP1019,2594.6,12.3,Cloudy,6.52,1568,89.3,50.1,29.6,10.65,2,8.09,0.41,2,2.1,Fastened,TRUE,HIGH,normal,1
16:36:00,16,2,12,day,636,GRD003,Grader,OP1019,2594.6,12.3,Cloudy,7.9,1370,89.8,50,13.7,10.58,2.73,9.5,0.69,0,22.5,Fastened,FALSE,LOW,normal,1
16:38:00,16,2,12,day,638,GRD003,Grader,OP1019,2594.6,12.3,Cloudy,3.54,1716,86,49.9,19.4,12.91,3.15,11.02,1.04,0,9.1,Fastened,FALSE,LOW,normal,1
16:40:00,16,2,12,day,640,GRD003,Grader,OP1019,2594.6,12.3,Cloudy,6.64,1253,87.3,49.8,20.3,8.37,2.66,7.21,0.7,1,23,Fastened,FALSE,LOW,normal,1
16:42:00,16,2,12,day,642,GRD003,Grader,OP1019,2594.7,12.3,Cloudy,7.79,1719,90.3,49.6,13.5,15.04,3.12,13.43,0.84,3,26.1,Fastened,FALSE,LOW,normal,1
16:44:00,16,2,12,day,644,GRD003,Grader,OP1019,2594.7,12.3,Cloudy,5.39,1163,86.4,49.5,29.2,8.8,2.66,7.01,0.75,2,3.4,Fastened,FALSE,MEDIUM,normal,1
16:46:00,16,2,12,day,646,GRD003,Grader,OP1019,2594.7,12.3,Cloudy,5.17,1409,88.5,49.4,27.1,14.07,2.5,10.93,0.92,1,25.1,Fastened,FALSE,LOW,normal,1
16:48:00,16,2,12,day,648,GRD003,Grader,OP1019,2594.7,12.3,Cloudy,8.46,1392,87.7,49.3,20,10.58,3.8,9.22,0.94,3,14.2,Fastened,FALSE,LOW,normal,1
16:50:00,16,2,12,day,650,GRD003,Grader,OP1019,2594.7,12.3,Cloudy,4.87,976,88.7,49.2,25.6,13.57,3.05,10.88,0.26,4,13.4,Fastened,FALSE,LOW,normal,1
16:52:00,16,2,12,day,652,GRD003,Grader,OP1019,2594.7,12.3,Cloudy,7.77,1641,89.1,49,18.9,15.02,2.87,12.72,0.57,4,17.1,Fastened,FALSE,LOW,normal,1
16:54:00,16,2,12,day,654,GRD003,Grader,OP1019,2594.7,12.3,Cloudy,7.34,1495,85.6,48.9,21.3,12.58,2.9,10.52,0.98,4,26.9,Fastened,FALSE,LOW,normal,1
16:56:00,16,2,12,day,656,GRD003,Grader,OP1019,2594.7,12.3,Cloudy,4.03,1201,86.8,48.8,14.1,11.5,3.13,10.32,0.72,0,35.1,Fastened,FALSE,LOW,normal,1
16:58:00,16,2,12,day,658,GRD003,Grader,OP1019,2594.7,12.3,Cloudy,3.13,1335,83.1,48.6,9,10.56,2.73,9.86,0.35,1,41.2,Fastened,FALSE,LOW,normal,1
17:00:00,17,2,12,day,660,GRD003,Grader,OP1019,2594.7,12.3,Cloudy,3.5,1475,89.6,48.5,24.1,13.2,3.21,10.79,0.98,3,6,Fastened,FALSE,MEDIUM,normal,1
17:02:00,17,2,12,day,662,GRD003,Grader,OP1019,2594.8,12.3,Cloudy,5.1,1128,88.2,48.4,23.4,12.75,2.62,10.38,0.45,1,21.4,Fastened,FALSE,LOW,normal,1
17:04:00,17,2,12,day,664,GRD003,Grader,OP1019,2594.8,12.3,Cloudy,5.15,1546,86.3,48.3,12,8.43,3.34,7.82,0.81,2,28.8,Fastened,FALSE,LOW,normal,1
17:06:00,17,2,12,day,666,GRD003,Grader,OP1019,2594.8,12.3,Cloudy,7.37,2207,84.3,48.2,18.6,14.32,2.65,12.15,1.03,3,14.9,Fastened,FALSE,LOW,normal,1
17:08:00,17,2,12,day,668,GRD003,Grader,OP1019,2594.8,12.3,Cloudy,2.97,1438,90,48.1,21.2,8.91,3.09,7.68,0.74,2,18,Fastened,FALSE,LOW,normal,1
17:10:00,17,2,12,day,670,GRD003,Grader,OP1019,2594.8,12.3,Cloudy,7.2,1597,84.5,47.9,19.7,11.66,2.16,9.79,0.73,3,29.4,Fastened,FALSE,LOW,normal,1
17:12:00,17,2,12,day,672,GRD003,Grader,OP1019,2594.8,12.3,Cloudy,4.91,1667,86.4,47.8,27.4,11.53,2.8,9.14,0.74,2,22.6,Fastened,FALSE,LOW,normal,1
17:14:00,17,2,12,day,674,GRD003,Grader,OP1019,2594.8,12.3,Cloudy,7.63,1609,85.6,47.7,35.9,10.74,2.64,7.83,0.6,4,1.9,Fastened,TRUE,HIGH,normal,1
17:16:00,17,2,12,day,676,GRD003,Grader,OP1019,2594.8,12.3,Cloudy,4.76,1007,92.5,47.6,15.9,9.2,2.84,8.19,1.07,4,17.8,Fastened,FALSE,LOW,normal,1
17:18:00,17,2,12,day,678,GRD003,Grader,OP1019,2594.8,12.3,Cloudy,4.91,1347,85.6,47.5,20.2,13.43,2.43,11.21,0.87,2,20.4,Fastened,FALSE,LOW,normal,1
17:20:00,17,2,12,day,680,GRD003,Grader,OP1019,2594.8,12.3,Cloudy,9.03,1185,82.3,47.4,16.7,11.63,2.18,10.05,0.8,4,32.2,Fastened,FALSE,LOW,normal,1
17:22:00,17,2,12,day,682,GRD003,Grader,OP1019,2594.9,12.3,Cloudy,5.91,1557,85.1,47.3,19.8,13.41,2.83,11.32,0.34,1,22.2,Fastened,FALSE,LOW,normal,1
17:24:00,17,2,12,day,684,GRD003,Grader,OP1019,2594.9,12.3,Cloudy,3.79,1601,84.7,47.1,20.3,10.87,2.98,9.27,0.85,1,8.7,Unfastened,TRUE,LOW,normal,1
17:26:00,17,2,12,day,686,GRD003,Grader,OP1019,2594.9,12.3,Cloudy,3.14,1598,86.4,47,17.6,13.22,3,11.42,0.88,0,22,Fastened,FALSE,LOW,normal,1
17:28:00,17,2,12,day,688,GRD003,Grader,OP1019,2594.9,12.3,Cloudy,7.48,1438,85.9,46.9,28.8,13.45,1.94,10.14,0.5,1,11.5,Fastened,FALSE,LOW,normal,1
17:30:00,17,2,12,day,690,GRD003,Grader,OP1019,2594.9,12.3,Cloudy,8.27,999,89.5,46.8,30.6,9.02,2.71,7.09,0.83,2,21.8,Fastened,FALSE,LOW,normal,1
17:32:00,17,2,12,day,692,GRD003,Grader,OP1019,2594.9,12.3,Cloudy,8.73,1390,84.9,46.6,15.6,16.12,2.98,14.07,1.19,2,24.6,Fastened,FALSE,LOW,normal,1
17:34:00,17,2,12,day,694,GRD003,Grader,OP1019,2594.9,12.3,Cloudy,3.28,1619,86.8,46.5,34.9,11.96,3.8,9.11,0.71,3,18.6,Fastened,FALSE,LOW,normal,1
17:36:00,17,2,12,day,696,GRD003,Grader,OP1019,2594.9,12.3,Cloudy,6.61,1336,85.1,46.4,24.4,10.69,3.11,8.84,0.85,2,25.1,Fastened,FALSE,LOW,normal,1
17:38:00,17,2,12,day,698,GRD003,Grader,OP1019,2594.9,12.3,Cloudy,5.45,957,89.3,46.3,28,13.49,3.15,10.59,0.35,3,28,Fastened,FALSE,LOW,normal,1
17:40:00,17,2,12,day,700,GRD003,Grader,OP1019,2594.9,12.3,Cloudy,5.95,1498,87,46.2,27,11.45,2.83,9.12,0.59,0,21.4,Fastened,FALSE,LOW,normal,1
17:42:00,17,2,12,day,702,GRD003,Grader,OP1019,2595,12.3,Cloudy,7.87,1558,86.3,46.1,22.2,12.29,3.1,10.25,0.68,1,6.7,Fastened,FALSE,MEDIUM,normal,1
17:44:00,17,2,12,day,704,GRD003,Grader,OP1019,2595,12.3,Cloudy,2.25,1438,79.6,45.9,13.6,14.03,3.59,12.61,0.79,1,11.7,Fastened,FALSE,LOW,normal,1
17:46:00,17,2,12,day,706,GRD003,Grader,OP1019,2595,12.3,Cloudy,7.99,1230,83.2,45.8,16,12.14,3.17,10.7,0.82,0,25.2,Fastened,FALSE,LOW,normal,1
17:48:00,17,2,12,day,708,GRD003,Grader,OP1019,2595,12.3,Cloudy,5.68,1337,89.7,45.7,17,11.17,2.86,9.76,0.77,2,22.9,Fastened,FALSE,LOW,normal,1
17:50:00,17,2,12,day,710,GRD003,Grader,OP1019,2595,12.3,Cloudy,5.42,1941,86.7,45.6,21.4,12.48,1.5,10.13,0.41,3,4.6,Fastened,FALSE,MEDIUM,normal,1
17:52:00,17,2,12,day,712,GRD003,Grader,OP1019,2595,12.3,Cloudy,4.03,1598,89.8,45.4,22.5,11.6,2.67,9.59,0.87,0,16.1,Fastened,FALSE,LOW,normal,1
17:54:00,17,2,12,day,714,GRD003,Grader,OP1019,2595,12.3,Cloudy,6.33,1754,87.9,45.3,23.8,11.74,3.01,9.66,0.47,4,18.7,Fastened,FALSE,LOW,normal,1
17:56:00,17,2,12,day,716,GRD003,Grader,OP1019,2595,12.3,Cloudy,5.8,1845,84,45.2,16.5,10.99,3.69,9.79,0.8,3,7.9,Fastened,FALSE,MEDIUM,normal,1
17:58:00,17,2,12,day,718,GRD003,Grader,OP1019,2595,12.3,Cloudy,5.06,1326,88.1,45.1,18,11.16,2.8,9.66,0.57,3,23,Fastened,FALSE,LOW,normal,1
18:00:00,18,1,5,night,0,EXC005,Excavator,OP1025,6361.8,34.2,Cloudy,4.34,1341,34.2,81,60,14.16,2.63,7.24,0.47,2,17.5,Fastened,FALSE,LOW,normal,1
18:02:00,18,1,5,night,2,EXC005,Excavator,OP1025,6361.8,34.2,Cloudy,5.4,1042,38.4,80.9,58,12.66,3.52,7.36,0.47,3,31.9,Fastened,FALSE,LOW,normal,1
18:04:00,18,1,5,night,4,EXC005,Excavator,OP1025,6361.8,34.2,Cloudy,6.99,1640,42.6,80.8,57.8,13.66,2.97,7.48,1.05,2,29.7,Fastened,FALSE,LOW,normal,1
18:06:00,18,1,5,night,6,EXC005,Excavator,OP1025,6361.8,34.2,Cloudy,4.53,1890,46.9,80.8,53.3,13,3.6,7.99,0.82,0,20.4,Fastened,FALSE,LOW,normal,1
18:08:00,18,1,5,night,8,EXC005,Excavator,OP1025,6361.8,34.2,Cloudy,3.69,1295,51.1,80.7,37.1,15.49,2.95,10.84,0.7,1,7.5,Unfastened,TRUE,MEDIUM,normal,1
18:10:00,18,1,5,night,10,EXC005,Excavator,OP1025,6361.8,34.2,Cloudy,5.78,1376,55.3,80.6,56.9,15.7,3.83,8.95,0.47,3,20.2,Fastened,FALSE,LOW,normal,1
18:12:00,18,1,5,night,12,EXC005,Excavator,OP1025,6361.8,34.2,Cloudy,7.62,1663,59.5,80.5,54.2,13.12,3.63,7.98,0.64,4,9.8,Fastened,FALSE,LOW,normal,1
18:14:00,18,1,5,night,14,EXC005,Excavator,OP1025,6361.8,34.2,Cloudy,5.88,1377,63.8,80.5,45.8,8,3.19,5.8,0.76,0,24.1,Fastened,FALSE,LOW,normal,1
18:16:00,18,1,5,night,16,EXC005,Excavator,OP1025,6361.8,34.2,Cloudy,5.17,1634,68,80.4,52.4,10.75,2.86,6.62,0.76,3,8.1,Fastened,FALSE,LOW,normal,1
18:18:00,18,1,5,night,18,EXC005,Excavator,OP1025,6361.8,34.2,Cloudy,5.21,1579,72.2,80.4,45.5,10.57,2.52,6.91,0.66,3,17.5,Fastened,FALSE,LOW,normal,1
18:20:00,18,1,5,night,20,EXC005,Excavator,OP1025,6361.9,34.2,Cloudy,4.62,1067,76.4,80.3,56.5,11.51,2.21,6.26,1.12,4,18.5,Fastened,FALSE,LOW,normal,1
18:22:00,18,1,5,night,22,EXC005,Excavator,OP1025,6361.9,34.2,Cloudy,9.62,2043,80.7,80.3,51.7,11.8,3.13,7.32,1.24,2,20.4,Fastened,FALSE,LOW,normal,1
18:24:00,18,1,5,night,24,EXC005,Excavator,OP1025,6361.9,34.2,Cloudy,5.79,1510,84.9,80.2,44.7,12.21,2.73,7.97,0.6,4,8.4,Fastened,FALSE,LOW,normal,1
18:26:00,18,1,5,night,26,EXC005,Excavator,OP1025,6361.9,34.2,Cloudy,4.22,1906,81.8,80.1,44.1,10.58,2.87,7.18,0.29,3,22.3,Fastened,FALSE,LOW,normal,1
18:28:00,18,1,5,night,28,EXC005,Excavator,OP1025,6361.9,34.2,Cloudy,5.71,1869,89.1,80.1,54.4,10.6,2.99,6.46,0.98,0,21.4,Fastened,FALSE,LOW,normal,1
18:30:00,18,1,5,night,30,EXC005,Excavator,OP1025,6361.9,34.2,Cloudy,5.48,1610,88,80,51,12.61,3.03,7.72,0.67,2,20.9,Fastened,FALSE,LOW,normal,1
18:32:00,18,1,5,night,32,EXC005,Excavator,OP1025,6361.9,34.2,Cloudy,5.83,1536,89.8,80,58.1,14,3.47,7.88,0.71,0,20.8,Fastened,FALSE,LOW,normal,1
18:34:00,18,1,5,night,34,EXC005,Excavator,OP1025,6361.9,34.2,Cloudy,5.39,1163,82,79.9,49.9,12.1,2.99,7.55,0.69,0,15.9,Fastened,FALSE,LOW,normal,1
18:36:00,18,1,5,night,36,EXC005,Excavator,OP1025,6361.9,34.2,Cloudy,4.76,1641,88.2,79.8,60,13.41,3.53,7.48,1.22,1,18.9,Fastened,FALSE,LOW,normal,1
18:38:00,18,1,5,night,38,EXC005,Excavator,OP1025,6361.9,34.2,Cloudy,5.12,1411,91.9,79.8,56.8,11.8,3.03,6.82,0.55,4,15.5,Fastened,FALSE,LOW,normal,1
18:40:00,18,1,5,night,40,EXC005,Excavator,OP1025,6362,34.2,Cloudy,6.3,1371,81,79.7,50.7,13.14,2.7,7.85,0.95,1,14.2,Fastened,FALSE,LOW,normal,1
18:42:00,18,1,5,night,42,EXC005,Excavator,OP1025,6362,34.2,Cloudy,3.26,1710,88.1,79.6,50.4,12.23,3.01,7.58,0.5,0,1.3,Fastened,FALSE,MEDIUM,normal,1
18:44:00,18,1,5,night,44,EXC005,Excavator,OP1025,6362,34.2,Cloudy,4.34,2183,87.9,79.6,51.8,9.84,3.38,6.49,0.59,0,6.5,Fastened,FALSE,MEDIUM,normal,1
18:46:00,18,1,5,night,46,EXC005,Excavator,OP1025,6362,34.2,Cloudy,6.94,1463,77.7,79.5,41.4,14.36,2.99,9.65,0.57,1,18.7,Fastened,FALSE,LOW,normal,1
18:48:00,18,1,5,night,48,EXC005,Excavator,OP1025,6362,34.2,Cloudy,6.89,1556,81.8,79.5,57.4,13.82,2.5,7.32,0.33,4,35.2,Fastened,FALSE,LOW,normal,1
18:50:00,18,1,5,night,50,EXC005,Excavator,OP1025,6362,34.2,Cloudy,5.31,1312,85.5,79.4,40.3,12.68,3.37,8.93,0.35,2,19.9,Fastened,FALSE,LOW,normal,1
18:52:00,18,1,5,night,52,EXC005,Excavator,OP1025,6362,34.2,Cloudy,2.73,1348,90.4,79.3,60,13.69,2.62,7.05,0.62,3,15.1,Fastened,FALSE,LOW,normal,1
18:54:00,18,1,5,night,54,EXC005,Excavator,OP1025,6362,34.2,Cloudy,6.02,1563,92.1,79.3,41.1,11.41,2.55,7.77,1.22,4,17.8,Fastened,FALSE,LOW,normal,1
18:56:00,18,1,5,night,56,EXC005,Excavator,OP1025,6362,34.2,Cloudy,6.32,1749,88.1,79.2,53.3,13.32,2.56,7.58,0.48,0,21.3,Fastened,FALSE,LOW,normal,1
18:58:00,18,1,5,night,58,EXC005,Excavator,OP1025,6362,34.2,Cloudy,7.65,923,86.2,79.1,58.8,12.19,3.8,7.26,0.26,2,18.8,Fastened,FALSE,LOW,normal,1
19:00:00,19,1,5,night,60,EXC005,Excavator,OP1025,6362.1,34.2,Cloudy,3.1,1715,88.6,79.1,52.6,10.48,2.09,6.07,1.16,0,25.3,Fastened,FALSE,LOW,normal,1
19:02:00,19,1,5,night,62,EXC005,Excavator,OP1025,6362.1,34.2,Cloudy,5.28,1192,88.2,79,58.7,11.13,3.03,6.38,0.84,2,14.2,Fastened,FALSE,LOW,normal,1
19:04:00,19,1,5,night,64,EXC005,Excavator,OP1025,6362.1,34.2,Cloudy,5.75,1314,84.1,79,56,11.17,2.84,6.51,0.95,2,10.2,Fastened,FALSE,LOW,normal,1
19:06:00,19,1,5,night,66,EXC005,Excavator,OP1025,6362.1,34.2,Cloudy,3.05,1462,88.4,78.9,55.8,11.05,3.04,6.58,0.76,4,7.1,Fastened,FALSE,MEDIUM,normal,1
19:08:00,19,1,5,night,68,EXC005,Excavator,OP1025,6362.1,34.2,Cloudy,5.53,1347,85.4,78.9,58.3,14,3.09,7.64,0.4,1,29.4,Fastened,FALSE,LOW,normal,1
19:10:00,19,1,5,night,70,EXC005,Excavator,OP1025,6362.1,34.2,Cloudy,6.83,1395,83.5,78.8,60,9.98,3.35,6,0.54,0,19.8,Fastened,FALSE,LOW,normal,1
19:12:00,19,1,5,night,72,EXC005,Excavator,OP1025,6362.1,34.2,Cloudy,5.54,1700,85.2,78.7,60,13.78,3.28,7.48,0.51,4,22,Fastened,FALSE,LOW,normal,1
19:14:00,19,1,5,night,74,EXC005,Excavator,OP1025,6362.1,34.2,Cloudy,2.71,1584,83.9,78.7,46.8,10.75,3.18,7.21,0.83,3,20.2,Unfastened,TRUE,LOW,normal,1
19:16:00,19,1,5,night,76,EXC005,Excavator,OP1025,6362.1,34.2,Cloudy,3.88,1517,89.6,78.6,53.7,11.83,3.29,7.24,0.57,4,0.5,Fastened,FALSE,MEDIUM,normal,1
19:18:00,19,1,5,night,78,EXC005,Excavator,OP1025,6362.1,34.2,Cloudy,1.61,1310,82.6,78.6,60,10.55,2.51,5.73,0.74,2,10.6,Fastened,FALSE,LOW,normal,1
19:20:00,19,1,5,night,80,EXC005,Excavator,OP1025,6362.2,34.2,Cloudy,9.67,1419,88.2,78.5,52.2,11.2,3.1,6.97,0.96,4,8.8,Fastened,FALSE,LOW,normal,1
19:22:00,19,1,5,night,82,EXC005,Excavator,OP1025,6362.2,34.2,Cloudy,6.4,1689,81.2,78.4,60,15.55,3.57,8.36,0.87,1,24.1,Fastened,FALSE,LOW,normal,1
19:24:00,19,1,5,night,84,EXC005,Excavator,OP1025,6362.2,34.2,Cloudy,3.67,1593,88.4,78.4,58.5,11.5,3.07,6.57,1.33,3,15.9,Fastened,FALSE,LOW,normal,1
19:26:00,19,1,5,night,86,EXC005,Excavator,OP1025,6362.2,34.2,Cloudy,5.9,2038,83.9,78.3,45.7,14.22,3.3,9.23,0.65,3,16.9,Fastened,FALSE,LOW,normal,1
19:28:00,19,1,5,night,88,EXC005,Excavator,OP1025,6362.2,34.2,Cloudy,7.85,1511,85.6,78.3,53.8,12.21,2.75,7.12,0.04,2,20.1,Fastened,FALSE,LOW,normal,1
19:30:00,19,1,5,night,90,EXC005,Excavator,OP1025,6362.2,34.2,Cloudy,7.87,1304,84.9,78.2,45,10.98,2.84,7.32,0.55,2,31.3,Fastened,FALSE,LOW,normal,1
19:32:00,19,1,5,night,92,EXC005,Excavator,OP1025,6362.2,34.2,Cloudy,6.96,1769,87.8,78.1,44.8,10.13,2.18,6.57,1.08,2,23.2,Fastened,FALSE,LOW,normal,1
19:34:00,19,1,5,night,94,EXC005,Excavator,OP1025,6362.2,34.2,Cloudy,8.06,1127,88.8,78.1,59.4,8.5,2.71,5.06,0.54,4,18.2,Fastened,FALSE,LOW,normal,1
19:36:00,19,1,5,night,96,EXC005,Excavator,OP1025,6362.2,34.2,Cloudy,6,1722,87.8,78,60,12.32,2.78,6.6,0.48,1,10,Fastened,FALSE,LOW,normal,1
19:38:00,19,1,5,night,98,EXC005,Excavator,OP1025,6362.2,34.2,Cloudy,7.24,1602,84.9,78,52,9.56,2.56,5.92,0.29,1,9.2,Fastened,FALSE,LOW,normal,1
19:40:00,19,1,5,night,100,EXC005,Excavator,OP1025,6362.3,34.2,Cloudy,3.51,1503,84.1,77.9,51.5,12.77,3.85,8.18,0.62,2,24.2,Fastened,FALSE,LOW,normal,1
19:42:00,19,1,5,night,102,EXC005,Excavator,OP1025,6362.3,34.2,Cloudy,5.24,1505,87.1,77.9,50.1,10.87,3.01,6.93,0.74,4,20.5,Fastened,FALSE,LOW,normal,1
19:44:00,19,1,5,night,104,EXC005,Excavator,OP1025,6362.3,34.2,Cloudy,4.82,922,89.3,77.8,50.8,12.28,3.04,7.59,0.73,3,10.9,Fastened,FALSE,LOW,normal,1
19:46:00,19,1,5,night,106,EXC005,Excavator,OP1025,6362.3,34.2,Cloudy,7.35,1679,84,77.8,54.9,9.23,2.58,5.58,0.7,2,22.8,Fastened,FALSE,LOW,normal,1
19:48:00,19,1,5,night,108,EXC005,Excavator,OP1025,6362.3,34.2,Cloudy,5.6,1662,84.2,77.7,50.2,12.7,3.08,7.87,0.83,0,6.5,Fastened,FALSE,MEDIUM,normal,1
19:50:00,19,1,5,night,110,EXC005,Excavator,OP1025,6362.3,34.2,Cloudy,4.94,2270,86.3,77.6,58.9,13.9,2.92,7.43,0.56,2,0.6,Fastened,FALSE,MEDIUM,normal,1
19:52:00,19,1,5,night,112,EXC005,Excavator,OP1025,6362.3,34.2,Cloudy,2.57,1265,81,77.6,60,12.99,2.78,6.86,0.51,4,4.5,Fastened,FALSE,MEDIUM,normal,1
19:54:00,19,1,5,night,114,EXC005,Excavator,OP1025,6362.3,34.2,Cloudy,5.6,1617,88.1,77.5,60,13.94,2.45,7.05,0.64,2,19.7,Fastened,FALSE,LOW,normal,1
19:56:00,19,1,5,night,116,EXC005,Excavator,OP1025,6362.3,34.2,Cloudy,7.46,1474,92.5,77.5,49.4,11.77,3.03,7.45,1.16,1,31.9,Fastened,FALSE,LOW,normal,1
19:58:00,19,1,5,night,118,EXC005,Excavator,OP1025,6362.3,34.2,Cloudy,10.62,926,88.4,77.4,51.4,9.76,2.5,6.03,0.63,2,16.3,Fastened,FALSE,LOW,normal,1
20:00:00,20,1,5,night,120,EXC005,Excavator,OP1025,6362.4,34.2,Cloudy,6.13,1683,86.1,77.3,53.9,11.42,3.13,6.95,1.33,0,15,Fastened,FALSE,LOW,normal,1
20:02:00,20,1,5,night,122,EXC005,Excavator,OP1025,6362.4,34.2,Cloudy,6.22,832,81.1,77.3,51.1,12.04,2.42,7.12,0.86,1,0.5,Fastened,TRUE,HIGH,normal,1
20:04:00,20,1,5,night,124,EXC005,Excavator,OP1025,6362.4,34.2,Cloudy,3.25,1451,86.2,77.2,57.1,13.44,3.29,7.64,0.59,3,22.8,Fastened,FALSE,LOW,normal,1
20:06:00,20,1,5,night,126,EXC005,Excavator,OP1025,6362.4,34.2,Cloudy,4.65,1521,86.4,77.2,60,13.25,2.87,7.02,0.79,4,6,Fastened,FALSE,MEDIUM,normal,1
20:08:00,20,1,5,night,128,EXC005,Excavator,OP1025,6362.4,34.2,Cloudy,5.27,1564,90.8,77.1,60,12.12,3.5,6.95,0.84,1,0.5,Fastened,TRUE,HIGH,normal,1
20:10:00,20,1,5,night,130,EXC005,Excavator,OP1025,6362.4,34.2,Cloudy,3.7,1345,86.8,77,45.8,15.27,2.41,9.38,0.56,0,9.1,Fastened,FALSE,LOW,normal,1
20:12:00,20,1,5,night,132,EXC005,Excavator,OP1025,6362.4,34.2,Cloudy,6.75,1461,81,77,57.1,8.92,2.91,5.49,0.64,4,25.3,Fastened,FALSE,LOW,normal,1
20:14:00,20,1,5,night,134,EXC005,Excavator,OP1025,6362.4,34.2,Cloudy,5.17,2038,86.2,76.9,44.5,14.22,3.17,9.3,0.13,0,27.4,Fastened,FALSE,LOW,normal,1
20:16:00,20,1,5,night,136,EXC005,Excavator,OP1025,6362.4,34.2,Cloudy,5.99,1540,82.8,76.8,38.8,12.14,2.53,8.41,0.4,4,32.4,Fastened,FALSE,LOW,normal,1
20:18:00,20,1,5,night,138,EXC005,Excavator,OP1025,6362.4,34.2,Cloudy,5.29,1709,84.9,76.8,52.3,8.39,3.08,5.61,0.96,3,17.5,Fastened,FALSE,LOW,normal,1
20:20:00,20,1,5,night,140,EXC005,Excavator,OP1025,6362.5,34.2,Cloudy,6.72,1550,90.1,76.7,44.4,14.05,4.12,9.64,0.56,4,23.4,Fastened,FALSE,LOW,normal,1
20:22:00,20,1,5,night,142,EXC005,Excavator,OP1025,6362.5,34.2,Cloudy,4.27,1586,84.7,76.6,41,12.72,2.85,8.67,0.98,0,28.7,Fastened,FALSE,LOW,normal,1
20:24:00,20,1,5,night,144,EXC005,Excavator,OP1025,6362.5,34.2,Cloudy,7.23,981,89.5,76.6,58.3,14.43,2.06,7.22,1.19,2,18.8,Fastened,FALSE,LOW,normal,1
20:26:00,20,1,5,night,146,EXC005,Excavator,OP1025,6362.5,34.2,Cloudy,5.39,952,87.7,76.5,49.4,13.86,3,8.5,0.69,1,9,Fastened,FALSE,LOW,normal,1
20:28:00,20,1,5,night,148,EXC005,Excavator,OP1025,6362.5,34.2,Cloudy,6.51,1768,83.4,76.4,48.5,10.03,2.46,6.36,0.6,4,15,Fastened,FALSE,LOW,normal,1
20:30:00,20,1,5,night,150,EXC005,Excavator,OP1025,6362.5,34.2,Cloudy,1.82,1727,81.8,76.4,60,8,2.9,4.94,0.5,3,13.3,Fastened,FALSE,LOW,normal,1
20:32:00,20,1,5,night,152,EXC005,Excavator,OP1025,6362.5,34.2,Cloudy,7.24,1801,87,76.3,49.3,13.06,2.51,7.86,0.37,0,18.7,Fastened,FALSE,LOW,normal,1
20:34:00,20,1,5,night,154,EXC005,Excavator,OP1025,6362.5,34.2,Cloudy,5.2,1171,83.4,76.3,49.1,12,3.46,7.81,0.61,1,14.6,Fastened,FALSE,LOW,normal,1
20:36:00,20,1,5,night,156,EXC005,Excavator,OP1025,6362.5,34.2,Cloudy,3.28,1118,86.9,76.2,57.3,12.91,2.25,6.8,1.01,4,30.8,Fastened,FALSE,LOW,normal,1
20:38:00,20,1,5,night,158,EXC005,Excavator,OP1025,6362.6,34.2,Cloudy,4.92,1895,91.8,76.2,49,11.31,3.65,7.56,0.38,0,22.8,Fastened,FALSE,LOW,normal,1
20:40:00,20,1,5,night,160,EXC005,Excavator,OP1025,6362.6,34.2,Cloudy,4.91,1640,89.3,76.1,60,12.08,4.45,7.5,0.27,2,10.1,Fastened,FALSE,LOW,normal,1
20:42:00,20,1,5,night,162,EXC005,Excavator,OP1025,6362.6,34.2,Cloudy,3.75,2028,88.3,76,45.8,11.01,2.46,7.09,0.67,1,7.8,Fastened,FALSE,MEDIUM,normal,1
20:44:00,20,1,5,night,164,EXC005,Excavator,OP1025,6362.6,34.2,Cloudy,3.76,1533,85.4,76,53.9,11.58,2.84,6.87,0.79,2,11.7,Fastened,FALSE,LOW,normal,1
20:46:00,20,1,5,night,166,EXC005,Excavator,OP1025,6362.6,34.2,Cloudy,4.07,2001,85.9,75.9,53.3,14.93,3.85,9.02,0.99,1,9.3,Fastened,FALSE,LOW,normal,1
20:48:00,20,1,5,night,168,EXC005,Excavator,OP1025,6362.6,34.2,Cloudy,4.38,1756,91.4,75.8,45.4,16.26,2.6,10.06,1.09,0,18.4,Unfastened,TRUE,LOW,normal,1
20:50:00,20,1,5,night,170,EXC005,Excavator,OP1025,6362.6,34.2,Cloudy,6.08,1663,88.5,75.7,47,14.28,2.06,8.54,1.27,3,29.1,Fastened,FALSE,LOW,normal,1
20:52:00,20,1,5,night,172,EXC005,Excavator,OP1025,6362.6,34.2,Cloudy,5.06,1920,88,75.7,54.3,9.33,2.11,5.41,0.8,4,17.4,Fastened,FALSE,LOW,normal,1
20:54:00,20,1,5,night,174,EXC005,Excavator,OP1025,6362.6,34.2,Cloudy,6.7,1528,84.5,75.6,43.5,10.27,3.3,7.24,0.64,1,15.5,Fastened,FALSE,LOW,normal,1
20:56:00,20,1,5,night,176,EXC005,Excavator,OP1025,6362.6,34.2,Cloudy,5.5,1125,86.2,75.6,55.9,11.72,3.63,7.2,0.81,1,11.3,Unfastened,TRUE,LOW,normal,1
20:58:00,20,1,5,night,178,EXC005,Excavator,OP1025,6362.7,34.2,Cloudy,6.29,1226,82,75.5,60,11.46,3.09,6.44,0.61,2,17.5,Fastened,FALSE,LOW,normal,1
21:00:00,21,1,5,night,180,EXC005,Excavator,OP1025,6362.7,34.2,Cloudy,3.41,1369,83.1,75.5,48.3,8.71,3.76,6.32,0.18,1,13.6,Fastened,FALSE,LOW,normal,1
21:02:00,21,1,5,night,182,EXC005,Excavator,OP1025,6362.7,34.2,Cloudy,7.06,1502,92.1,75.4,55,10.98,3.15,6.67,0.27,2,9.6,Fastened,FALSE,LOW,normal,1
21:04:00,21,1,5,night,184,EXC005,Excavator,OP1025,6362.7,34.2,Cloudy,7.14,1321,88,75.4,49.5,9.12,3.01,6.1,0.16,4,29.1,Fastened,FALSE,LOW,normal,1
21:06:00,21,1,5,night,186,EXC005,Excavator,OP1025,6362.7,34.2,Cloudy,4.1,1521,85.2,75.3,53.2,10.59,3,6.55,0.65,1,10.5,Fastened,FALSE,LOW,normal,1
21:08:00,21,1,5,night,188,EXC005,Excavator,OP1025,6362.7,34.2,Cloudy,6.42,1403,86.9,75.3,56.3,12.65,3.2,7.33,0.45,0,20.7,Fastened,FALSE,LOW,normal,1
21:10:00,21,1,5,night,190,EXC005,Excavator,OP1025,6362.7,34.2,Cloudy,5.6,1285,90.9,75.2,50.9,12.53,1.8,7.07,0.33,1,18.3,Fastened,FALSE,LOW,normal,1
21:12:00,21,1,5,night,192,EXC005,Excavator,OP1025,6362.7,34.2,Cloudy,4.84,1250,86.2,75.1,41.7,13.31,3.01,9.01,0.6,4,18.3,Fastened,FALSE,LOW,normal,1
21:14:00,21,1,5,night,194,EXC005,Excavator,OP1025,6362.7,34.2,Cloudy,3.84,1402,87.6,75.1,57.5,14.15,2.33,7.35,0.92,2,6.1,Fastened,FALSE,MEDIUM,normal,1
21:16:00,21,1,5,night,196,EXC005,Excavator,OP1025,6362.7,34.2,Cloudy,2.23,1522,90,75,43.3,11.53,3.43,8.02,0.42,0,13.9,Fastened,FALSE,LOW,normal,1
21:18:00,21,1,5,night,198,EXC005,Excavator,OP1025,6362.8,34.2,Cloudy,7.66,1687,85,74.9,53.3,11.91,3.72,7.54,0.81,0,26.2,Fastened,FALSE,LOW,normal,1
21:20:00,21,1,5,night,200,EXC005,Excavator,OP1025,6362.8,34.2,Cloudy,6.59,1261,82.3,74.9,60,15.31,2.7,7.74,1.05,0,12.7,Fastened,FALSE,LOW,normal,1
21:22:00,21,1,5,night,202,EXC005,Excavator,OP1025,6362.8,34.2,Cloudy,8.07,1861,83.9,74.8,60,10.35,3.12,6.01,0.7,1,31,Fastened,FALSE,LOW,normal,1
21:24:00,21,1,5,night,204,EXC005,Excavator,OP1025,6362.8,34.2,Cloudy,5.6,1459,81.6,74.8,60,11.75,2.98,6.49,0.57,3,27.1,Unfastened,TRUE,LOW,normal,1
21:26:00,21,1,5,night,206,EXC005,Excavator,OP1025,6362.8,34.2,Cloudy,7.27,1596,84.7,74.7,44.4,8.58,2.51,5.88,1.04,0,17.9,Fastened,FALSE,LOW,normal,1
21:28:00,21,1,5,night,208,EXC005,Excavator,OP1025,6362.8,34.2,Cloudy,3.73,1053,91.6,74.7,60,10.85,3.07,6.18,4.74,15,20.8,Fastened,FALSE,LOW,erratic_accel,-1
21:30:00,21,1,5,night,210,EXC005,Excavator,OP1025,6362.8,34.2,Cloudy,4.24,1474,79.7,74.6,48,11.99,1.92,7.16,3.38,10,22.2,Fastened,FALSE,LOW,erratic_accel,-1
21:32:00,21,1,5,night,212,EXC005,Excavator,OP1025,6362.8,34.2,Cloudy,4.65,919,89.8,74.5,44.2,10.56,3.52,7.45,3.13,19,4.1,Unfastened,TRUE,MEDIUM,erratic_accel,-1
21:34:00,21,1,5,night,214,EXC005,Excavator,OP1025,6362.8,34.2,Cloudy,10.51,1491,82.8,74.5,51,13.44,3.87,8.56,3.63,12,18.5,Fastened,FALSE,LOW,erratic_accel,-1
21:36:00,21,1,5,night,216,EXC005,Excavator,OP1025,6362.8,34.2,Cloudy,3.91,2078,82.3,74.4,49.6,14.2,3.12,8.7,3.22,15,31.4,Fastened,FALSE,LOW,erratic_accel,-1
21:38:00,21,1,5,night,218,EXC005,Excavator,OP1025,6362.9,34.2,Cloudy,7.69,1100,83.3,74.3,45.6,9.06,2.29,5.97,4.22,13,14.3,Fastened,FALSE,LOW,erratic_accel,-1
21:40:00,21,1,5,night,220,EXC005,Excavator,OP1025,6362.9,34.2,Cloudy,9.95,1488,87.9,74.3,60,11.68,3.07,6.51,3.25,21,17.8,Unfastened,TRUE,LOW,erratic_accel,-1
21:42:00,21,1,5,night,222,EXC005,Excavator,OP1025,6362.9,34.2,Cloudy,5.83,1861,89.5,74.2,36.4,11.79,3.58,8.8,3.77,21,30.5,Fastened,FALSE,LOW,erratic_accel,-1
21:44:00,21,1,5,night,224,EXC005,Excavator,OP1025,6362.9,34.2,Cloudy,6.89,1732,86.3,74.2,59.2,11.67,2.64,6.32,2.86,24,21.6,Fastened,FALSE,LOW,erratic_accel,-1
21:46:00,21,1,5,night,226,EXC005,Excavator,OP1025,6362.9,34.2,Cloudy,6.18,1685,84.1,74.1,43,11.42,3.3,7.93,4.3,21,7.4,Unfastened,TRUE,MEDIUM,erratic_accel,-1
21:48:00,21,1,5,night,228,EXC005,Excavator,OP1025,6362.9,34.2,Cloudy,6.3,1762,85.6,74,60,11.1,2.77,6.1,3.93,22,22.4,Fastened,FALSE,LOW,erratic_accel,-1
21:50:00,21,1,5,night,230,EXC005,Excavator,OP1025,6362.9,34.2,Cloudy,2.31,1764,87.8,74,40.7,13.27,3.29,9.21,3.13,23,19,Fastened,FALSE,LOW,erratic_accel,-1
21:52:00,21,1,5,night,232,EXC005,Excavator,OP1025,6362.9,34.2,Cloudy,5.45,756,89.8,73.9,47.5,15.53,3.21,9.68,3.17,14,19.9,Fastened,FALSE,LOW,erratic_accel,-1
21:54:00,21,1,5,night,234,EXC005,Excavator,OP1025,6362.9,34.2,Cloudy,4.04,1205,88,73.8,55.4,11.73,2.72,6.74,4.09,12,22.8,Fastened,FALSE,LOW,erratic_accel,-1
21:56:00,21,1,5,night,236,EXC005,Excavator,OP1025,6362.9,34.2,Cloudy,8.1,1591,82.6,73.8,47.7,12.67,2.3,7.72,3.58,12,28.4,Fastened,FALSE,LOW,erratic_accel,-1
21:58:00,21,1,5,night,238,EXC005,Excavator,OP1025,6363,34.2,Cloudy,1.51,1996,87.4,73.7,60,14,2.6,7.16,0.61,0,17.4,Unfastened,FALSE,LOW,normal,1
22:00:00,22,1,5,night,240,EXC005,Excavator,OP1025,6363,34.2,Cloudy,5.69,1799,91.8,73.6,59,15.22,3.19,8.12,0.91,3,24.7,Fastened,FALSE,LOW,normal,1
22:02:00,22,1,5,night,242,EXC005,Excavator,OP1025,6363,34.2,Cloudy,4.81,1330,93.1,73.6,56.7,9.45,2.57,5.55,0.14,1,13.6,Fastened,FALSE,LOW,normal,1
22:04:00,22,1,5,night,244,EXC005,Excavator,OP1025,6363,34.2,Cloudy,6.12,1524,85.6,73.5,58.4,12.39,3.18,7.01,0.59,1,31.5,Fastened,FALSE,LOW,normal,1
22:06:00,22,1,5,night,246,EXC005,Excavator,OP1025,6363,34.2,Cloudy,4.03,1504,89.1,73.5,44.8,11.17,3.46,7.72,0.57,1,12.3,Unfastened,TRUE,LOW,normal,1
22:08:00,22,1,5,night,248,EXC005,Excavator,OP1025,6363,34.2,Cloudy,6.9,1009,85.3,73.4,57.7,14.84,3.17,8.11,0.86,2,12.1,Unfastened,TRUE,LOW,normal,1
22:10:00,22,1,5,night,250,EXC005,Excavator,OP1025,6363,34.2,Cloudy,3.97,1091,92.7,73.3,54.4,12.21,2.41,6.88,0.74,3,10.5,Unfastened,TRUE,LOW,normal,1
22:12:00,22,1,5,night,252,EXC005,Excavator,OP1025,6363,34.2,Cloudy,8.85,1428,88.6,73.3,51.9,11.11,2.84,6.82,0.7,0,32.2,Fastened,FALSE,LOW,normal,1
22:14:00,22,1,5,night,254,EXC005,Excavator,OP1025,6363,34.2,Cloudy,6.29,1862,91,73.2,60,12.53,2.71,6.64,0.53,4,4.9,Fastened,FALSE,MEDIUM,normal,1
22:16:00,22,1,5,night,256,EXC005,Excavator,OP1025,6363,34.2,Cloudy,5.75,1260,86.7,73.2,49.8,10.27,3.34,6.82,0.62,0,2.8,Fastened,TRUE,HIGH,normal,1
22:18:00,22,1,5,night,258,EXC005,Excavator,OP1025,6363.1,34.2,Cloudy,4.99,1484,91.9,73.1,52.6,12.96,2.8,7.62,0.01,3,10,Fastened,FALSE,LOW,normal,1
22:20:00,22,1,5,night,260,EXC005,Excavator,OP1025,6363.1,34.2,Cloudy,4.26,1730,85.7,73.1,49.8,11.47,3.24,7.37,0.36,0,21.2,Fastened,FALSE,LOW,normal,1
22:22:00,22,1,5,night,262,EXC005,Excavator,OP1025,6363.1,34.2,Cloudy,5.19,1863,87.9,73,54.5,10.82,2.81,6.45,0.59,3,32.3,Fastened,FALSE,LOW,normal,1
22:24:00,22,1,5,night,264,EXC005,Excavator,OP1025,6363.1,34.2,Cloudy,8.99,1412,88.3,72.9,57.4,11.5,3.09,6.67,0.81,1,18,Fastened,FALSE,LOW,normal,1
22:26:00,22,1,5,night,266,EXC005,Excavator,OP1025,6363.1,34.2,Cloudy,5.57,946,85.2,72.9,49.7,11.57,2.39,7.01,0.51,3,26.1,Fastened,FALSE,LOW,normal,1
22:28:00,22,1,5,night,268,EXC005,Excavator,OP1025,6363.1,34.2,Cloudy,6.45,1886,87.5,72.8,45.9,10.99,3.71,7.65,1.39,2,12.9,Fastened,FALSE,LOW,normal,1
22:30:00,22,1,5,night,270,EXC005,Excavator,OP1025,6363.1,34.2,Cloudy,6.49,1368,83.3,72.8,57.5,14.03,2.32,7.3,0.87,2,20.6,Fastened,FALSE,LOW,normal,1
22:32:00,22,1,5,night,272,EXC005,Excavator,OP1025,6363.1,34.2,Cloudy,8.89,1515,89.9,72.7,56.8,11.69,3.09,6.81,0.1,4,6.4,Fastened,FALSE,MEDIUM,normal,1
22:34:00,22,1,5,night,274,EXC005,Excavator,OP1025,6363.1,34.2,Cloudy,4.8,1501,92,72.6,60,14.88,2.55,7.48,1.2,1,17.2,Fastened,FALSE,LOW,normal,1
22:36:00,22,1,5,night,276,EXC005,Excavator,OP1025,6363.1,34.2,Cloudy,5.59,1225,87.6,72.6,60,12.78,2.98,6.9,1.11,1,16.4,Fastened,FALSE,LOW,normal,1
22:38:00,22,1,5,night,278,EXC005,Excavator,OP1025,6363.2,34.2,Cloudy,5.87,1990,88.7,72.5,60,13.08,3.03,7.05,0.79,4,22.3,Unfastened,TRUE,LOW,normal,1
22:40:00,22,1,5,night,280,EXC005,Excavator,OP1025,6363.2,34.2,Cloudy,7.49,1058,89.9,72.5,41.9,12.28,3.58,8.63,0.65,1,19.9,Fastened,FALSE,LOW,normal,1
22:42:00,22,1,5,night,282,EXC005,Excavator,OP1025,6363.2,34.2,Cloudy,6.17,1887,90.2,72.4,58,9.44,2.65,5.5,0.54,0,25.1,Fastened,FALSE,LOW,normal,1
22:44:00,22,1,5,night,284,EXC005,Excavator,OP1025,6363.2,34.2,Cloudy,7.96,1373,88.3,72.3,38.6,12.83,3.02,9.04,0.7,0,29.9,Fastened,FALSE,LOW,normal,1
22:46:00,22,1,5,night,286,EXC005,Excavator,OP1025,6363.2,34.2,Cloudy,5.16,1195,90,72.3,49.7,11.81,2.28,7.07,0.83,2,25.1,Fastened,FALSE,LOW,normal,1
22:48:00,22,1,5,night,288,EXC005,Excavator,OP1025,6363.2,34.2,Cloudy,6.05,1670,82.3,72.2,54.7,8.74,2.31,5.22,0.79,3,10.3,Fastened,FALSE,LOW,normal,1
22:50:00,22,1,5,night,290,EXC005,Excavator,OP1025,6363.2,34.2,Cloudy,6.57,1259,86.8,72.2,60,9.92,3.25,5.92,0.86,1,11.5,Fastened,FALSE,LOW,normal,1
22:52:00,22,1,5,night,292,EXC005,Excavator,OP1025,6363.2,34.2,Cloudy,8.96,1563,87.7,72.1,53.9,12.59,2.97,7.4,0.32,2,24.3,Fastened,FALSE,LOW,normal,1
22:54:00,22,1,5,night,294,EXC005,Excavator,OP1025,6363.2,34.2,Cloudy,7.61,1449,89.7,72.1,51.7,11.31,3.26,7.15,0,1,20.8,Fastened,FALSE,LOW,normal,1
22:56:00,22,1,5,night,296,EXC005,Excavator,OP1025,6363.3,34.2,Cloudy,5.16,1607,85.1,72,58.8,10.71,3.09,6.23,0.79,3,17.8,Fastened,FALSE,LOW,normal,1
22:58:00,22,1,5,night,298,EXC005,Excavator,OP1025,6363.3,34.2,Cloudy,7.09,1304,82.5,71.9,42.4,12.29,3.35,8.5,0.46,0,31.2,Fastened,FALSE,LOW,normal,1
23:00:00,23,1,5,night,300,EXC005,Excavator,OP1025,6363.3,34.2,Cloudy,5.21,1650,90.5,71.9,54.3,11.87,3.34,7.24,0.98,2,19.4,Fastened,FALSE,LOW,normal,1
23:02:00,23,1,5,night,302,EXC005,Excavator,OP1025,6363.3,34.2,Cloudy,7.53,1471,85.4,71.8,52.8,12.96,3.09,7.75,0.72,1,11.9,Fastened,FALSE,LOW,normal,1
23:04:00,23,1,5,night,304,EXC005,Excavator,OP1025,6363.3,34.2,Cloudy,7.52,1198,87,71.8,56,12.52,2.74,7.04,5.21,19,22.3,Fastened,FALSE,LOW,erratic_accel,-1
23:06:00,23,1,5,night,306,EXC005,Excavator,OP1025,6363.3,34.2,Cloudy,6.14,1174,86.6,71.7,50,10.94,2.8,6.87,3.69,14,12.9,Fastened,FALSE,LOW,erratic_accel,-1
23:08:00,23,1,5,night,308,EXC005,Excavator,OP1025,6363.3,34.2,Cloudy,3.45,1795,84.2,71.7,60,9.18,2.44,5.14,4.17,18,29.8,Fastened,FALSE,LOW,erratic_accel,-1
23:10:00,23,1,5,night,310,EXC005,Excavator,OP1025,6363.3,34.2,Cloudy,8.83,1676,93.3,71.6,50.1,12.53,2.16,7.33,4.02,22,14.7,Fastened,FALSE,LOW,erratic_accel,-1
23:12:00,23,1,5,night,312,EXC005,Excavator,OP1025,6363.3,34.2,Cloudy,6.59,1551,88,71.5,60,12.7,2.5,6.58,4.47,22,8.8,Fastened,FALSE,LOW,erratic_accel,-1
23:14:00,23,1,5,night,314,EXC005,Excavator,OP1025,6363.3,34.2,Cloudy,7.42,1169,88,71.5,60,12.19,2.66,6.47,4.74,10,24,Fastened,FALSE,LOW,erratic_accel,-1
23:16:00,23,1,5,night,316,EXC005,Excavator,OP1025,6363.4,34.2,Cloudy,6.42,1205,88.8,71.4,47.6,13.45,3.59,8.76,3.94,16,19,Fastened,FALSE,LOW,erratic_accel,-1
23:18:00,23,1,5,night,318,EXC005,Excavator,OP1025,6363.4,34.2,Cloudy,4.08,1749,85.6,71.4,54.4,13.04,2.48,7.3,4.46,10,20.6,Fastened,FALSE,LOW,erratic_accel,-1
23:20:00,23,1,5,night,320,EXC005,Excavator,OP1025,6363.4,34.2,Cloudy,8.38,1012,88,71.3,39,13.47,3.1,9.43,3.6,14,4.4,Fastened,FALSE,MEDIUM,erratic_accel,-1
23:22:00,23,1,5,night,322,EXC005,Excavator,OP1025,6363.4,34.2,Cloudy,1.55,1381,85.7,71.2,54.5,14.03,2.68,7.84,2.9,10,17,Fastened,FALSE,LOW,erratic_accel,-1
23:24:00,23,1,5,night,324,EXC005,Excavator,OP1025,6363.4,34.2,Cloudy,3.19,1155,89.6,71.2,49.5,9.69,2.44,6.1,4.09,13,31.3,Fastened,FALSE,LOW,erratic_accel,-1
23:26:00,23,1,5,night,326,EXC005,Excavator,OP1025,6363.4,34.2,Cloudy,3.71,1140,89,71.1,53.4,13.23,3.53,8.05,3.81,14,19.1,Fastened,FALSE,LOW,erratic_accel,-1
23:28:00,23,1,5,night,328,EXC005,Excavator,OP1025,6363.4,34.2,Cloudy,5.1,1403,85,71,47.6,9.41,2.91,6.32,2.72,24,22.6,Fastened,FALSE,LOW,erratic_accel,-1
23:30:00,23,1,5,night,330,EXC005,Excavator,OP1025,6363.4,34.2,Cloudy,5.87,1357,83.7,71,54.1,12.01,2.93,7.1,0.45,0,5.9,Fastened,FALSE,MEDIUM,normal,1
23:32:00,23,1,5,night,332,EXC005,Excavator,OP1025,6363.4,34.2,Cloudy,9.65,2063,86.8,70.9,60,11.77,2.63,6.29,0.41,1,23.1,Fastened,FALSE,LOW,normal,1
23:34:00,23,1,5,night,334,EXC005,Excavator,OP1025,6363.4,34.2,Cloudy,3.71,1627,91.2,70.9,45.9,11.07,3.2,7.46,0.71,2,14,Fastened,FALSE,LOW,normal,1
23:36:00,23,1,5,night,336,EXC005,Excavator,OP1025,6363.5,34.2,Cloudy,5.49,2043,84,70.8,56.8,10.5,1.79,5.55,0.94,0,13.8,Unfastened,TRUE,LOW,normal,1
23:38:00,23,1,5,night,338,EXC005,Excavator,OP1025,6363.5,34.2,Cloudy,4.24,1207,91.6,70.8,53.1,9.41,3.7,6.38,0.97,1,26.6,Fastened,FALSE,LOW,normal,1
23:40:00,23,1,5,night,340,EXC005,Excavator,OP1025,6363.5,34.2,Cloudy,4.62,1168,90.2,70.7,60,11.2,3.08,6.33,0.18,2,11.9,Fastened,FALSE,LOW,normal,1
23:42:00,23,1,5,night,342,EXC005,Excavator,OP1025,6363.5,34.2,Cloudy,6.87,1092,91.6,70.7,56.9,10.19,2.82,6,0.5,0,33.5,Unfastened,TRUE,LOW,normal,1
23:44:00,23,1,5,night,344,EXC005,Excavator,OP1025,6363.5,34.2,Cloudy,6.06,1782,84.1,70.6,60,9.65,2.02,5.07,0.93,2,24.5,Fastened,FALSE,LOW,normal,1
23:46:00,23,1,5,night,346,EXC005,Excavator,OP1025,6363.5,34.2,Cloudy,4.76,1570,87.3,70.6,57.6,12.67,2.72,6.94,0.74,4,11.4,Fastened,FALSE,LOW,normal,1
23:48:00,23,1,5,night,348,EXC005,Excavator,OP1025,6363.5,34.2,Cloudy,7.67,1360,88.6,70.5,58.7,14.08,2.47,7.26,1.03,0,5,Fastened,FALSE,MEDIUM,normal,1
23:50:00,23,1,5,night,350,EXC005,Excavator,OP1025,6363.5,34.2,Cloudy,1.92,2316,83.5,70.4,37.9,10.56,2.63,7.55,0.8,0,27.8,Fastened,FALSE,LOW,normal,1
23:52:00,23,1,5,night,352,EXC005,Excavator,OP1025,6363.5,34.2,Cloudy,3.71,1086,88,70.4,59.2,12.1,2.35,6.33,1.11,3,15.9,Fastened,FALSE,LOW,normal,1
23:54:00,23,1,5,night,354,EXC005,Excavator,OP1025,6363.5,34.2,Cloudy,5.73,1684,87.8,70.3,55.3,11.61,3.35,7.04,1.06,2,7.6,Fastened,FALSE,MEDIUM,normal,1
23:56:00,23,1,5,night,356,EXC005,Excavator,OP1025,6363.6,34.2,Cloudy,8.46,1311,80.7,70.3,48.2,11.61,2.48,7.21,0.68,1,12.6,Fastened,FALSE,LOW,normal,1
23:58:00,23,1,5,night,358,EXC005,Excavator,OP1025,6363.6,34.2,Cloudy,4.75,1633,85.6,70.2,49.7,12.87,3.47,8.2,0.72,0,21,Fastened,FALSE,LOW,normal,1
00:00:00,0,2,5,night,360,EXC005,Excavator,OP1025,6363.6,34.2,Cloudy,5.37,1494,88.7,70.1,54.2,10.32,2.66,6.17,0.51,2,8.6,Fastened,FALSE,LOW,normal,1
00:02:00,0,2,5,night,362,EXC005,Excavator,OP1025,6363.6,34.2,Cloudy,6.29,1525,85.9,70.1,46.6,12.72,3.5,8.42,1.24,4,36.1,Fastened,FALSE,LOW,normal,1
00:04:00,0,2,5,night,364,EXC005,Excavator,OP1025,6363.6,34.2,Cloudy,5.38,961,84.4,70,54.6,11.76,3.02,6.99,0.85,2,17.7,Fastened,FALSE,LOW,normal,1
00:06:00,0,2,5,night,366,EXC005,Excavator,OP1025,6363.6,34.2,Cloudy,5.58,1032,85.8,69.9,49.3,12.68,3.65,8.23,0.92,3,13.3,Fastened,FALSE,LOW,normal,1
00:08:00,0,2,5,night,368,EXC005,Excavator,OP1025,6363.6,34.2,Cloudy,3,1925,85.8,69.9,54.5,15.43,3.23,8.78,1.03,0,7.9,Unfastened,TRUE,MEDIUM,normal,1
00:10:00,0,2,5,night,370,EXC005,Excavator,OP1025,6363.6,34.2,Cloudy,4.86,1280,84.6,69.8,60,10.9,3.17,6.26,0.31,2,3.8,Fastened,FALSE,MEDIUM,normal,1
00:12:00,0,2,5,night,372,EXC005,Excavator,OP1025,6363.6,34.2,Cloudy,2.85,1558,83.9,69.7,45.3,16.03,2.64,9.96,0.6,3,15.7,Fastened,FALSE,LOW,normal,1
00:14:00,0,2,5,night,374,EXC005,Excavator,OP1025,6363.6,34.2,Cloudy,6.1,1389,92.1,69.7,45.2,15.81,3.15,10.09,0.65,1,5.2,Fastened,FALSE,MEDIUM,normal,1
00:16:00,0,2,5,night,376,EXC005,Excavator,OP1025,6363.7,34.2,Cloudy,6.93,1168,83.2,69.6,56.8,9.39,3.05,5.79,0.78,1,13.6,Fastened,FALSE,LOW,normal,1
00:18:00,0,2,5,night,378,EXC005,Excavator,OP1025,6363.7,34.2,Cloudy,3.72,1281,86,69.6,60,10.75,2.23,5.64,0.78,0,26.9,Unfastened,TRUE,LOW,normal,1
00:20:00,0,2,5,night,380,EXC005,Excavator,OP1025,6363.7,34.2,Cloudy,7.19,600,87.3,69.5,58.2,13.22,3.52,7.57,0.77,1,13.6,Fastened,FALSE,LOW,normal,1
00:22:00,0,2,5,night,382,EXC005,Excavator,OP1025,6363.7,34.2,Cloudy,6.08,1266,91.4,69.4,55.4,11.53,3.06,6.84,1.17,2,22.3,Fastened,FALSE,LOW,normal,1
00:24:00,0,2,5,night,384,EXC005,Excavator,OP1025,6363.7,34.2,Cloudy,2.44,1446,91.3,69.4,44.7,11.12,2.88,7.44,0.87,0,23.8,Fastened,FALSE,LOW,normal,1
00:26:00,0,2,5,night,386,EXC005,Excavator,OP1025,6363.7,34.2,Cloudy,7.55,1002,85.9,69.3,50.5,11.45,2.92,7.14,0.89,1,3.3,Fastened,FALSE,MEDIUM,normal,1
00:28:00,0,2,5,night,388,EXC005,Excavator,OP1025,6363.7,34.2,Cloudy,7.03,1891,83.6,69.3,58.1,10.94,3.94,6.87,0.96,3,15,Unfastened,TRUE,LOW,normal,1
00:30:00,0,2,5,night,390,EXC005,Excavator,OP1025,6363.7,34.2,Cloudy,8.5,1625,86.7,69.2,60,13.76,3,7.3,1.17,1,11.1,Fastened,FALSE,LOW,normal,1
00:32:00,0,2,5,night,392,EXC005,Excavator,OP1025,6363.7,34.2,Cloudy,7.16,1404,86,69.2,53.5,10.23,2.82,6.27,0.72,3,25.3,Unfastened,TRUE,LOW,normal,1
00:34:00,0,2,5,night,394,EXC005,Excavator,OP1025,6363.7,34.2,Cloudy,5.03,1771,80.2,69.1,47.7,11.83,2.12,7.2,1,2,12.7,Unfastened,TRUE,LOW,normal,1
00:36:00,0,2,5,night,396,EXC005,Excavator,OP1025,6363.8,34.2,Cloudy,3.92,1376,87.2,69,49.4,13.31,3.47,8.45,0.79,0,15.2,Fastened,FALSE,LOW,normal,1
00:38:00,0,2,5,night,398,EXC005,Excavator,OP1025,6363.8,34.2,Cloudy,2.41,1168,83,69,48.5,12.31,2.87,7.73,0.98,1,22,Fastened,FALSE,LOW,normal,1
00:40:00,0,2,5,night,400,EXC005,Excavator,OP1025,6363.8,34.2,Cloudy,6.58,1561,88,68.9,52.1,12.11,3.5,7.62,0.38,0,26.3,Fastened,FALSE,LOW,normal,1
00:42:00,0,2,5,night,402,EXC005,Excavator,OP1025,6363.8,34.2,Cloudy,5.73,1469,85.3,68.9,58.1,8,2.67,4.9,1.18,1,20.1,Fastened,FALSE,LOW,normal,1
00:44:00,0,2,5,night,404,EXC005,Excavator,OP1025,6363.8,34.2,Cloudy,4.67,1352,87.8,68.8,49.4,15.31,2.83,9.14,0.5,4,6.7,Fastened,FALSE,MEDIUM,normal,1
00:46:00,0,2,5,night,406,EXC005,Excavator,OP1025,6363.8,34.2,Cloudy,8.29,953,90.8,68.7,46.4,11.93,2.66,7.63,0.7,2,15.5,Fastened,FALSE,LOW,normal,1
00:48:00,0,2,5,night,408,EXC005,Excavator,OP1025,6363.8,34.2,Cloudy,2.04,1598,86.7,68.7,60,9.24,2.88,5.42,0.95,2,10.2,Fastened,FALSE,LOW,normal,1
00:50:00,0,2,5,night,410,EXC005,Excavator,OP1025,6363.8,34.2,Cloudy,6.87,1633,87.7,68.6,51.4,11.61,2.67,7.01,0.15,3,12.5,Unfastened,TRUE,LOW,normal,1
00:52:00,0,2,5,night,412,EXC005,Excavator,OP1025,6363.8,34.2,Cloudy,4.66,1465,85.8,68.6,56.4,11.97,2.12,6.41,0.53,0,29.7,Fastened,FALSE,LOW,normal,1
00:54:00,0,2,5,night,414,EXC005,Excavator,OP1025,6363.8,34.2,Cloudy,6.42,987,85,68.5,51.2,14.08,3.17,8.49,0.26,1,14.5,Unfastened,TRUE,LOW,normal,1
00:56:00,0,2,5,night,416,EXC005,Excavator,OP1025,6363.9,34.2,Cloudy,4.47,1215,80.9,68.4,49.3,15.39,2.55,9.06,1.03,3,11.9,Fastened,FALSE,LOW,normal,1
00:58:00,0,2,5,night,418,EXC005,Excavator,OP1025,6363.9,34.2,Cloudy,6.74,1937,89.1,68.3,50.2,15.99,3.23,9.58,1.01,3,18.2,Fastened,FALSE,LOW,normal,1
01:00:00,1,2,5,night,420,EXC005,Excavator,OP1025,6363.9,34.2,Cloudy,2.51,1385,88.4,68.3,45.8,11.83,3.38,7.96,0.76,2,12.3,Fastened,FALSE,LOW,normal,1
01:02:00,1,2,5,night,422,EXC005,Excavator,OP1025,6363.9,34.2,Cloudy,7.78,1324,86.7,68.2,45.2,12.26,3.78,8.43,0.56,4,11.3,Fastened,FALSE,LOW,normal,1
01:04:00,1,2,5,night,424,EXC005,Excavator,OP1025,6363.9,34.2,Cloudy,1.87,1875,81.2,68.1,56.7,11.89,3.51,7.14,1.33,2,16,Fastened,FALSE,LOW,normal,1
01:06:00,1,2,5,night,426,EXC005,Excavator,OP1025,6363.9,34.2,Cloudy,3.44,1254,91.1,68.1,55.7,12.13,1.63,6.28,0.66,3,12,Fastened,FALSE,LOW,normal,1
01:08:00,1,2,5,night,428,EXC005,Excavator,OP1025,6363.9,34.2,Cloudy,6.82,1816,84.8,68,45,11.12,2.26,7.13,0.87,4,29.8,Fastened,FALSE,LOW,normal,1
01:10:00,1,2,5,night,430,EXC005,Excavator,OP1025,6363.9,34.2,Cloudy,5.51,1586,82.8,68,60,13.86,2.29,6.92,0.66,0,12.8,Fastened,FALSE,LOW,normal,1
01:12:00,1,2,5,night,432,EXC005,Excavator,OP1025,6363.9,34.2,Cloudy,4.66,1388,82.8,67.9,53.1,12.25,3.63,7.67,1.04,4,20.4,Fastened,FALSE,LOW,normal,1
01:14:00,1,2,5,night,434,EXC005,Excavator,OP1025,6364,34.2,Cloudy,5.03,2005,87.8,67.8,56.6,11.9,3.43,7.11,0.23,4,2.4,Fastened,TRUE,HIGH,normal,1
01:16:00,1,2,5,night,436,EXC005,Excavator,OP1025,6364,34.2,Cloudy,6.46,1453,88.8,67.8,48.4,10.37,2.73,6.67,0.75,4,9.8,Fastened,FALSE,LOW,normal,1
01:18:00,1,2,5,night,438,EXC005,Excavator,OP1025,6364,34.2,Cloudy,4.57,1567,87.4,67.7,56.9,8.24,2.61,5.04,0.72,1,13.3,Fastened,FALSE,LOW,normal,1
01:20:00,1,2,5,night,440,EXC005,Excavator,OP1025,6364,34.2,Cloudy,5.08,1962,87.9,67.7,60,10.9,4.21,6.89,0.97,0,24.5,Fastened,FALSE,LOW,normal,1
01:22:00,1,2,5,night,442,EXC005,Excavator,OP1025,6364,34.2,Cloudy,7.95,1464,82.6,67.6,58.8,13.14,3.56,7.51,0.75,0,24.3,Fastened,FALSE,LOW,normal,1
01:24:00,1,2,5,night,444,EXC005,Excavator,OP1025,6364,34.2,Cloudy,6.37,1710,91.9,67.6,50.5,11.11,4.06,7.55,0.88,0,25.3,Fastened,FALSE,LOW,normal,1
01:26:00,1,2,5,night,446,EXC005,Excavator,OP1025,6364,34.2,Cloudy,4.45,1341,82.9,67.5,47.2,16.97,2.82,10.29,0.75,0,5.5,Fastened,FALSE,MEDIUM,normal,1
01:28:00,1,2,5,night,448,EXC005,Excavator,OP1025,6364,34.2,Cloudy,4.86,1775,88.7,67.4,45.9,11.65,2.56,7.48,0.46,0,25.9,Fastened,FALSE,LOW,normal,1
01:30:00,1,2,5,night,450,EXC005,Excavator,OP1025,6364,34.2,Cloudy,6.45,1419,91.1,67.4,59.8,9.82,3.52,6.05,0.58,2,11.5,Fastened,FALSE,LOW,normal,1
01:32:00,1,2,5,night,452,EXC005,Excavator,OP1025,6364,34.2,Cloudy,4.11,1383,83.1,67.3,60,8.57,2.46,4.9,1.09,1,21.3,Fastened,FALSE,LOW,normal,1
01:34:00,1,2,5,night,454,EXC005,Excavator,OP1025,6364.1,34.2,Cloudy,5.03,1217,89.2,67.3,57.7,11.83,2.87,6.66,0.46,3,0.5,Fastened,TRUE,HIGH,normal,1
01:36:00,1,2,5,night,456,EXC005,Excavator,OP1025,6364.1,34.2,Cloudy,3.83,1256,86.3,67.2,60,13.55,2.83,7.12,0.77,2,25.1,Fastened,FALSE,LOW,normal,1
01:38:00,1,2,5,night,458,EXC005,Excavator,OP1025,6364.1,34.2,Cloudy,3.41,1548,89,67.1,51.2,15.09,2.6,8.7,1.09,0,28.5,Fastened,FALSE,LOW,normal,1
01:40:00,1,2,5,night,460,EXC005,Excavator,OP1025,6364.1,34.2,Cloudy,4.7,1515,86.8,67.1,59.9,12.53,2.45,6.49,0.78,4,18.9,Fastened,FALSE,LOW,normal,1
01:42:00,1,2,5,night,462,EXC005,Excavator,OP1025,6364.1,34.2,Cloudy,3.89,1527,85.1,67,50.4,12.66,3.08,7.83,0.49,2,20.5,Fastened,FALSE,LOW,normal,1
01:44:00,1,2,5,night,464,EXC005,Excavator,OP1025,6364.1,34.2,Cloudy,5.39,1735,80.4,67,60,11.25,3.22,6.43,1,4,24.6,Fastened,FALSE,LOW,normal,1
01:46:00,1,2,5,night,466,EXC005,Excavator,OP1025,6364.1,34.2,Cloudy,4.81,1884,91.9,66.9,58.8,12.67,3.51,7.28,0.18,0,19.7,Fastened,FALSE,LOW,normal,1
01:48:00,1,2,5,night,468,EXC005,Excavator,OP1025,6364.1,34.2,Cloudy,4.68,1332,90.3,66.8,60,11.35,3.07,6.38,0.65,4,22.8,Fastened,FALSE,LOW,normal,1
01:50:00,1,2,5,night,470,EXC005,Excavator,OP1025,6364.1,34.2,Cloudy,7.67,1322,88,66.8,59.4,8.01,3.21,5.16,0.87,1,1.4,Fastened,TRUE,HIGH,proximity_breach,-1
01:52:00,1,2,5,night,472,EXC005,Excavator,OP1025,6364.1,34.2,Cloudy,8.28,1272,84,66.7,51,15.56,3.48,9.4,0.54,3,1.5,Fastened,TRUE,HIGH,proximity_breach,-1
01:54:00,1,2,5,night,474,EXC005,Excavator,OP1025,6364.2,34.2,Cloudy,6.32,1321,86.7,66.7,49,14.31,2.47,8.51,0.64,2,2.1,Fastened,TRUE,HIGH,proximity_breach,-1
01:56:00,1,2,5,night,476,EXC005,Excavator,OP1025,6364.2,34.2,Cloudy,7.34,1419,88.4,66.6,57.3,13.13,2.74,7.18,0.58,4,2.3,Fastened,TRUE,HIGH,proximity_breach,-1
01:58:00,1,2,5,night,478,EXC005,Excavator,OP1025,6364.2,34.2,Cloudy,11.4,1198,85,66.5,56.1,12.61,2.57,6.98,1.08,2,1.9,Unfastened,TRUE,HIGH,proximity_breach,-1
02:00:00,2,2,5,night,480,EXC005,Excavator,OP1025,6364.2,34.2,Cloudy,7.41,1289,83.1,66.5,57.4,10.96,2.74,6.24,0.67,4,2,Fastened,TRUE,HIGH,proximity_breach,-1
02:02:00,2,2,5,night,482,EXC005,Excavator,OP1025,6364.2,34.2,Cloudy,6.16,1324,86.9,66.4,60,8,3.01,5.01,1.02,0,0.5,Fastened,TRUE,HIGH,proximity_breach,-1
02:04:00,2,2,5,night,484,EXC005,Excavator,OP1025,6364.2,34.2,Cloudy,7.78,1334,83.2,66.4,55.2,16.72,3.11,9.21,0.53,4,1.3,Fastened,TRUE,HIGH,proximity_breach,-1
02:06:00,2,2,5,night,486,EXC005,Excavator,OP1025,6364.2,34.2,Cloudy,6.54,1267,86.3,66.3,51,11.34,3.96,7.58,0.62,1,2.1,Fastened,TRUE,HIGH,proximity_breach,-1
02:08:00,2,2,5,night,488,EXC005,Excavator,OP1025,6364.2,34.2,Cloudy,6.93,1385,79.7,66.2,39.5,10.78,2.33,7.44,0.85,4,2.6,Unfastened,TRUE,HIGH,proximity_breach,-1
02:10:00,2,2,5,night,490,EXC005,Excavator,OP1025,6364.2,34.2,Cloudy,5.78,1465,88.2,66.2,56.2,8.77,2.62,5.31,0.83,1,1.9,Fastened,TRUE,HIGH,proximity_breach,-1
02:12:00,2,2,5,night,492,EXC005,Excavator,OP1025,6364.2,34.2,Cloudy,7.96,1932,87.5,66.1,60,12.4,2.63,6.54,1.01,2,2,Fastened,TRUE,HIGH,proximity_breach,-1
02:14:00,2,2,5,night,494,EXC005,Excavator,OP1025,6364.3,34.2,Cloudy,11.12,1862,87.9,66.1,58,11.28,3.07,6.52,0.66,4,0.4,Fastened,TRUE,HIGH,proximity_breach,-1
02:16:00,2,2,5,night,496,EXC005,Excavator,OP1025,6364.3,34.2,Cloudy,5.88,1434,91.9,66,60,15.97,3.89,8.72,0.9,4,2.2,Fastened,TRUE,HIGH,proximity_breach,-1
02:18:00,2,2,5,night,498,EXC005,Excavator,OP1025,6364.3,34.2,Cloudy,6.73,1625,84.2,66,37.3,9.78,3.34,7.38,0.69,0,1.5,Fastened,TRUE,HIGH,proximity_breach,-1
02:20:00,2,2,5,night,500,EXC005,Excavator,OP1025,6364.3,34.2,Cloudy,6.07,1902,90.3,65.9,60,13.64,3.02,7.27,1.01,0,3.2,Fastened,FALSE,MEDIUM,proximity_breach,-1
02:22:00,2,2,5,night,502,EXC005,Excavator,OP1025,6364.3,34.2,Cloudy,6.31,1531,87.7,65.8,49.5,14.33,2.43,8.44,0.75,3,1.9,Fastened,TRUE,HIGH,proximity_breach,-1
02:24:00,2,2,5,night,504,EXC005,Excavator,OP1025,6364.3,34.2,Cloudy,7.62,1822,89.8,65.8,51.8,10.89,3.22,6.92,0.26,4,1.4,Fastened,TRUE,HIGH,proximity_breach,-1
02:26:00,2,2,5,night,506,EXC005,Excavator,OP1025,6364.3,34.2,Cloudy,7.25,1478,89.5,65.7,55,12.29,2.36,6.83,0.26,1,1.2,Fastened,TRUE,HIGH,proximity_breach,-1
02:28:00,2,2,5,night,508,EXC005,Excavator,OP1025,6364.3,34.2,Cloudy,1.74,1577,81.5,65.6,49.7,15.11,3.79,9.48,0.51,0,15.6,Fastened,FALSE,LOW,normal,1
02:30:00,2,2,5,night,510,EXC005,Excavator,OP1025,6364.3,34.2,Cloudy,5.38,2323,88.5,65.6,57.1,12.61,2.33,6.74,1.01,0,16.6,Fastened,FALSE,LOW,normal,1
02:32:00,2,2,5,night,512,EXC005,Excavator,OP1025,6364.3,34.2,Cloudy,6.42,1052,86.9,65.5,50.7,11.07,2.47,6.71,0.36,2,15.4,Fastened,FALSE,LOW,normal,1
02:34:00,2,2,5,night,514,EXC005,Excavator,OP1025,6364.4,34.2,Cloudy,4.01,1479,89.4,65.5,56.2,9.92,3.02,6.04,0.23,3,40.4,Fastened,FALSE,LOW,normal,1
02:36:00,2,2,5,night,516,EXC005,Excavator,OP1025,6364.4,34.2,Cloudy,5.01,1684,88,65.4,53.3,10.66,2.88,6.51,1.05,4,33.2,Fastened,FALSE,LOW,normal,1
02:38:00,2,2,5,night,518,EXC005,Excavator,OP1025,6364.4,34.2,Cloudy,5.41,1302,91.4,65.3,51.1,12.51,2.73,7.51,0.63,0,16.7,Fastened,FALSE,LOW,normal,1
02:40:00,2,2,5,night,520,EXC005,Excavator,OP1025,6364.4,34.2,Cloudy,5.22,1254,86.9,65.3,42.6,12.42,2.59,8.23,0.41,2,16.6,Fastened,FALSE,LOW,normal,1
02:42:00,2,2,5,night,522,EXC005,Excavator,OP1025,6364.4,34.2,Cloudy,6.47,1774,84.1,65.2,55.1,10.66,2.27,6.04,0.95,2,31.2,Fastened,FALSE,LOW,normal,1
02:44:00,2,2,5,night,524,EXC005,Excavator,OP1025,6364.4,34.2,Cloudy,4.73,1481,88.1,65.2,42.7,12.55,2.72,8.35,0.54,3,13.5,Unfastened,TRUE,LOW,normal,1
02:46:00,2,2,5,night,526,EXC005,Excavator,OP1025,6364.4,34.2,Cloudy,6.96,1105,82.1,65.1,56.3,10.95,3.6,6.81,0.91,0,22.8,Fastened,FALSE,LOW,normal,1
02:48:00,2,2,5,night,528,EXC005,Excavator,OP1025,6364.4,34.2,Cloudy,6.4,1454,87,65,55.7,17,3.28,9.36,0.67,2,15.8,Fastened,FALSE,LOW,normal,1
02:50:00,2,2,5,night,530,EXC005,Excavator,OP1025,6364.4,34.2,Cloudy,6.34,1041,83.2,65,50.7,14.29,1.83,7.97,0.99,4,9.5,Fastened,FALSE,LOW,normal,1
02:52:00,2,2,5,night,532,EXC005,Excavator,OP1025,6364.4,34.2,Cloudy,3.83,1145,88.5,64.9,57.4,11.42,2.46,6.28,0.73,3,13.5,Fastened,FALSE,LOW,normal,1
02:54:00,2,2,5,night,534,EXC005,Excavator,OP1025,6364.5,34.2,Cloudy,9.62,1237,83.3,64.8,39.9,11.29,3.37,8.13,0.65,4,16.2,Fastened,FALSE,LOW,normal,1
02:56:00,2,2,5,night,536,EXC005,Excavator,OP1025,6364.5,34.2,Cloudy,8.14,1407,84.2,64.8,52,11.18,3.08,6.97,0.79,1,18.7,Fastened,FALSE,LOW,normal,1
02:58:00,2,2,5,night,538,EXC005,Excavator,OP1025,6364.5,34.2,Cloudy,5.82,1613,86.9,64.7,48.7,16.12,3.12,9.79,0.44,2,21.5,Fastened,FALSE,LOW,normal,1
03:00:00,3,2,5,night,540,EXC005,Excavator,OP1025,6364.5,34.2,Cloudy,5.81,1175,87.2,64.6,48.7,12.14,2.29,7.34,0.69,4,11.1,Fastened,FALSE,LOW,normal,1
03:02:00,3,2,5,night,542,EXC005,Excavator,OP1025,6364.5,34.2,Cloudy,7.8,928,87.6,64.6,52.1,10,3.25,6.48,0.61,1,11.3,Fastened,FALSE,LOW,normal,1
03:04:00,3,2,5,night,544,EXC005,Excavator,OP1025,6364.5,34.2,Cloudy,6.21,1231,87.2,64.5,43.9,10.97,2.62,7.3,1.28,3,3,Fastened,FALSE,MEDIUM,normal,1
03:06:00,3,2,5,night,546,EXC005,Excavator,OP1025,6364.5,34.2,Cloudy,2.98,1808,84.5,64.5,60,11.37,3.5,6.65,0.5,1,17,Fastened,FALSE,LOW,normal,1
03:08:00,3,2,5,night,548,EXC005,Excavator,OP1025,6364.5,34.2,Cloudy,7.05,1215,83.8,64.4,51.4,13.21,3.14,8.03,0.42,4,14.4,Fastened,FALSE,LOW,normal,1
03:10:00,3,2,5,night,550,EXC005,Excavator,OP1025,6364.5,34.2,Cloudy,7.85,1383,89.9,64.3,40.3,13.14,3.62,9.3,0.4,0,8.5,Unfastened,TRUE,LOW,normal,1
03:12:00,3,2,5,night,552,EXC005,Excavator,OP1025,6364.5,34.2,Cloudy,4.72,1703,84.7,64.3,60,10.8,2.35,5.73,0.88,1,15.5,Fastened,FALSE,LOW,normal,1
03:14:00,3,2,5,night,554,EXC005,Excavator,OP1025,6364.6,34.2,Cloudy,7.06,1819,85.5,64.2,42.1,14.1,1.72,8.89,0.51,2,26.2,Fastened,FALSE,LOW,normal,1
03:16:00,3,2,5,night,556,EXC005,Excavator,OP1025,6364.6,34.2,Cloudy,4.6,1096,88.7,64.1,41.4,11.36,3.39,8.06,0.18,2,18.3,Fastened,FALSE,LOW,normal,1
03:18:00,3,2,5,night,558,EXC005,Excavator,OP1025,6364.6,34.2,Cloudy,6.83,1688,92.1,64.1,58.3,12.02,2.98,6.75,0.54,1,17.4,Fastened,FALSE,LOW,normal,1
03:20:00,3,2,5,night,560,EXC005,Excavator,OP1025,6364.6,34.2,Cloudy,5.17,1869,86.5,64,56.5,11.38,2.39,6.3,0.87,3,30.3,Fastened,FALSE,LOW,normal,1
03:22:00,3,2,5,night,562,EXC005,Excavator,OP1025,6364.6,34.2,Cloudy,6.08,1612,89.2,64,55.3,11.32,2.64,6.52,0.25,4,9.7,Fastened,FALSE,LOW,normal,1
03:24:00,3,2,5,night,564,EXC005,Excavator,OP1025,6364.6,34.2,Cloudy,3.8,1257,86.6,63.9,55.6,12.33,3.11,7.2,0.54,4,40.4,Fastened,FALSE,LOW,normal,1
03:26:00,3,2,5,night,566,EXC005,Excavator,OP1025,6364.6,34.2,Cloudy,6.73,1431,87.8,63.9,58.4,11.84,2.92,6.63,0.49,4,14.3,Unfastened,TRUE,LOW,normal,1
03:28:00,3,2,5,night,568,EXC005,Excavator,OP1025,6364.6,34.2,Cloudy,1.43,1623,87.3,63.8,47.3,13.1,3.05,8.35,1.02,0,19.7,Fastened,FALSE,LOW,normal,1
03:30:00,3,2,5,night,570,EXC005,Excavator,OP1025,6364.6,34.2,Cloudy,9.31,1585,85.3,63.7,48.7,10.42,1.91,6.28,0.55,0,26.4,Fastened,FALSE,LOW,normal,1
03:32:00,3,2,5,night,572,EXC005,Excavator,OP1025,6364.6,34.2,Cloudy,6.47,2053,86.7,63.7,47.3,12.64,3.52,8.33,0.63,2,11.9,Unfastened,TRUE,LOW,normal,1
03:34:00,3,2,5,night,574,EXC005,Excavator,OP1025,6364.7,34.2,Cloudy,6.89,1459,93.3,63.6,41.4,11.42,2.75,7.83,0.51,3,7.5,Fastened,FALSE,MEDIUM,normal,1
03:36:00,3,2,5,night,576,EXC005,Excavator,OP1025,6364.7,34.2,Cloudy,7.17,1523,88.9,63.5,59.8,11.28,2.96,6.3,0.2,2,26.8,Fastened,FALSE,LOW,normal,1
03:38:00,3,2,5,night,578,EXC005,Excavator,OP1025,6364.7,34.2,Cloudy,3.8,1667,88.3,63.5,50.3,11.56,2.98,7.24,0.61,1,26.5,Fastened,FALSE,LOW,normal,1
03:40:00,3,2,5,night,580,EXC005,Excavator,OP1025,6364.7,34.2,Cloudy,0.53,1227,86.3,63.4,54.4,11.55,2.66,2.79,0.99,3,28.1,Fastened,FALSE,LOW,excessive_idle,-1
03:42:00,3,2,5,night,582,EXC005,Excavator,OP1025,6364.7,34.2,Cloudy,0.41,1340,86.7,63.4,44.6,9.39,1.98,2.08,0.61,2,16,Fastened,FALSE,LOW,excessive_idle,-1
03:44:00,3,2,5,night,584,EXC005,Excavator,OP1025,6364.7,34.2,Cloudy,0.66,1850,87.4,63.3,55.2,14.06,4.2,4.41,0.83,2,19.1,Fastened,FALSE,LOW,excessive_idle,-1
03:46:00,3,2,5,night,586,EXC005,Excavator,OP1025,6364.7,34.2,Cloudy,0.43,1475,92.4,63.3,59.5,12.43,2.15,2.26,1.15,4,10.4,Fastened,FALSE,LOW,excessive_idle,-1
03:48:00,3,2,5,night,588,EXC005,Excavator,OP1025,6364.7,34.2,Cloudy,0.16,1860,78.8,63.2,58.8,11.26,2.67,2.8,0.98,4,13.7,Fastened,FALSE,LOW,excessive_idle,-1
03:50:00,3,2,5,night,590,EXC005,Excavator,OP1025,6364.7,34.2,Cloudy,0.42,684,84.2,63.1,63.6,11.22,3.31,3.48,0,0,22.4,Fastened,FALSE,LOW,excessive_idle,-1
03:52:00,3,2,5,night,592,EXC005,Excavator,OP1025,6364.8,34.2,Cloudy,0.32,1504,91.2,63.1,55.3,13.23,2.82,2.96,1.08,1,14.7,Fastened,FALSE,LOW,excessive_idle,-1
03:54:00,3,2,5,night,594,EXC005,Excavator,OP1025,6364.8,34.2,Cloudy,0.18,1211,90.2,63,58.1,12.28,3.45,3.62,0.88,1,20.3,Unfastened,FALSE,LOW,excessive_idle,-1
03:56:00,3,2,5,night,596,EXC005,Excavator,OP1025,6364.8,34.2,Cloudy,0.4,600,87.8,63,56.8,12.82,3.01,3.16,1.03,0,21.8,Fastened,FALSE,LOW,excessive_idle,-1
03:58:00,3,2,5,night,598,EXC005,Excavator,OP1025,6364.8,34.2,Cloudy,4.41,1490,87.9,62.9,60,16.06,3.15,8.31,0.7,0,26.6,Fastened,FALSE,LOW,normal,1
04:00:00,4,2,5,night,600,EXC005,Excavator,OP1025,6364.8,34.2,Cloudy,5.96,1794,89.2,62.8,40.7,11.6,2.68,7.97,1.15,1,5.8,Fastened,FALSE,MEDIUM,normal,1
04:02:00,4,2,5,night,602,EXC005,Excavator,OP1025,6364.8,34.2,Cloudy,4.67,1430,89.6,62.8,43.9,9.63,2.89,6.67,1.06,0,0.5,Fastened,FALSE,MEDIUM,normal,1
04:04:00,4,2,5,night,604,EXC005,Excavator,OP1025,6364.8,34.2,Cloudy,5.5,777,88.1,62.7,60,12.81,2.31,6.51,1.19,4,25.7,Fastened,FALSE,LOW,normal,1
04:06:00,4,2,5,night,606,EXC005,Excavator,OP1025,6364.8,34.2,Cloudy,5.8,1278,85.8,62.6,60,14.89,3.04,7.78,0.96,0,18.8,Unfastened,TRUE,LOW,normal,1
04:08:00,4,2,5,night,608,EXC005,Excavator,OP1025,6364.8,34.2,Cloudy,2.47,1611,83.8,62.6,56.2,11.35,3.04,6.68,0.29,1,17.3,Fastened,FALSE,LOW,normal,1
04:10:00,4,2,5,night,610,EXC005,Excavator,OP1025,6364.8,34.2,Cloudy,4.2,1224,84.3,62.5,58,11.39,2.69,6.34,1.17,2,21.9,Fastened,FALSE,LOW,normal,1
04:12:00,4,2,5,night,612,EXC005,Excavator,OP1025,6364.9,34.2,Cloudy,5.96,984,87.3,62.5,43.9,15.67,2.97,10.09,0.49,1,18.8,Fastened,FALSE,LOW,normal,1
04:14:00,4,2,5,night,614,EXC005,Excavator,OP1025,6364.9,34.2,Cloudy,5.49,1582,91.7,62.4,53,14.82,3.13,8.62,0.74,1,22.2,Fastened,FALSE,LOW,normal,1
04:16:00,4,2,5,night,616,EXC005,Excavator,OP1025,6364.9,34.2,Cloudy,3.04,1757,90.5,62.3,58.5,11.23,3.34,6.61,0.81,4,0.5,Fastened,FALSE,MEDIUM,normal,1
04:18:00,4,2,5,night,618,EXC005,Excavator,OP1025,6364.9,34.2,Cloudy,4.14,1713,87.1,62.3,58.5,14.21,2.71,7.48,0.97,3,13.6,Fastened,FALSE,LOW,normal,1
04:20:00,4,2,5,night,620,EXC005,Excavator,OP1025,6364.9,34.2,Cloudy,2.9,1285,84.4,62.2,44.5,10.39,2.96,7.08,0.93,1,15.7,Fastened,FALSE,LOW,normal,1
04:22:00,4,2,5,night,622,EXC005,Excavator,OP1025,6364.9,34.2,Cloudy,6.33,1196,85.8,62.1,58,14.49,3.61,8.18,1.03,4,12.7,Fastened,FALSE,LOW,normal,1
04:24:00,4,2,5,night,624,EXC005,Excavator,OP1025,6364.9,34.2,Cloudy,5.45,1877,86.3,62.1,60,13.31,2.89,7.06,0.89,1,31.2,Unfastened,TRUE,LOW,normal,1
04:26:00,4,2,5,night,626,EXC005,Excavator,OP1025,6364.9,34.2,Cloudy,7.37,1679,84.7,62,54,11.49,3.43,7.14,0.82,4,14.9,Fastened,FALSE,LOW,normal,1
04:28:00,4,2,5,night,628,EXC005,Excavator,OP1025,6364.9,34.2,Cloudy,5.96,1460,87.6,62,60,9.89,2.39,5.39,0.28,0,24.3,Fastened,FALSE,LOW,normal,1
04:30:00,4,2,5,night,630,EXC005,Excavator,OP1025,6364.9,34.2,Cloudy,7.8,991,85.5,61.9,60,9.11,3.05,5.47,1.3,3,17.3,Fastened,FALSE,LOW,normal,1
04:32:00,4,2,5,night,632,EXC005,Excavator,OP1025,6365,34.2,Cloudy,5.26,1214,92.9,61.9,44.5,9.79,2.66,6.62,1.4,2,9.4,Fastened,FALSE,LOW,normal,1
04:34:00,4,2,5,night,634,EXC005,Excavator,OP1025,6365,34.2,Cloudy,4.43,1696,84,61.8,46.1,14.37,2.36,8.83,0.69,1,2.9,Fastened,FALSE,MEDIUM,normal,1
04:36:00,4,2,5,night,636,EXC005,Excavator,OP1025,6365,34.2,Cloudy,5.44,1223,89.1,61.7,60,11.76,2.96,6.48,0.44,1,23.9,Fastened,FALSE,LOW,normal,1
04:38:00,4,2,5,night,638,EXC005,Excavator,OP1025,6365,34.2,Cloudy,4.51,1582,82.9,61.7,53.7,10.2,2.38,6,0.15,1,23,Fastened,FALSE,LOW,normal,1
04:40:00,4,2,5,night,640,EXC005,Excavator,OP1025,6365,34.2,Cloudy,4.22,1398,90.6,61.6,51.9,11.15,3.62,7.24,0.19,0,11.1,Fastened,FALSE,LOW,normal,1
04:42:00,4,2,5,night,642,EXC005,Excavator,OP1025,6365,34.2,Cloudy,8.95,1370,89.2,61.6,41.5,12.63,3.29,8.75,0.7,2,14.1,Fastened,FALSE,LOW,normal,1
04:44:00,4,2,5,night,644,EXC005,Excavator,OP1025,6365,34.2,Cloudy,4.09,1352,83.5,61.5,48.6,10.78,2.77,6.89,0.92,1,7.9,Fastened,FALSE,MEDIUM,normal,1
04:46:00,4,2,5,night,646,EXC005,Excavator,OP1025,6365,34.2,Cloudy,3.59,1596,83.4,61.4,46.4,13.44,2.45,8.34,0.61,4,3.5,Fastened,FALSE,MEDIUM,normal,1
04:48:00,4,2,5,night,648,EXC005,Excavator,OP1025,6365,34.2,Cloudy,6.01,1241,89.6,61.4,56.1,9.85,3.39,6.23,0.93,4,18.7,Fastened,FALSE,LOW,normal,1
04:50:00,4,2,5,night,650,EXC005,Excavator,OP1025,6365,34.2,Cloudy,7.16,1171,86.2,61.3,44.7,13.6,2.64,8.7,0.91,3,8.1,Fastened,FALSE,LOW,normal,1
04:52:00,4,2,5,night,652,EXC005,Excavator,OP1025,6365.1,34.2,Cloudy,6.87,1562,89.3,61.3,55,10.29,3.43,6.52,0.92,2,20.6,Fastened,FALSE,LOW,normal,1
04:54:00,4,2,5,night,654,EXC005,Excavator,OP1025,6365.1,34.2,Cloudy,5.99,695,88.8,61.2,47.8,10.02,3.12,6.72,0.6,3,13.7,Fastened,FALSE,LOW,normal,1
04:56:00,4,2,5,night,656,EXC005,Excavator,OP1025,6365.1,34.2,Cloudy,5.31,1574,84.6,61.1,56,17,3.63,9.51,1.47,2,18,Fastened,FALSE,LOW,normal,1
04:58:00,4,2,5,night,658,EXC005,Excavator,OP1025,6365.1,34.2,Cloudy,4.33,1684,86.2,61.1,52.2,11.86,3.52,7.51,1.02,0,19.5,Fastened,FALSE,LOW,normal,1
05:00:00,5,2,5,night,660,EXC005,Excavator,OP1025,6365.1,34.2,Cloudy,2.48,1369,87.4,61,40.9,13.54,3.2,9.31,0.55,0,0.5,Fastened,FALSE,MEDIUM,normal,1
05:02:00,5,2,5,night,662,EXC005,Excavator,OP1025,6365.1,34.2,Cloudy,4.61,1481,92.7,60.9,60,12.44,3.68,7.18,0.82,1,19.8,Fastened,FALSE,LOW,normal,1
05:04:00,5,2,5,night,664,EXC005,Excavator,OP1025,6365.1,34.2,Cloudy,4.54,1757,90.8,60.9,56,10.4,2.65,6.06,0.8,0,10.7,Fastened,FALSE,LOW,normal,1
05:06:00,5,2,5,night,666,EXC005,Excavator,OP1025,6365.1,34.2,Cloudy,4.51,1497,89.6,60.8,50.6,12.33,2.58,7.4,0.64,4,0.8,Unfastened,TRUE,MEDIUM,normal,1
05:08:00,5,2,5,night,668,EXC005,Excavator,OP1025,6365.1,34.2,Cloudy,4.56,1169,89.7,60.7,57.5,12.78,2.62,6.94,1.08,3,14.6,Fastened,FALSE,LOW,normal,1
05:10:00,5,2,5,night,670,EXC005,Excavator,OP1025,6365.1,34.2,Cloudy,5.88,1185,86,60.7,60,12.33,2.72,6.56,0.65,4,34.3,Fastened,FALSE,LOW,normal,1
05:12:00,5,2,5,night,672,EXC005,Excavator,OP1025,6365.2,34.2,Cloudy,5.36,1120,83.9,60.7,60,8.08,2.78,4.9,1.1,3,17.9,Fastened,FALSE,LOW,normal,1
05:14:00,5,2,5,night,674,EXC005,Excavator,OP1025,6365.2,34.2,Cloudy,4.84,1489,88.9,60.6,54.8,10.05,2.77,6.06,1.08,3,10.1,Fastened,FALSE,LOW,normal,1
05:16:00,5,2,5,night,676,EXC005,Excavator,OP1025,6365.2,34.2,Cloudy,5.4,914,82.1,60.5,46.8,14.84,3.15,9.37,0.34,0,18.1,Fastened,FALSE,LOW,normal,1
05:18:00,5,2,5,night,678,EXC005,Excavator,OP1025,6365.2,34.2,Cloudy,7.76,2182,86.5,60.5,43.9,13.09,3.2,8.75,0.46,2,24.1,Fastened,FALSE,LOW,normal,1
05:20:00,5,2,5,night,680,EXC005,Excavator,OP1025,6365.2,34.2,Cloudy,5.15,1497,90.6,60.4,58.2,11.69,2.95,6.6,0.47,3,33.4,Fastened,FALSE,LOW,normal,1
05:22:00,5,2,5,night,682,EXC005,Excavator,OP1025,6365.2,34.2,Cloudy,6.2,1431,79.9,60.3,37.6,13.05,3.05,9.29,0.36,2,17.3,Fastened,FALSE,LOW,normal,1
05:24:00,5,2,5,night,684,EXC005,Excavator,OP1025,6365.2,34.2,Cloudy,5.38,1798,88.4,60.3,45.3,12.06,3.07,7.99,1.14,4,16.4,Unfastened,TRUE,LOW,normal,1
05:26:00,5,2,5,night,686,EXC005,Excavator,OP1025,6365.2,34.2,Cloudy,3.84,1502,82,60.2,48.9,8.68,3.68,6.24,0.49,0,28.9,Fastened,FALSE,LOW,normal,1
05:28:00,5,2,5,night,688,EXC005,Excavator,OP1025,6365.2,34.2,Cloudy,6.05,1536,88.2,60.2,60,10.58,2.82,5.92,0.72,3,22.8,Fastened,FALSE,LOW,normal,1
05:30:00,5,2,5,night,690,EXC005,Excavator,OP1025,6365.2,34.2,Cloudy,5.7,1312,85.6,60.1,46.8,10.98,3.17,7.32,0.58,4,16.9,Fastened,FALSE,LOW,normal,1
05:32:00,5,2,5,night,692,EXC005,Excavator,OP1025,6365.3,34.2,Cloudy,7.16,1996,83.5,60,39.8,12.16,2.71,8.4,0.64,3,17.9,Fastened,FALSE,LOW,normal,1
05:34:00,5,2,5,night,694,EXC005,Excavator,OP1025,6365.3,34.2,Cloudy,6.22,1166,91.7,60,59.4,9.21,2.54,5.25,1.1,0,34.4,Unfastened,TRUE,LOW,normal,1
05:36:00,5,2,5,night,696,EXC005,Excavator,OP1025,6365.3,34.2,Cloudy,7.68,1506,84.5,59.9,52.5,8,2.9,5.32,0.41,0,11.4,Fastened,FALSE,LOW,normal,1
05:38:00,5,2,5,night,698,EXC005,Excavator,OP1025,6365.3,34.2,Cloudy,5.62,1509,88.4,59.9,54,11.38,3.31,7.02,0.35,1,3.6,Fastened,FALSE,MEDIUM,normal,1
05:40:00,5,2,5,night,700,EXC005,Excavator,OP1025,6365.3,34.2,Cloudy,6.91,1392,85.7,59.8,55,11.58,3.18,6.96,0.65,2,14.5,Fastened,FALSE,LOW,normal,1
05:42:00,5,2,5,night,702,EXC005,Excavator,OP1025,6365.3,34.2,Cloudy,3.78,1430,83.8,59.8,60,11.68,3.5,6.77,0.48,3,4.5,Fastened,FALSE,MEDIUM,normal,1
05:44:00,5,2,5,night,704,EXC005,Excavator,OP1025,6365.3,34.2,Cloudy,5.62,1644,80.8,59.7,60,10.24,3.1,5.96,1.21,0,15.2,Fastened,FALSE,LOW,normal,1
05:46:00,5,2,5,night,706,EXC005,Excavator,OP1025,6365.3,34.2,Cloudy,4.49,1369,94.7,59.6,51.9,12.89,3.28,7.9,0.58,0,22.2,Fastened,FALSE,LOW,normal,1
05:48:00,5,2,5,night,708,EXC005,Excavator,OP1025,6365.3,34.2,Cloudy,7.52,1539,87.3,59.6,60,17,2.92,8.55,0.85,1,12.6,Fastened,FALSE,LOW,normal,1
05:50:00,5,2,5,night,710,EXC005,Excavator,OP1025,6365.3,34.2,Cloudy,8.89,1503,84,59.5,47.5,12.61,2.46,7.79,0.62,3,16.5,Fastened,FALSE,LOW,normal,1
05:52:00,5,2,5,night,712,EXC005,Excavator,OP1025,6365.4,34.2,Cloudy,6.33,2132,87.1,59.4,54.4,12.92,2.75,7.39,0.89,1,19.7,Fastened,FALSE,LOW,normal,1
05:54:00,5,2,5,night,714,EXC005,Excavator,OP1025,6365.4,34.2,Cloudy,2.44,1986,84.7,59.4,53,11.6,3.15,7.12,0.46,3,2.2,Fastened,FALSE,MEDIUM,normal,1
05:56:00,5,2,5,night,716,EXC005,Excavator,OP1025,6365.4,34.2,Cloudy,6.59,934,81.5,59.3,43.8,15.86,2.63,10.07,0.16,3,16.9,Fastened,FALSE,LOW,normal,1
05:58:00,5,2,5,night,718,EXC005,Excavator,OP1025,6365.4,34.2,Cloudy,6.33,1137,81.4,59.2,53.8,11.67,2.88,6.94,0.87,0,16.3,Fastened,FALSE,LOW,normal,1
06:00:00,6,4,4,day,0,EXC002,Excavator,OP1053,886,29.8,Windy,4.59,1577,29.8,91.7,32,10.12,2.84,7.79,0.37,0,15.5,Fastened,FALSE,LOW,normal,1
06:02:00,6,4,4,day,2,EXC002,Excavator,OP1053,886,29.8,Windy,5.45,973,34.4,91.7,21.9,12.15,2.87,10.12,1.03,2,17.4,Fastened,FALSE,LOW,normal,1
06:04:00,6,4,4,day,4,EXC002,Excavator,OP1053,886,29.8,Windy,6.01,1229,39,91.6,29.4,12.27,2.85,9.5,0.73,1,18.5,Unfastened,TRUE,LOW,normal,1
06:06:00,6,4,4,day,6,EXC002,Excavator,OP1053,886,29.8,Windy,4.66,1636,43.6,91.5,21.8,12.69,2.95,10.57,1.19,3,32.9,Fastened,FALSE,LOW,normal,1
06:08:00,6,4,4,day,8,EXC002,Excavator,OP1053,886,29.8,Windy,8.03,1244,48.1,91.4,47.2,13.71,1.7,8.04,0.58,3,16.8,Fastened,FALSE,LOW,normal,1
06:10:00,6,4,4,day,10,EXC002,Excavator,OP1053,886.1,29.8,Windy,6.56,1196,52.7,91.4,34.8,12.09,2.6,8.79,1.04,2,15.7,Fastened,FALSE,LOW,normal,1
06:12:00,6,4,4,day,12,EXC002,Excavator,OP1053,886.1,29.8,Windy,3.84,987,57.3,91.3,35.5,9.95,3.1,7.52,0.44,2,26.3,Fastened,FALSE,LOW,normal,1
06:14:00,6,4,4,day,14,EXC002,Excavator,OP1053,886.1,29.8,Windy,2.26,1071,61.9,91.2,39.9,13.93,3.86,9.91,1.41,4,23.9,Fastened,FALSE,LOW,normal,1
06:16:00,6,4,4,day,16,EXC002,Excavator,OP1053,886.1,29.8,Windy,4.82,1437,66.4,91.1,34.8,10.94,2.84,8.12,0.34,0,13.4,Fastened,FALSE,LOW,normal,1
06:18:00,6,4,4,day,18,EXC002,Excavator,OP1053,886.1,29.8,Windy,7.02,1234,71,91.1,28.9,11.14,2.85,8.74,1.27,3,10.7,Fastened,FALSE,LOW,normal,1
06:20:00,6,4,4,day,20,EXC002,Excavator,OP1053,886.1,29.8,Windy,1.65,971,75.6,91,39.3,12.72,3.79,9.21,0.57,1,12.4,Fastened,FALSE,LOW,normal,1
06:22:00,6,4,4,day,22,EXC002,Excavator,OP1053,886.1,29.8,Windy,6.4,1032,80.1,90.9,43.1,11.46,3.69,8.11,0.55,1,0.5,Fastened,TRUE,HIGH,normal,1
06:24:00,6,4,4,day,24,EXC002,Excavator,OP1053,886.1,29.8,Windy,6.58,1595,84.7,90.8,27.8,10.8,2.78,8.57,0.13,0,20.9,Fastened,FALSE,LOW,normal,1
06:26:00,6,4,4,day,26,EXC002,Excavator,OP1053,886.1,29.8,Windy,7.13,1389,80.8,90.8,41.5,11.34,3.2,7.96,1.11,0,21.7,Fastened,FALSE,LOW,normal,1
06:28:00,6,4,4,day,28,EXC002,Excavator,OP1053,886.1,29.8,Windy,5.39,1481,86.2,90.7,39.8,12.7,3.32,8.97,0.44,3,19.9,Unfastened,TRUE,LOW,normal,1
06:30:00,6,4,4,day,30,EXC002,Excavator,OP1053,886.2,29.8,Windy,4.44,1593,92.2,90.6,31.3,14.08,3.36,10.72,0.47,0,10.5,Fastened,FALSE,LOW,normal,1
06:32:00,6,4,4,day,32,EXC002,Excavator,OP1053,886.2,29.8,Windy,3.16,984,87.6,90.6,28.4,10.18,3.28,8.22,0.69,4,12,Unfastened,TRUE,LOW,normal,1
06:34:00,6,4,4,day,34,EXC002,Excavator,OP1053,886.2,29.8,Windy,4.08,1143,89.2,90.5,38.3,9.52,3.24,7.11,0.34,0,35.2,Fastened,FALSE,LOW,normal,1
06:36:00,6,4,4,day,36,EXC002,Excavator,OP1053,886.2,29.8,Windy,7.62,1532,82.8,90.4,36,14.42,3.41,10.46,0.96,0,17.2,Fastened,FALSE,LOW,normal,1
06:38:00,6,4,4,day,38,EXC002,Excavator,OP1053,886.2,29.8,Windy,3.48,1653,89.3,90.3,44.9,10.57,3.44,7.37,0.52,0,7,Fastened,FALSE,MEDIUM,normal,1
06:40:00,6,4,4,day,40,EXC002,Excavator,OP1053,886.2,29.8,Windy,5.15,1368,88.4,90.3,38.1,13.5,2.5,9.31,0.89,0,0.5,Fastened,TRUE,HIGH,normal,1
06:42:00,6,4,4,day,42,EXC002,Excavator,OP1053,886.2,29.8,Windy,5.29,1281,87.5,90.2,22.1,11.56,3.52,9.78,0.65,2,20.9,Fastened,FALSE,LOW,normal,1
06:44:00,6,4,4,day,44,EXC002,Excavator,OP1053,886.2,29.8,Windy,4.41,1347,88.6,90.1,40.8,14.27,2.63,9.52,0.73,0,18.8,Fastened,FALSE,LOW,normal,1
06:46:00,6,4,4,day,46,EXC002,Excavator,OP1053,886.2,29.8,Windy,5.23,1206,86.1,90,36.2,11.33,3.05,8.33,0.85,3,10.8,Fastened,FALSE,LOW,normal,1
06:48:00,6,4,4,day,48,EXC002,Excavator,OP1053,886.2,29.8,Windy,5.1,1971,88.7,90,31.2,12.87,2.44,9.62,0.04,0,16.2,Unfastened,TRUE,LOW,normal,1
06:50:00,6,4,4,day,50,EXC002,Excavator,OP1053,886.3,29.8,Windy,6.84,928,85.4,89.9,35.2,12.83,3.08,9.4,1.01,0,22.7,Fastened,FALSE,LOW,normal,1
06:52:00,6,4,4,day,52,EXC002,Excavator,OP1053,886.3,29.8,Windy,4.92,1482,89,89.8,46.3,10.68,3.17,7.2,0.97,3,29,Fastened,FALSE,LOW,normal,1
06:54:00,6,4,4,day,54,EXC002,Excavator,OP1053,886.3,29.8,Windy,6.49,1273,89.7,89.7,48.9,13.77,3.44,8.72,0.78,4,28.6,Fastened,FALSE,LOW,normal,1
06:56:00,6,4,4,day,56,EXC002,Excavator,OP1053,886.3,29.8,Windy,4.1,1435,87.1,89.7,41,11.14,3.21,7.89,0.61,3,8.3,Fastened,FALSE,LOW,normal,1
06:58:00,6,4,4,day,58,EXC002,Excavator,OP1053,886.3,29.8,Windy,2.94,1573,83,89.6,41.9,11.81,3.79,8.45,1.04,1,21.4,Fastened,FALSE,LOW,normal,1
07:00:00,7,4,4,day,60,EXC002,Excavator,OP1053,886.3,29.8,Windy,7.5,1262,87.6,89.5,36.5,13.89,2.9,9.88,0.29,2,17.8,Fastened,FALSE,LOW,normal,1
07:02:00,7,4,4,day,62,EXC002,Excavator,OP1053,886.3,29.8,Windy,6.45,1577,84.6,89.4,36.9,14.17,3.27,10.15,0.56,0,13.8,Fastened,FALSE,LOW,normal,1
07:04:00,7,4,4,day,64,EXC002,Excavator,OP1053,886.3,29.8,Windy,3.38,1669,83.8,89.4,44.6,10.91,3.53,7.62,0.52,2,9.5,Fastened,FALSE,LOW,normal,1
07:06:00,7,4,4,day,66,EXC002,Excavator,OP1053,886.3,29.8,Windy,5.63,909,84.8,89.3,40,12.84,2.46,8.69,0.96,0,28.3,Unfastened,TRUE,LOW,normal,1
07:08:00,7,4,4,day,68,EXC002,Excavator,OP1053,886.3,29.8,Windy,8.21,804,89.8,89.2,35.6,16.28,3.18,11.62,0.85,3,17.3,Fastened,FALSE,LOW,normal,1
07:10:00,7,4,4,day,70,EXC002,Excavator,OP1053,886.4,29.8,Windy,4.32,1512,88.5,89.1,24.8,12.29,3.67,10.15,0.4,4,24.8,Fastened,FALSE,LOW,normal,1
07:12:00,7,4,4,day,72,EXC002,Excavator,OP1053,886.4,29.8,Windy,6.49,1774,90.6,89.1,27.9,8.31,2.51,6.69,0.22,1,9.4,Fastened,FALSE,LOW,normal,1
07:14:00,7,4,4,day,74,EXC002,Excavator,OP1053,886.4,29.8,Windy,7.12,1027,79.1,89,26.3,14.83,2.64,11.62,0.57,4,18.2,Fastened,FALSE,LOW,normal,1
07:16:00,7,4,4,day,76,EXC002,Excavator,OP1053,886.4,29.8,Windy,8.12,1255,85.8,88.9,30.5,12.22,3.37,9.52,0.87,1,12.4,Fastened,FALSE,LOW,normal,1
07:18:00,7,4,4,day,78,EXC002,Excavator,OP1053,886.4,29.8,Windy,5.83,1814,90.9,88.8,32.1,9.42,3.16,7.41,0.85,3,14.8,Fastened,FALSE,LOW,normal,1
07:20:00,7,4,4,day,80,EXC002,Excavator,OP1053,886.4,29.8,Windy,7.83,1155,82.9,88.7,43.8,15.06,2.74,9.66,0.57,3,21.7,Unfastened,TRUE,LOW,normal,1
07:22:00,7,4,4,day,82,EXC002,Excavator,OP1053,886.4,29.8,Windy,5.38,1392,84.4,88.7,30.3,10.79,2.53,8.29,0.69,1,15.4,Fastened,FALSE,LOW,normal,1
07:24:00,7,4,4,day,84,EXC002,Excavator,OP1053,886.4,29.8,Windy,3.02,1425,87.1,88.6,39.1,8.84,3.02,6.56,1.21,2,10.1,Fastened,FALSE,LOW,normal,1
07:26:00,7,4,4,day,86,EXC002,Excavator,OP1053,886.4,29.8,Windy,7.12,1543,86.7,88.5,35.7,14.26,2.91,10.21,0.66,4,14.5,Fastened,FALSE,LOW,normal,1
07:28:00,7,4,4,day,88,EXC002,Excavator,OP1053,886.4,29.8,Windy,2.48,1129,91.7,88.5,54.4,12.76,2.47,7.16,0.76,3,17.7,Fastened,FALSE,LOW,normal,1
07:30:00,7,4,4,day,90,EXC002,Excavator,OP1053,886.5,29.8,Windy,2.62,1698,84.3,88.4,35.4,10.13,2.71,7.5,0.98,0,14.9,Fastened,FALSE,LOW,normal,1
07:32:00,7,4,4,day,92,EXC002,Excavator,OP1053,886.5,29.8,Windy,4.62,1509,86.1,88.3,34.4,11.9,3.37,8.97,0.21,4,26,Fastened,FALSE,LOW,normal,1
07:34:00,7,4,4,day,94,EXC002,Excavator,OP1053,886.5,29.8,Windy,4.51,1085,89.3,88.3,40.8,10.39,3.04,7.39,0.88,4,13.5,Fastened,FALSE,LOW,normal,1
07:36:00,7,4,4,day,96,EXC002,Excavator,OP1053,886.5,29.8,Windy,4.11,1470,86.9,88.2,46,12.66,2.69,8.07,0.24,2,26.3,Fastened,FALSE,LOW,normal,1
07:38:00,7,4,4,day,98,EXC002,Excavator,OP1053,886.5,29.8,Windy,3.99,1295,87.7,88.1,31.8,12.45,3.25,9.52,0.45,0,13.2,Fastened,FALSE,LOW,normal,1
07:40:00,7,4,4,day,100,EXC002,Excavator,OP1053,886.5,29.8,Windy,4.58,872,89.9,88,33.8,15.41,2.59,11.08,1.16,2,27.5,Unfastened,TRUE,LOW,normal,1
07:42:00,7,4,4,day,102,EXC002,Excavator,OP1053,886.5,29.8,Windy,1.48,1254,92,88,42.7,8.73,2.96,6.27,0.79,4,28.9,Fastened,FALSE,LOW,normal,1
07:44:00,7,4,4,day,104,EXC002,Excavator,OP1053,886.5,29.8,Windy,5.71,1478,87.2,87.9,35.7,12.33,3.32,9.11,1.17,2,23.3,Unfastened,TRUE,LOW,normal,1
07:46:00,7,4,4,day,106,EXC002,Excavator,OP1053,886.5,29.8,Windy,8.92,1267,88.3,87.8,41.5,12.27,2.64,8.27,1.2,1,7.7,Fastened,FALSE,MEDIUM,normal,1
07:48:00,7,4,4,day,108,EXC002,Excavator,OP1053,886.5,29.8,Windy,4.71,1176,88.7,87.8,30.6,13.3,2.28,9.93,0.41,4,19.5,Fastened,FALSE,LOW,normal,1
07:50:00,7,4,4,day,110,EXC002,Excavator,OP1053,886.6,29.8,Windy,3.56,1811,87,87.7,28.2,10.78,2.07,8.32,0.48,2,15.2,Fastened,FALSE,LOW,normal,1
07:52:00,7,4,4,day,112,EXC002,Excavator,OP1053,886.6,29.8,Windy,4.42,1899,90.5,87.6,41.7,13.97,3.44,9.58,0.52,3,2.9,Fastened,FALSE,MEDIUM,normal,1
07:54:00,7,4,4,day,114,EXC002,Excavator,OP1053,886.6,29.8,Windy,4.97,1341,86.2,87.5,34.6,10.64,2.72,7.9,0.35,3,19.5,Unfastened,TRUE,LOW,normal,1
07:56:00,7,4,4,day,116,EXC002,Excavator,OP1053,886.6,29.8,Windy,8.29,1428,83.9,87.5,38.6,13.92,3.86,10.04,0.31,2,24.7,Fastened,FALSE,LOW,normal,1
07:58:00,7,4,4,day,118,EXC002,Excavator,OP1053,886.6,29.8,Windy,0.75,1288,82.3,87.4,25.3,10.98,3.42,9.07,0.43,3,11.2,Fastened,FALSE,LOW,normal,1
08:00:00,8,4,4,day,120,EXC002,Excavator,OP1053,886.6,29.8,Windy,3.25,1287,85.7,87.3,32.7,11,2.95,8.37,0.88,2,16.6,Fastened,FALSE,LOW,normal,1
08:02:00,8,4,4,day,122,EXC002,Excavator,OP1053,886.6,29.8,Windy,6.19,1521,87,87.2,36,13.74,3.11,9.91,0.74,2,0.5,Fastened,TRUE,HIGH,normal,1
08:04:00,8,4,4,day,124,EXC002,Excavator,OP1053,886.6,29.8,Windy,4.73,1262,88.8,87.2,28.1,13.36,2.25,10.24,0.62,0,19.7,Fastened,FALSE,LOW,normal,1
08:06:00,8,4,4,day,126,EXC002,Excavator,OP1053,886.6,29.8,Windy,7.35,1824,92.3,87.1,32.9,12.22,3.07,9.21,0.5,0,4.2,Fastened,FALSE,MEDIUM,normal,1
08:08:00,8,4,4,day,128,EXC002,Excavator,OP1053,886.6,29.8,Windy,7.7,1704,84.5,87,39.9,12.37,2.31,8.36,0.08,0,9.4,Fastened,FALSE,LOW,normal,1
08:10:00,8,4,4,day,130,EXC002,Excavator,OP1053,886.7,29.8,Windy,7.18,1283,84.8,86.9,39,12.43,2.98,8.74,1.36,1,18.2,Fastened,FALSE,LOW,normal,1
08:12:00,8,4,4,day,132,EXC002,Excavator,OP1053,886.7,29.8,Windy,5.23,1791,92.7,86.9,26,11.36,2.71,9.11,0.6,2,16.5,Fastened,FALSE,LOW,normal,1
08:14:00,8,4,4,day,134,EXC002,Excavator,OP1053,886.7,29.8,Windy,8.09,1542,89.3,86.8,28,12.2,3.43,9.74,0.42,1,13,Unfastened,TRUE,LOW,normal,1
08:16:00,8,4,4,day,136,EXC002,Excavator,OP1053,886.7,29.8,Windy,3.33,1373,86.7,86.7,33.8,10.57,2.61,7.88,0.28,1,13.7,Fastened,FALSE,LOW,normal,1
08:18:00,8,4,4,day,138,EXC002,Excavator,OP1053,886.7,29.8,Windy,5.19,1393,88.7,86.7,42.6,9.2,2.5,6.35,0.78,0,33.2,Fastened,FALSE,LOW,normal,1
08:20:00,8,4,4,day,140,EXC002,Excavator,OP1053,886.7,29.8,Windy,4.98,1026,84.8,86.6,38,12.2,3.52,8.9,0.57,1,11.2,Fastened,FALSE,LOW,normal,1
08:22:00,8,4,4,day,142,EXC002,Excavator,OP1053,886.7,29.8,Windy,7.37,1401,90.6,86.5,42.5,10.88,2.89,7.48,0.65,1,13.4,Fastened,FALSE,LOW,normal,1
08:24:00,8,4,4,day,144,EXC002,Excavator,OP1053,886.7,29.8,Windy,0.14,1394,88.1,86.5,40.2,10.68,3.65,7.85,0.76,2,11.2,Fastened,FALSE,LOW,normal,1
08:26:00,8,4,4,day,146,EXC002,Excavator,OP1053,886.7,29.8,Windy,5.46,1176,91,86.4,36.7,10.38,2.96,7.66,0.64,0,22.3,Fastened,FALSE,LOW,normal,1
08:28:00,8,4,4,day,148,EXC002,Excavator,OP1053,886.8,29.8,Windy,2.91,1200,88,86.3,27.5,11.81,3.85,9.62,0,4,14.8,Fastened,FALSE,LOW,normal,1
08:30:00,8,4,4,day,150,EXC002,Excavator,OP1053,886.8,29.8,Windy,3.51,1622,85.5,86.2,25.3,13.24,2.94,10.63,0.62,3,24.6,Fastened,FALSE,LOW,normal,1
08:32:00,8,4,4,day,152,EXC002,Excavator,OP1053,886.8,29.8,Windy,6.94,1603,86.3,86.2,47.6,10.36,4.14,7.4,0.66,3,28.8,Unfastened,TRUE,LOW,normal,1
08:34:00,8,4,4,day,154,EXC002,Excavator,OP1053,886.8,29.8,Windy,7.43,1434,87.1,86.1,33,9.09,3.41,7.22,0.86,0,0.9,Unfastened,TRUE,HIGH,normal,1
08:36:00,8,4,4,day,156,EXC002,Excavator,OP1053,886.8,29.8,Windy,5.25,1073,84.8,86,45.8,11.05,3.48,7.58,0.79,2,1.6,Fastened,TRUE,HIGH,normal,1
08:38:00,8,4,4,day,158,EXC002,Excavator,OP1053,886.8,29.8,Windy,5.09,1476,84.4,86,29.6,11.34,2.77,8.8,0.62,2,25.7,Fastened,FALSE,LOW,normal,1
08:40:00,8,4,4,day,160,EXC002,Excavator,OP1053,886.8,29.8,Windy,7.03,1228,88.1,85.9,31.5,9.74,3.49,7.77,1.36,0,28.7,Fastened,FALSE,LOW,normal,1
08:42:00,8,4,4,day,162,EXC002,Excavator,OP1053,886.8,29.8,Windy,7.21,1433,83.6,85.8,47.1,12.29,3.32,8.07,0.63,3,9.9,Fastened,FALSE,LOW,normal,1
08:44:00,8,4,4,day,164,EXC002,Excavator,OP1053,886.8,29.8,Windy,8.21,1544,88.6,85.8,45.6,10.11,2.53,6.65,0.49,3,23.7,Fastened,FALSE,LOW,normal,1
08:46:00,8,4,4,day,166,EXC002,Excavator,OP1053,886.8,29.8,Windy,3.01,1687,83.1,85.7,44.1,12.38,2.53,8.04,1.12,0,17.9,Unfastened,TRUE,LOW,normal,1
08:48:00,8,4,4,day,168,EXC002,Excavator,OP1053,886.9,29.8,Windy,6.01,1395,88.2,85.6,41.1,9.9,3.14,7.12,0.69,3,16.9,Fastened,FALSE,LOW,normal,1
08:50:00,8,4,4,day,170,EXC002,Excavator,OP1053,886.9,29.8,Windy,5.79,884,86.2,85.6,49.8,11.06,2.71,6.9,0.83,3,20.3,Fastened,FALSE,LOW,normal,1
08:52:00,8,4,4,day,172,EXC002,Excavator,OP1053,886.9,29.8,Windy,5.36,1418,88,85.5,34.7,11.71,3.09,8.72,1.12,4,2.6,Fastened,TRUE,HIGH,normal,1
08:54:00,8,4,4,day,174,EXC002,Excavator,OP1053,886.9,29.8,Windy,5.92,1422,86.5,85.5,37.9,11.03,3.19,8.06,1.02,0,8.3,Fastened,FALSE,LOW,normal,1
08:56:00,8,4,4,day,176,EXC002,Excavator,OP1053,886.9,29.8,Windy,6.44,1495,85.9,85.4,27.7,12.14,2.93,9.59,0.45,3,13.6,Fastened,FALSE,LOW,normal,1
08:58:00,8,4,4,day,178,EXC002,Excavator,OP1053,886.9,29.8,Windy,5.57,1201,91.1,85.3,35.5,10.41,2.75,7.69,0.64,1,14.4,Fastened,FALSE,LOW,normal,1
09:00:00,9,4,4,day,180,EXC002,Excavator,OP1053,886.9,29.8,Windy,5.65,1506,86.6,85.2,39.7,12.83,3.53,9.14,0.82,0,22.1,Fastened,FALSE,LOW,normal,1
09:02:00,9,4,4,day,182,EXC002,Excavator,OP1053,886.9,29.8,Windy,5.43,1346,84.7,85.1,36.9,14.4,2.75,10.1,0.02,3,23.6,Fastened,FALSE,LOW,normal,1
09:04:00,9,4,4,day,184,EXC002,Excavator,OP1053,886.9,29.8,Windy,5.37,859,91.9,85.1,26.8,12.86,3.47,10.34,0.58,1,21.9,Fastened,FALSE,LOW,normal,1
09:06:00,9,4,4,day,186,EXC002,Excavator,OP1053,886.9,29.8,Windy,4.07,1331,88.9,85,30,12.72,3.58,9.98,0.59,0,23.1,Fastened,FALSE,LOW,normal,1
09:08:00,9,4,4,day,188,EXC002,Excavator,OP1053,887,29.8,Windy,4.13,1580,87.3,84.9,32.4,23.94,3.34,23.94,0.28,3,12.1,Fastened,FALSE,LOW,high_fuel,-1
09:10:00,9,4,4,day,190,EXC002,Excavator,OP1053,887,29.8,Windy,6.62,1180,90.3,84.8,29.9,19.15,2.11,19.15,0.81,1,27.3,Fastened,FALSE,LOW,high_fuel,-1
09:12:00,9,4,4,day,192,EXC002,Excavator,OP1053,887,29.8,Windy,7.23,1743,92.3,84.7,37.6,17,3.24,17,0.8,2,19.4,Fastened,FALSE,LOW,high_fuel,-1
09:14:00,9,4,4,day,194,EXC002,Excavator,OP1053,887,29.8,Windy,3.08,1053,86.6,84.7,33.6,19.35,3.16,19.35,0.71,4,28.6,Fastened,FALSE,LOW,high_fuel,-1
09:16:00,9,4,4,day,196,EXC002,Excavator,OP1053,887,29.8,Windy,7.62,1489,87.4,84.6,42.3,21.87,3.1,21.87,1.27,0,11.4,Fastened,FALSE,LOW,high_fuel,-1
09:18:00,9,4,4,day,198,EXC002,Excavator,OP1053,887,29.8,Windy,7.23,1617,91.2,84.6,29.3,25.69,3.7,25.69,0.51,1,23.3,Fastened,FALSE,LOW,high_fuel,-1
09:20:00,9,4,4,day,200,EXC002,Excavator,OP1053,887,29.8,Windy,4.24,1361,86.2,84.5,41.3,22.15,2.22,22.15,0.96,2,8.2,Fastened,FALSE,LOW,high_fuel,-1
09:22:00,9,4,4,day,202,EXC002,Excavator,OP1053,887,29.8,Windy,3.35,1295,91.6,84.4,38.5,24.58,3.4,24.58,0.67,3,9.5,Fastened,FALSE,LOW,high_fuel,-1
09:24:00,9,4,4,day,204,EXC002,Excavator,OP1053,887,29.8,Windy,10.78,1303,89.2,84.3,29.7,11.94,3.84,9.53,0.82,4,19.8,Fastened,FALSE,LOW,normal,1
09:26:00,9,4,4,day,206,EXC002,Excavator,OP1053,887,29.8,Windy,4.47,1486,89.9,84.3,36.2,9.49,2.96,7.13,0.57,2,16.5,Unfastened,TRUE,LOW,normal,1
09:28:00,9,4,4,day,208,EXC002,Excavator,OP1053,887.1,29.8,Windy,3.57,1461,86.1,84.2,34.1,13.53,2.75,9.85,0.85,4,33,Fastened,FALSE,LOW,normal,1
09:30:00,9,4,4,day,210,EXC002,Excavator,OP1053,887.1,29.8,Windy,8.07,1646,86.9,84.1,31.9,9.52,2.86,7.4,0.83,0,18,Fastened,FALSE,LOW,normal,1
09:32:00,9,4,4,day,212,EXC002,Excavator,OP1053,887.1,29.8,Windy,5.42,1396,87.3,84.1,32.9,11.25,2.82,8.48,1.01,3,25,Fastened,FALSE,LOW,normal,1
09:34:00,9,4,4,day,214,EXC002,Excavator,OP1053,887.1,29.8,Windy,7.97,1473,84.2,84,46,11.5,3.34,7.75,0.65,0,18.1,Fastened,FALSE,LOW,normal,1
09:36:00,9,4,4,day,216,EXC002,Excavator,OP1053,887.1,29.8,Windy,4.21,1610,87.5,83.9,39.7,12.17,3.36,8.67,0.73,1,14.4,Fastened,FALSE,LOW,normal,1
09:38:00,9,4,4,day,218,EXC002,Excavator,OP1053,887.1,29.8,Windy,6.61,968,84.6,83.9,37.6,11.94,3.27,8.68,0.55,3,10.2,Unfastened,TRUE,LOW,normal,1
09:40:00,9,4,4,day,220,EXC002,Excavator,OP1053,887.1,29.8,Windy,9.41,1562,82.4,83.8,40.3,12.68,2.72,8.67,0.71,4,9.1,Fastened,FALSE,LOW,normal,1
09:42:00,9,4,4,day,222,EXC002,Excavator,OP1053,887.1,29.8,Windy,3.03,1681,87,83.7,32.8,12.87,3.62,9.84,0.88,3,33.7,Fastened,FALSE,LOW,normal,1
09:44:00,9,4,4,day,224,EXC002,Excavator,OP1053,887.1,29.8,Windy,6.5,1397,81.2,83.6,32,13.41,3.58,10.26,0.66,4,17.3,Fastened,FALSE,LOW,normal,1
09:46:00,9,4,4,day,226,EXC002,Excavator,OP1053,887.1,29.8,Windy,2.34,1770,89,83.6,50.6,11.23,2.13,6.63,0.53,1,5.9,Fastened,FALSE,MEDIUM,normal,1
09:48:00,9,4,4,day,228,EXC002,Excavator,OP1053,887.2,29.8,Windy,5.64,1259,87.1,83.5,29.1,12.33,2.4,9.44,0.92,0,10.6,Fastened,FALSE,LOW,normal,1
09:50:00,9,4,4,day,230,EXC002,Excavator,OP1053,887.2,29.8,Windy,3.63,1230,86.9,83.4,25.9,8.63,2.09,6.94,0.24,0,21,Unfastened,TRUE,LOW,normal,1
09:52:00,9,4,4,day,232,EXC002,Excavator,OP1053,887.2,29.8,Windy,6.55,1434,80.6,83.4,44.6,12.61,2.96,8.31,0.52,0,27.1,Fastened,FALSE,LOW,normal,1
09:54:00,9,4,4,day,234,EXC002,Excavator,OP1053,887.2,29.8,Windy,5.81,1750,85.6,83.3,34.7,12.07,3.14,8.97,0.43,4,14.5,Fastened,FALSE,LOW,normal,1
09:56:00,9,4,4,day,236,EXC002,Excavator,OP1053,887.2,29.8,Windy,6.55,1422,88.9,83.2,36.1,11.36,3.4,8.49,0.74,0,12.7,Fastened,FALSE,LOW,normal,1
09:58:00,9,4,4,day,238,EXC002,Excavator,OP1053,887.2,29.8,Windy,3.74,1274,90.7,83.1,35.4,13.65,3.64,10.11,0.84,3,17.9,Fastened,FALSE,LOW,normal,1
10:00:00,10,4,4,day,240,EXC002,Excavator,OP1053,887.2,29.8,Windy,5.91,1490,84.7,83.1,30.5,11.57,4.03,9.27,0.79,0,38.1,Fastened,FALSE,LOW,normal,1
10:02:00,10,4,4,day,242,EXC002,Excavator,OP1053,887.2,29.8,Windy,9.35,707,82.6,83,47,9.77,2.15,6.19,0.74,1,3.7,Fastened,FALSE,MEDIUM,normal,1
10:04:00,10,4,4,day,244,EXC002,Excavator,OP1053,887.2,29.8,Windy,3.44,1555,86.9,82.9,35.7,14.36,2.84,10.25,0.74,0,9,Fastened,FALSE,LOW,normal,1
10:06:00,10,4,4,day,246,EXC002,Excavator,OP1053,887.2,29.8,Windy,8.01,1314,84.1,82.8,34.3,12.5,3.09,9.27,0.08,4,25.1,Fastened,FALSE,LOW,normal,1
10:08:00,10,4,4,day,248,EXC002,Excavator,OP1053,887.3,29.8,Windy,3.97,1710,81.6,82.8,33,9.49,3.82,7.62,0.8,2,10.7,Fastened,FALSE,LOW,normal,1
10:10:00,10,4,4,day,250,EXC002,Excavator,OP1053,887.3,29.8,Windy,5.21,1078,85.7,82.7,30.3,12.8,3.07,9.85,0,3,20.3,Fastened,FALSE,LOW,normal,1
10:12:00,10,4,4,day,252,EXC002,Excavator,OP1053,887.3,29.8,Windy,5.65,1716,86.5,82.6,34.4,12.86,3.16,9.52,0.6,3,28.5,Fastened,FALSE,LOW,normal,1
10:14:00,10,4,4,day,254,EXC002,Excavator,OP1053,887.3,29.8,Windy,3.62,1407,88.6,82.5,30.1,11.93,3.03,9.25,0.75,2,16.2,Fastened,FALSE,LOW,normal,1
10:16:00,10,4,4,day,256,EXC002,Excavator,OP1053,887.3,29.8,Windy,5.36,1075,84.5,82.5,41.2,13.05,2.76,8.81,0.52,1,10.1,Fastened,FALSE,LOW,normal,1
10:18:00,10,4,4,day,258,EXC002,Excavator,OP1053,887.3,29.8,Windy,5.31,1687,88.6,82.4,34.9,12.42,3.15,9.18,0.63,4,22.2,Fastened,FALSE,LOW,normal,1
10:20:00,10,4,4,day,260,EXC002,Excavator,OP1053,887.3,29.8,Windy,4.13,1245,86.2,82.3,30.2,12.09,2.58,9.22,1.28,0,16.5,Fastened,FALSE,LOW,normal,1
10:22:00,10,4,4,day,262,EXC002,Excavator,OP1053,887.3,29.8,Windy,8.12,1651,81.3,82.2,33.7,13.31,3.41,9.97,0.68,4,28.1,Fastened,FALSE,LOW,normal,1
10:24:00,10,4,4,day,264,EXC002,Excavator,OP1053,887.3,29.8,Windy,5.88,1687,86.5,82.2,42.4,11.44,3.13,7.92,1.31,2,32.5,Fastened,FALSE,LOW,normal,1
10:26:00,10,4,4,day,266,EXC002,Excavator,OP1053,887.3,29.8,Windy,5.5,954,92.1,82.1,42,12.26,3.01,8.38,1.05,1,17.6,Fastened,FALSE,LOW,normal,1
10:28:00,10,4,4,day,268,EXC002,Excavator,OP1053,887.4,29.8,Windy,3.83,1116,82.9,82,48.6,14.74,2.35,8.72,1.09,3,17.3,Fastened,FALSE,LOW,normal,1
10:30:00,10,4,4,day,270,EXC002,Excavator,OP1053,887.4,29.8,Windy,7.74,1716,88.7,81.9,26.8,11.95,2.86,9.51,0.55,1,25.1,Unfastened,TRUE,LOW,normal,1
10:32:00,10,4,4,day,272,EXC002,Excavator,OP1053,887.4,29.8,Windy,2.98,1535,89.7,81.9,34.1,10.63,3.03,8.04,0.52,3,28.2,Fastened,FALSE,LOW,normal,1
10:34:00,10,4,4,day,274,EXC002,Excavator,OP1053,887.4,29.8,Windy,7.7,1360,82.7,81.8,35.8,13.05,3.03,9.46,0.72,3,17.1,Fastened,FALSE,LOW,normal,1
10:36:00,10,4,4,day,276,EXC002,Excavator,OP1053,887.4,29.8,Windy,4.7,1395,87.3,81.7,23.3,11.75,3.34,9.79,0.65,4,30.1,Fastened,FALSE,LOW,normal,1
10:38:00,10,4,4,day,278,EXC002,Excavator,OP1053,887.4,29.8,Windy,7.2,974,86.4,81.6,45.6,14.88,2.98,9.45,0.53,1,22.2,Fastened,FALSE,LOW,normal,1
10:40:00,10,4,4,day,280,EXC002,Excavator,OP1053,887.4,29.8,Windy,1.22,1490,89.3,81.6,41.3,10.73,2.51,7.34,0.87,3,24.8,Fastened,FALSE,LOW,normal,1
10:42:00,10,4,4,day,282,EXC002,Excavator,OP1053,887.4,29.8,Windy,4.74,1504,84.8,81.5,41.9,13.75,2.99,9.24,0.9,0,22.7,Unfastened,TRUE,LOW,normal,1
10:44:00,10,4,4,day,284,EXC002,Excavator,OP1053,887.4,29.8,Windy,7.15,1497,90.8,81.4,32,10.21,2.19,7.64,0.2,3,20.6,Fastened,FALSE,LOW,normal,1
10:46:00,10,4,4,day,286,EXC002,Excavator,OP1053,887.4,29.8,Windy,6.22,1610,84.5,81.4,29.4,8.88,2.08,6.88,0.66,4,27.5,Fastened,FALSE,LOW,normal,1
10:48:00,10,4,4,day,288,EXC002,Excavator,OP1053,887.5,29.8,Windy,3.03,988,86.8,81.3,36.2,13.37,3.32,9.73,0.16,4,16.6,Fastened,FALSE,LOW,normal,1
10:50:00,10,4,4,day,290,EXC002,Excavator,OP1053,887.5,29.8,Windy,5.6,1666,84.8,81.2,33.3,13.8,2.84,10.15,0.93,1,10.9,Unfastened,TRUE,LOW,normal,1
10:52:00,10,4,4,day,292,EXC002,Excavator,OP1053,887.5,29.8,Windy,5.2,1788,88.7,81.1,37.2,9.95,3.64,7.6,0.76,0,21,Fastened,FALSE,LOW,normal,1
10:54:00,10,4,4,day,294,EXC002,Excavator,OP1053,887.5,29.8,Windy,4.61,1363,83.8,81.1,19.8,10.87,2.01,9.12,0.36,0,21.5,Unfastened,TRUE,LOW,normal,1
10:56:00,10,4,4,day,296,EXC002,Excavator,OP1053,887.5,29.8,Windy,6.78,1856,83.7,81,30.4,10.79,2.54,8.28,0.62,0,22.4,Fastened,FALSE,LOW,normal,1
10:58:00,10,4,4,day,298,EXC002,Excavator,OP1053,887.5,29.8,Windy,5.83,1600,86.1,80.9,50.5,10.79,2.68,6.69,0.83,3,18.1,Fastened,FALSE,LOW,normal,1
11:00:00,11,4,4,day,300,EXC002,Excavator,OP1053,887.5,29.8,Windy,7.24,1423,93.4,80.9,40.2,9.47,3.13,6.92,0.37,3,26.8,Unfastened,TRUE,LOW,normal,1
11:02:00,11,4,4,day,302,EXC002,Excavator,OP1053,887.5,29.8,Windy,6.75,1447,87.6,80.8,40.1,10.84,3.15,7.76,0.97,1,1.7,Fastened,TRUE,HIGH,normal,1
11:04:00,11,4,4,day,304,EXC002,Excavator,OP1053,887.5,29.8,Windy,7.45,1744,87.6,80.8,44.4,10.43,3.33,7.28,1.27,1,9.5,Fastened,FALSE,LOW,normal,1
11:06:00,11,4,4,day,306,EXC002,Excavator,OP1053,887.6,29.8,Windy,4.72,2135,88.6,80.7,32.7,10.06,3.03,7.76,0.8,0,23,Fastened,FALSE,LOW,normal,1
11:08:00,11,4,4,day,308,EXC002,Excavator,OP1053,887.6,29.8,Windy,5.65,1552,87.8,80.6,31.6,11.46,1.5,8.31,0.7,2,12.1,Fastened,FALSE,LOW,normal,1
11:10:00,11,4,4,day,310,EXC002,Excavator,OP1053,887.6,29.8,Windy,5.65,1353,91.2,80.6,32.6,11.62,2.65,8.7,0.75,1,12,Fastened,FALSE,LOW,normal,1
11:12:00,11,4,4,day,312,EXC002,Excavator,OP1053,887.6,29.8,Windy,6.53,1790,85.3,80.5,23.2,10.01,3.9,8.59,0.4,4,5.4,Fastened,FALSE,MEDIUM,normal,1
11:14:00,11,4,4,day,314,EXC002,Excavator,OP1053,887.6,29.8,Windy,4.9,1453,88.8,80.4,45.4,9.6,3.95,7.03,0.85,4,7.6,Fastened,FALSE,MEDIUM,normal,1
11:16:00,11,4,4,day,316,EXC002,Excavator,OP1053,887.6,29.8,Windy,5.95,1386,93.1,80.4,40.7,12.91,3,8.88,0.72,2,19.6,Fastened,FALSE,LOW,normal,1
11:18:00,11,4,4,day,318,EXC002,Excavator,OP1053,887.6,29.8,Windy,5.24,994,81.9,80.3,42.5,10.67,2.69,7.28,0.91,4,17.6,Fastened,FALSE,LOW,normal,1
11:20:00,11,4,4,day,320,EXC002,Excavator,OP1053,887.6,29.8,Windy,7.43,1244,87.3,80.2,38.3,12.48,2.64,8.71,0.86,2,21.6,Fastened,FALSE,LOW,normal,1
11:22:00,11,4,4,day,322,EXC002,Excavator,OP1053,887.6,29.8,Windy,7.36,1671,88.2,80.2,40.5,11.66,2.64,8.01,0.91,2,29.6,Fastened,FALSE,LOW,normal,1
11:24:00,11,4,4,day,324,EXC002,Excavator,OP1053,887.6,29.8,Windy,6.04,1354,89.1,80.1,31.2,10.41,2.97,8.09,0.42,4,25.6,Fastened,FALSE,LOW,normal,1
11:26:00,11,4,4,day,326,EXC002,Excavator,OP1053,887.7,29.8,Windy,4.47,1494,87.1,80,38.3,12.18,2.19,8.35,0.82,2,9.6,Unfastened,TRUE,LOW,normal,1
11:28:00,11,4,4,day,328,EXC002,Excavator,OP1053,887.7,29.8,Windy,7.57,1444,85.3,79.9,22,11.66,2.12,9.56,0.58,3,13.4,Unfastened,TRUE,LOW,normal,1
11:30:00,11,4,4,day,330,EXC002,Excavator,OP1053,887.7,29.8,Windy,5.81,1450,84.1,79.9,41.4,12.93,3.23,8.91,0.85,0,21.5,Fastened,FALSE,LOW,normal,1
11:32:00,11,4,4,day,332,EXC002,Excavator,OP1053,887.7,29.8,Windy,4.16,1614,84.4,79.8,50.9,12.15,2.78,7.38,0.75,0,25.9,Fastened,FALSE,LOW,normal,1
11:34:00,11,4,4,day,334,EXC002,Excavator,OP1053,887.7,29.8,Windy,6.73,1643,85.1,79.7,40.9,10.79,4.04,8.03,0.41,3,7.2,Fastened,FALSE,MEDIUM,normal,1
11:36:00,11,4,4,day,336,EXC002,Excavator,OP1053,887.7,29.8,Windy,5.35,1440,84.2,79.7,48.3,10.98,2.4,6.84,1.57,0,25.7,Fastened,FALSE,LOW,normal,1
11:38:00,11,4,4,day,338,EXC002,Excavator,OP1053,887.7,29.8,Windy,7.38,1217,87.6,79.6,52.5,15.44,3.37,9.1,0.72,1,10.1,Fastened,FALSE,LOW,normal,1
11:40:00,11,4,4,day,340,EXC002,Excavator,OP1053,887.7,29.8,Windy,7,1542,88,79.5,35.3,12.99,3.56,9.66,0.58,1,18,Fastened,FALSE,LOW,normal,1
11:42:00,11,4,4,day,342,EXC002,Excavator,OP1053,887.7,29.8,Windy,7.35,1594,87.3,79.4,45.4,14.12,3.38,9.24,1,3,28.8,Fastened,FALSE,LOW,normal,1
11:44:00,11,4,4,day,344,EXC002,Excavator,OP1053,887.7,29.8,Windy,4.58,1366,87,79.4,43.5,13.13,3.35,8.88,0.24,0,17.1,Fastened,FALSE,LOW,normal,1
11:46:00,11,4,4,day,346,EXC002,Excavator,OP1053,887.8,29.8,Windy,8.51,1363,85.9,79.3,34.8,10.66,2.43,7.8,1.2,0,24.3,Fastened,FALSE,LOW,normal,1
11:48:00,11,4,4,day,348,EXC002,Excavator,OP1053,887.8,29.8,Windy,6.46,2022,87.9,79.2,38.9,15.13,2.53,10.23,0.92,4,31.4,Fastened,FALSE,LOW,normal,1
11:50:00,11,4,4,day,350,EXC002,Excavator,OP1053,887.8,29.8,Windy,6.69,1798,89.9,79.2,22.7,9.46,2.17,7.81,0.34,2,17.6,Fastened,FALSE,LOW,normal,1
11:52:00,11,4,4,day,352,EXC002,Excavator,OP1053,887.8,29.8,Windy,6.1,1083,76.5,79.1,35.9,13.76,2.29,9.64,1.02,2,37.9,Fastened,FALSE,LOW,normal,1
11:54:00,11,4,4,day,354,EXC002,Excavator,OP1053,887.8,29.8,Windy,2.21,743,83.8,79,27.1,9.79,2.93,7.93,0.27,1,12.5,Fastened,FALSE,LOW,normal,1
11:56:00,11,4,4,day,356,EXC002,Excavator,OP1053,887.8,29.8,Windy,5.02,1613,82.9,79,24.7,8.01,1.75,6.46,0.9,3,23.8,Fastened,FALSE,LOW,normal,1
11:58:00,11,4,4,day,358,EXC002,Excavator,OP1053,887.8,29.8,Windy,3.35,1285,82.2,78.9,31.3,12.88,2.18,9.53,0.93,0,36.2,Fastened,FALSE,LOW,normal,1
12:00:00,12,4,4,day,360,EXC002,Excavator,OP1053,887.8,29.8,Windy,4,1698,83.5,78.8,32.9,12.49,4.14,9.74,1.34,1,10.8,Fastened,FALSE,LOW,normal,1
12:02:00,12,4,4,day,362,EXC002,Excavator,OP1053,887.8,29.8,Windy,7.1,1617,86,78.7,31.5,10.46,2.73,8.03,0.18,1,5.5,Unfastened,TRUE,MEDIUM,normal,1
12:04:00,12,4,4,day,364,EXC002,Excavator,OP1053,887.8,29.8,Windy,5.58,1770,86.7,78.7,38.4,12.12,3.08,8.65,0.69,4,25.3,Unfastened,TRUE,LOW,normal,1
12:06:00,12,4,4,day,366,EXC002,Excavator,OP1053,887.9,29.8,Windy,4.93,1424,84.1,78.6,34.6,12.42,2.77,9.08,0.48,4,15,Fastened,FALSE,LOW,normal,1
12:08:00,12,4,4,day,368,EXC002,Excavator,OP1053,887.9,29.8,Windy,5.42,1300,85.7,78.5,34.6,13.03,2.94,9.54,0.43,3,10.1,Fastened,FALSE,LOW,normal,1
12:10:00,12,4,4,day,370,EXC002,Excavator,OP1053,887.9,29.8,Windy,9.28,1949,86.2,78.4,39.2,11.5,3.33,8.3,0.51,1,29.9,Fastened,FALSE,LOW,normal,1
12:12:00,12,4,4,day,372,EXC002,Excavator,OP1053,887.9,29.8,Windy,5.64,1427,85.6,78.4,38.8,9.79,3.32,7.28,0.37,4,14.4,Fastened,FALSE,LOW,normal,1
12:14:00,12,4,4,day,374,EXC002,Excavator,OP1053,887.9,29.8,Windy,5.53,1726,87.2,78.3,49.3,11.88,3.6,7.8,0.49,4,16.8,Fastened,FALSE,LOW,normal,1
12:16:00,12,4,4,day,376,EXC002,Excavator,OP1053,887.9,29.8,Windy,3.63,1479,83.8,78.2,40.3,13.98,2.37,9.3,0.34,2,19.9,Fastened,FALSE,LOW,normal,1
12:18:00,12,4,4,day,378,EXC002,Excavator,OP1053,887.9,29.8,Windy,6.24,1953,84.5,78.2,39.1,10.12,3.2,7.41,0.65,4,11.8,Fastened,FALSE,LOW,normal,1
12:20:00,12,4,4,day,380,EXC002,Excavator,OP1053,887.9,29.8,Windy,6.42,1400,86.8,78.1,22.7,12.75,2.85,10.5,1,1,22.3,Fastened,FALSE,LOW,normal,1
12:22:00,12,4,4,day,382,EXC002,Excavator,OP1053,887.9,29.8,Windy,4.78,1543,85.7,78,39.5,10.43,3.55,7.71,0.72,1,21.8,Fastened,FALSE,LOW,normal,1
12:24:00,12,4,4,day,384,EXC002,Excavator,OP1053,887.9,29.8,Windy,6.89,1358,83,77.9,29.5,11.87,3.16,9.3,1.42,2,23,Fastened,FALSE,LOW,normal,1
12:26:00,12,4,4,day,386,EXC002,Excavator,OP1053,888,29.8,Windy,4.09,1812,81.8,77.9,45.7,13.3,2.29,8.27,0.29,2,26.3,Fastened,FALSE,LOW,normal,1
12:28:00,12,4,4,day,388,EXC002,Excavator,OP1053,888,29.8,Windy,0.35,1953,87.9,77.8,42,13.01,3.33,8.94,0.48,0,32.9,Fastened,FALSE,LOW,normal,1
12:30:00,12,4,4,day,390,EXC002,Excavator,OP1053,888,29.8,Windy,5.01,1187,87.7,77.7,30.8,11.32,2.6,8.63,0.72,2,19.5,Fastened,FALSE,LOW,normal,1
12:32:00,12,4,4,day,392,EXC002,Excavator,OP1053,888,29.8,Windy,5.5,1305,81.7,77.6,47.6,13.32,3.29,8.55,0.65,3,17,Fastened,FALSE,LOW,normal,1
12:34:00,12,4,4,day,394,EXC002,Excavator,OP1053,888,29.8,Windy,6.14,1331,85.8,77.6,39.5,13.67,2.8,9.38,0.5,0,16.3,Fastened,FALSE,LOW,normal,1
12:36:00,12,4,4,day,396,EXC002,Excavator,OP1053,888,29.8,Windy,4.43,1039,91.4,77.5,39.9,12.32,3.11,8.65,0.71,1,7.7,Fastened,FALSE,MEDIUM,normal,1
12:38:00,12,4,4,day,398,EXC002,Excavator,OP1053,888,29.8,Windy,8.56,1343,84.8,77.4,32.1,11.5,3.32,8.87,0.61,0,21.8,Fastened,FALSE,LOW,normal,1
12:40:00,12,4,4,day,400,EXC002,Excavator,OP1053,888,29.8,Windy,5.41,1748,86.3,77.3,24.8,13.47,2.79,10.82,0.56,2,12.9,Fastened,FALSE,LOW,normal,1
12:42:00,12,4,4,day,402,EXC002,Excavator,OP1053,888,29.8,Windy,5.41,1083,91.3,77.2,42.9,15.69,3.86,10.61,0.35,4,0.8,Fastened,TRUE,HIGH,normal,1
12:44:00,12,4,4,day,404,EXC002,Excavator,OP1053,888,29.8,Windy,4.24,1145,94.5,77.2,27.1,14.44,2.62,11.24,1.25,4,17.2,Fastened,FALSE,LOW,normal,1
12:46:00,12,4,4,day,406,EXC002,Excavator,OP1053,888.1,29.8,Windy,7.68,1429,86.5,77.1,27.7,12.19,3.46,9.77,0.12,4,22.1,Fastened,FALSE,LOW,normal,1
12:48:00,12,4,4,day,408,EXC002,Excavator,OP1053,888.1,29.8,Windy,3.01,1146,90.6,77,29.8,10.78,2.67,8.36,1.06,4,22.8,Fastened,FALSE,LOW,normal,1
12:50:00,12,4,4,day,410,EXC002,Excavator,OP1053,888.1,29.8,Windy,2.6,1520,87.5,76.9,31.8,17,2.76,12.47,0.71,0,15.9,Fastened,FALSE,LOW,normal,1
12:52:00,12,4,4,day,412,EXC002,Excavator,OP1053,888.1,29.8,Windy,5.38,1871,87.2,76.8,38.9,10.97,3.14,7.92,0.4,2,33.2,Fastened,FALSE,LOW,normal,1
12:54:00,12,4,4,day,414,EXC002,Excavator,OP1053,888.1,29.8,Windy,4.73,1590,89.8,76.8,37.8,10.99,3,7.97,0.78,1,13.5,Fastened,FALSE,LOW,normal,1
12:56:00,12,4,4,day,416,EXC002,Excavator,OP1053,888.1,29.8,Windy,6.73,1084,88.7,76.7,36.7,8.81,3.2,6.75,1.11,3,23,Fastened,FALSE,LOW,normal,1
12:58:00,12,4,4,day,418,EXC002,Excavator,OP1053,888.1,29.8,Windy,7.61,1836,76.7,76.6,28,12.23,2.65,9.55,0.66,2,21,Unfastened,TRUE,LOW,normal,1
13:00:00,13,4,4,day,420,EXC002,Excavator,OP1053,888.1,29.8,Windy,8.11,1869,84.8,76.5,25,12.78,2.91,10.31,1.27,2,31.5,Fastened,FALSE,LOW,normal,1
13:02:00,13,4,4,day,422,EXC002,Excavator,OP1053,888.1,29.8,Windy,8.52,1384,86.2,76.5,33.4,9.59,2.57,7.25,0.87,0,7.2,Fastened,FALSE,MEDIUM,normal,1
13:04:00,13,4,4,day,424,EXC002,Excavator,OP1053,888.1,29.8,Windy,3.78,1552,88.2,76.4,29.8,8,3.7,6.72,0.52,0,16.5,Unfastened,TRUE,LOW,normal,1
13:06:00,13,4,4,day,426,EXC002,Excavator,OP1053,888.2,29.8,Windy,7.01,1443,86.2,76.3,28.5,13.52,2.76,10.45,0.81,1,2.4,Fastened,TRUE,HIGH,normal,1
13:08:00,13,4,4,day,428,EXC002,Excavator,OP1053,888.2,29.8,Windy,6.21,1535,84.7,76.3,40,11.85,3.14,8.37,0.93,1,19.4,Fastened,FALSE,LOW,normal,1
13:10:00,13,4,4,day,430,EXC002,Excavator,OP1053,888.2,29.8,Windy,4.92,1391,86.4,76.2,34.2,10.65,3.47,8.19,0.28,2,22.6,Fastened,FALSE,LOW,normal,1
13:12:00,13,4,4,day,432,EXC002,Excavator,OP1053,888.2,29.8,Windy,2.85,1285,87.1,76.1,31.6,13.17,2.86,9.91,0.17,1,15.3,Fastened,FALSE,LOW,normal,1
13:14:00,13,4,4,day,434,EXC002,Excavator,OP1053,888.2,29.8,Windy,5.21,909,85.6,76,28,10.47,4.16,8.7,0.31,4,27.2,Fastened,FALSE,LOW,normal,1
13:16:00,13,4,4,day,436,EXC002,Excavator,OP1053,888.2,29.8,Windy,4.93,2026,88.2,76,33,12.9,2.84,9.58,0.91,2,13.2,Fastened,FALSE,LOW,normal,1
13:18:00,13,4,4,day,438,EXC002,Excavator,OP1053,888.2,29.8,Windy,6.93,1828,88.6,75.9,29,11.37,3.46,9.08,0.7,1,34,Fastened,FALSE,LOW,normal,1
13:20:00,13,4,4,day,440,EXC002,Excavator,OP1053,888.2,29.8,Windy,4.05,1576,89.9,75.8,40,11.68,2.03,7.82,0.96,1,10.8,Unfastened,TRUE,LOW,normal,1
13:22:00,13,4,4,day,442,EXC002,Excavator,OP1053,888.2,29.8,Windy,6.11,1612,87.9,75.8,38.1,10.68,2.21,7.45,0.99,0,7.4,Fastened,FALSE,MEDIUM,normal,1
13:24:00,13,4,4,day,444,EXC002,Excavator,OP1053,888.3,29.8,Windy,6.48,1276,78.7,75.7,27.2,12.95,3.17,10.29,0.71,1,25.3,Fastened,FALSE,LOW,normal,1
13:26:00,13,4,4,day,446,EXC002,Excavator,OP1053,888.3,29.8,Windy,4.46,1305,83.5,75.6,36.4,13.13,2.45,9.24,0.48,1,24.7,Fastened,FALSE,LOW,normal,1
13:28:00,13,4,4,day,448,EXC002,Excavator,OP1053,888.3,29.8,Windy,9.79,1760,85.6,75.5,29.8,8.98,2.83,7.15,0.74,1,19.3,Fastened,FALSE,LOW,normal,1
13:30:00,13,4,4,day,450,EXC002,Excavator,OP1053,888.3,29.8,Windy,4.5,1017,89.6,75.5,43.8,13.25,3.74,9.08,0.4,1,24,Fastened,FALSE,LOW,normal,1
13:32:00,13,4,4,day,452,EXC002,Excavator,OP1053,888.3,29.8,Windy,6.82,1330,87.9,75.4,33.3,10.02,2.66,7.57,0.49,1,35.9,Fastened,FALSE,LOW,normal,1
13:34:00,13,4,4,day,454,EXC002,Excavator,OP1053,888.3,29.8,Windy,7.26,1554,86.8,75.3,48.8,13.02,2.57,7.92,0.51,2,25.6,Fastened,FALSE,LOW,normal,1
13:36:00,13,4,4,day,456,EXC002,Excavator,OP1053,888.3,29.8,Windy,5.91,1757,88.3,75.2,24,13.78,2.62,11.1,0.79,0,14.1,Unfastened,TRUE,LOW,normal,1
13:38:00,13,4,4,day,458,EXC002,Excavator,OP1053,888.3,29.8,Windy,4.83,1566,89.9,75.2,31.5,8.9,2.06,6.75,1.19,1,16.1,Fastened,FALSE,LOW,normal,1
13:40:00,13,4,4,day,460,EXC002,Excavator,OP1053,888.3,29.8,Windy,3.23,1362,86.1,75.1,29.6,13.12,2.62,10.01,1.07,4,25.6,Fastened,FALSE,LOW,normal,1
13:42:00,13,4,4,day,462,EXC002,Excavator,OP1053,888.3,29.8,Windy,4.43,1014,92.4,75,29.4,12.39,3.54,9.79,0.62,0,23.3,Fastened,FALSE,LOW,normal,1
13:44:00,13,4,4,day,464,EXC002,Excavator,OP1053,888.4,29.8,Windy,5.02,1599,84.3,74.9,33.9,13,3.88,9.91,0.55,1,20.8,Fastened,FALSE,LOW,normal,1
13:46:00,13,4,4,day,466,EXC002,Excavator,OP1053,888.4,29.8,Windy,3.82,1515,88.4,74.9,35.1,12.91,3.28,9.53,0.3,0,13,Fastened,FALSE,LOW,normal,1
13:48:00,13,4,4,day,468,EXC002,Excavator,OP1053,888.4,29.8,Windy,5.19,1505,87.3,74.8,38.2,13.08,2.65,9.1,0.83,4,15.5,Fastened,FALSE,LOW,normal,1
13:50:00,13,4,4,day,470,EXC002,Excavator,OP1053,888.4,29.8,Windy,3.52,1428,91,74.7,31.1,15.06,2.69,11.21,0.81,3,7.2,Fastened,FALSE,MEDIUM,normal,1
13:52:00,13,4,4,day,472,EXC002,Excavator,OP1053,888.4,29.8,Windy,3.81,2063,90.2,74.6,30.1,13.39,3.46,10.4,0.77,4,17.3,Fastened,FALSE,LOW,normal,1
13:54:00,13,4,4,day,474,EXC002,Excavator,OP1053,888.4,29.8,Windy,5.42,1436,85.7,74.5,36.1,10.06,2.49,7.33,0.66,2,21.4,Fastened,FALSE,LOW,normal,1
13:56:00,13,4,4,day,476,EXC002,Excavator,OP1053,888.4,29.8,Windy,5.39,1622,88.2,74.5,35.4,13.41,2.38,9.51,0.91,1,8.8,Fastened,FALSE,LOW,normal,1
13:58:00,13,4,4,day,478,EXC002,Excavator,OP1053,888.4,29.8,Windy,6.4,1785,85.8,74.4,36.6,10.22,3.02,7.58,0.98,4,17.3,Fastened,FALSE,LOW,normal,1
14:00:00,14,4,4,day,480,EXC002,Excavator,OP1053,888.4,29.8,Windy,5.55,1803,89.8,74.3,36.2,10.68,3.67,8.14,1.01,3,7.3,Fastened,FALSE,MEDIUM,normal,1
14:02:00,14,4,4,day,482,EXC002,Excavator,OP1053,888.4,29.8,Windy,5.5,1499,91.9,74.3,33.5,10.46,2.43,7.77,0.59,3,19,Fastened,FALSE,LOW,normal,1
14:04:00,14,4,4,day,484,EXC002,Excavator,OP1053,888.5,29.8,Windy,4.2,1525,89.7,74.2,29.8,10.51,2.63,8.16,0.55,4,21.5,Fastened,FALSE,LOW,normal,1
14:06:00,14,4,4,day,486,EXC002,Excavator,OP1053,888.5,29.8,Windy,4.01,1303,90.2,74.1,29.9,11.5,3.7,9.17,0.7,4,23.6,Fastened,FALSE,LOW,normal,1
14:08:00,14,4,4,day,488,EXC002,Excavator,OP1053,888.5,29.8,Windy,8.97,1580,87.5,74.1,35.3,11.45,2.76,8.38,0.71,1,21.1,Unfastened,TRUE,LOW,normal,1
14:10:00,14,4,4,day,490,EXC002,Excavator,OP1053,888.5,29.8,Windy,7.18,1624,81,74,30.1,8,2.54,6.36,1.05,2,18.6,Fastened,FALSE,LOW,normal,1
14:12:00,14,4,4,day,492,EXC002,Excavator,OP1053,888.5,29.8,Windy,6.54,1583,92.9,73.9,36.3,11.27,2.87,8.22,0.52,4,21.2,Fastened,FALSE,LOW,normal,1
14:14:00,14,4,4,day,494,EXC002,Excavator,OP1053,888.5,29.8,Windy,5.47,1190,83.1,73.9,41.1,13.82,2.71,9.25,0.64,3,12.7,Fastened,FALSE,LOW,normal,1
14:16:00,14,4,4,day,496,EXC002,Excavator,OP1053,888.5,29.8,Windy,6.04,1032,87.4,73.8,42.9,10.96,3.05,7.57,0.67,2,23.2,Fastened,FALSE,LOW,normal,1
14:18:00,14,4,4,day,498,EXC002,Excavator,OP1053,888.5,29.8,Windy,7.67,1540,87.8,73.7,43.5,11.17,2.89,7.57,0.64,2,13.5,Unfastened,TRUE,LOW,normal,1
14:20:00,14,4,4,day,500,EXC002,Excavator,OP1053,888.5,29.8,Windy,3.67,1020,86.9,73.7,25.6,10.54,2.78,8.55,1.15,0,9.6,Fastened,FALSE,LOW,normal,1
14:22:00,14,4,4,day,502,EXC002,Excavator,OP1053,888.5,29.8,Windy,8.2,1267,88.7,73.6,45.3,8,2.63,5.57,0.81,3,29,Fastened,FALSE,LOW,normal,1
14:24:00,14,4,4,day,504,EXC002,Excavator,OP1053,888.6,29.8,Windy,6.1,2149,91.7,73.5,40.9,11.42,3.03,7.99,0.77,4,10.7,Unfastened,TRUE,LOW,normal,1
14:26:00,14,4,4,day,506,EXC002,Excavator,OP1053,888.6,29.8,Windy,6.2,933,88.3,73.5,42.1,10.37,3.71,7.57,0.63,4,24.5,Fastened,FALSE,LOW,normal,1
14:28:00,14,4,4,day,508,EXC002,Excavator,OP1053,888.6,29.8,Windy,5.41,1485,86.1,73.4,15.7,9.96,3.19,8.9,0.78,3,15.6,Unfastened,TRUE,LOW,normal,1
14:30:00,14,4,4,day,510,EXC002,Excavator,OP1053,888.6,29.8,Windy,7.16,1116,86.8,73.3,31.2,12.54,2.38,9.37,1.21,1,13.9,Fastened,FALSE,LOW,normal,1
14:32:00,14,4,4,day,512,EXC002,Excavator,OP1053,888.6,29.8,Windy,6.86,1214,89,73.3,37.3,9.32,3.41,7.12,0.92,3,9.5,Fastened,FALSE,LOW,normal,1
14:34:00,14,4,4,day,514,EXC002,Excavator,OP1053,888.6,29.8,Windy,3.7,1752,86.5,73.2,33.9,11.93,3.46,9.06,0.88,1,16.1,Fastened,FALSE,LOW,normal,1
14:36:00,14,4,4,day,516,EXC002,Excavator,OP1053,888.6,29.8,Windy,3.82,1203,88.3,73.1,36.5,12.9,3.51,9.47,0.07,1,22.2,Fastened,FALSE,LOW,normal,1
14:38:00,14,4,4,day,518,EXC002,Excavator,OP1053,888.6,29.8,Windy,5.29,1151,88.8,73.1,38.2,10.12,3.1,7.44,0.87,2,5.3,Fastened,FALSE,MEDIUM,normal,1
14:40:00,14,4,4,day,520,EXC002,Excavator,OP1053,888.6,29.8,Windy,3.09,1442,87.7,73,30.3,9.21,3.05,7.34,0.88,1,31.7,Fastened,FALSE,LOW,normal,1
14:42:00,14,4,4,day,522,EXC002,Excavator,OP1053,888.6,29.8,Windy,7.06,1173,85.8,72.9,34.4,13.87,2.53,9.97,0.4,0,17.6,Fastened,FALSE,LOW,normal,1
14:44:00,14,4,4,day,524,EXC002,Excavator,OP1053,888.7,29.8,Windy,3.04,1656,86.4,72.8,42.9,13.64,3.27,9.19,1.1,1,21.2,Fastened,FALSE,LOW,normal,1
14:46:00,14,4,4,day,526,EXC002,Excavator,OP1053,888.7,29.8,Windy,4.2,1064,89.8,72.8,41.1,11.77,2.25,7.86,0.45,4,11.1,Fastened,FALSE,LOW,normal,1
14:48:00,14,4,4,day,528,EXC002,Excavator,OP1053,888.7,29.8,Windy,2.19,1155,88.9,72.7,44.5,10.22,1.98,6.55,0.6,1,15.3,Fastened,FALSE,LOW,normal,1
14:50:00,14,4,4,day,530,EXC002,Excavator,OP1053,888.7,29.8,Windy,3.35,1117,84.9,72.6,35.6,11.59,2.18,8.24,1.21,1,12.1,Fastened,FALSE,LOW,normal,1
14:52:00,14,4,4,day,532,EXC002,Excavator,OP1053,888.7,29.8,Windy,8.97,1162,81.5,72.6,51.8,11.61,2.93,7.11,0.18,0,20.1,Fastened,FALSE,LOW,normal,1
14:54:00,14,4,4,day,534,EXC002,Excavator,OP1053,888.7,29.8,Windy,8.3,1703,84.1,72.5,35.9,11.54,3.72,8.73,0.14,2,35.7,Fastened,FALSE,LOW,normal,1
14:56:00,14,4,4,day,536,EXC002,Excavator,OP1053,888.7,29.8,Windy,3.07,1944,83.3,72.4,24.4,10.06,3.01,8.34,0.9,4,11.2,Fastened,FALSE,LOW,normal,1
14:58:00,14,4,4,day,538,EXC002,Excavator,OP1053,888.7,29.8,Windy,5.1,1956,84.8,72.4,27.7,12.63,2.48,9.82,0.9,2,17.2,Fastened,FALSE,LOW,normal,1
15:00:00,15,4,4,day,540,EXC002,Excavator,OP1053,888.7,29.8,Windy,6.51,1333,88.4,72.3,40,9,2.51,6.4,0.22,1,33.7,Fastened,FALSE,LOW,normal,1
15:02:00,15,4,4,day,542,EXC002,Excavator,OP1053,888.7,29.8,Windy,7.18,1211,89.5,72.2,32.8,11.06,2.88,8.38,0.88,1,10.2,Fastened,FALSE,LOW,normal,1
15:04:00,15,4,4,day,544,EXC002,Excavator,OP1053,888.8,29.8,Windy,7.78,1044,86,72.1,25.6,15.4,2.49,12.1,0.81,0,24,Fastened,FALSE,LOW,normal,1
15:06:00,15,4,4,day,546,EXC002,Excavator,OP1053,888.8,29.8,Windy,7.22,1374,84.9,72.1,32.1,10.28,3.05,7.96,0.35,4,6.1,Fastened,FALSE,MEDIUM,normal,1
15:08:00,15,4,4,day,548,EXC002,Excavator,OP1053,888.8,29.8,Windy,6.38,1007,88.8,72,26.1,10.88,3.55,8.97,0.74,4,22.6,Fastened,FALSE,LOW,normal,1
15:10:00,15,4,4,day,550,EXC002,Excavator,OP1053,888.8,29.8,Windy,8.98,1210,86.8,71.9,31.9,11.86,2.68,8.93,0.48,4,3.1,Fastened,FALSE,MEDIUM,normal,1
15:12:00,15,4,4,day,552,EXC002,Excavator,OP1053,888.8,29.8,Windy,8.18,1692,87.7,71.9,27.1,8.3,3.25,6.93,0.75,3,13.2,Unfastened,TRUE,LOW,normal,1
15:14:00,15,4,4,day,554,EXC002,Excavator,OP1053,888.8,29.8,Windy,6.97,1285,88,71.8,37.4,9.49,2.56,6.9,0.55,0,8.8,Fastened,FALSE,LOW,normal,1
15:16:00,15,4,4,day,556,EXC002,Excavator,OP1053,888.8,29.8,Windy,6.18,1946,90.5,71.7,47.8,16.86,3.19,10.33,0.74,3,5.2,Fastened,FALSE,MEDIUM,normal,1
15:18:00,15,4,4,day,558,EXC002,Excavator,OP1053,888.8,29.8,Windy,6.34,1260,87,71.6,22.2,12.02,2.91,10,0.63,0,15.8,Fastened,FALSE,LOW,normal,1
15:20:00,15,4,4,day,560,EXC002,Excavator,OP1053,888.8,29.8,Windy,4.64,1524,91,71.6,46.6,11.85,2.67,7.57,0.64,3,28.2,Unfastened,TRUE,LOW,normal,1
15:22:00,15,4,4,day,562,EXC002,Excavator,OP1053,888.8,29.8,Windy,2.07,1459,82.5,71.5,27.7,9.65,3.33,7.9,0.83,1,16.6,Fastened,FALSE,LOW,normal,1
15:24:00,15,4,4,day,564,EXC002,Excavator,OP1053,888.9,29.8,Windy,5.26,1572,90.4,71.4,20.7,12.23,3.35,10.39,0.61,0,9.8,Fastened,FALSE,LOW,normal,1
15:26:00,15,4,4,day,566,EXC002,Excavator,OP1053,888.9,29.8,Windy,8.87,1620,93.3,71.3,35.5,13.25,2.39,9.39,1.16,2,27.2,Fastened,FALSE,LOW,normal,1
15:28:00,15,4,4,day,568,EXC002,Excavator,OP1053,888.9,29.8,Windy,2.07,1755,89.2,71.3,40.2,12.39,3.63,8.87,1.15,1,12.2,Fastened,FALSE,LOW,normal,1
15:30:00,15,4,4,day,570,EXC002,Excavator,OP1053,888.9,29.8,Windy,4.89,1398,89.3,71.2,38.6,9.5,2.04,6.62,0.58,2,27.8,Unfastened,TRUE,LOW,normal,1
15:32:00,15,4,4,day,572,EXC002,Excavator,OP1053,888.9,29.8,Windy,6.26,1239,86.9,71.1,33.4,10.58,2.9,8.01,0.22,3,11.7,Fastened,FALSE,LOW,normal,1
15:34:00,15,4,4,day,574,EXC002,Excavator,OP1053,888.9,29.8,Windy,6.71,1496,81.4,71.1,39.4,10.28,2.59,7.25,0.36,0,7.8,Fastened,FALSE,MEDIUM,normal,1
15:36:00,15,4,4,day,576,EXC002,Excavator,OP1053,888.9,29.8,Windy,5.29,1745,89.5,71,42.7,12.89,3.62,8.93,0.5,0,12.6,Fastened,FALSE,LOW,normal,1
15:38:00,15,4,4,day,578,EXC002,Excavator,OP1053,888.9,29.8,Windy,6.7,1527,88.7,70.9,31.8,11.76,3.08,9,0.5,0,17.5,Fastened,FALSE,LOW,normal,1
15:40:00,15,4,4,day,580,EXC002,Excavator,OP1053,888.9,29.8,Windy,5.38,1372,89.3,70.9,40.5,11.32,2.8,7.87,0.95,0,12.4,Fastened,FALSE,LOW,normal,1
15:42:00,15,4,4,day,582,EXC002,Excavator,OP1053,889,29.8,Windy,3.57,1406,88.7,70.8,53.2,13.04,2.61,7.49,0.37,3,8.2,Fastened,FALSE,LOW,normal,1
15:44:00,15,4,4,day,584,EXC002,Excavator,OP1053,889,29.8,Windy,4.31,1116,85.2,70.7,35.5,11.48,2.77,8.39,1.01,0,14.8,Fastened,FALSE,LOW,normal,1
15:46:00,15,4,4,day,586,EXC002,Excavator,OP1053,889,29.8,Windy,3.57,1060,85.7,70.7,40.7,12.64,3.08,8.75,0.69,0,27.2,Fastened,FALSE,LOW,normal,1
15:48:00,15,4,4,day,588,EXC002,Excavator,OP1053,889,29.8,Windy,7.29,1566,91.1,70.6,27.9,13.42,2.89,10.48,0.72,2,20.8,Fastened,FALSE,LOW,normal,1
15:50:00,15,4,4,day,590,EXC002,Excavator,OP1053,889,29.8,Windy,3.17,1773,90.6,70.5,42,10.52,2.24,7.04,0.33,4,28.4,Fastened,FALSE,LOW,normal,1
15:52:00,15,4,4,day,592,EXC002,Excavator,OP1053,889,29.8,Windy,2.01,1814,88.4,70.4,42.5,14.45,3.19,9.66,0.97,2,24.8,Unfastened,TRUE,LOW,normal,1
15:54:00,15,4,4,day,594,EXC002,Excavator,OP1053,889,29.8,Windy,6.32,1488,84.9,70.4,38.8,12.72,2.44,8.73,1.07,2,0.5,Fastened,TRUE,HIGH,normal,1
15:56:00,15,4,4,day,596,EXC002,Excavator,OP1053,889,29.8,Windy,5.57,1167,86,70.3,31.4,15.06,2.14,11,1.03,2,14.6,Fastened,FALSE,LOW,normal,1
15:58:00,15,4,4,day,598,EXC002,Excavator,OP1053,889,29.8,Windy,4.02,1480,89.2,70.2,27.9,9.25,2.35,7.32,0.19,1,7.3,Fastened,FALSE,MEDIUM,normal,1
16:00:00,16,4,4,day,600,EXC002,Excavator,OP1053,889,29.8,Windy,6.95,1751,84.3,70.1,34.7,11.03,2.19,7.96,0.86,2,11.7,Fastened,FALSE,LOW,normal,1
16:02:00,16,4,4,day,602,EXC002,Excavator,OP1053,889.1,29.8,Windy,9.3,1640,88.2,70.1,33.8,10.73,2.25,7.86,1.18,1,8.8,Fastened,FALSE,LOW,normal,1
16:04:00,16,4,4,day,604,EXC002,Excavator,OP1053,889.1,29.8,Windy,4.18,1894,84.1,70,32.4,10.74,3.4,8.36,1.45,1,12.7,Fastened,FALSE,LOW,normal,1
16:06:00,16,4,4,day,606,EXC002,Excavator,OP1053,889.1,29.8,Windy,4.6,1209,88.4,69.9,38.1,12.94,1.97,8.76,0.87,2,21.1,Fastened,FALSE,LOW,normal,1
16:08:00,16,4,4,day,608,EXC002,Excavator,OP1053,889.1,29.8,Windy,2.98,1485,86.1,69.9,57.5,12.18,2.8,6.79,0.77,4,12.6,Fastened,FALSE,LOW,normal,1
16:10:00,16,4,4,day,610,EXC002,Excavator,OP1053,889.1,29.8,Windy,6.24,1570,89.6,69.8,34.7,11.94,3.09,8.87,0.91,2,14.2,Fastened,FALSE,LOW,normal,1
16:12:00,16,4,4,day,612,EXC002,Excavator,OP1053,889.1,29.8,Windy,2.08,1103,87.1,69.7,19.2,12.16,3.63,10.52,0.71,1,22.5,Fastened,FALSE,LOW,normal,1
16:14:00,16,4,4,day,614,EXC002,Excavator,OP1053,889.1,29.8,Windy,6.19,1314,89.4,69.6,30.4,15.56,2.81,11.68,0.38,1,12.4,Fastened,FALSE,LOW,normal,1
16:16:00,16,4,4,day,616,EXC002,Excavator,OP1053,889.1,29.8,Windy,7.32,1595,89.3,69.5,15.7,13.87,3.19,12.19,0.73,1,26.9,Unfastened,TRUE,LOW,normal,1
16:18:00,16,4,4,day,618,EXC002,Excavator,OP1053,889.1,29.8,Windy,7.36,1759,91.3,69.5,42.4,10.09,2.81,7,0.67,4,19.7,Fastened,FALSE,LOW,normal,1
16:20:00,16,4,4,day,620,EXC002,Excavator,OP1053,889.1,29.8,Windy,1.28,1685,85.3,69.4,34,9.68,2.49,7.24,0.82,0,21.8,Fastened,FALSE,LOW,normal,1
16:22:00,16,4,4,day,622,EXC002,Excavator,OP1053,889.2,29.8,Windy,7.08,1329,86.5,69.3,38.7,12.66,3.02,8.93,0.91,2,8.7,Fastened,FALSE,LOW,normal,1
16:24:00,16,4,4,day,624,EXC002,Excavator,OP1053,889.2,29.8,Windy,9.15,2066,91.6,69.2,28.7,15.1,3.1,11.66,0.24,4,7.2,Fastened,FALSE,MEDIUM,normal,1
16:26:00,16,4,4,day,626,EXC002,Excavator,OP1053,889.2,29.8,Windy,5.34,1662,82,69.2,34.7,12.86,2.25,9.18,1.04,4,32.1,Unfastened,TRUE,LOW,normal,1
16:28:00,16,4,4,day,628,EXC002,Excavator,OP1053,889.2,29.8,Windy,7,1462,86.6,69.1,30.8,10.39,3.25,8.19,0.93,4,25.1,Fastened,FALSE,LOW,normal,1
16:30:00,16,4,4,day,630,EXC002,Excavator,OP1053,889.2,29.8,Windy,6.11,1206,84.7,69,42,14.43,3.45,9.82,0,3,7.7,Fastened,FALSE,MEDIUM,normal,1
16:32:00,16,4,4,day,632,EXC002,Excavator,OP1053,889.2,29.8,Windy,7.18,1047,85.8,68.9,35.9,14.53,3.14,10.44,1.13,0,21.4,Fastened,FALSE,LOW,normal,1
16:34:00,16,4,4,day,634,EXC002,Excavator,OP1053,889.2,29.8,Windy,3.83,1427,88,68.8,23,10.03,3.1,8.44,0.49,3,12.8,Fastened,FALSE,LOW,normal,1
16:36:00,16,4,4,day,636,EXC002,Excavator,OP1053,889.2,29.8,Windy,7.61,1004,89,68.8,42.3,13.2,4.42,9.49,0.46,3,10.7,Fastened,FALSE,LOW,normal,1
16:38:00,16,4,4,day,638,EXC002,Excavator,OP1053,889.2,29.8,Windy,3.23,1420,84,68.7,36.5,14.18,3.29,10.21,0.65,0,22.4,Fastened,FALSE,LOW,normal,1
16:40:00,16,4,4,day,640,EXC002,Excavator,OP1053,889.2,29.8,Windy,4.95,1372,88.1,68.6,27.9,8.33,2.92,6.82,1.07,1,21.8,Fastened,FALSE,LOW,normal,1
16:42:00,16,4,4,day,642,EXC002,Excavator,OP1053,889.3,29.8,Windy,5.52,1728,91.9,68.6,40.4,9.47,2.23,6.55,0.7,2,17.5,Fastened,FALSE,LOW,normal,1
16:44:00,16,4,4,day,644,EXC002,Excavator,OP1053,889.3,29.8,Windy,4.22,1306,84.7,68.5,38.2,12.16,2.75,8.57,0.34,2,15.7,Fastened,FALSE,LOW,normal,1
16:46:00,16,4,4,day,646,EXC002,Excavator,OP1053,889.3,29.8,Windy,5.04,1483,88.8,68.4,30.7,15.35,3.41,11.68,0.89,1,13.3,Fastened,FALSE,LOW,normal,1
16:48:00,16,4,4,day,648,EXC002,Excavator,OP1053,889.3,29.8,Windy,7.45,1320,89.4,68.3,34.3,15.31,3.22,11.16,1.1,1,39.9,Fastened,FALSE,LOW,normal,1
16:50:00,16,4,4,day,650,EXC002,Excavator,OP1053,889.3,29.8,Windy,7.47,1326,85.3,68.2,25.8,9.93,3.19,8.19,0.81,2,8.7,Fastened,FALSE,LOW,normal,1
16:52:00,16,4,4,day,652,EXC002,Excavator,OP1053,889.3,29.8,Windy,5.07,1669,86.1,68.1,29.6,14.86,3.06,11.37,0.24,3,27.9,Unfastened,TRUE,LOW,normal,1
16:54:00,16,4,4,day,654,EXC002,Excavator,OP1053,889.3,29.8,Windy,7.63,1071,82.4,68.1,40.6,12.2,2.48,8.25,0,0,19,Fastened,FALSE,LOW,normal,1
16:56:00,16,4,4,day,656,EXC002,Excavator,OP1053,889.3,29.8,Windy,7.54,1114,84.7,68,33,13.68,3.26,10.24,0.54,3,15.9,Fastened,FALSE,LOW,normal,1
16:58:00,16,4,4,day,658,EXC002,Excavator,OP1053,889.3,29.8,Windy,5.02,1180,86.5,67.9,37.1,13.65,2.62,9.56,0.56,2,3.1,Fastened,FALSE,MEDIUM,normal,1
17:00:00,17,4,4,day,660,EXC002,Excavator,OP1053,889.3,29.8,Windy,6.78,959,83.5,67.8,33.9,13.04,2.6,9.5,0.67,4,10.9,Fastened,FALSE,LOW,normal,1
17:02:00,17,4,4,day,662,EXC002,Excavator,OP1053,889.4,29.8,Windy,4.61,1103,85,67.7,29,13.44,2.54,10.28,0.93,0,15.4,Fastened,FALSE,LOW,normal,1
17:04:00,17,4,4,day,664,EXC002,Excavator,OP1053,889.4,29.8,Windy,3.71,1214,85.4,67.7,37.3,12.17,2.5,8.56,0.57,1,27.9,Fastened,FALSE,LOW,normal,1
17:06:00,17,4,4,day,666,EXC002,Excavator,OP1053,889.4,29.8,Windy,4.97,1464,90.5,67.6,34.1,13.2,3.63,9.94,0.36,1,12.5,Fastened,FALSE,LOW,normal,1
17:08:00,17,4,4,day,668,EXC002,Excavator,OP1053,889.4,29.8,Windy,5.89,1549,87.8,67.5,34,11.25,3.28,8.54,0,3,8.2,Fastened,FALSE,LOW,normal,1
17:10:00,17,4,4,day,670,EXC002,Excavator,OP1053,889.4,29.8,Windy,4.29,1082,87.1,67.5,35.2,9.92,2.93,7.46,0.31,1,16.7,Unfastened,TRUE,LOW,normal,1
17:12:00,17,4,4,day,672,EXC002,Excavator,OP1053,889.4,29.8,Windy,2.84,2052,89.9,67.4,41.7,10.46,2.35,7.08,0.71,0,8.5,Fastened,FALSE,LOW,normal,1
17:14:00,17,4,4,day,674,EXC002,Excavator,OP1053,889.4,29.8,Windy,5.16,2087,86.1,67.3,18.6,12.97,3.63,11.23,0.2,1,33.4,Fastened,FALSE,LOW,normal,1
17:16:00,17,4,4,day,676,EXC002,Excavator,OP1053,889.4,29.8,Windy,6.34,1465,87.7,67.2,32.1,13.12,2.46,9.7,0.78,0,16.9,Fastened,FALSE,LOW,normal,1
17:18:00,17,4,4,day,678,EXC002,Excavator,OP1053,889.4,29.8,Windy,7.02,1754,89.6,67.2,33.1,9.83,2.85,7.52,0.57,4,9.8,Fastened,FALSE,LOW,normal,1
17:20:00,17,4,4,day,680,EXC002,Excavator,OP1053,889.4,29.8,Windy,3.02,1792,90.3,67.1,29.8,13.52,3.1,10.41,0.98,2,32.7,Fastened,FALSE,LOW,normal,1
17:22:00,17,4,4,day,682,EXC002,Excavator,OP1053,889.5,29.8,Windy,5.39,1450,89.7,67,32.4,10.8,2.63,8.15,0.78,4,11.3,Fastened,FALSE,LOW,normal,1
17:24:00,17,4,4,day,684,EXC002,Excavator,OP1053,889.5,29.8,Windy,3.4,1109,85.2,67,30.3,8.6,2.95,6.89,0.67,3,25.8,Fastened,FALSE,LOW,normal,1
17:26:00,17,4,4,day,686,EXC002,Excavator,OP1053,889.5,29.8,Windy,3.91,1184,89.4,66.9,37.2,12.28,2.81,8.76,0.26,0,19.6,Fastened,FALSE,LOW,normal,1
17:28:00,17,4,4,day,688,EXC002,Excavator,OP1053,889.5,29.8,Windy,5.15,1169,84.7,66.8,47.6,13.53,2.25,8.16,1.02,3,4.9,Fastened,FALSE,MEDIUM,normal,1
17:30:00,17,4,4,day,690,EXC002,Excavator,OP1053,889.5,29.8,Windy,5.91,2082,85.9,66.7,42.9,12.96,2.49,8.47,0.49,4,18.7,Fastened,FALSE,LOW,normal,1
17:32:00,17,4,4,day,692,EXC002,Excavator,OP1053,889.5,29.8,Windy,6.12,1376,85.5,66.7,38.9,13.32,3.88,9.65,0.34,3,19.2,Fastened,FALSE,LOW,normal,1
17:34:00,17,4,4,day,694,EXC002,Excavator,OP1053,889.5,29.8,Windy,3.02,1225,92.1,66.6,35,11.05,3.33,8.35,0.73,3,13.5,Fastened,FALSE,LOW,normal,1
17:36:00,17,4,4,day,696,EXC002,Excavator,OP1053,889.5,29.8,Windy,5.67,1480,81.6,66.5,46.1,13.27,3.24,8.65,0.2,2,0.5,Fastened,TRUE,HIGH,normal,1
17:38:00,17,4,4,day,698,EXC002,Excavator,OP1053,889.5,29.8,Windy,8.23,1813,87.7,66.5,41.7,10.58,2.49,7.21,0.59,2,17.5,Fastened,FALSE,LOW,normal,1
17:40:00,17,4,4,day,700,EXC002,Excavator,OP1053,889.5,29.8,Windy,4.76,1490,87.1,66.4,33.1,15.04,3.44,11.2,0.83,0,22.3,Fastened,FALSE,LOW,normal,1
17:42:00,17,4,4,day,702,EXC002,Excavator,OP1053,889.6,29.8,Windy,6.53,1330,83.7,66.3,47.9,12.75,2.84,8,0.67,4,14.1,Unfastened,TRUE,LOW,normal,1
17:44:00,17,4,4,day,704,EXC002,Excavator,OP1053,889.6,29.8,Windy,6.36,808,87.7,66.2,37,11.13,4.05,8.51,0.35,3,13.1,Unfastened,TRUE,LOW,normal,1
17:46:00,17,4,4,day,706,EXC002,Excavator,OP1053,889.6,29.8,Windy,6.39,1071,91,66.1,27.8,13.98,3.6,11.09,1,4,21.4,Fastened,FALSE,LOW,normal,1
17:48:00,17,4,4,day,708,EXC002,Excavator,OP1053,889.6,29.8,Windy,8.8,1770,87.6,66.1,34.8,9.72,3.15,7.43,1.04,0,13.4,Fastened,FALSE,LOW,normal,1
17:50:00,17,4,4,day,710,EXC002,Excavator,OP1053,889.6,29.8,Windy,6.4,926,87.1,66,28.4,15.12,3.25,11.75,0.02,4,25,Unfastened,TRUE,LOW,normal,1
17:52:00,17,4,4,day,712,EXC002,Excavator,OP1053,889.6,29.8,Windy,6.73,1238,90.9,65.9,38.1,13.48,2.37,9.25,0.09,4,16.1,Unfastened,TRUE,LOW,normal,1
17:54:00,17,4,4,day,714,EXC002,Excavator,OP1053,889.6,29.8,Windy,2.29,1296,89.1,65.8,25.5,11.84,3.02,9.59,0.86,3,20.7,Fastened,FALSE,LOW,normal,1
17:56:00,17,4,4,day,716,EXC002,Excavator,OP1053,889.6,29.8,Windy,8.39,999,85.7,65.7,23.6,10.29,2.33,8.41,0.73,4,12.5,Fastened,FALSE,LOW,normal,1
17:58:00,17,4,4,day,718,EXC002,Excavator,OP1053,889.6,29.8,Windy,5.34,1425,89.4,65.7,35,11.03,3.27,8.31,0.81,0,21.9,Unfastened,TRUE,LOW,normal,1
06:00:00,6,3,6,day,0,LDR002,Loader,OP1050,4064.6,40.2,Rainy,3.93,1239,40.2,94.5,29.3,9.04,2.64,7.16,0.45,1,27.2,Unfastened,TRUE,LOW,normal,1
06:02:00,6,3,6,day,2,LDR002,Loader,OP1050,4064.6,40.2,Rainy,3.89,1744,43.9,94.4,22.6,12.23,2.83,10.11,0.47,3,15.8,Fastened,FALSE,LOW,normal,1
06:04:00,6,3,6,day,4,LDR002,Loader,OP1050,4064.6,40.2,Rainy,3.63,1764,47.6,94.2,21.6,14.32,2.69,11.81,1.24,3,29,Unfastened,TRUE,LOW,normal,1
06:06:00,6,3,6,day,6,LDR002,Loader,OP1050,4064.6,40.2,Rainy,1.39,1226,51.4,94.1,9.3,10.69,2.02,9.88,0.67,3,15.7,Fastened,FALSE,LOW,normal,1
06:08:00,6,3,6,day,8,LDR002,Loader,OP1050,4064.6,40.2,Rainy,3.35,1301,55.1,94.1,27,10.53,2.41,8.34,0.83,2,21.6,Fastened,FALSE,LOW,normal,1
06:10:00,6,3,6,day,10,LDR002,Loader,OP1050,4064.7,40.2,Rainy,2.69,1522,58.9,94,20.7,10.73,3.1,9.15,0.56,3,12.6,Unfastened,TRUE,LOW,normal,1
06:12:00,6,3,6,day,12,LDR002,Loader,OP1050,4064.7,40.2,Rainy,4.45,1366,62.6,93.9,34.2,12.34,2.25,8.89,0.35,3,16.5,Fastened,FALSE,LOW,normal,1
06:14:00,6,3,6,day,14,LDR002,Loader,OP1050,4064.7,40.2,Rainy,2.04,1273,66.4,93.8,22.6,11.43,3.04,9.53,0.41,3,26.1,Fastened,FALSE,LOW,normal,1
06:16:00,6,3,6,day,16,LDR002,Loader,OP1050,4064.7,40.2,Rainy,3.33,1535,70.1,93.7,5,11.26,3.32,10.86,0.62,3,23.8,Fastened,FALSE,LOW,normal,1
06:18:00,6,3,6,day,18,LDR002,Loader,OP1050,4064.7,40.2,Rainy,3.02,1408,73.9,93.6,15.7,10.33,3.17,9.21,0.62,2,11.9,Fastened,FALSE,LOW,normal,1
06:20:00,6,3,6,day,20,LDR002,Loader,OP1050,4064.7,40.2,Rainy,3.72,1948,77.6,93.5,18.8,11.51,3.06,9.92,0.57,2,8.2,Fastened,FALSE,LOW,normal,1
06:22:00,6,3,6,day,22,LDR002,Loader,OP1050,4064.7,40.2,Rainy,2.74,1216,81.4,93.4,25,12.92,2.5,10.31,0.52,2,22.3,Fastened,FALSE,LOW,normal,1
06:24:00,6,3,6,day,24,LDR002,Loader,OP1050,4064.7,40.2,Rainy,5.29,1121,85.1,93.3,30.8,12.17,2.17,9.09,0.69,1,6,Fastened,FALSE,MEDIUM,normal,1
06:26:00,6,3,6,day,26,LDR002,Loader,OP1050,4064.7,40.2,Rainy,2.13,1307,84.3,93.2,30.3,14.32,4.13,11.23,0.8,1,23.4,Fastened,FALSE,LOW,normal,1
06:28:00,6,3,6,day,28,LDR002,Loader,OP1050,4064.7,40.2,Rainy,3.13,1409,89.3,93.1,22.3,12.97,2.97,10.74,0.74,3,25.9,Fastened,FALSE,LOW,normal,1
06:30:00,6,3,6,day,30,LDR002,Loader,OP1050,4064.8,40.2,Rainy,3.7,1636,85.3,92.9,22,13.56,3.21,11.28,0.77,4,17.9,Fastened,FALSE,LOW,normal,1
06:32:00,6,3,6,day,32,LDR002,Loader,OP1050,4064.8,40.2,Rainy,3.35,1481,85.3,92.8,11.4,10.94,2.66,10,0.96,1,24.8,Fastened,FALSE,LOW,normal,1
06:34:00,6,3,6,day,34,LDR002,Loader,OP1050,4064.8,40.2,Rainy,6.45,1419,85.9,92.8,28.2,10.34,3.87,8.52,0.51,3,10.6,Fastened,FALSE,LOW,normal,1
06:36:00,6,3,6,day,36,LDR002,Loader,OP1050,4064.8,40.2,Rainy,3.44,1190,84.8,92.7,38.6,13.1,2.52,9.02,0.87,1,26.8,Fastened,FALSE,LOW,normal,1
06:38:00,6,3,6,day,38,LDR002,Loader,OP1050,4064.8,40.2,Rainy,3.99,1134,84,92.6,26,11.5,2.89,9.26,0.67,2,9.2,Fastened,FALSE,LOW,normal,1
06:40:00,6,3,6,day,40,LDR002,Loader,OP1050,4064.8,40.2,Rainy,0.89,1471,85.6,92.5,22.2,13.2,2.66,10.86,0.45,3,25.5,Fastened,FALSE,LOW,normal,1
06:42:00,6,3,6,day,42,LDR002,Loader,OP1050,4064.8,40.2,Rainy,4.84,1195,87.8,92.4,31,13.21,2.67,9.94,0.47,4,24.2,Fastened,FALSE,LOW,normal,1
06:44:00,6,3,6,day,44,LDR002,Loader,OP1050,4064.8,40.2,Rainy,3.07,1214,88.3,92.2,9.8,11.78,3.5,10.97,0.64,0,22.6,Fastened,FALSE,LOW,normal,1
06:46:00,6,3,6,day,46,LDR002,Loader,OP1050,4064.8,40.2,Rainy,1.99,1557,89.8,92.1,22.2,14.76,3.21,12.2,0.45,1,19,Fastened,FALSE,LOW,normal,1
06:48:00,6,3,6,day,48,LDR002,Loader,OP1050,4064.8,40.2,Rainy,4.32,1732,87.2,92,25,11.48,2.91,9.34,0.91,0,25.6,Fastened,FALSE,LOW,normal,1
06:50:00,6,3,6,day,50,LDR002,Loader,OP1050,4064.9,40.2,Rainy,3.35,1752,85.1,91.9,34.6,13.03,3.71,9.81,0.79,0,8.2,Fastened,FALSE,LOW,normal,1
06:52:00,6,3,6,day,52,LDR002,Loader,OP1050,4064.9,40.2,Rainy,5.62,1481,95.8,91.8,13.3,9.83,2.94,8.91,1.13,4,20.3,Fastened,FALSE,LOW,normal,1
06:54:00,6,3,6,day,54,LDR002,Loader,OP1050,4064.9,40.2,Rainy,6.05,1003,86.3,91.7,13.2,12.98,4.01,11.8,0.84,0,30.1,Fastened,FALSE,LOW,normal,1
06:56:00,6,3,6,day,56,LDR002,Loader,OP1050,4064.9,40.2,Rainy,4.28,1145,84.6,91.6,26.7,13.49,2.49,10.55,0.54,2,20,Fastened,FALSE,LOW,normal,1
06:58:00,6,3,6,day,58,LDR002,Loader,OP1050,4064.9,40.2,Rainy,4.49,1464,86.1,91.5,21.6,13.15,2.85,10.93,0.69,0,13.2,Fastened,FALSE,LOW,normal,1
07:00:00,7,3,6,day,60,LDR002,Loader,OP1050,4064.9,40.2,Rainy,5.3,1568,86.2,91.4,27.6,10.79,2.23,8.43,0.42,1,21.2,Unfastened,TRUE,LOW,normal,1
07:02:00,7,3,6,day,62,LDR002,Loader,OP1050,4064.9,40.2,Rainy,4.26,1259,85.6,91.3,30.7,12.64,2.54,9.54,0.32,1,21.5,Fastened,FALSE,LOW,normal,1
07:04:00,7,3,6,day,64,LDR002,Loader,OP1050,4064.9,40.2,Rainy,0,1372,84.1,91.2,31.1,11.4,3.4,8.91,0.93,2,23.7,Fastened,FALSE,LOW,normal,1
07:06:00,7,3,6,day,66,LDR002,Loader,OP1050,4064.9,40.2,Rainy,3,1070,88.5,91.1,23.2,13.13,2.88,10.75,0.62,4,11.2,Fastened,FALSE,LOW,normal,1
07:08:00,7,3,6,day,68,LDR002,Loader,OP1050,4064.9,40.2,Rainy,3.64,1554,89.5,91,22.1,11.73,2.13,9.61,0.98,0,13.2,Unfastened,TRUE,LOW,normal,1
07:10:00,7,3,6,day,70,LDR002,Loader,OP1050,4065,40.2,Rainy,3.94,1184,86.4,90.9,11.4,13.79,2.18,12.47,0.55,2,15.1,Fastened,FALSE,LOW,normal,1
07:12:00,7,3,6,day,72,LDR002,Loader,OP1050,4065,40.2,Rainy,3.71,1697,89.7,90.8,24,10.31,4.02,8.8,0.5,4,5.1,Fastened,FALSE,MEDIUM,normal,1
07:14:00,7,3,6,day,74,LDR002,Loader,OP1050,4065,40.2,Rainy,5.35,1428,85.6,90.7,30,11.51,2.7,8.87,0.7,4,5,Fastened,FALSE,MEDIUM,normal,1
07:16:00,7,3,6,day,76,LDR002,Loader,OP1050,4065,40.2,Rainy,3.39,1278,93.2,90.6,18.9,11.3,3.11,9.75,0.83,3,17.8,Fastened,FALSE,LOW,normal,1
07:18:00,7,3,6,day,78,LDR002,Loader,OP1050,4065,40.2,Rainy,1.66,1542,84.8,90.5,28.4,9.9,3.16,7.99,0.64,1,15.6,Fastened,FALSE,LOW,normal,1
07:20:00,7,3,6,day,80,LDR002,Loader,OP1050,4065,40.2,Rainy,4.52,1804,88.2,90.4,31.7,13.93,2.23,10.22,0.7,0,21.5,Fastened,FALSE,LOW,normal,1
07:22:00,7,3,6,day,82,LDR002,Loader,OP1050,4065,40.2,Rainy,3.83,1627,85.3,90.4,29.9,8.77,3.12,7.08,0.84,1,9,Fastened,FALSE,LOW,normal,1
07:24:00,7,3,6,day,84,LDR002,Loader,OP1050,4065,40.2,Rainy,3.81,1590,83.9,90.3,27.7,12.7,3.48,10.15,1.02,4,25.1,Fastened,FALSE,LOW,normal,1
07:26:00,7,3,6,day,86,LDR002,Loader,OP1050,4065,40.2,Rainy,5.4,1887,84.5,90.2,23.7,12.46,3.1,10.24,0.75,1,14.4,Fastened,FALSE,LOW,normal,1
07:28:00,7,3,6,day,88,LDR002,Loader,OP1050,4065,40.2,Rainy,2.3,1240,93.9,90.1,26,10.99,2.64,8.82,0.99,3,28,Fastened,FALSE,LOW,normal,1
07:30:00,7,3,6,day,90,LDR002,Loader,OP1050,4065.1,40.2,Rainy,2.91,1587,89.2,90,36.8,10.99,3.26,8.15,1.03,1,11.8,Fastened,FALSE,LOW,normal,1
07:32:00,7,3,6,day,92,LDR002,Loader,OP1050,4065.1,40.2,Rainy,1.56,1174,88.1,89.9,16.4,12.1,2.45,10.52,0.47,3,19.9,Fastened,FALSE,LOW,normal,1
07:34:00,7,3,6,day,94,LDR002,Loader,OP1050,4065.1,40.2,Rainy,3.28,1252,88.9,89.8,24.8,9.93,3.91,8.44,0.8,0,21,Fastened,FALSE,LOW,normal,1
07:36:00,7,3,6,day,96,LDR002,Loader,OP1050,4065.1,40.2,Rainy,3.58,1154,82.6,89.7,18.8,9.86,2.54,8.48,0.43,3,22.9,Fastened,FALSE,LOW,normal,1
07:38:00,7,3,6,day,98,LDR002,Loader,OP1050,4065.1,40.2,Rainy,2.99,2074,83.8,89.6,41.6,15.15,2.96,10.08,0.89,3,18.5,Fastened,FALSE,LOW,normal,1
07:40:00,7,3,6,day,100,LDR002,Loader,OP1050,4065.1,40.2,Rainy,3.96,1322,85.5,89.5,13.5,16.23,2.75,14.41,0.53,0,19.2,Unfastened,TRUE,LOW,normal,1
07:42:00,7,3,6,day,102,LDR002,Loader,OP1050,4065.1,40.2,Rainy,5.38,1142,88.2,89.4,17.3,13.3,2.63,11.45,0.89,4,20.1,Fastened,FALSE,LOW,normal,1
07:44:00,7,3,6,day,104,LDR002,Loader,OP1050,4065.1,40.2,Rainy,2.43,1515,87.1,89.2,20.3,13.61,2.81,11.42,0.55,3,24.1,Unfastened,TRUE,LOW,normal,1
07:46:00,7,3,6,day,106,LDR002,Loader,OP1050,4065.1,40.2,Rainy,3.95,1750,86,89.1,19.7,13.93,2.91,11.76,0.5,0,0.5,Fastened,FALSE,MEDIUM,normal,1
07:48:00,7,3,6,day,108,LDR002,Loader,OP1050,4065.1,40.2,Rainy,4.19,1152,83.1,89,29.4,8.83,2.65,7.01,0.8,4,23.5,Fastened,FALSE,LOW,normal,1
07:50:00,7,3,6,day,110,LDR002,Loader,OP1050,4065.2,40.2,Rainy,3.09,1145,82.2,88.9,28,12.9,3.28,10.21,0.48,1,23.2,Fastened,FALSE,LOW,normal,1
07:52:00,7,3,6,day,112,LDR002,Loader,OP1050,4065.2,40.2,Rainy,3.34,1515,84.5,88.8,21.8,11.84,2.69,9.85,0.76,4,21.5,Fastened,FALSE,LOW,normal,1
07:54:00,7,3,6,day,114,LDR002,Loader,OP1050,4065.2,40.2,Rainy,5.49,739,89.7,88.7,21.8,11.71,3.29,9.87,0.58,4,19.3,Fastened,FALSE,LOW,normal,1
07:56:00,7,3,6,day,116,LDR002,Loader,OP1050,4065.2,40.2,Rainy,2.55,1408,88.9,88.6,27.9,13.76,3.3,10.84,0.72,1,16.7,Fastened,FALSE,LOW,normal,1
07:58:00,7,3,6,day,118,LDR002,Loader,OP1050,4065.2,40.2,Rainy,7.22,1298,86.1,88.5,27.4,11.61,3.27,9.32,0.65,1,7.5,Fastened,FALSE,MEDIUM,normal,1
08:00:00,8,3,6,day,120,LDR002,Loader,OP1050,4065.2,40.2,Rainy,3.86,1702,81.5,88.4,22.5,12.68,3.41,10.59,1.25,1,20.3,Fastened,FALSE,LOW,normal,1
08:02:00,8,3,6,day,122,LDR002,Loader,OP1050,4065.2,40.2,Rainy,6.11,1518,89.7,88.3,21.9,11.77,2.58,9.76,0.51,0,0.5,Unfastened,TRUE,HIGH,normal,1
08:04:00,8,3,6,day,124,LDR002,Loader,OP1050,4065.2,40.2,Rainy,3.86,1766,89.1,88.2,19.1,10.33,2.84,8.9,1.09,4,15.3,Fastened,FALSE,LOW,normal,1
08:06:00,8,3,6,day,126,LDR002,Loader,OP1050,4065.2,40.2,Rainy,3.46,1336,82.8,88.1,31.5,13.65,2.3,10.07,0.19,1,15.2,Fastened,FALSE,LOW,normal,1
08:08:00,8,3,6,day,128,LDR002,Loader,OP1050,4065.2,40.2,Rainy,3.58,1229,86.9,88,11,12.3,3.28,11.31,0.66,3,14.5,Fastened,FALSE,LOW,normal,1
08:10:00,8,3,6,day,130,LDR002,Loader,OP1050,4065.3,40.2,Rainy,4.61,1319,93,87.9,24.2,12.45,2.78,10.11,0.98,3,0.5,Unfastened,TRUE,MEDIUM,normal,1
08:12:00,8,3,6,day,132,LDR002,Loader,OP1050,4065.3,40.2,Rainy,2.69,1511,83.6,87.8,16.9,10.5,3.58,9.33,0.71,1,0.9,Fastened,FALSE,MEDIUM,normal,1
08:14:00,8,3,6,day,134,LDR002,Loader,OP1050,4065.3,40.2,Rainy,3.32,1764,86.9,87.7,15.5,12.47,2.78,10.97,1.35,2,12.8,Fastened,FALSE,LOW,normal,1
08:16:00,8,3,6,day,136,LDR002,Loader,OP1050,4065.3,40.2,Rainy,3.3,1218,78.9,87.6,11.5,14.16,3.34,12.92,0.79,2,29.6,Fastened,FALSE,LOW,normal,1
08:18:00,8,3,6,day,138,LDR002,Loader,OP1050,4065.3,40.2,Rainy,4.6,1766,87.7,87.5,19.7,13.64,3,11.54,0.81,2,35.2,Fastened,FALSE,LOW,normal,1
08:20:00,8,3,6,day,140,LDR002,Loader,OP1050,4065.3,40.2,Rainy,4.72,1087,84.8,87.4,31.8,11.53,2.14,8.54,1.12,4,19.2,Fastened,FALSE,LOW,normal,1
08:22:00,8,3,6,day,142,LDR002,Loader,OP1050,4065.3,40.2,Rainy,5.82,1218,88.7,87.3,36.9,12.51,3.14,9.05,0.97,2,8.7,Fastened,FALSE,LOW,normal,1
08:24:00,8,3,6,day,144,LDR002,Loader,OP1050,4065.3,40.2,Rainy,3.74,1996,83.1,87.2,20.6,11.37,2.63,9.57,0.61,3,9.9,Fastened,FALSE,LOW,normal,1
08:26:00,8,3,6,day,146,LDR002,Loader,OP1050,4065.3,40.2,Rainy,5.26,1456,87.4,87.1,16.6,12.38,2.43,10.73,0.66,4,13.4,Fastened,FALSE,LOW,normal,1
08:28:00,8,3,6,day,148,LDR002,Loader,OP1050,4065.4,40.2,Rainy,3.77,1525,92.2,87,23.2,10.59,2.03,8.6,0.65,3,30.1,Fastened,FALSE,LOW,normal,1
08:30:00,8,3,6,day,150,LDR002,Loader,OP1050,4065.4,40.2,Rainy,2.34,1145,82.9,86.9,24.3,13.7,3.49,11.22,0.63,1,20.8,Fastened,FALSE,LOW,normal,1
08:32:00,8,3,6,day,152,LDR002,Loader,OP1050,4065.4,40.2,Rainy,5.45,2294,86.7,86.8,28.1,10.38,2.94,8.29,0.63,3,2.1,Fastened,TRUE,HIGH,normal,1
08:34:00,8,3,6,day,154,LDR002,Loader,OP1050,4065.4,40.2,Rainy,4.84,1316,85.4,86.7,21.3,13.36,2.81,11.11,1.22,3,22.5,Fastened,FALSE,LOW,normal,1
08:36:00,8,3,6,day,156,LDR002,Loader,OP1050,4065.4,40.2,Rainy,2.17,1793,89.3,86.6,14.5,11.97,2.87,10.65,0.67,1,28.5,Fastened,FALSE,LOW,normal,1
08:38:00,8,3,6,day,158,LDR002,Loader,OP1050,4065.4,40.2,Rainy,3.07,1326,88.1,86.5,27.9,13.26,4.43,10.8,0.93,3,21.9,Fastened,FALSE,LOW,normal,1
08:40:00,8,3,6,day,160,LDR002,Loader,OP1050,4065.4,40.2,Rainy,4.96,1214,88.7,86.4,22,12.1,2.79,10.05,0.9,2,14.9,Fastened,FALSE,LOW,normal,1
08:42:00,8,3,6,day,162,LDR002,Loader,OP1050,4065.4,40.2,Rainy,4.51,1243,87.6,86.3,26.1,13.76,3.39,11.05,0.85,2,24.8,Fastened,FALSE,LOW,normal,1
08:44:00,8,3,6,day,164,LDR002,Loader,OP1050,4065.4,40.2,Rainy,1.47,1181,87.6,86.2,29.7,10.5,2.4,8.09,0.47,1,21.7,Fastened,FALSE,LOW,normal,1
08:46:00,8,3,6,day,166,LDR002,Loader,OP1050,4065.4,40.2,Rainy,5.28,1324,90.5,86.1,32.8,11.19,3.49,8.66,0.57,4,35.2,Fastened,FALSE,LOW,normal,1
08:48:00,8,3,6,day,168,LDR002,Loader,OP1050,4065.5,40.2,Rainy,3.58,1570,84.7,86,33.8,9.75,2.21,7.2,0.59,0,19.6,Fastened,FALSE,LOW,normal,1
08:50:00,8,3,6,day,170,LDR002,Loader,OP1050,4065.5,40.2,Rainy,3.88,947,82.4,85.9,23.9,9.87,2.83,8.19,1,1,17.5,Fastened,FALSE,LOW,normal,1
08:52:00,8,3,6,day,172,LDR002,Loader,OP1050,4065.5,40.2,Rainy,2.39,1677,86.8,85.9,25.4,11.3,1.94,8.92,0.72,1,16.7,Fastened,FALSE,LOW,normal,1
08:54:00,8,3,6,day,174,LDR002,Loader,OP1050,4065.5,40.2,Rainy,4.28,957,87.5,85.8,28.9,11.85,2.62,9.18,0.81,3,11.5,Fastened,FALSE,LOW,normal,1
08:56:00,8,3,6,day,176,LDR002,Loader,OP1050,4065.5,40.2,Rainy,4.02,1588,82.9,85.7,17.1,10.42,3.27,9.2,0.48,3,18.2,Fastened,FALSE,LOW,normal,1
08:58:00,8,3,6,day,178,LDR002,Loader,OP1050,4065.5,40.2,Rainy,4.25,1413,87,85.6,36.3,11.71,2.93,8.52,0.97,4,19.6,Unfastened,TRUE,LOW,normal,1
09:00:00,9,3,6,day,180,LDR002,Loader,OP1050,4065.5,40.2,Rainy,3.44,1366,85.9,85.5,29.7,13.93,2.59,10.56,0.43,4,30.3,Fastened,FALSE,LOW,normal,1
09:02:00,9,3,6,day,182,LDR002,Loader,OP1050,4065.5,40.2,Rainy,4.26,1321,82.3,85.4,21.8,14.68,3.43,12.23,0.62,0,15.5,Fastened,FALSE,LOW,normal,1
09:04:00,9,3,6,day,184,LDR002,Loader,OP1050,4065.5,40.2,Rainy,1.16,1668,89.8,85.2,20.9,13.45,3.09,11.28,0.61,1,21.9,Fastened,FALSE,LOW,normal,1
09:06:00,9,3,6,day,186,LDR002,Loader,OP1050,4065.5,40.2,Rainy,2.3,1378,81.5,85.1,23.4,12.37,3.51,10.3,0.7,1,25,Fastened,FALSE,LOW,normal,1
09:08:00,9,3,6,day,188,LDR002,Loader,OP1050,4065.6,40.2,Rainy,2.21,1388,84.9,85,27.6,12.75,3.67,10.24,0.97,1,21.6,Fastened,FALSE,LOW,normal,1
09:10:00,9,3,6,day,190,LDR002,Loader,OP1050,4065.6,40.2,Rainy,3.91,1470,84.3,84.9,20.6,11.48,3.32,9.8,0.66,1,9,Unfastened,TRUE,LOW,normal,1
09:12:00,9,3,6,day,192,LDR002,Loader,OP1050,4065.6,40.2,Rainy,3.21,1503,85.7,84.8,35.1,11.73,2.06,8.34,0.46,1,26.4,Fastened,FALSE,LOW,normal,1
09:14:00,9,3,6,day,194,LDR002,Loader,OP1050,4065.6,40.2,Rainy,3.99,2283,91,84.7,25.3,13.71,3.16,11.04,0.51,4,14.1,Fastened,FALSE,LOW,normal,1
09:16:00,9,3,6,day,196,LDR002,Loader,OP1050,4065.6,40.2,Rainy,4.92,1314,88.1,84.6,26.1,10.85,2.16,8.58,0.66,1,27,Fastened,FALSE,LOW,normal,1
09:18:00,9,3,6,day,198,LDR002,Loader,OP1050,4065.6,40.2,Rainy,3.79,1890,87.7,84.6,17.3,10.27,3.33,9.07,1.22,3,8.7,Fastened,FALSE,LOW,normal,1
09:20:00,9,3,6,day,200,LDR002,Loader,OP1050,4065.6,40.2,Rainy,7.08,1591,88.6,84.5,30.7,11.11,3,8.62,0.57,2,17.5,Fastened,FALSE,LOW,normal,1
09:22:00,9,3,6,day,202,LDR002,Loader,OP1050,4065.6,40.2,Rainy,4.17,1347,88.8,84.4,21,11.44,2.76,9.62,0.87,2,18.5,Fastened,FALSE,LOW,normal,1
09:24:00,9,3,6,day,204,LDR002,Loader,OP1050,4065.6,40.2,Rainy,3.87,1344,82.5,84.3,14.5,10.03,3.8,9.13,0.88,4,22.9,Fastened,FALSE,LOW,normal,1
09:26:00,9,3,6,day,206,LDR002,Loader,OP1050,4065.6,40.2,Rainy,1.25,1670,93.3,84.2,17.9,12.09,3.69,10.59,0.95,2,12.4,Unfastened,FALSE,LOW,normal,1
09:28:00,9,3,6,day,208,LDR002,Loader,OP1050,4065.7,40.2,Rainy,4.12,1382,84.2,84,19.2,15.97,3.26,13.53,0.76,2,20,Fastened,FALSE,LOW,normal,1
09:30:00,9,3,6,day,210,LDR002,Loader,OP1050,4065.7,40.2,Rainy,2.81,1612,86.9,83.9,24.4,13.84,2.88,11.17,0.7,3,28.9,Fastened,FALSE,LOW,normal,1
09:32:00,9,3,6,day,212,LDR002,Loader,OP1050,4065.7,40.2,Rainy,3.37,1757,86.3,83.8,28.8,11.7,3.07,9.21,0.82,0,24.4,Fastened,FALSE,LOW,normal,1
09:34:00,9,3,6,day,214,LDR002,Loader,OP1050,4065.7,40.2,Rainy,5.74,1590,86.8,83.7,20.6,10.53,3.04,8.99,0.64,3,29,Fastened,FALSE,LOW,normal,1
09:36:00,9,3,6,day,216,LDR002,Loader,OP1050,4065.7,40.2,Rainy,4.25,1568,86.3,83.6,19.7,12.88,3.36,11,0.16,0,8.4,Fastened,FALSE,LOW,normal,1
09:38:00,9,3,6,day,218,LDR002,Loader,OP1050,4065.7,40.2,Rainy,3.02,1325,88.4,83.5,19.9,14.26,2.68,11.96,0.94,1,27.5,Fastened,FALSE,LOW,normal,1
09:40:00,9,3,6,day,220,LDR002,Loader,OP1050,4065.7,40.2,Rainy,5.28,2120,86.2,83.4,17.5,11.62,2.96,10.1,0.72,2,21.2,Fastened,FALSE,LOW,normal,1
09:42:00,9,3,6,day,222,LDR002,Loader,OP1050,4065.7,40.2,Rainy,2.72,1278,82.3,83.3,8.6,13.45,2.36,12.5,0.69,3,18.1,Fastened,FALSE,LOW,normal,1
09:44:00,9,3,6,day,224,LDR002,Loader,OP1050,4065.7,40.2,Rainy,3.49,1591,81.7,83.2,26.7,10.53,2.42,8.36,0.57,2,19.4,Fastened,FALSE,LOW,normal,1
09:46:00,9,3,6,day,226,LDR002,Loader,OP1050,4065.7,40.2,Rainy,4.13,1580,90.6,83.1,28.3,13.07,3.27,10.3,0.86,2,24,Fastened,FALSE,LOW,normal,1
09:48:00,9,3,6,day,228,LDR002,Loader,OP1050,4065.8,40.2,Rainy,4.7,1476,83.7,83,21.4,12,2.71,10.01,1.17,4,21.4,Fastened,FALSE,LOW,normal,1
09:50:00,9,3,6,day,230,LDR002,Loader,OP1050,4065.8,40.2,Rainy,4.92,1184,89.3,82.9,19.1,11.07,3.26,9.58,0.19,3,22.9,Fastened,FALSE,LOW,normal,1
09:52:00,9,3,6,day,232,LDR002,Loader,OP1050,4065.8,40.2,Rainy,5.75,1228,89.3,82.8,24.8,12.23,3.66,10.1,0.9,0,14.9,Fastened,FALSE,LOW,normal,1
09:54:00,9,3,6,day,234,LDR002,Loader,OP1050,4065.8,40.2,Rainy,5.92,1539,88.7,82.7,19.4,10.13,3.24,8.79,0.44,0,21.2,Fastened,FALSE,LOW,normal,1
09:56:00,9,3,6,day,236,LDR002,Loader,OP1050,4065.8,40.2,Rainy,1.53,1419,93.8,82.6,21.9,13.06,3.85,11.04,1.03,0,14.2,Fastened,FALSE,LOW,normal,1
09:58:00,9,3,6,day,238,LDR002,Loader,OP1050,4065.8,40.2,Rainy,4.95,1149,86.1,82.5,23.4,9.86,3.18,8.3,0.52,4,22.3,Fastened,FALSE,LOW,normal,1
10:00:00,10,3,6,day,240,LDR002,Loader,OP1050,4065.8,40.2,Rainy,5.25,1618,85,82.4,28.8,12.41,3.12,9.73,0,2,9.5,Fastened,FALSE,LOW,normal,1
10:02:00,10,3,6,day,242,LDR002,Loader,OP1050,4065.8,40.2,Rainy,2.08,2044,85.2,82.3,19.3,13.14,3.31,11.24,1.01,0,8.6,Fastened,FALSE,LOW,normal,1
10:04:00,10,3,6,day,244,LDR002,Loader,OP1050,4065.8,40.2,Rainy,4.43,1330,89.9,82.2,29.7,11.3,3.41,8.96,0.49,3,21,Fastened,FALSE,LOW,normal,1
10:06:00,10,3,6,day,246,LDR002,Loader,OP1050,4065.8,40.2,Rainy,2.3,1545,86.6,82.1,16.5,9.69,3.81,8.72,0.53,4,9.7,Fastened,FALSE,LOW,normal,1
10:08:00,10,3,6,day,248,LDR002,Loader,OP1050,4065.9,40.2,Rainy,6.31,1619,86.3,82,32.5,11.62,3.31,8.92,0.55,4,20,Fastened,FALSE,LOW,normal,1
10:10:00,10,3,6,day,250,LDR002,Loader,OP1050,4065.9,40.2,Rainy,3.35,1615,84.6,81.9,24.9,10.85,3.18,8.94,0.61,2,7.8,Unfastened,TRUE,MEDIUM,normal,1
10:12:00,10,3,6,day,252,LDR002,Loader,OP1050,4065.9,40.2,Rainy,4.11,1745,85.1,81.8,22.3,12.35,3.01,10.27,1.21,4,22.5,Fastened,FALSE,LOW,normal,1
10:14:00,10,3,6,day,254,LDR002,Loader,OP1050,4065.9,40.2,Rainy,3.74,1053,86.7,81.7,13,13.24,3.5,11.97,0.3,1,20,Fastened,FALSE,LOW,normal,1
10:16:00,10,3,6,day,256,LDR002,Loader,OP1050,4065.9,40.2,Rainy,5.45,1435,86.5,81.6,17.6,8.69,3.23,7.73,0.8,0,4.4,Fastened,FALSE,MEDIUM,normal,1
10:18:00,10,3,6,day,258,LDR002,Loader,OP1050,4065.9,40.2,Rainy,3.18,1778,86.1,81.5,24.1,13.46,3.45,11.05,0.96,4,22.9,Fastened,FALSE,LOW,normal,1
10:20:00,10,3,6,day,260,LDR002,Loader,OP1050,4065.9,40.2,Rainy,4.31,1427,84.8,81.4,22.5,12.92,3.31,10.76,0.48,3,19.7,Fastened,FALSE,LOW,normal,1
10:22:00,10,3,6,day,262,LDR002,Loader,OP1050,4065.9,40.2,Rainy,2.77,1380,91.7,81.3,31.1,14.73,3.04,11.09,0.51,1,1.9,Fastened,FALSE,MEDIUM,normal,1
10:24:00,10,3,6,day,264,LDR002,Loader,OP1050,4065.9,40.2,Rainy,4.42,935,81.4,81.2,22.4,12.64,2.64,10.4,1.21,1,24.5,Fastened,FALSE,LOW,normal,1
10:26:00,10,3,6,day,266,LDR002,Loader,OP1050,4065.9,40.2,Rainy,5.04,1320,87,81.1,29.4,8.65,3.48,7.13,0.59,0,14.7,Fastened,FALSE,LOW,normal,1
10:28:00,10,3,6,day,268,LDR002,Loader,OP1050,4066,40.2,Rainy,2.61,1592,87.8,81,33.6,13.12,3.05,9.74,0.6,1,18.6,Fastened,FALSE,LOW,normal,1
10:30:00,10,3,6,day,270,LDR002,Loader,OP1050,4066,40.2,Rainy,3.59,1814,88,80.9,25.9,11.05,2.39,8.81,1.3,4,17.4,Fastened,FALSE,LOW,normal,1
10:32:00,10,3,6,day,272,LDR002,Loader,OP1050,4066,40.2,Rainy,3.46,1296,88.8,80.9,22.9,9.04,3.49,7.77,0.58,0,2.4,Fastened,FALSE,MEDIUM,normal,1
10:34:00,10,3,6,day,274,LDR002,Loader,OP1050,4066,40.2,Rainy,5.28,706,90.3,80.8,30.8,8,2.82,6.4,0.55,2,29.3,Fastened,FALSE,LOW,normal,1
10:36:00,10,3,6,day,276,LDR002,Loader,OP1050,4066,40.2,Rainy,6.17,1788,85.6,80.7,10.1,10.65,2.99,9.88,0.64,3,24,Fastened,FALSE,LOW,normal,1
10:38:00,10,3,6,day,278,LDR002,Loader,OP1050,4066,40.2,Rainy,5.81,1101,85.3,80.6,24.4,16.3,3.5,13.18,1.11,2,23,Fastened,FALSE,LOW,normal,1
10:40:00,10,3,6,day,280,LDR002,Loader,OP1050,4066,40.2,Rainy,4.32,1599,87.4,80.5,15.8,10.51,3.11,9.34,0.53,3,21.3,Fastened,FALSE,LOW,normal,1
10:42:00,10,3,6,day,282,LDR002,Loader,OP1050,4066,40.2,Rainy,5.49,1332,87.2,80.4,29.1,12.43,3.52,9.84,0.5,1,12.8,Fastened,FALSE,LOW,normal,1
10:44:00,10,3,6,day,284,LDR002,Loader,OP1050,4066,40.2,Rainy,5.68,1517,87,80.2,24.8,14.68,3.05,11.8,0.72,0,18.2,Fastened,FALSE,LOW,normal,1
10:46:00,10,3,6,day,286,LDR002,Loader,OP1050,4066,40.2,Rainy,3.55,1732,93.7,80.1,28.9,13.08,2.47,10.01,0.47,0,27.2,Fastened,FALSE,LOW,normal,1
10:48:00,10,3,6,day,288,LDR002,Loader,OP1050,4066.1,40.2,Rainy,4.71,1420,89.9,80,27.5,12.6,3.3,10.04,0.63,1,20.5,Fastened,FALSE,LOW,normal,1
10:50:00,10,3,6,day,290,LDR002,Loader,OP1050,4066.1,40.2,Rainy,4.76,1588,85,80,19,8.86,2.87,7.72,1.24,4,22.5,Fastened,FALSE,LOW,normal,1
10:52:00,10,3,6,day,292,LDR002,Loader,OP1050,4066.1,40.2,Rainy,2.95,1341,88,79.9,30.1,10.57,3.44,8.42,0.24,2,37.6,Fastened,FALSE,LOW,normal,1
10:54:00,10,3,6,day,294,LDR002,Loader,OP1050,4066.1,40.2,Rainy,5.54,1336,88.8,79.8,31.2,12.99,1.92,9.54,0.26,0,13.7,Fastened,FALSE,LOW,normal,1
10:56:00,10,3,6,day,296,LDR002,Loader,OP1050,4066.1,40.2,Rainy,4.23,1312,88.6,79.7,24.6,11.24,2.35,9.05,0.69,2,14.2,Fastened,FALSE,LOW,normal,1
10:58:00,10,3,6,day,298,LDR002,Loader,OP1050,4066.1,40.2,Rainy,4.71,1644,91.1,79.6,26.1,13.21,4.24,10.87,0.64,4,13.8,Fastened,FALSE,LOW,normal,1
11:00:00,11,3,6,day,300,LDR002,Loader,OP1050,4066.1,40.2,Rainy,4.34,1277,90.6,79.5,28.6,9.72,2.87,7.76,1.49,2,21.2,Fastened,FALSE,LOW,normal,1
11:02:00,11,3,6,day,302,LDR002,Loader,OP1050,4066.1,40.2,Rainy,3.21,1598,91.1,79.4,22.3,12.8,3.35,10.69,0.35,0,4.1,Fastened,FALSE,MEDIUM,normal,1
11:04:00,11,3,6,day,304,LDR002,Loader,OP1050,4066.1,40.2,Rainy,3.15,1262,90.8,79.3,25.8,12.71,3.82,10.42,0.74,1,5.4,Fastened,FALSE,MEDIUM,normal,1
11:06:00,11,3,6,day,306,LDR002,Loader,OP1050,4066.2,40.2,Rainy,2.53,1830,85,79.2,21.5,11.92,3.13,10.03,0.84,3,27.4,Fastened,FALSE,LOW,normal,1
11:08:00,11,3,6,day,308,LDR002,Loader,OP1050,4066.2,40.2,Rainy,3.31,1394,84.5,79.1,11.6,12.38,2.94,11.28,0.68,3,13,Fastened,FALSE,LOW,normal,1
11:10:00,11,3,6,day,310,LDR002,Loader,OP1050,4066.2,40.2,Rainy,6.03,1140,86.9,78.9,13.9,14.63,3.95,13.15,0.5,2,22.9,Fastened,FALSE,LOW,normal,1
11:12:00,11,3,6,day,312,LDR002,Loader,OP1050,4066.2,40.2,Rainy,4.46,1679,86.6,78.9,33.9,12.2,3.38,9.21,0.24,2,9.3,Fastened,FALSE,LOW,normal,1
11:14:00,11,3,6,day,314,LDR002,Loader,OP1050,4066.2,40.2,Rainy,2.11,967,86.6,78.8,28,11.05,3.32,8.89,0.95,4,23.5,Fastened,FALSE,LOW,normal,1
11:16:00,11,3,6,day,316,LDR002,Loader,OP1050,4066.2,40.2,Rainy,4.12,1101,89.8,78.7,19.8,9.47,4.33,8.45,1.09,1,9.7,Fastened,FALSE,LOW,normal,1
11:18:00,11,3,6,day,318,LDR002,Loader,OP1050,4066.2,40.2,Rainy,2.02,1364,84,78.6,27.3,11.88,2.73,9.38,0.52,4,17.5,Fastened,FALSE,LOW,normal,1
11:20:00,11,3,6,day,320,LDR002,Loader,OP1050,4066.2,40.2,Rainy,3.87,1231,91.1,78.5,26.8,12.9,2.71,10.17,0.4,1,23,Fastened,FALSE,LOW,normal,1
11:22:00,11,3,6,day,322,LDR002,Loader,OP1050,4066.2,40.2,Rainy,4.74,1484,90.8,78.4,12.5,10.21,3.2,9.33,1.13,3,7.6,Fastened,FALSE,MEDIUM,normal,1
11:24:00,11,3,6,day,324,LDR002,Loader,OP1050,4066.2,40.2,Rainy,4.71,1203,91.6,78.3,27.3,9.21,2.96,7.5,0.23,1,9.9,Fastened,FALSE,LOW,normal,1
11:26:00,11,3,6,day,326,LDR002,Loader,OP1050,4066.3,40.2,Rainy,5.07,1468,89,78.2,24.4,13.83,3.59,11.33,0.91,2,20.7,Fastened,FALSE,LOW,normal,1
11:28:00,11,3,6,day,328,LDR002,Loader,OP1050,4066.3,40.2,Rainy,3.28,1546,87.2,78.1,21.1,9.41,3.01,8.06,0.65,2,19.2,Fastened,FALSE,LOW,normal,1
11:30:00,11,3,6,day,330,LDR002,Loader,OP1050,4066.3,40.2,Rainy,1.3,1366,92.4,78,9.9,11.22,2.93,10.4,0.75,2,18.2,Fastened,FALSE,LOW,normal,1
11:32:00,11,3,6,day,332,LDR002,Loader,OP1050,4066.3,40.2,Rainy,3.37,1472,89.6,77.9,18,11.53,4.17,10.21,0.58,4,26.5,Unfastened,TRUE,LOW,normal,1
11:34:00,11,3,6,day,334,LDR002,Loader,OP1050,4066.3,40.2,Rainy,4.35,1993,89.4,77.8,20.2,11,3.65,9.52,0.65,1,9.5,Fastened,FALSE,LOW,normal,1
11:36:00,11,3,6,day,336,LDR002,Loader,OP1050,4066.3,40.2,Rainy,3.41,1928,85.5,77.7,18.3,9.37,2.56,8.12,0.62,1,20.7,Fastened,FALSE,LOW,normal,1
11:38:00,11,3,6,day,338,LDR002,Loader,OP1050,4066.3,40.2,Rainy,3.51,1706,86.8,77.6,25.3,14.24,2.38,11.24,0.36,3,14,Fastened,FALSE,LOW,normal,1
11:40:00,11,3,6,day,340,LDR002,Loader,OP1050,4066.3,40.2,Rainy,3.35,1133,83,77.5,24.1,8.66,3.26,7.36,0.53,0,13.2,Unfastened,TRUE,LOW,normal,1
11:42:00,11,3,6,day,342,LDR002,Loader,OP1050,4066.3,40.2,Rainy,3.6,1492,88.2,77.4,16.4,11.6,2.46,10.1,0.54,0,14.9,Fastened,FALSE,LOW,normal,1
11:44:00,11,3,6,day,344,LDR002,Loader,OP1050,4066.3,40.2,Rainy,3.13,1379,83.5,77.4,19.3,9.02,3.62,7.98,0.53,3,12.1,Fastened,FALSE,LOW,normal,1
11:46:00,11,3,6,day,346,LDR002,Loader,OP1050,4066.4,40.2,Rainy,4.89,1324,85.7,77.2,15.1,12.6,2.64,11.1,0.64,4,12.6,Unfastened,TRUE,LOW,normal,1
11:48:00,11,3,6,day,348,LDR002,Loader,OP1050,4066.4,40.2,Rainy,5.4,1267,87.4,77.1,24.9,12.87,2.79,10.36,0.73,3,13.3,Fastened,FALSE,LOW,normal,1
11:50:00,11,3,6,day,350,LDR002,Loader,OP1050,4066.4,40.2,Rainy,3.03,1054,86.9,77,27.2,14.11,2.64,10.99,0.8,3,12.6,Fastened,FALSE,LOW,normal,1
11:52:00,11,3,6,day,352,LDR002,Loader,OP1050,4066.4,40.2,Rainy,3.72,1152,90.2,76.9,13.7,15.79,3.01,14.04,0.77,3,14.9,Fastened,FALSE,LOW,normal,1
11:54:00,11,3,6,day,354,LDR002,Loader,OP1050,4066.4,40.2,Rainy,3.51,1621,107.2,76.8,19.3,14.27,3.87,12.26,0.41,4,21.8,Fastened,TRUE,MEDIUM,temp_spike,-1
11:56:00,11,3,6,day,356,LDR002,Loader,OP1050,4066.4,40.2,Rainy,3.99,1505,108.3,76.7,29.5,12.62,3.5,9.93,0.58,1,20.1,Fastened,TRUE,MEDIUM,temp_spike,-1
11:58:00,11,3,6,day,358,LDR002,Loader,OP1050,4066.4,40.2,Rainy,7.23,1541,113.1,76.6,20.6,13.62,1.77,11.18,0.39,2,18.1,Fastened,TRUE,MEDIUM,temp_spike,-1
12:00:00,12,3,6,day,360,LDR002,Loader,OP1050,4066.4,40.2,Rainy,3.46,1005,109.3,76.4,24.5,14.25,3.78,11.68,0.41,3,9.6,Fastened,TRUE,MEDIUM,temp_spike,-1
12:02:00,12,3,6,day,362,LDR002,Loader,OP1050,4066.4,40.2,Rainy,0.78,1032,109,76.3,37,12.48,2.27,8.7,0.82,0,15.9,Fastened,TRUE,MEDIUM,temp_spike,-1
12:04:00,12,3,6,day,364,LDR002,Loader,OP1050,4066.4,40.2,Rainy,4.07,1598,120.7,76.2,18.4,15.27,2.19,12.86,0.93,1,0.5,Unfastened,TRUE,MEDIUM,temp_spike,-1
12:06:00,12,3,6,day,366,LDR002,Loader,OP1050,4066.5,40.2,Rainy,3.61,1598,100.5,76.1,21.6,13.71,2.76,11.34,0.75,4,19.8,Fastened,FALSE,MEDIUM,temp_spike,-1
12:08:00,12,3,6,day,368,LDR002,Loader,OP1050,4066.5,40.2,Rainy,1.7,1601,106.3,76,17.4,11.56,3.32,10.13,0.42,1,13.1,Unfastened,TRUE,MEDIUM,temp_spike,-1
12:10:00,12,3,6,day,370,LDR002,Loader,OP1050,4066.5,40.2,Rainy,3.89,1555,104.6,75.9,25.9,13.57,3.07,10.85,0.46,2,12.3,Fastened,FALSE,MEDIUM,temp_spike,-1
12:12:00,12,3,6,day,372,LDR002,Loader,OP1050,4066.5,40.2,Rainy,1.43,1208,110.7,75.8,39.1,10.63,2.13,7.31,0.81,3,23.6,Fastened,TRUE,MEDIUM,temp_spike,-1
12:14:00,12,3,6,day,374,LDR002,Loader,OP1050,4066.5,40.2,Rainy,4.98,970,116.8,75.7,25.4,10.64,3.14,8.74,0.74,0,16.3,Fastened,TRUE,MEDIUM,temp_spike,-1
12:16:00,12,3,6,day,376,LDR002,Loader,OP1050,4066.5,40.2,Rainy,4.58,1157,117,75.6,22,12.82,2.48,10.55,0.89,4,19.3,Fastened,TRUE,MEDIUM,temp_spike,-1
12:18:00,12,3,6,day,378,LDR002,Loader,OP1050,4066.5,40.2,Rainy,2.51,1560,110.7,75.5,23.4,15.02,2.12,12,0.93,3,7.4,Fastened,TRUE,MEDIUM,temp_spike,-1
12:20:00,12,3,6,day,380,LDR002,Loader,OP1050,4066.5,40.2,Rainy,2.33,1792,104.7,75.4,26.7,13.52,3.36,10.81,0.93,0,27.1,Fastened,FALSE,MEDIUM,temp_spike,-1
12:22:00,12,3,6,day,382,LDR002,Loader,OP1050,4066.5,40.2,Rainy,5.35,1179,111.2,75.3,24.9,8.3,3,6.98,0.9,0,17.8,Fastened,TRUE,MEDIUM,temp_spike,-1
12:24:00,12,3,6,day,384,LDR002,Loader,OP1050,4066.5,40.2,Rainy,1.53,1457,109,75.2,33.5,9.2,3.7,7.36,1,2,23.1,Fastened,TRUE,MEDIUM,temp_spike,-1
12:26:00,12,3,6,day,386,LDR002,Loader,OP1050,4066.6,40.2,Rainy,2.06,1574,96,75.1,22.9,12.57,3.4,10.47,0.98,0,13.7,Fastened,FALSE,LOW,temp_spike,-1
12:28:00,12,3,6,day,388,LDR002,Loader,OP1050,4066.6,40.2,Rainy,5.89,1190,112.3,75.1,13.9,8,2.98,7.3,0.78,0,23.1,Fastened,TRUE,MEDIUM,temp_spike,-1
12:30:00,12,3,6,day,390,LDR002,Loader,OP1050,4066.6,40.2,Rainy,6.1,1359,111.3,75,18.5,11.15,3.44,9.72,0.34,3,15.2,Fastened,TRUE,MEDIUM,temp_spike,-1
12:32:00,12,3,6,day,392,LDR002,Loader,OP1050,4066.6,40.2,Rainy,4.77,1319,109.2,74.9,24.3,9.72,2.85,8.05,0.28,4,6.3,Fastened,TRUE,MEDIUM,temp_spike,-1
12:34:00,12,3,6,day,394,LDR002,Loader,OP1050,4066.6,40.2,Rainy,2.87,1732,108.9,74.8,36,9,2.55,6.68,0.75,0,14.7,Fastened,TRUE,MEDIUM,temp_spike,-1
12:36:00,12,3,6,day,396,LDR002,Loader,OP1050,4066.6,40.2,Rainy,4.96,1619,87.4,74.7,17.1,12.4,3.44,10.87,0.92,1,0.5,Fastened,FALSE,MEDIUM,normal,1
12:38:00,12,3,6,day,398,LDR002,Loader,OP1050,4066.6,40.2,Rainy,3.01,1510,87,74.6,30.7,11.52,2.94,8.89,0.11,4,30.1,Fastened,FALSE,LOW,normal,1
12:40:00,12,3,6,day,400,LDR002,Loader,OP1050,4066.6,40.2,Rainy,4,1593,88.2,74.5,21.2,8.6,3.63,7.55,0.91,4,28,Fastened,FALSE,LOW,normal,1
12:42:00,12,3,6,day,402,LDR002,Loader,OP1050,4066.6,40.2,Rainy,4.89,1522,81.6,74.4,22.9,12.57,2.17,10.19,0.72,0,29.1,Fastened,FALSE,LOW,normal,1
12:44:00,12,3,6,day,404,LDR002,Loader,OP1050,4066.6,40.2,Rainy,3.74,1932,86.4,74.3,21.4,12.95,2.99,10.82,1.09,1,16.4,Fastened,FALSE,LOW,normal,1
12:46:00,12,3,6,day,406,LDR002,Loader,OP1050,4066.7,40.2,Rainy,4.18,1496,85,74.2,34.6,15.22,3.15,11.04,0.69,1,15,Fastened,FALSE,LOW,normal,1
12:48:00,12,3,6,day,408,LDR002,Loader,OP1050,4066.7,40.2,Rainy,6.25,2016,82.8,74.1,33.4,10.96,3.35,8.42,0.07,2,12.8,Fastened,FALSE,LOW,normal,1
12:50:00,12,3,6,day,410,LDR002,Loader,OP1050,4066.7,40.2,Rainy,2.75,1756,83.6,74,20.9,11.85,2.64,9.93,1.09,1,15.4,Fastened,FALSE,LOW,normal,1
12:52:00,12,3,6,day,412,LDR002,Loader,OP1050,4066.7,40.2,Rainy,3.04,1384,87.4,73.9,23.5,11.89,2.53,9.69,0.43,2,19.1,Fastened,FALSE,LOW,normal,1
12:54:00,12,3,6,day,414,LDR002,Loader,OP1050,4066.7,40.2,Rainy,3.29,1211,90.9,73.9,23.8,9.08,3.48,7.75,0.65,0,15,Unfastened,TRUE,LOW,normal,1
12:56:00,12,3,6,day,416,LDR002,Loader,OP1050,4066.7,40.2,Rainy,4.81,1543,86.5,73.8,17.3,11.66,2.82,10.13,0.61,2,25.5,Fastened,FALSE,LOW,normal,1
12:58:00,12,3,6,day,418,LDR002,Loader,OP1050,4066.7,40.2,Rainy,3.34,1241,86.5,73.7,25.5,11.75,2.93,9.5,1,3,13.2,Fastened,FALSE,LOW,normal,1
13:00:00,13,3,6,day,420,LDR002,Loader,OP1050,4066.7,40.2,Rainy,3,1629,87.7,73.5,20.2,13.09,3.61,11.18,0.72,4,24.2,Fastened,FALSE,LOW,normal,1
13:02:00,13,3,6,day,422,LDR002,Loader,OP1050,4066.7,40.2,Rainy,3.18,1293,89,73.5,28.3,10.83,3.55,8.77,1.21,0,26.7,Fastened,FALSE,LOW,normal,1
13:04:00,13,3,6,day,424,LDR002,Loader,OP1050,4066.7,40.2,Rainy,5.1,992,89.2,73.4,30,10.08,2.75,7.88,1.14,1,20.8,Fastened,FALSE,LOW,normal,1
13:06:00,13,3,6,day,426,LDR002,Loader,OP1050,4066.8,40.2,Rainy,4.51,1218,86.8,73.2,17.8,15.17,3,13,0.5,2,7.2,Fastened,FALSE,MEDIUM,normal,1
13:08:00,13,3,6,day,428,LDR002,Loader,OP1050,4066.8,40.2,Rainy,2.6,1670,87.3,73.2,28.6,11.58,2.63,9.02,1,0,9.9,Fastened,FALSE,LOW,normal,1
13:10:00,13,3,6,day,430,LDR002,Loader,OP1050,4066.8,40.2,Rainy,2.16,1606,88.9,73,25.4,13.56,3.44,10.99,0.39,3,16.5,Fastened,FALSE,LOW,normal,1
13:12:00,13,3,6,day,432,LDR002,Loader,OP1050,4066.8,40.2,Rainy,3.11,1175,85.7,72.9,19.6,12.92,3.63,11.1,0.54,2,26.1,Fastened,FALSE,LOW,normal,1
13:14:00,13,3,6,day,434,LDR002,Loader,OP1050,4066.8,40.2,Rainy,2.92,1635,86.8,72.9,21.3,8,2.81,6.89,1.08,4,7.1,Fastened,FALSE,MEDIUM,normal,1
13:16:00,13,3,6,day,436,LDR002,Loader,OP1050,4066.8,40.2,Rainy,6.59,1485,82.4,72.8,20.3,12.1,2.43,10.14,0.99,0,18.8,Fastened,FALSE,LOW,normal,1
13:18:00,13,3,6,day,438,LDR002,Loader,OP1050,4066.8,40.2,Rainy,3.51,1129,87,72.7,33.9,14.51,3.56,10.8,0.78,0,14.8,Fastened,FALSE,LOW,normal,1
13:20:00,13,3,6,day,440,LDR002,Loader,OP1050,4066.8,40.2,Rainy,4.84,1392,84.8,72.6,21.2,11.21,3.86,9.65,1.18,2,6.5,Fastened,FALSE,MEDIUM,normal,1
13:22:00,13,3,6,day,442,LDR002,Loader,OP1050,4066.8,40.2,Rainy,4.17,1504,81.2,72.4,19.1,14.31,2.99,12.15,0.99,0,14.3,Fastened,FALSE,LOW,normal,1
13:24:00,13,3,6,day,444,LDR002,Loader,OP1050,4066.9,40.2,Rainy,4.18,1321,92.6,72.3,15.7,11.31,2.56,9.94,0.68,1,17.9,Unfastened,TRUE,LOW,normal,1
13:26:00,13,3,6,day,446,LDR002,Loader,OP1050,4066.9,40.2,Rainy,2.6,1128,87.8,72.3,38,10.93,2.93,7.89,1.03,0,9.3,Unfastened,TRUE,LOW,normal,1
13:28:00,13,3,6,day,448,LDR002,Loader,OP1050,4066.9,40.2,Rainy,5.57,1537,87.3,72.1,20.6,12.75,3.52,10.85,0.74,1,7.6,Fastened,FALSE,MEDIUM,normal,1
13:30:00,13,3,6,day,450,LDR002,Loader,OP1050,4066.9,40.2,Rainy,1.18,1629,81.5,72,19,12.67,3.87,11,1.07,2,23,Fastened,FALSE,LOW,normal,1
13:32:00,13,3,6,day,452,LDR002,Loader,OP1050,4066.9,40.2,Rainy,2.82,1141,87.2,71.9,20.3,9.82,2.64,8.36,0.45,2,28.1,Fastened,FALSE,LOW,normal,1
13:34:00,13,3,6,day,454,LDR002,Loader,OP1050,4066.9,40.2,Rainy,4.56,1326,86.8,71.9,26.2,10.19,3.59,8.46,1.07,4,25.5,Fastened,FALSE,LOW,normal,1
13:36:00,13,3,6,day,456,LDR002,Loader,OP1050,4066.9,40.2,Rainy,1.33,1502,88.9,71.8,23.4,9.64,3.24,8.14,0.38,1,23.8,Fastened,FALSE,LOW,normal,1
13:38:00,13,3,6,day,458,LDR002,Loader,OP1050,4066.9,40.2,Rainy,5.37,1213,85.8,71.7,21,12.85,3.13,10.81,1.51,4,34.5,Fastened,FALSE,LOW,normal,1
13:40:00,13,3,6,day,460,LDR002,Loader,OP1050,4066.9,40.2,Rainy,3.07,1300,81.1,71.6,30.1,10.65,2.66,8.25,0.7,4,10.5,Fastened,FALSE,LOW,normal,1
13:42:00,13,3,6,day,462,LDR002,Loader,OP1050,4066.9,40.2,Rainy,4.46,1662,92,71.5,22.3,8.73,3.56,7.58,0.55,0,8.7,Fastened,FALSE,LOW,normal,1
13:44:00,13,3,6,day,464,LDR002,Loader,OP1050,4067,40.2,Rainy,2.56,1338,87,71.4,5,12.09,3.05,11.64,1.43,3,15.7,Fastened,FALSE,LOW,normal,1
13:46:00,13,3,6,day,466,LDR002,Loader,OP1050,4067,40.2,Rainy,5.56,1805,92.5,71.3,14.9,13.67,3.2,12.11,0.59,4,18.9,Fastened,FALSE,LOW,normal,1
13:48:00,13,3,6,day,468,LDR002,Loader,OP1050,4067,40.2,Rainy,5.11,1376,87.2,71.2,19.5,10.45,4.06,9.2,0.83,4,19.8,Fastened,FALSE,LOW,normal,1
13:50:00,13,3,6,day,470,LDR002,Loader,OP1050,4067,40.2,Rainy,1.13,1884,83.1,71.1,18.4,10.44,3.4,9.14,0.24,1,3.4,Fastened,FALSE,MEDIUM,normal,1
13:52:00,13,3,6,day,472,LDR002,Loader,OP1050,4067,40.2,Rainy,3.88,1626,87.8,71,18.8,10.68,3.14,9.26,0.58,3,26.7,Unfastened,TRUE,LOW,normal,1
13:54:00,13,3,6,day,474,LDR002,Loader,OP1050,4067,40.2,Rainy,2.7,1511,83.5,70.9,15.4,12.45,3.16,11.02,0.92,3,4.9,Fastened,FALSE,MEDIUM,normal,1
13:56:00,13,3,6,day,476,LDR002,Loader,OP1050,4067,40.2,Rainy,2.23,1369,88.6,70.8,17.1,12.23,3.2,10.69,1.06,2,19.6,Fastened,FALSE,LOW,normal,1
13:58:00,13,3,6,day,478,LDR002,Loader,OP1050,4067,40.2,Rainy,2.29,1412,87.5,70.7,19.6,11.71,2.76,9.96,0.64,1,13.3,Fastened,FALSE,LOW,normal,1
14:00:00,14,3,6,day,480,LDR002,Loader,OP1050,4067,40.2,Rainy,2.88,1367,86.1,70.5,15.8,13.44,4.03,11.95,0.88,1,21.9,Fastened,FALSE,LOW,normal,1
14:02:00,14,3,6,day,482,LDR002,Loader,OP1050,4067,40.2,Rainy,2.44,1004,83,70.4,28.3,13.46,2.22,10.28,0.73,1,17.1,Fastened,FALSE,LOW,normal,1
14:04:00,14,3,6,day,484,LDR002,Loader,OP1050,4067.1,40.2,Rainy,2.99,1654,87.5,70.4,16,8.91,3.5,8.04,0.64,1,7.8,Unfastened,TRUE,MEDIUM,normal,1
14:06:00,14,3,6,day,486,LDR002,Loader,OP1050,4067.1,40.2,Rainy,4.51,1484,87.3,70.3,20.1,11.47,2.21,9.61,1.02,2,22.7,Fastened,FALSE,LOW,normal,1
14:08:00,14,3,6,day,488,LDR002,Loader,OP1050,4067.1,40.2,Rainy,5.66,1311,83.1,70.2,22.1,8.5,2.83,7.25,0.85,3,17.9,Fastened,FALSE,LOW,normal,1
14:10:00,14,3,6,day,490,LDR002,Loader,OP1050,4067.1,40.2,Rainy,2.47,1515,86.8,70.1,17,15.28,2.99,13.19,0.25,2,16.7,Fastened,FALSE,LOW,normal,1
14:12:00,14,3,6,day,492,LDR002,Loader,OP1050,4067.1,40.2,Rainy,6.24,1533,82.3,70,18.9,9.97,3.64,8.77,0.65,1,20.5,Fastened,FALSE,LOW,normal,1
14:14:00,14,3,6,day,494,LDR002,Loader,OP1050,4067.1,40.2,Rainy,5.65,1765,93,69.9,25,8,3.61,6.9,0.66,4,14.8,Fastened,FALSE,LOW,normal,1
14:16:00,14,3,6,day,496,LDR002,Loader,OP1050,4067.1,40.2,Rainy,6.04,1477,85.6,69.8,13,9.54,3.65,8.77,0.47,2,34.7,Fastened,FALSE,LOW,normal,1
14:18:00,14,3,6,day,498,LDR002,Loader,OP1050,4067.1,40.2,Rainy,4.96,1275,83.2,69.7,27.6,9.7,2.91,7.83,0.56,0,33.3,Fastened,FALSE,LOW,normal,1
14:20:00,14,3,6,day,500,LDR002,Loader,OP1050,4067.1,40.2,Rainy,2.21,1221,90.2,69.6,20,11.51,1.89,9.59,1.16,3,11.3,Fastened,FALSE,LOW,normal,1
14:22:00,14,3,6,day,502,LDR002,Loader,OP1050,4067.1,40.2,Rainy,2.97,1540,85.4,69.5,21,12.57,2.13,10.38,0.4,3,7.6,Fastened,FALSE,MEDIUM,normal,1
14:24:00,14,3,6,day,504,LDR002,Loader,OP1050,4067.2,40.2,Rainy,4.7,1596,87.9,69.4,30,13.33,3.03,10.24,0,1,36.2,Fastened,FALSE,LOW,normal,1
14:26:00,14,3,6,day,506,LDR002,Loader,OP1050,4067.2,40.2,Rainy,5.47,1449,89.5,69.4,26.5,8.22,2.33,6.66,0.61,4,18.5,Fastened,FALSE,LOW,normal,1
14:28:00,14,3,6,day,508,LDR002,Loader,OP1050,4067.2,40.2,Rainy,4.98,1668,84.7,69.2,23.8,14.41,3.06,11.71,1.1,2,18.3,Unfastened,TRUE,LOW,normal,1
14:30:00,14,3,6,day,510,LDR002,Loader,OP1050,4067.2,40.2,Rainy,4.73,1439,80.8,69.1,17.3,10.98,4.42,9.85,0.54,3,16.3,Fastened,FALSE,LOW,normal,1
14:32:00,14,3,6,day,512,LDR002,Loader,OP1050,4067.2,40.2,Rainy,2.66,1421,84.3,69,21.1,14.41,3.81,12.17,1.12,2,23.8,Fastened,FALSE,LOW,normal,1
14:34:00,14,3,6,day,514,LDR002,Loader,OP1050,4067.2,40.2,Rainy,3.47,1546,85.6,68.9,23.9,10.46,3.51,8.8,0.77,1,18,Unfastened,TRUE,LOW,normal,1
14:36:00,14,3,6,day,516,LDR002,Loader,OP1050,4067.2,40.2,Rainy,4.33,1523,88.2,68.8,32.9,12.48,3.09,9.39,0.54,4,18.7,Fastened,FALSE,LOW,normal,1
14:38:00,14,3,6,day,518,LDR002,Loader,OP1050,4067.2,40.2,Rainy,4.05,1307,86.7,68.7,32.3,12.69,1.87,9.2,0.61,0,29.1,Fastened,FALSE,LOW,normal,1
14:40:00,14,3,6,day,520,LDR002,Loader,OP1050,4067.2,40.2,Rainy,2.84,1658,81.8,68.6,26,12.96,3.05,10.38,0.65,3,26.7,Fastened,FALSE,LOW,normal,1
14:42:00,14,3,6,day,522,LDR002,Loader,OP1050,4067.2,40.2,Rainy,5.49,1659,81.8,68.5,13.4,13.67,2.61,12.19,0.84,2,21.2,Unfastened,TRUE,LOW,normal,1
14:44:00,14,3,6,day,524,LDR002,Loader,OP1050,4067.3,40.2,Rainy,3.74,1538,83.5,68.4,18.8,9.19,3.51,8.12,0.61,1,25.7,Fastened,FALSE,LOW,normal,1
14:46:00,14,3,6,day,526,LDR002,Loader,OP1050,4067.3,40.2,Rainy,5.17,945,85,68.3,28.5,13,2.21,9.92,0.55,2,12.8,Fastened,FALSE,LOW,normal,1
14:48:00,14,3,6,day,528,LDR002,Loader,OP1050,4067.3,40.2,Rainy,2.25,1220,84.3,68.2,10.6,14.4,2.71,13.16,0.93,2,18.3,Unfastened,TRUE,LOW,normal,1
14:50:00,14,3,6,day,530,LDR002,Loader,OP1050,4067.3,40.2,Rainy,4.94,2047,83.8,68.1,27.8,8,2.7,6.53,0.42,0,10.7,Fastened,FALSE,LOW,normal,1
14:52:00,14,3,6,day,532,LDR002,Loader,OP1050,4067.3,40.2,Rainy,4.44,1183,90.6,68,18.5,10.87,3.09,9.43,0.48,4,4.2,Fastened,FALSE,MEDIUM,normal,1
14:54:00,14,3,6,day,534,LDR002,Loader,OP1050,4067.3,40.2,Rainy,3.37,844,86.2,67.9,14.4,10.86,2.75,9.69,1.33,4,15.3,Fastened,FALSE,LOW,normal,1
14:56:00,14,3,6,day,536,LDR002,Loader,OP1050,4067.3,40.2,Rainy,4.57,1761,87.6,67.8,32.3,13.94,3.27,10.49,0.59,4,11.9,Fastened,FALSE,LOW,normal,1
14:58:00,14,3,6,day,538,LDR002,Loader,OP1050,4067.3,40.2,Rainy,5.63,1390,88.6,67.7,33.4,12.61,2.58,9.26,0.43,4,25.7,Fastened,FALSE,LOW,normal,1
15:00:00,15,3,6,day,540,LDR002,Loader,OP1050,4067.3,40.2,Rainy,3.03,1077,87.1,67.7,22.8,8.94,2.66,7.51,0.65,2,23.4,Fastened,FALSE,LOW,normal,1
15:02:00,15,3,6,day,542,LDR002,Loader,OP1050,4067.3,40.2,Rainy,4.34,1518,87.5,67.6,33.3,10.5,2.86,7.96,0.98,2,15.9,Unfastened,TRUE,LOW,normal,1
15:04:00,15,3,6,day,544,LDR002,Loader,OP1050,4067.4,40.2,Rainy,2.99,1131,85.1,67.5,33.5,11.66,2.51,8.59,0.4,1,23,Fastened,FALSE,LOW,normal,1
15:06:00,15,3,6,day,546,LDR002,Loader,OP1050,4067.4,40.2,Rainy,5.8,1276,87.4,67.4,28.7,12.49,2.72,9.69,0.65,2,23.2,Fastened,FALSE,LOW,normal,1
15:08:00,15,3,6,day,548,LDR002,Loader,OP1050,4067.4,40.2,Rainy,4.27,1434,84.9,67.3,32.5,11.39,3.39,8.79,0.77,4,31.1,Fastened,FALSE,LOW,normal,1
15:10:00,15,3,6,day,550,LDR002,Loader,OP1050,4067.4,40.2,Rainy,3.58,1399,90.7,67.2,13.8,13.16,3.75,11.86,0.45,3,27.6,Fastened,FALSE,LOW,normal,1
15:12:00,15,3,6,day,552,LDR002,Loader,OP1050,4067.4,40.2,Rainy,2.47,1491,80.4,67.1,29.4,10.96,2.09,8.35,0.61,3,17,Fastened,FALSE,LOW,normal,1
15:14:00,15,3,6,day,554,LDR002,Loader,OP1050,4067.4,40.2,Rainy,5.54,1341,87,67,14.8,12,2.62,10.61,0.73,0,17.3,Fastened,FALSE,LOW,normal,1
15:16:00,15,3,6,day,556,LDR002,Loader,OP1050,4067.4,40.2,Rainy,3.92,1108,88.4,66.9,19.9,12.68,2.56,10.67,0.95,3,12,Fastened,FALSE,LOW,normal,1
15:18:00,15,3,6,day,558,LDR002,Loader,OP1050,4067.4,40.2,Rainy,3.54,1145,86.6,66.8,33.5,13.95,3.05,10.3,0.41,0,8.5,Fastened,FALSE,LOW,normal,1
15:20:00,15,3,6,day,560,LDR002,Loader,OP1050,4067.4,40.2,Rainy,6.77,1581,86.6,66.7,41.1,10.46,2.75,7.29,0.81,4,20.9,Fastened,FALSE,LOW,normal,1
15:22:00,15,3,6,day,562,LDR002,Loader,OP1050,4067.4,40.2,Rainy,3.93,1360,82.4,66.6,21.6,11.15,2.67,9.32,0.6,1,11.3,Fastened,FALSE,LOW,normal,1
15:24:00,15,3,6,day,564,LDR002,Loader,OP1050,4067.5,40.2,Rainy,3.54,1645,94.3,66.5,26.5,12.32,2.82,9.8,0.83,2,9.2,Fastened,FALSE,LOW,normal,1
15:26:00,15,3,6,day,566,LDR002,Loader,OP1050,4067.5,40.2,Rainy,4.28,1123,90.6,66.4,27.3,15.02,2.88,11.71,0.75,1,20.5,Fastened,FALSE,LOW,normal,1
15:28:00,15,3,6,day,568,LDR002,Loader,OP1050,4067.5,40.2,Rainy,2.48,1785,82.7,66.3,19.5,13.94,3.48,11.9,0.72,3,4.3,Fastened,FALSE,MEDIUM,normal,1
15:30:00,15,3,6,day,570,LDR002,Loader,OP1050,4067.5,40.2,Rainy,3.11,1201,81.8,66.2,28,12.92,2.65,10.04,0.29,3,26.9,Fastened,FALSE,LOW,normal,1
15:32:00,15,3,6,day,572,LDR002,Loader,OP1050,4067.5,40.2,Rainy,4.09,1709,86,66.1,32.7,9.22,2.64,7.07,0.27,4,15.3,Fastened,FALSE,LOW,normal,1
15:34:00,15,3,6,day,574,LDR002,Loader,OP1050,4067.5,40.2,Rainy,2.9,1304,91.2,66,25.2,10.89,3.21,8.95,0.27,3,15.3,Fastened,FALSE,LOW,normal,1
15:36:00,15,3,6,day,576,LDR002,Loader,OP1050,4067.5,40.2,Rainy,3.63,2013,87.3,65.9,21.1,13.47,1.74,10.99,1.16,4,26.4,Fastened,FALSE,LOW,normal,1
15:38:00,15,3,6,day,578,LDR002,Loader,OP1050,4067.5,40.2,Rainy,3.38,1271,87,65.8,28,9.71,3.28,7.91,1.45,3,9.4,Fastened,FALSE,LOW,normal,1
15:40:00,15,3,6,day,580,LDR002,Loader,OP1050,4067.5,40.2,Rainy,2.44,1059,81.8,65.7,31.6,12.07,2.57,9.07,0.73,3,12.9,Fastened,FALSE,LOW,normal,1
15:42:00,15,3,6,day,582,LDR002,Loader,OP1050,4067.6,40.2,Rainy,3.45,1634,91.5,65.6,11.1,11.5,3.74,10.64,0.94,0,15.3,Unfastened,TRUE,LOW,normal,1
15:44:00,15,3,6,day,584,LDR002,Loader,OP1050,4067.6,40.2,Rainy,2.94,1576,80.6,65.5,24.2,12.16,3.36,10.03,0.59,3,13.6,Fastened,FALSE,LOW,normal,1
15:46:00,15,3,6,day,586,LDR002,Loader,OP1050,4067.6,40.2,Rainy,8.39,1897,91.6,65.5,47.1,10.14,3.13,6.84,0.53,2,4.6,Fastened,TRUE,MEDIUM,normal,1
15:48:00,15,3,6,day,588,LDR002,Loader,OP1050,4067.6,40.2,Rainy,4.63,1251,88.4,65.4,32.8,14.47,3.77,10.96,0.77,3,23.6,Fastened,FALSE,LOW,normal,1
15:50:00,15,3,6,day,590,LDR002,Loader,OP1050,4067.6,40.2,Rainy,0,1743,86.8,65.3,42.6,8.39,3.18,3.34,0.9,1,13.9,Fastened,FALSE,LOW,excessive_idle,-1
15:52:00,15,3,6,day,592,LDR002,Loader,OP1050,4067.6,40.2,Rainy,0.13,1328,87.1,65.2,55.3,11.86,3.14,3.3,0.96,0,19.1,Fastened,FALSE,LOW,excessive_idle,-1
15:54:00,15,3,6,day,594,LDR002,Loader,OP1050,4067.6,40.2,Rainy,0.33,1467,91.3,65.1,54.1,14.76,2.71,2.85,1.07,4,27,Fastened,FALSE,LOW,excessive_idle,-1
15:56:00,15,3,6,day,596,LDR002,Loader,OP1050,4067.6,40.2,Rainy,0.67,2158,91.5,64.9,56.4,12.96,3.87,4.06,0.89,2,23.7,Fastened,FALSE,LOW,excessive_idle,-1
15:58:00,15,3,6,day,598,LDR002,Loader,OP1050,4067.6,40.2,Rainy,0.35,1161,86.8,64.8,58,15.45,2.44,2.56,0.85,3,22.9,Fastened,FALSE,LOW,excessive_idle,-1
16:00:00,16,3,6,day,600,LDR002,Loader,OP1050,4067.6,40.2,Rainy,0.53,1265,86.5,64.7,52.2,12.4,1.95,2.05,1.09,4,23.9,Fastened,FALSE,LOW,excessive_idle,-1
16:02:00,16,3,6,day,602,LDR002,Loader,OP1050,4067.7,40.2,Rainy,0.08,1130,82.9,64.6,54.1,12.17,3.3,3.46,0.77,0,16,Fastened,FALSE,LOW,excessive_idle,-1
16:04:00,16,3,6,day,604,LDR002,Loader,OP1050,4067.7,40.2,Rainy,0.53,1320,87.4,64.5,64.3,11.37,2.64,2.77,0.69,1,22.7,Fastened,FALSE,LOW,excessive_idle,-1
16:06:00,16,3,6,day,606,LDR002,Loader,OP1050,4067.7,40.2,Rainy,0.19,1756,91.5,64.5,45.7,9.73,2.96,3.11,0.58,0,26.1,Fastened,FALSE,LOW,excessive_idle,-1
16:08:00,16,3,6,day,608,LDR002,Loader,OP1050,4067.7,40.2,Rainy,4.29,1543,110.2,64.3,21.2,13.53,3.27,11.35,0.74,3,8.2,Fastened,TRUE,MEDIUM,temp_spike,-1
16:10:00,16,3,6,day,610,LDR002,Loader,OP1050,4067.7,40.2,Rainy,4.93,1540,103.4,64.2,22.8,14.49,2.62,11.78,1.1,3,20.4,Fastened,FALSE,MEDIUM,temp_spike,-1
16:12:00,16,3,6,day,612,LDR002,Loader,OP1050,4067.7,40.2,Rainy,3.25,1563,98.8,64.1,31.2,12.12,3.28,9.36,0.75,0,16.7,Fastened,FALSE,MEDIUM,temp_spike,-1
16:14:00,16,3,6,day,614,LDR002,Loader,OP1050,4067.7,40.2,Rainy,3.74,1962,113.2,64,17.2,12.04,3.75,10.61,0.47,3,9,Fastened,TRUE,MEDIUM,temp_spike,-1
16:16:00,16,3,6,day,616,LDR002,Loader,OP1050,4067.7,40.2,Rainy,4.44,1902,83.8,63.9,26.3,10.77,2.86,8.69,0.56,2,14,Fastened,FALSE,LOW,normal,1
16:18:00,16,3,6,day,618,LDR002,Loader,OP1050,4067.7,40.2,Rainy,5.67,1624,92.5,63.8,13,14.35,2.31,12.78,0.4,1,10.6,Fastened,FALSE,LOW,normal,1
16:20:00,16,3,6,day,620,LDR002,Loader,OP1050,4067.7,40.2,Rainy,3.27,1044,91.1,63.7,20.8,12.16,3.42,10.34,0.63,0,31.9,Fastened,FALSE,LOW,normal,1
16:22:00,16,3,6,day,622,LDR002,Loader,OP1050,4067.8,40.2,Rainy,6.12,783,91.7,63.6,25.8,12.58,2.93,10.09,0.75,1,22.6,Fastened,FALSE,LOW,normal,1
16:24:00,16,3,6,day,624,LDR002,Loader,OP1050,4067.8,40.2,Rainy,0.44,1874,90.3,63.5,16.1,13.28,3.01,11.63,1.09,2,12,Fastened,FALSE,LOW,normal,1
16:26:00,16,3,6,day,626,LDR002,Loader,OP1050,4067.8,40.2,Rainy,4.29,1306,89.4,63.3,22,16.51,2.43,13.41,0.58,3,12.6,Fastened,FALSE,LOW,normal,1
16:28:00,16,3,6,day,628,LDR002,Loader,OP1050,4067.8,40.2,Rainy,0.27,1617,83.1,63.3,28.5,9.67,2.66,7.67,0.8,1,14.4,Fastened,FALSE,LOW,normal,1
16:30:00,16,3,6,day,630,LDR002,Loader,OP1050,4067.8,40.2,Rainy,1.74,1675,89.4,63.2,28.8,10.77,3.22,8.6,0.18,2,2.8,Fastened,FALSE,MEDIUM,normal,1
16:32:00,16,3,6,day,632,LDR002,Loader,OP1050,4067.8,40.2,Rainy,5.91,1086,89.9,63,8.1,14.1,1.94,13.12,0.19,3,23.9,Fastened,FALSE,LOW,normal,1
16:34:00,16,3,6,day,634,LDR002,Loader,OP1050,4067.8,40.2,Rainy,5.53,1142,84.1,63,45.7,15.12,2.35,9.28,0.88,2,12.5,Fastened,FALSE,LOW,normal,1
16:36:00,16,3,6,day,636,LDR002,Loader,OP1050,4067.8,40.2,Rainy,5.4,1272,84.2,62.8,21.2,14.29,2.79,11.85,0.66,3,27.9,Unfastened,TRUE,LOW,normal,1
16:38:00,16,3,6,day,638,LDR002,Loader,OP1050,4067.8,40.2,Rainy,4.4,1013,83.7,62.7,22.6,10.54,2.7,8.77,0.94,0,19.8,Fastened,FALSE,LOW,normal,1
16:40:00,16,3,6,day,640,LDR002,Loader,OP1050,4067.8,40.2,Rainy,4.76,1522,88.7,62.6,29,12.43,2.12,9.44,0.46,2,19.5,Fastened,FALSE,LOW,normal,1
16:42:00,16,3,6,day,642,LDR002,Loader,OP1050,4067.9,40.2,Rainy,3.43,1189,86.5,62.6,27,9.04,2.68,7.32,0.52,1,15.2,Fastened,FALSE,LOW,normal,1
16:44:00,16,3,6,day,644,LDR002,Loader,OP1050,4067.9,40.2,Rainy,4.82,1575,87.6,62.5,17.2,12.87,3.77,11.3,0.42,3,17.7,Fastened,FALSE,LOW,normal,1
16:46:00,16,3,6,day,646,LDR002,Loader,OP1050,4067.9,40.2,Rainy,5.06,1804,85.6,62.4,15.8,12.01,3.01,10.59,0.62,3,21.6,Fastened,FALSE,LOW,normal,1
16:48:00,16,3,6,day,648,LDR002,Loader,OP1050,4067.9,40.2,Rainy,4.23,1072,86.7,62.2,34.3,14.34,2.39,10.24,0.96,2,22,Fastened,FALSE,LOW,normal,1
16:50:00,16,3,6,day,650,LDR002,Loader,OP1050,4067.9,40.2,Rainy,4.12,1224,87.1,62.2,33.8,11.72,2.8,8.71,0.75,1,16.6,Fastened,FALSE,LOW,normal,1
16:52:00,16,3,6,day,652,LDR002,Loader,OP1050,4067.9,40.2,Rainy,4.36,1126,86.6,62.1,26.2,12.8,3.09,10.26,0.36,1,28.1,Fastened,FALSE,LOW,normal,1
16:54:00,16,3,6,day,654,LDR002,Loader,OP1050,4067.9,40.2,Rainy,3.69,1144,88.9,62,27.4,10.65,3.5,8.69,0.14,2,24.5,Unfastened,TRUE,LOW,normal,1
16:56:00,16,3,6,day,656,LDR002,Loader,OP1050,4067.9,40.2,Rainy,4.14,1842,87.3,61.9,34.3,13.06,3.54,9.79,1,4,18.5,Unfastened,TRUE,LOW,normal,1
16:58:00,16,3,6,day,658,LDR002,Loader,OP1050,4067.9,40.2,Rainy,3.95,1345,84.8,61.8,15.8,12.35,3.58,10.96,1.12,0,5.8,Fastened,FALSE,MEDIUM,normal,1
17:00:00,17,3,6,day,660,LDR002,Loader,OP1050,4067.9,40.2,Rainy,4.19,1351,91.9,61.7,24.2,10.46,2.56,8.55,0.13,0,20.5,Fastened,FALSE,LOW,normal,1
17:02:00,17,3,6,day,662,LDR002,Loader,OP1050,4068,40.2,Rainy,5.68,1015,87.3,61.6,16,13.51,3.14,11.85,0.65,4,17.7,Fastened,FALSE,LOW,normal,1
17:04:00,17,3,6,day,664,LDR002,Loader,OP1050,4068,40.2,Rainy,5.78,1320,84.9,61.5,30.1,12.95,3.6,10.14,0.69,4,7.4,Unfastened,TRUE,MEDIUM,normal,1
17:06:00,17,3,6,day,666,LDR002,Loader,OP1050,4068,40.2,Rainy,5.3,2011,83.7,61.4,24.8,8.78,3.35,7.43,0.61,2,17.6,Fastened,FALSE,LOW,normal,1
17:08:00,17,3,6,day,668,LDR002,Loader,OP1050,4068,40.2,Rainy,4.98,1347,89.4,61.3,24.9,13.33,2.3,10.58,0.66,0,12.5,Fastened,FALSE,LOW,normal,1
17:10:00,17,3,6,day,670,LDR002,Loader,OP1050,4068,40.2,Rainy,3.14,1368,89.3,61.2,28.8,8.58,2.69,6.88,0.83,0,22.1,Fastened,FALSE,LOW,normal,1
17:12:00,17,3,6,day,672,LDR002,Loader,OP1050,4068,40.2,Rainy,5.91,1259,86.9,61.1,6.9,13.25,2.59,12.51,0.66,0,16.2,Fastened,FALSE,LOW,normal,1
17:14:00,17,3,6,day,674,LDR002,Loader,OP1050,4068,40.2,Rainy,2.34,1806,87.4,61,18.2,13.89,2.57,11.83,0.52,1,17.7,Fastened,FALSE,LOW,normal,1
17:16:00,17,3,6,day,676,LDR002,Loader,OP1050,4068,40.2,Rainy,4.59,1593,87.5,60.9,30,11,2.5,8.45,0.9,4,23.9,Fastened,FALSE,LOW,normal,1
17:18:00,17,3,6,day,678,LDR002,Loader,OP1050,4068,40.2,Rainy,6.36,1408,86.7,60.7,29,15.67,3.12,12.03,0.75,3,3.2,Fastened,FALSE,MEDIUM,normal,1
17:20:00,17,3,6,day,680,LDR002,Loader,OP1050,4068,40.2,Rainy,4.75,1325,89.7,60.6,26.6,12.24,3.06,9.8,0.27,3,17.3,Fastened,FALSE,LOW,normal,1
17:22:00,17,3,6,day,682,LDR002,Loader,OP1050,4068.1,40.2,Rainy,4.79,1670,86.8,60.5,14,11.12,3.24,10.02,0.8,3,18.3,Fastened,FALSE,LOW,normal,1
17:24:00,17,3,6,day,684,LDR002,Loader,OP1050,4068.1,40.2,Rainy,3.71,1656,92.2,60.5,35.3,12.4,3.32,9.19,0.65,0,13,Fastened,FALSE,LOW,normal,1
17:26:00,17,3,6,day,686,LDR002,Loader,OP1050,4068.1,40.2,Rainy,6.78,1673,86.2,60.4,32.7,11.98,2.96,9.03,0.51,0,13.6,Fastened,FALSE,LOW,normal,1
17:28:00,17,3,6,day,688,LDR002,Loader,OP1050,4068.1,40.2,Rainy,4.39,1288,87.2,60.3,21.5,12.55,3.52,10.61,0.45,0,11,Fastened,FALSE,LOW,normal,1
17:30:00,17,3,6,day,690,LDR002,Loader,OP1050,4068.1,40.2,Rainy,4.37,1098,84.6,60.2,13.8,10.25,2.81,9.22,0.77,2,12.1,Fastened,FALSE,LOW,normal,1
17:32:00,17,3,6,day,692,LDR002,Loader,OP1050,4068.1,40.2,Rainy,3.85,1545,85.3,60.1,16.4,10.36,3.1,9.17,1.13,0,15.6,Fastened,FALSE,LOW,normal,1
17:34:00,17,3,6,day,694,LDR002,Loader,OP1050,4068.1,40.2,Rainy,4.72,1705,87.7,60,34,12.92,3.64,9.76,0.36,1,25.1,Fastened,FALSE,LOW,normal,1
17:36:00,17,3,6,day,696,LDR002,Loader,OP1050,4068.1,40.2,Rainy,3.44,1398,85.3,59.9,12,8,2.85,7.38,0.51,2,18.2,Fastened,FALSE,LOW,normal,1
17:38:00,17,3,6,day,698,LDR002,Loader,OP1050,4068.1,40.2,Rainy,3.35,1189,84.3,59.8,29.6,14.47,3.93,11.35,0.35,3,24.2,Fastened,FALSE,LOW,normal,1
17:40:00,17,3,6,day,700,LDR002,Loader,OP1050,4068.1,40.2,Rainy,2.62,1639,86.2,59.7,29.4,11.93,2.33,9.11,0.78,3,28.8,Fastened,FALSE,LOW,normal,1
17:42:00,17,3,6,day,702,LDR002,Loader,OP1050,4068.2,40.2,Rainy,4.25,1701,89.2,59.6,36.4,12.26,2.47,8.7,1.18,3,23,Fastened,FALSE,LOW,normal,1
17:44:00,17,3,6,day,704,LDR002,Loader,OP1050,4068.2,40.2,Rainy,5.27,1427,89.2,59.5,27.2,13.12,2.32,10.18,0.68,1,23.3,Fastened,FALSE,LOW,normal,1
17:46:00,17,3,6,day,706,LDR002,Loader,OP1050,4068.2,40.2,Rainy,2.67,1295,90.3,59.4,42.8,11.43,2.55,7.63,0.44,4,30.5,Fastened,FALSE,LOW,normal,1
17:48:00,17,3,6,day,708,LDR002,Loader,OP1050,4068.2,40.2,Rainy,4.39,1058,89,59.3,14.9,13.31,2.39,11.68,0.78,2,31.4,Fastened,FALSE,LOW,normal,1
17:50:00,17,3,6,day,710,LDR002,Loader,OP1050,4068.2,40.2,Rainy,2.73,1929,83.6,59.2,22.6,14.51,3.03,11.92,0.95,4,13.4,Fastened,FALSE,LOW,normal,1
17:52:00,17,3,6,day,712,LDR002,Loader,OP1050,4068.2,40.2,Rainy,4.65,1564,83.3,59.1,20.3,11.55,2.93,9.8,0.79,0,24.3,Fastened,FALSE,LOW,normal,1
17:54:00,17,3,6,day,714,LDR002,Loader,OP1050,4068.2,40.2,Rainy,4.03,1164,86.2,58.9,16.3,15.96,2.49,13.76,0.76,3,19.2,Fastened,FALSE,LOW,normal,1
17:56:00,17,3,6,day,716,LDR002,Loader,OP1050,4068.2,40.2,Rainy,4.75,1569,90.7,58.8,20.7,12.99,3.37,11,0.88,0,15.5,Fastened,FALSE,LOW,normal,1
17:58:00,17,3,6,day,718,LDR002,Loader,OP1050,4068.2,40.2,Rainy,3.68,1721,87.9,58.7,19.4,13.94,2.31,11.68,0.51,2,16.5,Fastened,FALSE,LOW,normal,1
18:00:00,18,4,10,night,0,LDR002,Loader,OP1009,2184.8,25,Cloudy,3.66,1567,25,78.3,26.2,11.01,3,8.91,0.66,2,24.8,Fastened,FALSE,LOW,normal,1
18:02:00,18,4,10,night,2,LDR002,Loader,OP1009,2184.9,25,Cloudy,6.72,1807,30,78.2,16.4,10.78,2.64,9.45,0.97,0,18.1,Fastened,FALSE,LOW,normal,1
18:04:00,18,4,10,night,4,LDR002,Loader,OP1009,2184.9,25,Cloudy,7.6,1683,34.9,78.1,24.4,12.39,3.29,10.17,0.97,0,36.7,Fastened,FALSE,LOW,normal,1
18:06:00,18,4,10,night,6,LDR002,Loader,OP1009,2184.9,25,Cloudy,10.86,1190,39.9,78,28.4,11.46,3.34,9.15,0.11,0,19.2,Fastened,FALSE,LOW,normal,1
18:08:00,18,4,10,night,8,LDR002,Loader,OP1009,2184.9,25,Cloudy,5.17,1337,44.8,77.9,33.6,9.95,2.67,7.5,0.72,1,23.2,Unfastened,TRUE,LOW,normal,1
18:10:00,18,4,10,night,10,LDR002,Loader,OP1009,2184.9,25,Cloudy,4.79,1424,49.8,77.8,15.1,11.76,3.06,10.45,0.84,3,14.4,Fastened,FALSE,LOW,normal,1
18:12:00,18,4,10,night,12,LDR002,Loader,OP1009,2184.9,25,Cloudy,5.01,1717,54.8,77.7,17.7,13.21,2.6,11.33,0.61,2,9.8,Unfastened,TRUE,LOW,normal,1
18:14:00,18,4,10,night,14,LDR002,Loader,OP1009,2184.9,25,Cloudy,8.14,1603,59.7,77.6,27.7,12.81,2.71,10.01,0.56,1,18.3,Fastened,FALSE,LOW,normal,1
18:16:00,18,4,10,night,16,LDR002,Loader,OP1009,2184.9,25,Cloudy,5.89,1381,64.7,77.5,28.9,11.06,3.1,8.76,0.36,0,39.7,Fastened,FALSE,LOW,normal,1
18:18:00,18,4,10,night,18,LDR002,Loader,OP1009,2184.9,25,Cloudy,6.1,1879,69.6,77.4,18.8,11.36,2.89,9.77,0.65,4,22.6,Fastened,FALSE,LOW,normal,1
18:20:00,18,4,10,night,20,LDR002,Loader,OP1009,2185,25,Cloudy,2.44,877,74.6,77.3,33.9,10.91,3.11,8.27,0.64,4,11.8,Fastened,FALSE,LOW,normal,1
18:22:00,18,4,10,night,22,LDR002,Loader,OP1009,2185,25,Cloudy,6.64,1468,79.6,77.3,19.5,8.79,2.34,7.53,0.95,2,20.1,Fastened,FALSE,LOW,normal,1
18:24:00,18,4,10,night,24,LDR002,Loader,OP1009,2185,25,Cloudy,1.68,884,84.5,77.2,28.8,12.82,4.2,10.34,0.89,4,19.5,Fastened,FALSE,LOW,normal,1
18:26:00,18,4,10,night,26,LDR002,Loader,OP1009,2185,25,Cloudy,4.53,1084,84.1,77.1,31,10.28,3.04,8.04,0.92,0,19.9,Fastened,FALSE,LOW,normal,1
18:28:00,18,4,10,night,28,LDR002,Loader,OP1009,2185,25,Cloudy,3.96,1784,89,77,24.9,9.48,2.7,7.79,0.94,3,29.9,Fastened,FALSE,LOW,normal,1
18:30:00,18,4,10,night,30,LDR002,Loader,OP1009,2185,25,Cloudy,4.71,1152,85.1,76.9,10.2,13.39,2.62,12.29,0.57,1,18.8,Fastened,FALSE,LOW,normal,1
18:32:00,18,4,10,night,32,LDR002,Loader,OP1009,2185,25,Cloudy,6.45,721,88.2,76.8,23.7,10.32,2.79,8.54,1.02,1,23.1,Fastened,FALSE,LOW,normal,1
18:34:00,18,4,10,night,34,LDR002,Loader,OP1009,2185,25,Cloudy,6.88,1317,89,76.7,27.7,8.75,2.59,7.04,0.43,0,19.4,Fastened,FALSE,LOW,normal,1
18:36:00,18,4,10,night,36,LDR002,Loader,OP1009,2185,25,Cloudy,6.86,1851,83,76.6,14.6,11.32,2.95,10.1,0.66,2,6.8,Fastened,FALSE,MEDIUM,normal,1
18:38:00,18,4,10,night,38,LDR002,Loader,OP1009,2185,25,Cloudy,7.01,1462,86.2,76.5,31.2,9.55,2.32,7.29,0.52,1,29.8,Fastened,FALSE,LOW,normal,1
18:40:00,18,4,10,night,40,LDR002,Loader,OP1009,2185.1,25,Cloudy,3.4,1673,86.8,76.4,24,11.2,2.62,9.14,1.07,4,15.6,Fastened,FALSE,LOW,normal,1
18:42:00,18,4,10,night,42,LDR002,Loader,OP1009,2185.1,25,Cloudy,6.16,1680,85,76.4,21.9,9.21,2.5,7.74,1.14,1,12.7,Fastened,FALSE,LOW,normal,1
18:44:00,18,4,10,night,44,LDR002,Loader,OP1009,2185.1,25,Cloudy,5.71,1121,89.8,76.3,31.5,14.35,3.34,10.88,0.76,4,6.5,Fastened,FALSE,MEDIUM,normal,1
18:46:00,18,4,10,night,46,LDR002,Loader,OP1009,2185.1,25,Cloudy,6.19,1729,89.1,76.2,32.2,12.21,3.14,9.29,0.76,3,17.1,Fastened,FALSE,LOW,normal,1
18:48:00,18,4,10,night,48,LDR002,Loader,OP1009,2185.1,25,Cloudy,5.79,1888,85.4,76.1,29,14.08,2.33,10.67,1.07,4,12.7,Fastened,FALSE,LOW,normal,1
18:50:00,18,4,10,night,50,LDR002,Loader,OP1009,2185.1,25,Cloudy,3.36,1403,92.1,75.9,34.1,14.31,4,10.79,0.74,3,5.6,Fastened,FALSE,MEDIUM,normal,1
18:52:00,18,4,10,night,52,LDR002,Loader,OP1009,2185.1,25,Cloudy,6.72,1347,83,75.8,18.7,11.27,3.2,9.76,0.51,3,15.7,Fastened,FALSE,LOW,normal,1
18:54:00,18,4,10,night,54,LDR002,Loader,OP1009,2185.1,25,Cloudy,7.15,1300,85.3,75.7,27.8,13.87,2.5,10.71,0.4,3,10.5,Fastened,FALSE,LOW,normal,1
18:56:00,18,4,10,night,56,LDR002,Loader,OP1009,2185.1,25,Cloudy,2.73,1470,84.4,75.7,24.8,8.3,1.5,6.61,1.17,1,12.4,Fastened,FALSE,LOW,normal,1
18:58:00,18,4,10,night,58,LDR002,Loader,OP1009,2185.1,25,Cloudy,3.11,1232,88.4,75.6,10.3,8.71,2.76,8.1,0.55,2,15.7,Fastened,FALSE,LOW,normal,1
19:00:00,19,4,10,night,60,LDR002,Loader,OP1009,2185.2,25,Cloudy,7.43,1693,88.8,75.5,31,10.11,3.03,7.92,0.74,4,23.7,Fastened,FALSE,LOW,normal,1
19:02:00,19,4,10,night,62,LDR002,Loader,OP1009,2185.2,25,Cloudy,4.42,1249,87.1,75.4,21.8,12.86,1.85,10.46,0.74,1,2.7,Fastened,FALSE,MEDIUM,normal,1
19:04:00,19,4,10,night,64,LDR002,Loader,OP1009,2185.2,25,Cloudy,6.49,1479,89.1,75.3,23,11.49,2.27,9.37,1.11,0,27.2,Fastened,FALSE,LOW,normal,1
19:06:00,19,4,10,night,66,LDR002,Loader,OP1009,2185.2,25,Cloudy,7.14,1076,82.7,75.2,21.7,13.91,3.09,11.56,0.42,1,22.3,Fastened,FALSE,LOW,normal,1
19:08:00,19,4,10,night,68,LDR002,Loader,OP1009,2185.2,25,Cloudy,3.96,1189,87.1,75.1,21.9,9.33,2.69,7.88,0.49,3,0.5,Fastened,FALSE,MEDIUM,normal,1
19:10:00,19,4,10,night,70,LDR002,Loader,OP1009,2185.2,25,Cloudy,4.75,1026,89.6,75,23.5,8.88,3.05,7.51,0.31,4,26.4,Fastened,FALSE,LOW,normal,1
19:12:00,19,4,10,night,72,LDR002,Loader,OP1009,2185.2,25,Cloudy,5.71,1134,85.5,75,24.9,8,3.77,6.95,0.48,0,15.7,Fastened,FALSE,LOW,normal,1
19:14:00,19,4,10,night,74,LDR002,Loader,OP1009,2185.2,25,Cloudy,7.74,1092,84.1,74.9,31.9,9.25,3.15,7.3,0.89,2,22,Fastened,FALSE,LOW,normal,1
19:16:00,19,4,10,night,76,LDR002,Loader,OP1009,2185.2,25,Cloudy,5.53,1601,91.4,74.8,28.6,12.06,3.15,9.51,0.46,0,33.6,Fastened,FALSE,LOW,normal,1
19:18:00,19,4,10,night,78,LDR002,Loader,OP1009,2185.2,25,Cloudy,4.98,1921,89.6,74.7,24.2,12.12,3.03,9.92,0.14,2,23.4,Fastened,FALSE,LOW,normal,1
19:20:00,19,4,10,night,80,LDR002,Loader,OP1009,2185.3,25,Cloudy,3.96,1332,87.5,74.6,28.1,11.1,3.66,9.01,0.47,3,11.9,Fastened,FALSE,LOW,normal,1
19:22:00,19,4,10,night,82,LDR002,Loader,OP1009,2185.3,25,Cloudy,7.24,1166,90.6,74.5,32.3,12.14,3.29,9.28,0.68,0,10.6,Unfastened,TRUE,LOW,normal,1
19:24:00,19,4,10,night,84,LDR002,Loader,OP1009,2185.3,25,Cloudy,4.37,1636,87.4,74.4,28.2,13.94,2.56,10.73,0.18,1,13.5,Fastened,FALSE,LOW,normal,1
19:26:00,19,4,10,night,86,LDR002,Loader,OP1009,2185.3,25,Cloudy,1.97,1772,87.2,74.3,22.5,9.48,3.41,8.11,0.56,4,14.2,Fastened,FALSE,LOW,normal,1
19:28:00,19,4,10,night,88,LDR002,Loader,OP1009,2185.3,25,Cloudy,6.03,962,90.4,74.2,34,15.32,2.64,11.01,0.54,0,13.9,Fastened,FALSE,LOW,normal,1
19:30:00,19,4,10,night,90,LDR002,Loader,OP1009,2185.3,25,Cloudy,7.35,1551,92.1,74.1,27,11.19,2.58,8.87,0.69,0,0.9,Fastened,TRUE,HIGH,normal,1
19:32:00,19,4,10,night,92,LDR002,Loader,OP1009,2185.3,25,Cloudy,6.42,1137,88.7,74,33.4,9.73,2.43,7.29,0.55,2,13.6,Unfastened,TRUE,LOW,normal,1
19:34:00,19,4,10,night,94,LDR002,Loader,OP1009,2185.3,25,Cloudy,5.39,2105,87.5,73.9,9.5,11.13,3.07,10.36,0.53,1,12.3,Unfastened,TRUE,LOW,normal,1
19:36:00,19,4,10,night,96,LDR002,Loader,OP1009,2185.3,25,Cloudy,2.39,1656,84.4,73.8,21.6,14.45,1.8,11.72,0.74,1,20.5,Fastened,FALSE,LOW,normal,1
19:38:00,19,4,10,night,98,LDR002,Loader,OP1009,2185.3,25,Cloudy,3.91,1450,87.1,73.7,20.3,11.52,2.78,9.75,0.62,3,21.2,Fastened,FALSE,LOW,normal,1
19:40:00,19,4,10,night,100,LDR002,Loader,OP1009,2185.4,25,Cloudy,8.38,2078,83.6,73.6,28.2,14.31,2.67,11.03,1.21,2,4.2,Fastened,FALSE,MEDIUM,normal,1
19:42:00,19,4,10,night,102,LDR002,Loader,OP1009,2185.4,25,Cloudy,5.32,1474,82.7,73.5,23.4,13.28,2.35,10.72,0.72,2,16.4,Fastened,FALSE,LOW,normal,1
19:44:00,19,4,10,night,104,LDR002,Loader,OP1009,2185.4,25,Cloudy,5.81,1085,91.5,73.4,21.1,8,4,7.16,0.45,1,36.1,Fastened,FALSE,LOW,normal,1
19:46:00,19,4,10,night,106,LDR002,Loader,OP1009,2185.4,25,Cloudy,7.56,1879,90.6,73.3,16.1,12.34,2.11,10.69,0.44,1,15.7,Fastened,FALSE,LOW,normal,1
19:48:00,19,4,10,night,108,LDR002,Loader,OP1009,2185.4,25,Cloudy,4.69,1132,85.8,73.2,21.6,13.81,4.18,11.73,0.4,3,7.8,Fastened,FALSE,MEDIUM,normal,1
19:50:00,19,4,10,night,110,LDR002,Loader,OP1009,2185.4,25,Cloudy,5.16,1322,85,73.1,21.2,13.35,3.33,11.23,0.69,1,27.9,Fastened,FALSE,LOW,normal,1
19:52:00,19,4,10,night,112,LDR002,Loader,OP1009,2185.4,25,Cloudy,6.47,1432,86.7,73,28.5,8.87,3.36,7.3,1.04,2,24,Fastened,FALSE,LOW,normal,1
19:54:00,19,4,10,night,114,LDR002,Loader,OP1009,2185.4,25,Cloudy,7.97,1891,88.9,72.9,13.3,12.62,3.11,11.36,0.84,0,26.6,Fastened,FALSE,LOW,normal,1
19:56:00,19,4,10,night,116,LDR002,Loader,OP1009,2185.4,25,Cloudy,2.71,1180,86.9,72.8,34.4,11.99,3.37,9.02,0.45,4,25.3,Fastened,FALSE,LOW,normal,1
19:58:00,19,4,10,night,118,LDR002,Loader,OP1009,2185.4,25,Cloudy,3.13,1441,83.2,72.7,29.4,14.08,3,10.82,0.53,3,14.1,Fastened,FALSE,LOW,normal,1
20:00:00,20,4,10,night,120,LDR002,Loader,OP1009,2185.5,25,Cloudy,3.55,1149,88.5,72.6,25.9,11.29,2.33,8.97,0.96,3,15,Fastened,FALSE,LOW,normal,1
20:02:00,20,4,10,night,122,LDR002,Loader,OP1009,2185.5,25,Cloudy,6.65,1461,90.6,72.5,22.9,11.03,1.88,8.93,0.33,3,14.9,Fastened,FALSE,LOW,normal,1
20:04:00,20,4,10,night,124,LDR002,Loader,OP1009,2185.5,25,Cloudy,4.85,1195,86.8,72.4,8.9,16.78,4.37,15.68,1.07,1,33.5,Fastened,FALSE,LOW,normal,1
20:06:00,20,4,10,night,126,LDR002,Loader,OP1009,2185.5,25,Cloudy,6.69,1792,88.5,72.3,15,11.12,2.96,9.9,1.21,4,5.7,Fastened,FALSE,MEDIUM,normal,1
20:08:00,20,4,10,night,128,LDR002,Loader,OP1009,2185.5,25,Cloudy,5.74,1700,87.8,72.1,24.7,15.99,3.27,12.85,0.69,4,26.4,Fastened,FALSE,LOW,normal,1
20:10:00,20,4,10,night,130,LDR002,Loader,OP1009,2185.5,25,Cloudy,4.15,1469,81.4,72,18.6,15.03,3.86,12.95,0.64,3,25.8,Fastened,FALSE,LOW,normal,1
20:12:00,20,4,10,night,132,LDR002,Loader,OP1009,2185.5,25,Cloudy,6.59,1912,86.8,71.9,28.6,14.24,2.67,10.93,0.83,0,30.2,Fastened,FALSE,LOW,normal,1
20:14:00,20,4,10,night,134,LDR002,Loader,OP1009,2185.5,25,Cloudy,4.92,1251,84.9,71.8,32,9.68,2.89,7.51,0.35,0,16.8,Fastened,FALSE,LOW,normal,1
20:16:00,20,4,10,night,136,LDR002,Loader,OP1009,2185.5,25,Cloudy,5.55,1741,87.4,71.7,23.4,12.59,3.32,10.42,0,4,15.9,Fastened,FALSE,LOW,normal,1
20:18:00,20,4,10,night,138,LDR002,Loader,OP1009,2185.5,25,Cloudy,6.76,1220,85.3,71.6,20.9,10.42,2.28,8.72,0.71,4,20.6,Fastened,FALSE,LOW,normal,1
20:20:00,20,4,10,night,140,LDR002,Loader,OP1009,2185.6,25,Cloudy,4.79,927,89.2,71.5,13.8,13.87,2.92,12.36,0.41,4,25.4,Fastened,FALSE,LOW,normal,1
20:22:00,20,4,10,night,142,LDR002,Loader,OP1009,2185.6,25,Cloudy,7.35,1674,86.5,71.4,24.4,9.65,3.18,8.07,0.66,2,32,Fastened,FALSE,LOW,normal,1
20:24:00,20,4,10,night,144,LDR002,Loader,OP1009,2185.6,25,Cloudy,8.51,1157,81.7,71.3,19.9,14.14,2.37,11.8,0.98,1,4,Fastened,FALSE,MEDIUM,normal,1
20:26:00,20,4,10,night,146,LDR002,Loader,OP1009,2185.6,25,Cloudy,7.51,2046,89.8,71.2,34.8,14.11,3.14,10.29,0.46,1,18.9,Fastened,FALSE,LOW,normal,1
20:28:00,20,4,10,night,148,LDR002,Loader,OP1009,2185.6,25,Cloudy,6.15,726,89.5,71.1,31.6,10.22,2.17,7.68,0.22,1,29,Fastened,FALSE,LOW,normal,1
20:30:00,20,4,10,night,150,LDR002,Loader,OP1009,2185.6,25,Cloudy,6.96,1681,88.8,71,23.1,9.44,3.46,8.06,0.6,1,13.3,Fastened,FALSE,LOW,normal,1
20:32:00,20,4,10,night,152,LDR002,Loader,OP1009,2185.6,25,Cloudy,7.54,2062,91,70.9,24.1,12.22,2.26,9.82,0.12,3,8,Fastened,FALSE,LOW,normal,1
20:34:00,20,4,10,night,154,LDR002,Loader,OP1009,2185.6,25,Cloudy,5.83,1539,84.5,70.9,29.9,10.54,3.37,8.4,0.74,0,18.4,Fastened,FALSE,LOW,normal,1
20:36:00,20,4,10,night,156,LDR002,Loader,OP1009,2185.6,25,Cloudy,5.33,1308,85.2,70.7,9.6,13.16,3.64,12.25,0.28,1,24.4,Fastened,FALSE,LOW,normal,1
20:38:00,20,4,10,night,158,LDR002,Loader,OP1009,2185.7,25,Cloudy,6.07,1305,84.8,70.6,22.4,13.2,3.73,11.08,0.41,1,6.6,Fastened,FALSE,MEDIUM,normal,1
20:40:00,20,4,10,night,160,LDR002,Loader,OP1009,2185.7,25,Cloudy,8.24,1488,89.3,70.5,30.5,9.77,3.11,7.74,0.78,0,14.3,Fastened,FALSE,LOW,normal,1
20:42:00,20,4,10,night,162,LDR002,Loader,OP1009,2185.7,25,Cloudy,3.81,1509,92.1,70.4,23.5,13.69,2.72,11.11,0.19,1,30,Fastened,FALSE,LOW,normal,1
20:44:00,20,4,10,night,164,LDR002,Loader,OP1009,2185.7,25,Cloudy,3.52,862,86.4,70.3,27.5,11.68,3.22,9.35,0,0,0.5,Fastened,FALSE,MEDIUM,normal,1
20:46:00,20,4,10,night,166,LDR002,Loader,OP1009,2185.7,25,Cloudy,8.1,1854,81.5,70.2,29.2,13.55,3.46,10.6,0.68,1,1.7,Fastened,TRUE,HIGH,proximity_breach,-1
20:48:00,20,4,10,night,168,LDR002,Loader,OP1009,2185.7,25,Cloudy,9.32,1665,93.3,70.1,11.8,11.65,3.25,10.66,0.65,1,1.3,Fastened,TRUE,HIGH,proximity_breach,-1
20:50:00,20,4,10,night,170,LDR002,Loader,OP1009,2185.7,25,Cloudy,10,1393,80,70,27,10.19,3.94,8.5,0.95,3,2.8,Fastened,TRUE,HIGH,proximity_breach,-1
20:52:00,20,4,10,night,172,LDR002,Loader,OP1009,2185.7,25,Cloudy,9.69,1358,90.8,70,43.7,10.02,2.85,6.89,0.49,2,2.6,Fastened,TRUE,HIGH,proximity_breach,-1
20:54:00,20,4,10,night,174,LDR002,Loader,OP1009,2185.7,25,Cloudy,7.1,1562,90.9,69.9,28.1,12.26,3.42,9.78,1.09,1,1.1,Fastened,TRUE,HIGH,proximity_breach,-1
20:56:00,20,4,10,night,176,LDR002,Loader,OP1009,2185.7,25,Cloudy,8.26,1249,88.4,69.8,33.4,8,2.59,6.19,0.17,3,1.1,Fastened,TRUE,HIGH,proximity_breach,-1
20:58:00,20,4,10,night,178,LDR002,Loader,OP1009,2185.8,25,Cloudy,7.58,1075,88.9,69.7,24.5,12.1,3.21,9.92,0.49,1,3,Fastened,FALSE,MEDIUM,proximity_breach,-1
21:00:00,21,4,10,night,180,LDR002,Loader,OP1009,2185.8,25,Cloudy,9,2038,82.1,69.6,28.7,14.38,3.66,11.3,1.03,3,3.2,Fastened,FALSE,MEDIUM,proximity_breach,-1
21:02:00,21,4,10,night,182,LDR002,Loader,OP1009,2185.8,25,Cloudy,8.77,1617,88.2,69.5,24.1,13.44,3.25,10.98,0.44,3,1.9,Fastened,TRUE,HIGH,proximity_breach,-1
21:04:00,21,4,10,night,184,LDR002,Loader,OP1009,2185.8,25,Cloudy,9,1567,91.4,69.4,22.5,12.13,3.47,10.18,0.16,2,2.8,Fastened,TRUE,HIGH,proximity_breach,-1
21:06:00,21,4,10,night,186,LDR002,Loader,OP1009,2185.8,25,Cloudy,7.36,1426,84.5,69.3,20.6,11.57,2.37,9.67,0.5,3,2.5,Fastened,TRUE,HIGH,proximity_breach,-1
21:08:00,21,4,10,night,188,LDR002,Loader,OP1009,2185.8,25,Cloudy,5.23,1922,88.2,69.2,27.8,12.75,3.12,10.07,0.75,1,2.2,Fastened,TRUE,HIGH,proximity_breach,-1
21:10:00,21,4,10,night,190,LDR002,Loader,OP1009,2185.8,25,Cloudy,6.62,818,88.2,69.1,28.3,11.47,2.81,9.02,0.71,2,2.3,Fastened,TRUE,HIGH,proximity_breach,-1
21:12:00,21,4,10,night,192,LDR002,Loader,OP1009,2185.8,25,Cloudy,4.17,1736,86.5,69,34.1,13.95,3.2,10.28,1.04,1,0.3,Unfastened,TRUE,MEDIUM,proximity_breach,-1
21:14:00,21,4,10,night,194,LDR002,Loader,OP1009,2185.8,25,Cloudy,9.41,1939,88.2,68.9,26.6,12.97,3.67,10.5,0.68,3,1.3,Fastened,TRUE,HIGH,proximity_breach,-1
21:16:00,21,4,10,night,196,LDR002,Loader,OP1009,2185.8,25,Cloudy,7.74,1467,90.9,68.8,29.6,14.78,3.38,11.41,0.62,3,2.5,Fastened,TRUE,HIGH,proximity_breach,-1
21:18:00,21,4,10,night,198,LDR002,Loader,OP1009,2185.9,25,Cloudy,7.6,1675,88.9,68.7,22.2,11.98,2.99,9.98,0.22,2,2.6,Fastened,TRUE,HIGH,proximity_breach,-1
21:20:00,21,4,10,night,200,LDR002,Loader,OP1009,2185.9,25,Cloudy,6.93,1485,89.3,68.6,30.4,12.66,3.12,9.76,0.46,3,2.3,Fastened,TRUE,HIGH,proximity_breach,-1
21:22:00,21,4,10,night,202,LDR002,Loader,OP1009,2185.9,25,Cloudy,4,1678,91,68.4,29.9,14.97,3.28,11.47,0.73,1,2.1,Fastened,FALSE,MEDIUM,proximity_breach,-1
21:24:00,21,4,10,night,204,LDR002,Loader,OP1009,2185.9,25,Cloudy,9.29,1687,84.6,68.3,22,11.47,3.02,9.61,0.81,1,2.8,Fastened,TRUE,HIGH,proximity_breach,-1
21:26:00,21,4,10,night,206,LDR002,Loader,OP1009,2185.9,25,Cloudy,6.79,1712,85.6,68.2,29.7,12.96,2.9,9.97,0.56,2,1.2,Fastened,TRUE,HIGH,proximity_breach,-1
21:28:00,21,4,10,night,208,LDR002,Loader,OP1009,2185.9,25,Cloudy,7.46,1446,84.9,68.1,16.7,12.18,3.95,10.81,0.67,3,1.3,Fastened,TRUE,HIGH,proximity_breach,-1
21:30:00,21,4,10,night,210,LDR002,Loader,OP1009,2185.9,25,Cloudy,6.42,1277,80.2,68,34.8,12.85,3.24,9.51,0.73,2,7.2,Fastened,FALSE,MEDIUM,normal,1
21:32:00,21,4,10,night,212,LDR002,Loader,OP1009,2185.9,25,Cloudy,3.26,1618,87.6,67.9,19.3,11.1,3.35,9.6,0.98,0,17.1,Fastened,FALSE,LOW,normal,1
21:34:00,21,4,10,night,214,LDR002,Loader,OP1009,2185.9,25,Cloudy,4.79,908,86,67.8,33.1,13.76,3.03,10.21,0.73,2,25.7,Fastened,FALSE,LOW,normal,1
21:36:00,21,4,10,night,216,LDR002,Loader,OP1009,2185.9,25,Cloudy,2.95,1223,86.9,67.7,20.1,12.69,3.5,10.84,0.11,0,18.9,Fastened,FALSE,LOW,normal,1
21:38:00,21,4,10,night,218,LDR002,Loader,OP1009,2186,25,Cloudy,5.72,1831,91.3,67.6,27.8,12.69,3.5,10.14,0.68,0,21.7,Fastened,FALSE,LOW,normal,1
21:40:00,21,4,10,night,220,LDR002,Loader,OP1009,2186,25,Cloudy,2.11,1140,90.1,67.5,18.4,8.93,2.84,7.81,0.24,3,18,Fastened,FALSE,LOW,normal,1
21:42:00,21,4,10,night,222,LDR002,Loader,OP1009,2186,25,Cloudy,5.4,1248,88.2,67.5,22,11.21,2.9,9.38,0.05,0,19.1,Fastened,FALSE,LOW,normal,1
21:44:00,21,4,10,night,224,LDR002,Loader,OP1009,2186,25,Cloudy,5.16,1229,91.3,67.4,18.3,9.17,3.12,8.06,0.67,3,3.4,Unfastened,TRUE,MEDIUM,normal,1
21:46:00,21,4,10,night,226,LDR002,Loader,OP1009,2186,25,Cloudy,6.06,1373,80.3,67.3,31.5,11,3.04,8.49,1.04,0,28.4,Fastened,FALSE,LOW,normal,1
21:48:00,21,4,10,night,228,LDR002,Loader,OP1009,2186,25,Cloudy,8.33,1085,90,67.2,23.2,12.52,3.82,10.5,0.63,3,16.1,Fastened,FALSE,LOW,normal,1
21:50:00,21,4,10,night,230,LDR002,Loader,OP1009,2186,25,Cloudy,7.23,1387,84,67.1,19.3,13.1,3.17,11.18,0.79,2,31,Fastened,FALSE,LOW,normal,1
21:52:00,21,4,10,night,232,LDR002,Loader,OP1009,2186,25,Cloudy,7.5,741,85.7,66.9,15.1,14.12,2.76,12.4,0.83,4,11.3,Fastened,FALSE,LOW,normal,1
21:54:00,21,4,10,night,234,LDR002,Loader,OP1009,2186,25,Cloudy,7.07,851,87.9,66.8,18.9,10.56,3.17,9.16,1.13,3,14.3,Fastened,FALSE,LOW,normal,1
21:56:00,21,4,10,night,236,LDR002,Loader,OP1009,2186,25,Cloudy,6.68,1536,88.3,66.8,23.5,10.64,2.9,8.82,0.63,1,33.6,Fastened,FALSE,LOW,normal,1
21:58:00,21,4,10,night,238,LDR002,Loader,OP1009,2186.1,25,Cloudy,9.26,1756,90.8,66.6,27.1,14.13,3.16,11.16,0.7,1,20.2,Fastened,FALSE,LOW,normal,1
22:00:00,22,4,10,night,240,LDR002,Loader,OP1009,2186.1,25,Cloudy,2.77,875,80.3,66.6,29.1,11.52,3.03,9.05,1.41,4,9.7,Fastened,FALSE,LOW,normal,1
22:02:00,22,4,10,night,242,LDR002,Loader,OP1009,2186.1,25,Cloudy,4.31,1138,85.8,66.5,27,8,3.83,6.87,0.29,0,11.8,Fastened,FALSE,LOW,normal,1
22:04:00,22,4,10,night,244,LDR002,Loader,OP1009,2186.1,25,Cloudy,5.99,1805,88.9,66.4,23.5,12.62,3.15,10.39,1.05,3,15.9,Fastened,FALSE,LOW,normal,1
22:06:00,22,4,10,night,246,LDR002,Loader,OP1009,2186.1,25,Cloudy,6.64,1610,85.1,66.3,15.2,12.79,3.31,11.35,1.07,4,17.2,Fastened,FALSE,LOW,normal,1
22:08:00,22,4,10,night,248,LDR002,Loader,OP1009,2186.1,25,Cloudy,2.65,1756,88.6,66.2,22.1,13.24,2.54,10.88,1.04,2,11.8,Fastened,FALSE,LOW,normal,1
22:10:00,22,4,10,night,250,LDR002,Loader,OP1009,2186.1,25,Cloudy,5.45,738,84.6,66,27.2,16.14,2.48,12.42,1.05,3,16.3,Fastened,FALSE,LOW,normal,1
22:12:00,22,4,10,night,252,LDR002,Loader,OP1009,2186.1,25,Cloudy,5.91,1346,92.7,65.9,31.4,12.4,3.38,9.57,0.65,2,28,Fastened,FALSE,LOW,normal,1
22:14:00,22,4,10,night,254,LDR002,Loader,OP1009,2186.1,25,Cloudy,4.17,1464,85.6,65.8,15.7,11.97,2.76,10.52,0.67,3,30.2,Fastened,FALSE,LOW,normal,1
22:16:00,22,4,10,night,256,LDR002,Loader,OP1009,2186.1,25,Cloudy,7.36,1704,84.6,65.7,33.4,12.64,3.39,9.55,0.13,2,11.4,Fastened,FALSE,LOW,normal,1
22:18:00,22,4,10,night,258,LDR002,Loader,OP1009,2186.2,25,Cloudy,7.04,1845,89.2,65.6,16.3,11.6,3.53,10.28,0.7,4,22.1,Unfastened,TRUE,LOW,normal,1
22:20:00,22,4,10,night,260,LDR002,Loader,OP1009,2186.2,25,Cloudy,7.83,1044,82.8,65.5,15.8,11.8,3.81,10.54,0.99,1,18.6,Unfastened,TRUE,LOW,normal,1
22:22:00,22,4,10,night,262,LDR002,Loader,OP1009,2186.2,25,Cloudy,6.86,1558,85.7,65.4,28.6,11.37,2.43,8.81,0.98,2,1.3,Fastened,TRUE,HIGH,normal,1
22:24:00,22,4,10,night,264,LDR002,Loader,OP1009,2186.2,25,Cloudy,6.59,1669,90.5,65.3,26.3,11.42,3.13,9.24,0.52,1,27.5,Fastened,FALSE,LOW,normal,1
22:26:00,22,4,10,night,266,LDR002,Loader,OP1009,2186.2,25,Cloudy,9.61,1350,95.2,65.2,20.9,11.12,1.69,9.15,0.83,4,23.6,Fastened,FALSE,LOW,normal,1
22:28:00,22,4,10,night,268,LDR002,Loader,OP1009,2186.2,25,Cloudy,7.41,1014,84.2,65.1,27.2,12.67,3.14,10.08,0.44,1,22.5,Fastened,FALSE,LOW,normal,1
22:30:00,22,4,10,night,270,LDR002,Loader,OP1009,2186.2,25,Cloudy,5.54,1364,85.1,65.1,32.6,9.55,3.39,7.54,0.84,0,18.3,Fastened,FALSE,LOW,normal,1
22:32:00,22,4,10,night,272,LDR002,Loader,OP1009,2186.2,25,Cloudy,6.66,1095,88.5,65,26.6,10.17,2.64,8.17,0.68,3,17.6,Fastened,FALSE,LOW,normal,1
22:34:00,22,4,10,night,274,LDR002,Loader,OP1009,2186.2,25,Cloudy,6.9,1389,91.1,64.9,27,10.96,2.21,8.6,1.2,3,5.3,Fastened,FALSE,MEDIUM,normal,1
22:36:00,22,4,10,night,276,LDR002,Loader,OP1009,2186.2,25,Cloudy,3.27,1107,87.3,64.8,26.6,13.01,2.25,10.15,0.75,0,19.9,Fastened,FALSE,LOW,normal,1
22:38:00,22,4,10,night,278,LDR002,Loader,OP1009,2186.3,25,Cloudy,6.09,1659,84.3,64.7,18.6,11.07,2.71,9.52,1.02,3,22.5,Fastened,FALSE,LOW,normal,1
22:40:00,22,4,10,night,280,LDR002,Loader,OP1009,2186.3,25,Cloudy,5.54,1709,83.6,64.6,24.6,15.66,3.14,12.58,1.37,3,4.9,Fastened,FALSE,MEDIUM,normal,1
22:42:00,22,4,10,night,282,LDR002,Loader,OP1009,2186.3,25,Cloudy,7.44,1635,87.6,64.5,31.3,11.83,3.07,9.09,1.21,3,14.9,Fastened,FALSE,LOW,normal,1
22:44:00,22,4,10,night,284,LDR002,Loader,OP1009,2186.3,25,Cloudy,3.2,1226,88.8,64.4,16,11.58,3.53,10.29,0.73,3,26,Fastened,FALSE,LOW,normal,1
22:46:00,22,4,10,night,286,LDR002,Loader,OP1009,2186.3,25,Cloudy,2.41,1271,87.1,64.3,17.3,11.31,2.51,9.79,0.26,3,8.6,Fastened,FALSE,LOW,normal,1
22:48:00,22,4,10,night,288,LDR002,Loader,OP1009,2186.3,25,Cloudy,5.3,1384,81.8,64.2,26.2,10.36,3.06,8.45,0.74,3,7.5,Fastened,FALSE,MEDIUM,normal,1
22:50:00,22,4,10,night,290,LDR002,Loader,OP1009,2186.3,25,Cloudy,3.41,1293,83.5,64.1,19.6,12.57,3.74,10.84,0.53,1,20.9,Fastened,FALSE,LOW,normal,1
22:52:00,22,4,10,night,292,LDR002,Loader,OP1009,2186.3,25,Cloudy,4.56,1876,84.4,64,14.7,11.32,3.26,10.14,1.41,1,18.2,Fastened,FALSE,LOW,normal,1
22:54:00,22,4,10,night,294,LDR002,Loader,OP1009,2186.3,25,Cloudy,8.7,1693,87.1,63.9,33.2,10.96,3.13,8.36,1.36,0,28,Fastened,FALSE,LOW,normal,1
22:56:00,22,4,10,night,296,LDR002,Loader,OP1009,2186.4,25,Cloudy,6.6,1586,89.9,63.8,31.1,11.75,3.35,9.14,0.79,1,20.7,Fastened,FALSE,LOW,normal,1
22:58:00,22,4,10,night,298,LDR002,Loader,OP1009,2186.4,25,Cloudy,7.95,1087,89.8,63.7,19.7,11.41,2.38,9.63,0.36,4,19.5,Fastened,FALSE,LOW,normal,1
23:00:00,23,4,10,night,300,LDR002,Loader,OP1009,2186.4,25,Cloudy,2.89,1684,84.9,63.6,31.1,15.99,3.03,11.96,0.54,2,28.6,Fastened,FALSE,LOW,normal,1
23:02:00,23,4,10,night,302,LDR002,Loader,OP1009,2186.4,25,Cloudy,6.35,1754,88.5,63.5,28,9.2,2.86,7.42,1.13,2,7.1,Fastened,FALSE,MEDIUM,normal,1
23:04:00,23,4,10,night,304,LDR002,Loader,OP1009,2186.4,25,Cloudy,2.89,1863,84.2,63.4,29,12.57,2.92,9.77,0.79,3,1.4,Fastened,FALSE,MEDIUM,normal,1
23:06:00,23,4,10,night,306,LDR002,Loader,OP1009,2186.4,25,Cloudy,5.93,2125,82.5,63.3,19.9,13.61,2.74,11.45,0.69,4,17.4,Fastened,FALSE,LOW,normal,1
23:08:00,23,4,10,night,308,LDR002,Loader,OP1009,2186.4,25,Cloudy,4.62,953,83,63.2,16.4,12.4,2.04,10.7,0.45,0,23.6,Fastened,FALSE,LOW,normal,1
23:10:00,23,4,10,night,310,LDR002,Loader,OP1009,2186.4,25,Cloudy,6.15,1406,93,63.1,17,10.49,3.29,9.27,0.35,4,0.5,Fastened,TRUE,HIGH,normal,1
23:12:00,23,4,10,night,312,LDR002,Loader,OP1009,2186.4,25,Cloudy,4.08,1474,89,63,22.1,12.17,2.69,10.07,0.77,4,12.1,Fastened,FALSE,LOW,normal,1
23:14:00,23,4,10,night,314,LDR002,Loader,OP1009,2186.4,25,Cloudy,4.3,1663,90.1,62.9,33.1,12.28,3.04,9.22,1.23,0,7.6,Fastened,FALSE,MEDIUM,normal,1
23:16:00,23,4,10,night,316,LDR002,Loader,OP1009,2186.5,25,Cloudy,4.9,1678,87.7,62.8,30.7,11.59,2.94,8.93,1.34,2,34.7,Fastened,FALSE,LOW,normal,1
23:18:00,23,4,10,night,318,LDR002,Loader,OP1009,2186.5,25,Cloudy,4.58,767,85.2,62.7,30.3,11.94,3.09,9.26,0.41,3,14.7,Fastened,FALSE,LOW,normal,1
23:20:00,23,4,10,night,320,LDR002,Loader,OP1009,2186.5,25,Cloudy,6.38,784,89.7,62.6,14.1,14.18,2.62,12.55,0.11,0,27.9,Fastened,FALSE,LOW,normal,1
23:22:00,23,4,10,night,322,LDR002,Loader,OP1009,2186.5,25,Cloudy,6.31,790,85.1,62.5,25.6,12.36,2.98,9.96,0.63,3,27.8,Fastened,FALSE,LOW,normal,1
23:24:00,23,4,10,night,324,LDR002,Loader,OP1009,2186.5,25,Cloudy,7.07,1582,84.6,62.4,20.2,13.59,3.28,11.51,0.91,2,18.1,Fastened,FALSE,LOW,normal,1
23:26:00,23,4,10,night,326,LDR002,Loader,OP1009,2186.5,25,Cloudy,5.65,1438,87.9,62.3,37,14,2.85,9.87,0.93,3,12.7,Fastened,FALSE,LOW,normal,1
23:28:00,23,4,10,night,328,LDR002,Loader,OP1009,2186.5,25,Cloudy,6.05,1362,91.3,62.2,18,12.75,3.09,11.01,1.11,1,11.4,Unfastened,TRUE,LOW,normal,1
23:30:00,23,4,10,night,330,LDR002,Loader,OP1009,2186.5,25,Cloudy,2.97,1287,88.3,62,20.6,13.6,4.19,11.66,0.45,4,29.5,Fastened,FALSE,LOW,normal,1
23:32:00,23,4,10,night,332,LDR002,Loader,OP1009,2186.5,25,Cloudy,5.4,1130,91.6,61.9,13.5,11.23,3.19,10.14,0.86,0,18.7,Unfastened,TRUE,LOW,normal,1
23:34:00,23,4,10,night,334,LDR002,Loader,OP1009,2186.5,25,Cloudy,6.81,1669,88.3,61.8,20.3,11.8,2.74,9.96,0.84,3,23.7,Fastened,FALSE,LOW,normal,1
23:36:00,23,4,10,night,336,LDR002,Loader,OP1009,2186.6,25,Cloudy,4.16,1409,86.3,61.7,26.8,11.76,3.03,9.42,0.55,3,16.3,Fastened,FALSE,LOW,normal,1
23:38:00,23,4,10,night,338,LDR002,Loader,OP1009,2186.6,25,Cloudy,3.82,1755,89.8,61.7,33.9,10.18,2.69,7.64,0.29,1,27.1,Fastened,FALSE,LOW,normal,1
23:40:00,23,4,10,night,340,LDR002,Loader,OP1009,2186.6,25,Cloudy,5.34,992,91,61.6,21.9,10.6,2.18,8.76,0.82,2,12.6,Fastened,FALSE,LOW,normal,1
23:42:00,23,4,10,night,342,LDR002,Loader,OP1009,2186.6,25,Cloudy,5.25,1161,85.6,61.5,31.8,12.4,3.34,9.52,0.9,0,28.7,Fastened,FALSE,LOW,normal,1
23:44:00,23,4,10,night,344,LDR002,Loader,OP1009,2186.6,25,Cloudy,6.91,1586,82.7,61.4,27.9,12.56,3.33,9.98,0.95,0,12.5,Fastened,FALSE,LOW,normal,1
23:46:00,23,4,10,night,346,LDR002,Loader,OP1009,2186.6,25,Cloudy,7.4,1242,90.8,61.3,17.4,9.41,3.32,8.35,0.41,2,11.7,Fastened,FALSE,LOW,normal,1
23:48:00,23,4,10,night,348,LDR002,Loader,OP1009,2186.6,25,Cloudy,3.05,1676,87.4,61.2,29.3,11.87,2.51,9.13,1.17,2,10,Fastened,FALSE,LOW,normal,1
23:50:00,23,4,10,night,350,LDR002,Loader,OP1009,2186.6,25,Cloudy,4.68,1736,87.8,61.1,18.8,13.74,3.55,11.82,0.94,4,14.7,Unfastened,TRUE,LOW,normal,1
23:52:00,23,4,10,night,352,LDR002,Loader,OP1009,2186.6,25,Cloudy,2.93,965,88.7,61,30.8,11.01,2.3,8.33,0.11,1,34.7,Fastened,FALSE,LOW,normal,1
23:54:00,23,4,10,night,354,LDR002,Loader,OP1009,2186.6,25,Cloudy,6.39,1217,87.5,60.9,19.3,10.48,2.72,8.98,0.43,2,15.8,Fastened,FALSE,LOW,normal,1
23:56:00,23,4,10,night,356,LDR002,Loader,OP1009,2186.7,25,Cloudy,6.24,1155,82.9,60.8,23,11.83,2.86,9.77,1.03,0,15.4,Fastened,FALSE,LOW,normal,1
23:58:00,23,4,10,night,358,LDR002,Loader,OP1009,2186.7,25,Cloudy,1.27,1631,83.4,60.7,29.6,12.51,3.16,9.74,1.09,1,24.5,Fastened,FALSE,LOW,normal,1
00:00:00,0,5,10,night,360,LDR002,Loader,OP1009,2186.7,25,Cloudy,5.56,1467,87.4,60.6,31.9,13.3,2.64,9.9,0.86,4,2.6,Fastened,TRUE,HIGH,normal,1
00:02:00,0,5,10,night,362,LDR002,Loader,OP1009,2186.7,25,Cloudy,5.29,1485,87.6,60.5,34.1,9.71,2.6,7.29,0.84,3,17.7,Fastened,FALSE,LOW,normal,1
00:04:00,0,5,10,night,364,LDR002,Loader,OP1009,2186.7,25,Cloudy,5.33,1830,84.1,60.4,19.1,12.87,3.22,11.03,0.72,1,20,Fastened,FALSE,LOW,normal,1
00:06:00,0,5,10,night,366,LDR002,Loader,OP1009,2186.7,25,Cloudy,6.79,2025,92.1,60.3,26.5,13.13,2.42,10.29,0.54,0,13.1,Fastened,FALSE,LOW,normal,1
00:08:00,0,5,10,night,368,LDR002,Loader,OP1009,2186.7,25,Cloudy,4.29,1636,90.3,60.2,28.4,12.31,3.49,9.81,0.77,4,24.9,Fastened,FALSE,LOW,normal,1
00:10:00,0,5,10,night,370,LDR002,Loader,OP1009,2186.7,25,Cloudy,6.58,1456,82.7,60.1,30.6,14.47,2.42,10.78,0.88,2,26.8,Fastened,FALSE,LOW,normal,1
00:12:00,0,5,10,night,372,LDR002,Loader,OP1009,2186.7,25,Cloudy,4.17,1598,86.4,60,25.9,10.64,3.12,8.69,0.6,4,30.9,Fastened,FALSE,LOW,normal,1
00:14:00,0,5,10,night,374,LDR002,Loader,OP1009,2186.7,25,Cloudy,3.55,1448,85.4,59.9,34.9,13.45,2.35,9.58,0.44,2,22.1,Fastened,FALSE,LOW,normal,1
00:16:00,0,5,10,night,376,LDR002,Loader,OP1009,2186.8,25,Cloudy,6.25,1627,85.9,59.8,25.2,14.13,2.64,11.23,0.58,4,9.8,Unfastened,TRUE,LOW,normal,1
00:18:00,0,5,10,night,378,LDR002,Loader,OP1009,2186.8,25,Cloudy,3.96,1322,83.4,59.7,26.1,14.16,3.51,11.38,0.17,4,20.9,Fastened,FALSE,LOW,normal,1
00:20:00,0,5,10,night,380,LDR002,Loader,OP1009,2186.8,25,Cloudy,5.21,1683,84.3,59.6,10.2,15.11,2.41,13.81,0.78,3,27.7,Fastened,FALSE,LOW,normal,1
00:22:00,0,5,10,night,382,LDR002,Loader,OP1009,2186.8,25,Cloudy,5.81,1629,91.8,59.5,24.5,13.17,4.06,10.94,0.63,4,18.4,Unfastened,TRUE,LOW,normal,1
00:24:00,0,5,10,night,384,LDR002,Loader,OP1009,2186.8,25,Cloudy,6.01,1812,87.6,59.4,26.7,11.74,1.72,9.06,0.33,3,21.1,Fastened,FALSE,LOW,normal,1
00:26:00,0,5,10,night,386,LDR002,Loader,OP1009,2186.8,25,Cloudy,7.4,1490,84.4,59.2,21.8,16.34,2.34,13.29,0.72,1,9.4,Fastened,FALSE,LOW,normal,1
00:28:00,0,5,10,night,388,LDR002,Loader,OP1009,2186.8,25,Cloudy,3.49,1967,89.9,59.1,21,13.53,3.3,11.38,0.32,0,6.9,Fastened,FALSE,MEDIUM,normal,1
00:30:00,0,5,10,night,390,LDR002,Loader,OP1009,2186.8,25,Cloudy,6.1,1623,90.5,59,29.1,10.01,2.78,7.91,0.52,2,23.8,Fastened,FALSE,LOW,normal,1
00:32:00,0,5,10,night,392,LDR002,Loader,OP1009,2186.8,25,Cloudy,4.84,1585,84.4,58.9,23.2,12.3,3.23,10.2,0.83,1,17.3,Fastened,FALSE,LOW,normal,1
00:34:00,0,5,10,night,394,LDR002,Loader,OP1009,2186.8,25,Cloudy,5.46,1754,92.4,58.8,16.2,10.83,2.3,9.45,1.21,3,18.9,Fastened,FALSE,LOW,normal,1
00:36:00,0,5,10,night,396,LDR002,Loader,OP1009,2186.9,25,Cloudy,5.84,1383,85.1,58.7,28.7,12.32,3.43,9.77,0.71,3,14.3,Fastened,FALSE,LOW,normal,1
00:38:00,0,5,10,night,398,LDR002,Loader,OP1009,2186.9,25,Cloudy,7.69,1377,82.3,58.6,27.5,13.84,2.49,10.72,0.55,1,19,Fastened,FALSE,LOW,normal,1
00:40:00,0,5,10,night,400,LDR002,Loader,OP1009,2186.9,25,Cloudy,6.33,1345,86.3,58.5,35.7,12.13,3.67,9.11,1.34,0,19.7,Fastened,FALSE,LOW,normal,1
00:42:00,0,5,10,night,402,LDR002,Loader,OP1009,2186.9,25,Cloudy,4.33,1844,88.2,58.4,22.7,10.87,2.84,9.05,0.81,4,12,Fastened,FALSE,LOW,normal,1
00:44:00,0,5,10,night,404,LDR002,Loader,OP1009,2186.9,25,Cloudy,5.1,1364,81.3,58.4,33.5,12.73,3.28,9.56,0.77,0,1.8,Fastened,TRUE,HIGH,normal,1
00:46:00,0,5,10,night,406,LDR002,Loader,OP1009,2186.9,25,Cloudy,6.89,1053,87,58.3,25.5,9.28,4.08,7.95,0.57,4,25.3,Fastened,FALSE,LOW,normal,1
00:48:00,0,5,10,night,408,LDR002,Loader,OP1009,2186.9,25,Cloudy,3.87,1149,83.4,58.2,31.3,13.9,2.86,10.44,0.49,1,7.9,Fastened,FALSE,MEDIUM,normal,1
00:50:00,0,5,10,night,410,LDR002,Loader,OP1009,2186.9,25,Cloudy,7.46,1443,86.4,58.1,14.7,8,3.5,7.34,0.42,1,11.3,Fastened,FALSE,LOW,normal,1
00:52:00,0,5,10,night,412,LDR002,Loader,OP1009,2186.9,25,Cloudy,8,1262,85.8,58,29.4,12.94,3.21,10.08,0.62,4,16.5,Fastened,FALSE,LOW,normal,1
00:54:00,0,5,10,night,414,LDR002,Loader,OP1009,2186.9,25,Cloudy,7.19,1685,85.7,57.9,23.8,12.12,2.95,9.94,0.76,1,11.3,Unfastened,TRUE,LOW,normal,1
00:56:00,0,5,10,night,416,LDR002,Loader,OP1009,2187,25,Cloudy,5.81,1231,89.8,57.8,20.5,15.22,3.26,12.77,0.37,2,17.7,Fastened,FALSE,LOW,normal,1
00:58:00,0,5,10,night,418,LDR002,Loader,OP1009,2187,25,Cloudy,2.75,1482,87.2,57.6,20.8,14.01,2.75,11.67,1.24,0,17.1,Fastened,FALSE,LOW,normal,1
01:00:00,1,5,10,night,420,LDR002,Loader,OP1009,2187,25,Cloudy,4.91,1419,81.5,57.5,17,13.18,3.38,11.51,0.25,2,9.6,Fastened,FALSE,LOW,normal,1
01:02:00,1,5,10,night,422,LDR002,Loader,OP1009,2187,25,Cloudy,3.62,1469,83.7,57.4,12.6,16.59,3.49,14.94,0.49,0,20.3,Unfastened,TRUE,LOW,normal,1
01:04:00,1,5,10,night,424,LDR002,Loader,OP1009,2187,25,Cloudy,1.14,1740,90.8,57.3,16.7,12.61,2.94,11,1.09,4,17.1,Fastened,FALSE,LOW,normal,1
01:06:00,1,5,10,night,426,LDR002,Loader,OP1009,2187,25,Cloudy,5.88,1655,87,57.2,15.8,12.03,3.29,10.65,0.11,0,21.5,Fastened,FALSE,LOW,normal,1
01:08:00,1,5,10,night,428,LDR002,Loader,OP1009,2187,25,Cloudy,4.9,1434,87,57,21.8,13.98,3.49,11.69,0.97,0,18.7,Fastened,FALSE,LOW,normal,1
01:10:00,1,5,10,night,430,LDR002,Loader,OP1009,2187,25,Cloudy,4.4,1403,82.2,56.9,22.3,14.04,3.12,11.6,1.27,0,33,Fastened,FALSE,LOW,normal,1
01:12:00,1,5,10,night,432,LDR002,Loader,OP1009,2187,25,Cloudy,4.48,1847,84.6,56.8,23,12.22,2.85,10.06,0.54,3,5.4,Fastened,FALSE,MEDIUM,normal,1
01:14:00,1,5,10,night,434,LDR002,Loader,OP1009,2187.1,25,Cloudy,5.89,1484,87.5,56.7,32,13.65,2.29,10.01,0.47,3,3.6,Fastened,FALSE,MEDIUM,normal,1
01:16:00,1,5,10,night,436,LDR002,Loader,OP1009,2187.1,25,Cloudy,4.01,1559,84.1,56.6,22.3,15.1,2.93,12.39,0.64,1,20.4,Fastened,FALSE,LOW,normal,1
01:18:00,1,5,10,night,438,LDR002,Loader,OP1009,2187.1,25,Cloudy,2.99,1271,90.3,56.5,28.3,12.67,3.24,10,0.5,4,5.8,Fastened,FALSE,MEDIUM,normal,1
01:20:00,1,5,10,night,440,LDR002,Loader,OP1009,2187.1,25,Cloudy,6.09,1262,90,56.4,14.5,12.29,2.87,10.92,1.03,2,31.9,Fastened,FALSE,LOW,normal,1
01:22:00,1,5,10,night,442,LDR002,Loader,OP1009,2187.1,25,Cloudy,4.45,1305,89.3,56.3,19.2,12.94,2.02,10.84,0.7,1,12.9,Fastened,FALSE,LOW,normal,1
01:24:00,1,5,10,night,444,LDR002,Loader,OP1009,2187.1,25,Cloudy,4.67,1278,85,56.1,20.6,15.8,3.73,13.31,0.8,1,17.9,Fastened,FALSE,LOW,normal,1
01:26:00,1,5,10,night,446,LDR002,Loader,OP1009,2187.1,25,Cloudy,5.96,1643,91.9,56,17,13.99,3.18,12.15,0.85,2,17.5,Fastened,FALSE,LOW,normal,1
01:28:00,1,5,10,night,448,LDR002,Loader,OP1009,2187.1,25,Cloudy,4.16,1264,88.5,55.9,25.3,13.81,2.61,10.98,0.68,0,11.9,Fastened,FALSE,LOW,normal,1
01:30:00,1,5,10,night,450,LDR002,Loader,OP1009,2187.1,25,Cloudy,3.75,1188,93.1,55.8,17.7,11.53,3.04,10.03,0.6,3,22.4,Fastened,FALSE,LOW,normal,1
01:32:00,1,5,10,night,452,LDR002,Loader,OP1009,2187.1,25,Cloudy,8.3,1474,89.4,55.7,30.7,8.37,4.27,7.11,0.84,3,1,Fastened,TRUE,HIGH,normal,1
01:34:00,1,5,10,night,454,LDR002,Loader,OP1009,2187.2,25,Cloudy,6.72,1250,81.6,55.6,29.9,11.33,3.01,8.84,0.74,3,23.9,Fastened,FALSE,LOW,normal,1
01:36:00,1,5,10,night,456,LDR002,Loader,OP1009,2187.2,25,Cloudy,6.26,2024,87.4,55.6,28.4,11.23,3.08,8.92,0.99,1,23.8,Fastened,FALSE,LOW,normal,1
01:38:00,1,5,10,night,458,LDR002,Loader,OP1009,2187.2,25,Cloudy,6.64,1164,85.1,55.4,21.2,12.31,3.03,10.34,0.35,4,25.5,Fastened,FALSE,LOW,normal,1
01:40:00,1,5,10,night,460,LDR002,Loader,OP1009,2187.2,25,Cloudy,7.88,1500,93.7,55.4,28.9,10.56,2.6,8.26,0.6,3,11.8,Fastened,FALSE,LOW,normal,1
01:42:00,1,5,10,night,462,LDR002,Loader,OP1009,2187.2,25,Cloudy,6.21,1413,89,55.3,20.7,8.83,2.85,7.59,0.49,2,19.6,Fastened,FALSE,LOW,normal,1
01:44:00,1,5,10,night,464,LDR002,Loader,OP1009,2187.2,25,Cloudy,5.03,1746,89.5,55.2,29.3,11.28,3.15,8.9,1.12,0,15.5,Fastened,FALSE,LOW,normal,1
01:46:00,1,5,10,night,466,LDR002,Loader,OP1009,2187.2,25,Cloudy,6.69,1433,83.4,55.1,13.3,8.66,3.02,7.91,0.46,1,31.1,Fastened,FALSE,LOW,normal,1
01:48:00,1,5,10,night,468,LDR002,Loader,OP1009,2187.2,25,Cloudy,7.6,1505,87,55,35.6,9.44,3.84,7.45,0.79,2,27.9,Fastened,FALSE,LOW,normal,1
01:50:00,1,5,10,night,470,LDR002,Loader,OP1009,2187.2,25,Cloudy,6.86,1456,88.7,54.9,18.4,10.96,2.58,9.42,0.86,2,19.1,Fastened,FALSE,LOW,normal,1
01:52:00,1,5,10,night,472,LDR002,Loader,OP1009,2187.2,25,Cloudy,5.92,1557,88,54.9,31.3,10.1,3.47,8.02,0.19,0,9.2,Unfastened,TRUE,LOW,normal,1
01:54:00,1,5,10,night,474,LDR002,Loader,OP1009,2187.3,25,Cloudy,8.05,1499,84.7,54.8,25.8,11.65,3.42,9.53,1.04,4,7.3,Fastened,FALSE,MEDIUM,normal,1
01:56:00,1,5,10,night,476,LDR002,Loader,OP1009,2187.3,25,Cloudy,5.51,1540,83.1,54.7,35.5,11.54,2.71,8.41,0.15,2,14.1,Fastened,FALSE,LOW,normal,1
01:58:00,1,5,10,night,478,LDR002,Loader,OP1009,2187.3,25,Cloudy,4.74,1517,85.4,54.6,13.7,11.66,3.78,10.58,0.91,1,33,Fastened,FALSE,LOW,normal,1
02:00:00,2,5,10,night,480,LDR002,Loader,OP1009,2187.3,25,Cloudy,4.76,1368,86.3,54.5,29.3,13.32,2.67,10.2,1.27,2,7,Fastened,FALSE,MEDIUM,normal,1
02:02:00,2,5,10,night,482,LDR002,Loader,OP1009,2187.3,25,Cloudy,2.54,1316,90.1,54.4,27.7,11.32,3.94,9.28,0.62,3,19.2,Fastened,FALSE,LOW,normal,1
02:04:00,2,5,10,night,484,LDR002,Loader,OP1009,2187.3,25,Cloudy,8.76,1747,87.2,54.3,30.6,9.3,3.37,7.49,0.38,2,14.6,Fastened,FALSE,LOW,normal,1
02:06:00,2,5,10,night,486,LDR002,Loader,OP1009,2187.3,25,Cloudy,3.79,1553,86.5,54.2,21,12.58,3.21,10.61,0.87,3,14.1,Fastened,FALSE,LOW,normal,1
02:08:00,2,5,10,night,488,LDR002,Loader,OP1009,2187.3,25,Cloudy,5.25,1703,82.4,54.1,25.6,9.53,3.36,7.95,0.5,1,28.4,Fastened,FALSE,LOW,normal,1
02:10:00,2,5,10,night,490,LDR002,Loader,OP1009,2187.3,25,Cloudy,3.73,1651,91,54,25.7,9.92,3.24,8.2,0.63,4,19.6,Fastened,FALSE,LOW,normal,1
02:12:00,2,5,10,night,492,LDR002,Loader,OP1009,2187.3,25,Cloudy,5.13,1445,92.4,54,29.5,10.43,2.66,8.14,1.05,2,32.5,Fastened,FALSE,LOW,normal,1
02:14:00,2,5,10,night,494,LDR002,Loader,OP1009,2187.4,25,Cloudy,6.15,2018,89.5,53.9,22.8,9.36,2.43,7.78,0.45,1,26,Fastened,FALSE,LOW,normal,1
02:16:00,2,5,10,night,496,LDR002,Loader,OP1009,2187.4,25,Cloudy,6.98,1383,87.5,53.7,21.9,15.25,3.66,12.71,1.4,1,21.5,Unfastened,TRUE,LOW,normal,1
02:18:00,2,5,10,night,498,LDR002,Loader,OP1009,2187.4,25,Cloudy,3.32,1070,86.2,53.6,21.3,13.44,2.6,11.13,0.97,4,28.3,Fastened,FALSE,LOW,normal,1
02:20:00,2,5,10,night,500,LDR002,Loader,OP1009,2187.4,25,Cloudy,6.01,1517,86.3,53.5,36.4,13.61,3.18,9.81,0.79,0,24.6,Fastened,FALSE,LOW,normal,1
02:22:00,2,5,10,night,502,LDR002,Loader,OP1009,2187.4,25,Cloudy,5.77,1731,86.2,53.4,26.4,14.62,2.46,11.41,0.91,2,22.4,Unfastened,TRUE,LOW,normal,1
02:24:00,2,5,10,night,504,LDR002,Loader,OP1009,2187.4,25,Cloudy,6.7,1082,89.8,53.3,27,11.39,2.71,9.05,1.37,4,28.9,Fastened,FALSE,LOW,normal,1
02:26:00,2,5,10,night,506,LDR002,Loader,OP1009,2187.4,25,Cloudy,4.32,1409,89.9,53.2,37.9,14.86,2.49,10.17,1.16,2,21,Fastened,FALSE,LOW,normal,1
02:28:00,2,5,10,night,508,LDR002,Loader,OP1009,2187.4,25,Cloudy,4.15,1634,90.9,53.1,32.5,13.67,3.06,10.22,0.77,1,11.5,Unfastened,TRUE,LOW,normal,1
02:30:00,2,5,10,night,510,LDR002,Loader,OP1009,2187.4,25,Cloudy,8.1,1203,84.5,53,24.7,13.01,2.3,10.36,0.63,0,20,Fastened,FALSE,LOW,normal,1
02:32:00,2,5,10,night,512,LDR002,Loader,OP1009,2187.4,25,Cloudy,4.3,1442,91.4,52.9,19.9,10.08,3.24,8.72,0.37,4,28.2,Fastened,FALSE,LOW,normal,1
02:34:00,2,5,10,night,514,LDR002,Loader,OP1009,2187.5,25,Cloudy,4.09,1839,88.5,52.8,30.4,10.99,2.58,8.43,0.51,4,12.3,Fastened,FALSE,LOW,normal,1
02:36:00,2,5,10,night,516,LDR002,Loader,OP1009,2187.5,25,Cloudy,4.91,856,85,52.7,25.1,12.39,2.69,9.96,1.02,3,20.2,Fastened,FALSE,LOW,normal,1
02:38:00,2,5,10,night,518,LDR002,Loader,OP1009,2187.5,25,Cloudy,7.39,1719,87,52.7,33.3,10.19,2.67,7.69,1.14,2,17.7,Fastened,FALSE,LOW,normal,1
02:40:00,2,5,10,night,520,LDR002,Loader,OP1009,2187.5,25,Cloudy,8.26,1988,86.5,52.6,25.9,10.96,2.24,8.7,0.73,2,14.3,Unfastened,TRUE,LOW,normal,1
02:42:00,2,5,10,night,522,LDR002,Loader,OP1009,2187.5,25,Cloudy,2.47,1704,80.9,52.5,23.4,10.12,2.87,8.42,1.2,3,24.9,Fastened,FALSE,LOW,normal,1
02:44:00,2,5,10,night,524,LDR002,Loader,OP1009,2187.5,25,Cloudy,5.85,1369,85.9,52.4,33.6,12.13,2.53,8.9,0.6,0,26.3,Fastened,FALSE,LOW,normal,1
02:46:00,2,5,10,night,526,LDR002,Loader,OP1009,2187.5,25,Cloudy,3.92,1223,84.7,52.3,22.2,10.52,2.87,8.82,0.64,4,28.5,Fastened,FALSE,LOW,normal,1
02:48:00,2,5,10,night,528,LDR002,Loader,OP1009,2187.5,25,Cloudy,7.53,1420,95.1,52.2,31.2,12.28,2.74,9.3,0.07,3,16.4,Fastened,FALSE,LOW,normal,1
02:50:00,2,5,10,night,530,LDR002,Loader,OP1009,2187.5,25,Cloudy,7.52,1617,88.9,52.1,22.1,10.17,3.28,8.65,0.31,0,24.1,Fastened,FALSE,LOW,normal,1
02:52:00,2,5,10,night,532,LDR002,Loader,OP1009,2187.5,25,Cloudy,6.54,1203,90.5,52,26.3,15.21,2.94,11.98,0.62,2,12.5,Fastened,FALSE,LOW,normal,1
02:54:00,2,5,10,night,534,LDR002,Loader,OP1009,2187.6,25,Cloudy,3.56,1203,80.9,51.9,18.2,9.79,2.71,8.5,0.94,4,22.6,Fastened,FALSE,LOW,normal,1
02:56:00,2,5,10,night,536,LDR002,Loader,OP1009,2187.6,25,Cloudy,5.36,1880,87.5,51.8,22,10.46,3.12,8.85,0.89,2,20.1,Fastened,FALSE,LOW,normal,1
02:58:00,2,5,10,night,538,LDR002,Loader,OP1009,2187.6,25,Cloudy,3.72,1654,87.8,51.7,27.7,14.45,2.78,11.22,0.89,2,17.9,Fastened,FALSE,LOW,normal,1
03:00:00,3,5,10,night,540,LDR002,Loader,OP1009,2187.6,25,Cloudy,6,1747,92.8,51.7,30.8,8.93,3.07,7.13,0.21,3,19.4,Fastened,FALSE,LOW,normal,1
03:02:00,3,5,10,night,542,LDR002,Loader,OP1009,2187.6,25,Cloudy,7.11,1111,89.2,51.6,24.3,11.55,3.81,9.67,0.83,4,13,Unfastened,TRUE,LOW,normal,1
03:04:00,3,5,10,night,544,LDR002,Loader,OP1009,2187.6,25,Cloudy,4.06,1365,89.3,51.4,17.5,13.91,3.96,12.17,0.35,4,23.7,Fastened,FALSE,LOW,normal,1
03:06:00,3,5,10,night,546,LDR002,Loader,OP1009,2187.6,25,Cloudy,5.83,1512,89.4,51.3,18.5,9.71,3.13,8.49,0.78,3,9.9,Fastened,FALSE,LOW,normal,1
03:08:00,3,5,10,night,548,LDR002,Loader,OP1009,2187.6,25,Cloudy,6.31,1298,87,51.3,34.4,9.44,2.72,7.13,0.84,3,15,Fastened,FALSE,LOW,normal,1
03:10:00,3,5,10,night,550,LDR002,Loader,OP1009,2187.6,25,Cloudy,0.81,1113,82,51.2,18.7,11.33,2.38,9.66,0.39,3,26.5,Unfastened,FALSE,LOW,normal,1
03:12:00,3,5,10,night,552,LDR002,Loader,OP1009,2187.6,25,Cloudy,6.48,1866,88.3,51.1,24,11.72,3.31,9.7,1.02,1,0.5,Unfastened,TRUE,HIGH,normal,1
03:14:00,3,5,10,night,554,LDR002,Loader,OP1009,2187.7,25,Cloudy,4.91,1638,88.6,51,14.1,11.66,3.15,10.46,0.29,3,22.5,Fastened,FALSE,LOW,normal,1
03:16:00,3,5,10,night,556,LDR002,Loader,OP1009,2187.7,25,Cloudy,4.14,660,94.4,50.9,23.2,9.1,2.43,7.55,0.08,4,6,Fastened,FALSE,MEDIUM,normal,1
03:18:00,3,5,10,night,558,LDR002,Loader,OP1009,2187.7,25,Cloudy,7.58,1617,84.3,50.8,34.5,13.38,3.7,10.04,0.24,2,20.5,Fastened,FALSE,LOW,normal,1
03:20:00,3,5,10,night,560,LDR002,Loader,OP1009,2187.7,25,Cloudy,7.16,1269,87.4,50.7,36.4,8,2.36,5.95,0.46,4,20.1,Fastened,FALSE,LOW,normal,1
03:22:00,3,5,10,night,562,LDR002,Loader,OP1009,2187.7,25,Cloudy,5.16,1912,90.1,50.6,27,12.09,3.52,9.78,0.48,0,24.9,Fastened,FALSE,LOW,normal,1
03:24:00,3,5,10,night,564,LDR002,Loader,OP1009,2187.7,25,Cloudy,6.99,821,85.8,50.5,19.4,13.96,2.51,11.74,0.49,4,14.5,Fastened,FALSE,LOW,normal,1
03:26:00,3,5,10,night,566,LDR002,Loader,OP1009,2187.7,25,Cloudy,4.51,958,87.5,50.4,26.9,9.25,3.45,7.69,1.08,1,21.5,Fastened,FALSE,LOW,normal,1
03:28:00,3,5,10,night,568,LDR002,Loader,OP1009,2187.7,25,Cloudy,6.65,1457,92.3,50.3,14.1,11.66,2.92,10.43,1.3,1,18.5,Fastened,FALSE,LOW,normal,1
03:30:00,3,5,10,night,570,LDR002,Loader,OP1009,2187.7,25,Cloudy,6.39,1624,86.8,50.2,25.5,11.17,1.95,8.82,0.86,1,22.7,Fastened,FALSE,LOW,normal,1
03:32:00,3,5,10,night,572,LDR002,Loader,OP1009,2187.7,25,Cloudy,7.59,1346,85.9,50.2,22.4,9.29,2.75,7.83,0.86,2,23.4,Fastened,FALSE,LOW,normal,1
03:34:00,3,5,10,night,574,LDR002,Loader,OP1009,2187.8,25,Cloudy,6.64,1424,84.8,50.1,18.9,11.39,3.67,9.93,0.61,4,19.4,Fastened,FALSE,LOW,normal,1
03:36:00,3,5,10,night,576,LDR002,Loader,OP1009,2187.8,25,Cloudy,6.68,1538,83.2,50,22,12.6,3.01,10.49,0.88,0,10.4,Fastened,FALSE,LOW,normal,1
03:38:00,3,5,10,night,578,LDR002,Loader,OP1009,2187.8,25,Cloudy,4.05,1700,88.5,49.8,22,14.1,2.86,11.63,0.54,4,15,Fastened,FALSE,LOW,normal,1
03:40:00,3,5,10,night,580,LDR002,Loader,OP1009,2187.8,25,Cloudy,4.17,1529,84.6,49.7,27.7,13.86,2.42,10.69,0.3,4,17.4,Fastened,FALSE,LOW,normal,1
03:42:00,3,5,10,night,582,LDR002,Loader,OP1009,2187.8,25,Cloudy,3.54,1358,87,49.7,30.5,8.81,3.06,7.06,1.13,1,19.5,Fastened,FALSE,LOW,normal,1
03:44:00,3,5,10,night,584,LDR002,Loader,OP1009,2187.8,25,Cloudy,5.23,1822,87.1,49.6,40.3,14.98,3.62,10.4,0.2,4,13.9,Fastened,FALSE,LOW,normal,1
03:46:00,3,5,10,night,586,LDR002,Loader,OP1009,2187.8,25,Cloudy,9.21,1287,85.8,49.4,22.5,13.62,3.37,11.31,0.34,1,5.1,Fastened,FALSE,MEDIUM,normal,1
03:48:00,3,5,10,night,588,LDR002,Loader,OP1009,2187.8,25,Cloudy,4.93,1770,82.6,49.3,23.1,14.27,2.99,11.66,0.8,2,0.5,Fastened,FALSE,MEDIUM,normal,1
03:50:00,3,5,10,night,590,LDR002,Loader,OP1009,2187.8,25,Cloudy,4.41,1671,85.3,49.2,23.4,9.55,2.84,7.98,0.45,3,25.4,Fastened,FALSE,LOW,normal,1
03:52:00,3,5,10,night,592,LDR002,Loader,OP1009,2187.9,25,Cloudy,4.95,1853,92.6,49.1,20.8,11.9,2.51,9.95,0.53,3,14.7,Fastened,FALSE,LOW,normal,1
03:54:00,3,5,10,night,594,LDR002,Loader,OP1009,2187.9,25,Cloudy,4.14,1320,87.1,49,26.5,12.94,3.56,10.45,0.08,1,21.4,Fastened,FALSE,LOW,normal,1
03:56:00,3,5,10,night,596,LDR002,Loader,OP1009,2187.9,25,Cloudy,4.34,1582,89.2,49,29.3,10.91,2.42,8.42,0.52,3,24.7,Fastened,FALSE,LOW,normal,1
03:58:00,3,5,10,night,598,LDR002,Loader,OP1009,2187.9,25,Cloudy,5.79,1703,87.5,48.8,18,12.03,2.63,10.34,0.67,4,25.2,Fastened,FALSE,LOW,normal,1
04:00:00,4,5,10,night,600,LDR002,Loader,OP1009,2187.9,25,Cloudy,3.44,1469,82.5,48.7,19.7,15.39,2.34,12.82,0.93,0,23.7,Fastened,FALSE,LOW,normal,1
04:02:00,4,5,10,night,602,LDR002,Loader,OP1009,2187.9,25,Cloudy,8.03,1503,89.9,48.6,18.9,10.62,3.51,9.28,0.72,4,10.3,Fastened,FALSE,LOW,normal,1
04:04:00,4,5,10,night,604,LDR002,Loader,OP1009,2187.9,25,Cloudy,4.02,922,89.5,48.5,24.5,14.35,2.44,11.43,1.25,2,30.9,Fastened,FALSE,LOW,normal,1
04:06:00,4,5,10,night,606,LDR002,Loader,OP1009,2187.9,25,Cloudy,6.41,1038,92.6,48.4,23.2,12.59,2.52,10.25,0.41,0,21.8,Fastened,FALSE,LOW,normal,1
04:08:00,4,5,10,night,608,LDR002,Loader,OP1009,2187.9,25,Cloudy,7.62,1590,91.4,48.3,28.8,13.73,2.26,10.43,0.97,1,19.9,Fastened,FALSE,LOW,normal,1
04:10:00,4,5,10,night,610,LDR002,Loader,OP1009,2187.9,25,Cloudy,3.83,1832,86.3,48.2,11.9,12.62,4.45,11.65,1.14,1,30.6,Fastened,FALSE,LOW,normal,1
04:12:00,4,5,10,night,612,LDR002,Loader,OP1009,2188,25,Cloudy,2.09,1433,86.9,48.1,28.4,11.11,2.57,8.68,0.67,3,16.4,Fastened,FALSE,LOW,normal,1
04:14:00,4,5,10,night,614,LDR002,Loader,OP1009,2188,25,Cloudy,4.56,1277,83.5,48,14.5,9.16,2.46,8.19,0.9,3,21.7,Fastened,FALSE,LOW,normal,1
04:16:00,4,5,10,night,616,LDR002,Loader,OP1009,2188,25,Cloudy,2.75,1305,81.7,47.9,24.7,14.72,2.95,11.81,0.48,2,19.9,Fastened,FALSE,LOW,normal,1
04:18:00,4,5,10,night,618,LDR002,Loader,OP1009,2188,25,Cloudy,6.65,1378,89.9,47.8,28.3,14.11,3.07,10.99,0.58,0,16.6,Fastened,FALSE,LOW,normal,1
04:20:00,4,5,10,night,620,LDR002,Loader,OP1009,2188,25,Cloudy,7.27,1216,86.6,47.7,11,11.73,3.36,10.81,0.74,2,22.2,Fastened,FALSE,LOW,normal,1
04:22:00,4,5,10,night,622,LDR002,Loader,OP1009,2188,25,Cloudy,6.82,1199,85.2,47.6,37.5,10.35,3.05,7.61,0.29,3,11,Fastened,FALSE,LOW,normal,1
04:24:00,4,5,10,night,624,LDR002,Loader,OP1009,2188,25,Cloudy,5.28,1126,89.4,47.5,38.5,11.48,3.85,8.54,1.01,0,8.8,Fastened,FALSE,LOW,normal,1
04:26:00,4,5,10,night,626,LDR002,Loader,OP1009,2188,25,Cloudy,3.32,1360,86.3,47.4,19.7,13.22,3.04,11.21,0.88,2,17.8,Fastened,FALSE,LOW,normal,1
04:28:00,4,5,10,night,628,LDR002,Loader,OP1009,2188,25,Cloudy,5.03,1446,87.3,47.3,14.5,10.27,3.38,9.27,0.96,4,15.5,Fastened,FALSE,LOW,normal,1
04:30:00,4,5,10,night,630,LDR002,Loader,OP1009,2188,25,Cloudy,6.46,1192,87.9,47.2,21.5,11.54,3.37,9.78,1.27,3,13.8,Fastened,FALSE,LOW,normal,1
04:32:00,4,5,10,night,632,LDR002,Loader,OP1009,2188.1,25,Cloudy,6.22,1208,88.2,47.1,23.9,9.21,2.46,7.6,1.14,1,20.2,Fastened,FALSE,LOW,normal,1
04:34:00,4,5,10,night,634,LDR002,Loader,OP1009,2188.1,25,Cloudy,5.98,1450,86.3,47,31.5,12.76,3.56,9.86,0.8,0,16.6,Fastened,FALSE,LOW,normal,1
04:36:00,4,5,10,night,636,LDR002,Loader,OP1009,2188.1,25,Cloudy,4.24,1781,85,46.9,33.7,10.48,4.09,8.33,0,0,15.9,Fastened,FALSE,LOW,normal,1
04:38:00,4,5,10,night,638,LDR002,Loader,OP1009,2188.1,25,Cloudy,4.83,1565,84.9,46.8,27,15.31,3.4,12.09,0.76,0,19.4,Fastened,FALSE,LOW,normal,1
04:40:00,4,5,10,night,640,LDR002,Loader,OP1009,2188.1,25,Cloudy,6.55,1837,88.5,46.7,18.6,13.35,3.4,11.5,0.62,0,17,Fastened,FALSE,LOW,normal,1
04:42:00,4,5,10,night,642,LDR002,Loader,OP1009,2188.1,25,Cloudy,2.96,1073,88.7,46.6,19.2,11.21,3.22,9.68,0,2,5.4,Unfastened,TRUE,MEDIUM,normal,1
04:44:00,4,5,10,night,644,LDR002,Loader,OP1009,2188.1,25,Cloudy,3.83,1235,85.5,46.5,14.9,10.56,3.64,9.53,0.29,0,29.6,Fastened,FALSE,LOW,normal,1
04:46:00,4,5,10,night,646,LDR002,Loader,OP1009,2188.1,25,Cloudy,7.57,1482,94.6,46.4,44,9.31,3.01,6.54,0.02,4,16.6,Fastened,FALSE,LOW,normal,1
04:48:00,4,5,10,night,648,LDR002,Loader,OP1009,2188.1,25,Cloudy,6.42,1366,86.8,46.3,20.2,11.65,3.42,9.99,0.3,0,24.4,Fastened,FALSE,LOW,normal,1
04:50:00,4,5,10,night,650,LDR002,Loader,OP1009,2188.1,25,Cloudy,5.16,1620,85.7,46.3,20,10.46,2.68,8.9,0.89,0,19.9,Fastened,FALSE,LOW,normal,1
04:52:00,4,5,10,night,652,LDR002,Loader,OP1009,2188.2,25,Cloudy,6.7,1512,89.2,46.2,19,11.95,3.05,10.26,0.86,1,8.1,Fastened,FALSE,LOW,normal,1
04:54:00,4,5,10,night,654,LDR002,Loader,OP1009,2188.2,25,Cloudy,0.91,1892,83.2,46.1,17.7,11.33,2.21,9.72,0.48,1,9.4,Fastened,FALSE,LOW,normal,1
04:56:00,4,5,10,night,656,LDR002,Loader,OP1009,2188.2,25,Cloudy,3.96,1645,90.2,46,35.5,12.19,2.69,8.82,0.45,3,26.3,Fastened,FALSE,LOW,normal,1
04:58:00,4,5,10,night,658,LDR002,Loader,OP1009,2188.2,25,Cloudy,3.29,1101,88.1,45.9,34.5,14.96,2.57,10.69,0.54,2,18.7,Unfastened,TRUE,LOW,normal,1
05:00:00,5,5,10,night,660,LDR002,Loader,OP1009,2188.2,25,Cloudy,8.19,1924,83.8,45.8,31.1,12.86,3.11,9.83,0.96,0,26.5,Fastened,FALSE,LOW,normal,1
05:02:00,5,5,10,night,662,LDR002,Loader,OP1009,2188.2,25,Cloudy,5.77,1726,85.9,45.7,23.6,11.85,2.61,9.67,0.76,2,12,Fastened,FALSE,LOW,normal,1
05:04:00,5,5,10,night,664,LDR002,Loader,OP1009,2188.2,25,Cloudy,5.43,1507,82,45.6,21.9,12.91,2.2,10.56,0.76,1,13.8,Fastened,FALSE,LOW,normal,1
05:06:00,5,5,10,night,666,LDR002,Loader,OP1009,2188.2,25,Cloudy,6.55,1142,85.7,45.5,30.7,9.72,1.82,7.29,0.55,0,16.5,Fastened,FALSE,LOW,normal,1
05:08:00,5,5,10,night,668,LDR002,Loader,OP1009,2188.2,25,Cloudy,6.13,1687,88,45.4,20.3,13.75,2.75,11.52,0.39,1,25.4,Fastened,FALSE,LOW,normal,1
05:10:00,5,5,10,night,670,LDR002,Loader,OP1009,2188.2,25,Cloudy,6.67,1773,82.3,45.2,17.5,13.24,3.48,11.53,0.85,2,29.4,Fastened,FALSE,LOW,normal,1
05:12:00,5,5,10,night,672,LDR002,Loader,OP1009,2188.3,25,Cloudy,5.8,1813,91.1,45.1,22.9,13.45,2.31,10.9,0.72,0,17.4,Fastened,FALSE,LOW,normal,1
05:14:00,5,5,10,night,674,LDR002,Loader,OP1009,2188.3,25,Cloudy,2.43,1069,90.5,45,36.5,13.77,3.41,9.99,0.82,2,0.5,Fastened,FALSE,MEDIUM,normal,1
05:16:00,5,5,10,night,676,LDR002,Loader,OP1009,2188.3,25,Cloudy,5.23,1615,80,44.9,26,12.61,3.08,10.13,0.71,3,12.5,Fastened,FALSE,LOW,normal,1
05:18:00,5,5,10,night,678,LDR002,Loader,OP1009,2188.3,25,Cloudy,2.44,1289,89.2,44.8,16.9,10.66,3.2,9.4,0.84,2,12.3,Fastened,FALSE,LOW,normal,1
05:20:00,5,5,10,night,680,LDR002,Loader,OP1009,2188.3,25,Cloudy,5.85,1452,84.5,44.7,26.2,12.84,2.17,10.04,1.42,3,13.2,Fastened,FALSE,LOW,normal,1
05:22:00,5,5,10,night,682,LDR002,Loader,OP1009,2188.3,25,Cloudy,3.6,1261,83.2,44.6,19.5,13.24,3.17,11.28,1.11,3,29.3,Fastened,FALSE,LOW,normal,1
05:24:00,5,5,10,night,684,LDR002,Loader,OP1009,2188.3,25,Cloudy,4.95,1023,92.4,44.5,20.7,9.24,2.61,7.87,1.04,2,22.4,Fastened,FALSE,LOW,normal,1
05:26:00,5,5,10,night,686,LDR002,Loader,OP1009,2188.3,25,Cloudy,3.22,1170,93.1,44.5,15.6,10,2.98,8.9,0.28,3,22.6,Fastened,FALSE,LOW,normal,1
05:28:00,5,5,10,night,688,LDR002,Loader,OP1009,2188.3,25,Cloudy,4.48,1531,88.7,44.3,17.6,12.77,3.64,11.16,1.18,0,9.1,Fastened,FALSE,LOW,normal,1
05:30:00,5,5,10,night,690,LDR002,Loader,OP1009,2188.3,25,Cloudy,6.27,1246,89.3,44.2,31.6,14.78,3.09,11.09,1.04,2,15.7,Fastened,FALSE,LOW,normal,1
05:32:00,5,5,10,night,692,LDR002,Loader,OP1009,2188.4,25,Cloudy,3.53,1591,81.4,44.1,19,10.39,2.56,8.9,0.82,1,20.5,Fastened,FALSE,LOW,normal,1
05:34:00,5,5,10,night,694,LDR002,Loader,OP1009,2188.4,25,Cloudy,5.74,1374,85.2,44.1,26.5,9.43,3,7.73,0.83,2,13.1,Fastened,FALSE,LOW,normal,1
05:36:00,5,5,10,night,696,LDR002,Loader,OP1009,2188.4,25,Cloudy,4.69,1474,83.7,44,34.6,11.03,2.82,8.19,1.39,0,22.4,Fastened,FALSE,LOW,normal,1
05:38:00,5,5,10,night,698,LDR002,Loader,OP1009,2188.4,25,Cloudy,7.43,1366,82.9,43.9,24.2,14.77,2.83,11.88,0.7,3,24.5,Fastened,FALSE,LOW,normal,1
05:40:00,5,5,10,night,700,LDR002,Loader,OP1009,2188.4,25,Cloudy,3.53,1570,86.3,43.8,23.4,10.49,2.75,8.68,0.89,0,10.1,Fastened,FALSE,LOW,normal,1
05:42:00,5,5,10,night,702,LDR002,Loader,OP1009,2188.4,25,Cloudy,4.73,1259,93.1,43.7,18.6,9.33,2.95,8.14,1.14,2,23,Fastened,FALSE,LOW,normal,1
05:44:00,5,5,10,night,704,LDR002,Loader,OP1009,2188.4,25,Cloudy,6.96,1417,90.5,43.6,30,13.1,3.32,10.17,1.16,3,12.4,Fastened,FALSE,LOW,normal,1
05:46:00,5,5,10,night,706,LDR002,Loader,OP1009,2188.4,25,Cloudy,4.74,1542,84.2,43.5,33.4,9.51,3.39,7.47,0.57,2,16.6,Fastened,FALSE,LOW,normal,1
05:48:00,5,5,10,night,708,LDR002,Loader,OP1009,2188.4,25,Cloudy,4.7,1346,91.4,43.4,20.4,11.21,3.06,9.55,0.88,2,21.7,Fastened,FALSE,LOW,normal,1
05:50:00,5,5,10,night,710,LDR002,Loader,OP1009,2188.4,25,Cloudy,2.1,1358,85,43.3,17,11.06,3.28,9.74,1.18,0,24.8,Fastened,FALSE,LOW,normal,1
05:52:00,5,5,10,night,712,LDR002,Loader,OP1009,2188.5,25,Cloudy,7.49,1534,92.9,43.2,28.8,8.37,3.2,6.88,1.07,2,8.4,Fastened,FALSE,LOW,normal,1
05:54:00,5,5,10,night,714,LDR002,Loader,OP1009,2188.5,25,Cloudy,4.99,1606,86.4,43.2,36.1,11.5,2.28,8.17,0.52,0,20.9,Fastened,FALSE,LOW,normal,1
05:56:00,5,5,10,night,716,LDR002,Loader,OP1009,2188.5,25,Cloudy,4.9,1653,87.3,43,21.9,13.7,3.24,11.41,0.93,4,24.4,Fastened,FALSE,LOW,normal,1
05:58:00,5,5,10,night,718,LDR002,Loader,OP1009,2188.5,25,Cloudy,5.26,1648,84.1,43,36.3,12.19,2.93,8.83,0.8,0,9,Fastened,FALSE,LOW,normal,1
06:00:00,6,1,9,day,0,EXC005,Excavator,OP1044,4722.9,34.8,Windy,3.7,1374,34.8,82.5,40.3,12.08,2.28,8.13,0.72,3,10.2,Fastened,FALSE,LOW,normal,1
06:02:00,6,1,9,day,2,EXC005,Excavator,OP1044,4722.9,34.8,Windy,3.05,1533,39,82.5,35.1,12.82,1.78,8.94,0.9,2,17.9,Fastened,FALSE,LOW,normal,1
06:04:00,6,1,9,day,4,EXC005,Excavator,OP1044,4722.9,34.8,Windy,4.82,1295,43.2,82.4,27.2,11.97,3.17,9.58,0.86,2,28.7,Fastened,FALSE,LOW,normal,1
06:06:00,6,1,9,day,6,EXC005,Excavator,OP1044,4722.9,34.8,Windy,6.48,1428,47.4,82.3,32.6,11,3.45,8.54,0.87,3,13.6,Fastened,FALSE,LOW,normal,1
06:08:00,6,1,9,day,8,EXC005,Excavator,OP1044,4722.9,34.8,Windy,3.79,1104,51.5,82.2,42.8,12.9,2.38,8.4,0.39,1,20.7,Fastened,FALSE,LOW,normal,1
06:10:00,6,1,9,day,10,EXC005,Excavator,OP1044,4723,34.8,Windy,7.17,1335,55.7,82.2,38.4,10.4,3.91,7.91,0.63,4,12.4,Unfastened,TRUE,LOW,normal,1
06:12:00,6,1,9,day,12,EXC005,Excavator,OP1044,4723,34.8,Windy,6.54,881,59.9,82.1,35.9,10.29,3.3,7.78,1.25,3,24.4,Fastened,FALSE,LOW,normal,1
06:14:00,6,1,9,day,14,EXC005,Excavator,OP1044,4723,34.8,Windy,5.73,1750,64,82,29.7,11.83,3.01,9.21,0.82,1,16.2,Unfastened,TRUE,LOW,normal,1
06:16:00,6,1,9,day,16,EXC005,Excavator,OP1044,4723,34.8,Windy,4.71,1863,68.2,81.9,36.4,14,2.89,9.96,1.17,3,21.3,Fastened,FALSE,LOW,normal,1
06:18:00,6,1,9,day,18,EXC005,Excavator,OP1044,4723,34.8,Windy,1.67,1721,72.4,81.9,40.9,8.23,3.48,6.29,0.24,1,27.9,Fastened,FALSE,LOW,normal,1
06:20:00,6,1,9,day,20,EXC005,Excavator,OP1044,4723,34.8,Windy,7.78,1217,76.6,81.8,46.7,12.25,2.66,7.77,0.92,1,19.9,Fastened,FALSE,LOW,normal,1
06:22:00,6,1,9,day,22,EXC005,Excavator,OP1044,4723,34.8,Windy,7.37,1620,80.7,81.7,35.8,14.53,1.8,9.97,0.69,0,15.5,Fastened,FALSE,LOW,normal,1
06:24:00,6,1,9,day,24,EXC005,Excavator,OP1044,4723,34.8,Windy,4.84,1366,84.9,81.7,30.8,9.75,2.27,7.45,0.22,4,31.9,Fastened,FALSE,LOW,normal,1
06:26:00,6,1,9,day,26,EXC005,Excavator,OP1044,4723,34.8,Windy,6.34,1179,86,81.6,31.4,10.6,2.7,8.12,0.96,0,17.4,Fastened,FALSE,LOW,normal,1
06:28:00,6,1,9,day,28,EXC005,Excavator,OP1044,4723,34.8,Windy,8.69,1859,82.3,81.5,27.1,11.21,2.58,8.87,0.71,2,24.1,Fastened,FALSE,LOW,normal,1
06:30:00,6,1,9,day,30,EXC005,Excavator,OP1044,4723.1,34.8,Windy,6.83,2189,87.2,81.5,41.2,11.34,2.94,7.88,0.71,0,11,Fastened,FALSE,LOW,normal,1
06:32:00,6,1,9,day,32,EXC005,Excavator,OP1044,4723.1,34.8,Windy,4.05,1880,89.1,81.4,37.6,14.19,4.07,10.38,0.21,3,16.1,Fastened,FALSE,LOW,normal,1
06:34:00,6,1,9,day,34,EXC005,Excavator,OP1044,4723.1,34.8,Windy,6.92,975,84.5,81.3,35.5,12.61,3.07,9.22,0.97,1,26.5,Fastened,FALSE,LOW,normal,1
06:36:00,6,1,9,day,36,EXC005,Excavator,OP1044,4723.1,34.8,Windy,3.08,1715,86.7,81.2,22.9,11.99,2.97,9.92,0.68,0,25.9,Fastened,FALSE,LOW,normal,1
06:38:00,6,1,9,day,38,EXC005,Excavator,OP1044,4723.1,34.8,Windy,2.26,1228,90.9,81.1,29.1,13.62,3.18,10.58,0.27,0,16.9,Unfastened,TRUE,LOW,normal,1
06:40:00,6,1,9,day,40,EXC005,Excavator,OP1044,4723.1,34.8,Windy,3.93,1696,85.8,81.1,26.1,8.75,3.09,7.27,1.27,0,27.8,Fastened,FALSE,LOW,normal,1
06:42:00,6,1,9,day,42,EXC005,Excavator,OP1044,4723.1,34.8,Windy,3.23,1472,88.7,81,41.7,13.61,3.27,9.3,0.49,3,17,Fastened,FALSE,LOW,normal,1
06:44:00,6,1,9,day,44,EXC005,Excavator,OP1044,4723.1,34.8,Windy,5.91,1714,88.1,80.9,41.2,10.28,3.28,7.4,1.06,3,23.2,Fastened,FALSE,LOW,normal,1
06:46:00,6,1,9,day,46,EXC005,Excavator,OP1044,4723.1,34.8,Windy,6.86,1651,89.3,80.9,35,14.78,3.47,10.82,0.63,4,27.3,Fastened,FALSE,LOW,normal,1
06:48:00,6,1,9,day,48,EXC005,Excavator,OP1044,4723.1,34.8,Windy,5.21,1392,86.1,80.8,44.6,10.98,2.74,7.3,0.69,0,8.3,Fastened,FALSE,LOW,normal,1
06:50:00,6,1,9,day,50,EXC005,Excavator,OP1044,4723.2,34.8,Windy,3,1406,90.3,80.7,32.8,13.43,2.54,9.86,0.63,4,5.4,Fastened,FALSE,MEDIUM,normal,1
06:52:00,6,1,9,day,52,EXC005,Excavator,OP1044,4723.2,34.8,Windy,6.88,1015,87.2,80.6,38.7,10.64,3.44,7.85,0.95,3,12.1,Fastened,FALSE,LOW,normal,1
06:54:00,6,1,9,day,54,EXC005,Excavator,OP1044,4723.2,34.8,Windy,3.05,1363,89.3,80.6,31.4,10.07,2.93,7.83,1.01,0,25.7,Fastened,FALSE,LOW,normal,1
06:56:00,6,1,9,day,56,EXC005,Excavator,OP1044,4723.2,34.8,Windy,4.75,1238,88.4,80.5,31.1,11.13,3.38,8.72,0.9,2,16.5,Fastened,FALSE,LOW,normal,1
06:58:00,6,1,9,day,58,EXC005,Excavator,OP1044,4723.2,34.8,Windy,4.54,1735,88.5,80.4,30.3,10.72,1.85,8.03,0.48,1,17.6,Fastened,FALSE,LOW,normal,1
07:00:00,7,1,9,day,60,EXC005,Excavator,OP1044,4723.2,34.8,Windy,4.03,1433,89.3,80.4,35.3,8.67,3.19,6.74,0.5,1,20.9,Fastened,FALSE,LOW,normal,1
07:02:00,7,1,9,day,62,EXC005,Excavator,OP1044,4723.2,34.8,Windy,5.31,2261,84.6,80.3,43.4,10.11,3.44,7.22,0.05,3,31.7,Fastened,FALSE,LOW,normal,1
07:04:00,7,1,9,day,64,EXC005,Excavator,OP1044,4723.2,34.8,Windy,3.05,964,86.8,80.3,38.1,10.97,2.88,7.89,0.44,4,13.7,Fastened,FALSE,LOW,normal,1
07:06:00,7,1,9,day,66,EXC005,Excavator,OP1044,4723.2,34.8,Windy,8.03,1733,90,80.2,36.3,10.14,3.59,7.76,1.12,2,15.7,Fastened,FALSE,LOW,normal,1
07:08:00,7,1,9,day,68,EXC005,Excavator,OP1044,4723.2,34.8,Windy,3.34,1498,86.8,80.1,31.6,14.76,2.59,10.91,0.49,1,22.2,Fastened,FALSE,LOW,normal,1
07:10:00,7,1,9,day,70,EXC005,Excavator,OP1044,4723.3,34.8,Windy,5.29,1768,93.2,80,34.5,16.35,2.99,11.74,0.74,3,15.6,Fastened,FALSE,LOW,normal,1
07:12:00,7,1,9,day,72,EXC005,Excavator,OP1044,4723.3,34.8,Windy,2.97,1404,82.9,79.9,23.8,9.37,2.59,7.76,0.79,4,14.6,Unfastened,TRUE,LOW,normal,1
07:14:00,7,1,9,day,74,EXC005,Excavator,OP1044,4723.3,34.8,Windy,5.85,1559,85.5,79.8,21.3,15.5,2.33,12.69,0.85,2,20.1,Fastened,FALSE,LOW,normal,1
07:16:00,7,1,9,day,76,EXC005,Excavator,OP1044,4723.3,34.8,Windy,7.11,1537,89.9,79.8,42,8.48,2.66,6.04,0.6,4,8.1,Fastened,FALSE,LOW,normal,1
07:18:00,7,1,9,day,78,EXC005,Excavator,OP1044,4723.3,34.8,Windy,7.22,1339,89.9,79.7,28.8,11.37,2.35,8.77,0.88,2,28.5,Fastened,FALSE,LOW,normal,1
07:20:00,7,1,9,day,80,EXC005,Excavator,OP1044,4723.3,34.8,Windy,6.76,1480,89,79.6,37.5,13.8,2.78,9.67,0.69,3,30.9,Fastened,FALSE,LOW,normal,1
07:22:00,7,1,9,day,82,EXC005,Excavator,OP1044,4723.3,34.8,Windy,7.49,1654,88.8,79.6,38,12.94,3.17,9.23,0.55,1,21.9,Unfastened,TRUE,LOW,normal,1
07:24:00,7,1,9,day,84,EXC005,Excavator,OP1044,4723.3,34.8,Windy,6.92,1590,87.8,79.5,37.1,13.34,3.41,9.66,1,4,25.6,Fastened,FALSE,LOW,normal,1
07:26:00,7,1,9,day,86,EXC005,Excavator,OP1044,4723.3,34.8,Windy,6.22,1501,87.1,79.4,54.8,13.89,2.87,7.85,0.66,4,19.3,Unfastened,TRUE,LOW,normal,1
07:28:00,7,1,9,day,88,EXC005,Excavator,OP1044,4723.3,34.8,Windy,8.07,1221,84.5,79.3,26.1,12.28,2.76,9.8,0.99,3,20.2,Fastened,FALSE,LOW,normal,1
07:30:00,7,1,9,day,90,EXC005,Excavator,OP1044,4723.4,34.8,Windy,6.74,1536,83.1,79.3,48.1,12.07,2.36,7.4,0.92,4,22.4,Fastened,FALSE,LOW,normal,1
07:32:00,7,1,9,day,92,EXC005,Excavator,OP1044,4723.4,34.8,Windy,4.92,1344,90.2,79.2,33.7,10.54,2.59,7.86,0.71,3,29.2,Fastened,FALSE,LOW,normal,1
07:34:00,7,1,9,day,94,EXC005,Excavator,OP1044,4723.4,34.8,Windy,4.72,1600,88,79.1,26.5,16.85,2.88,13.15,0.9,1,23,Fastened,FALSE,LOW,normal,1
07:36:00,7,1,9,day,96,EXC005,Excavator,OP1044,4723.4,34.8,Windy,7.34,1658,83.6,79,31.7,9.93,3.26,7.82,0.64,2,20,Unfastened,TRUE,LOW,normal,1
07:38:00,7,1,9,day,98,EXC005,Excavator,OP1044,4723.4,34.8,Windy,2.93,1516,88.9,79,39.4,12.45,3.12,8.77,1.27,4,26.8,Fastened,FALSE,LOW,normal,1
07:40:00,7,1,9,day,100,EXC005,Excavator,OP1044,4723.4,34.8,Windy,3.27,1411,85.5,78.9,32.3,14.08,2.74,10.42,0.31,3,21.9,Fastened,FALSE,LOW,normal,1
07:42:00,7,1,9,day,102,EXC005,Excavator,OP1044,4723.4,34.8,Windy,6.26,2144,90.7,78.8,17.3,9.99,2.78,8.74,0.83,4,10.3,Fastened,FALSE,LOW,normal,1
07:44:00,7,1,9,day,104,EXC005,Excavator,OP1044,4723.4,34.8,Windy,3.93,1069,89.3,78.7,38.2,12.33,3.07,8.79,0.32,2,19.1,Fastened,FALSE,LOW,normal,1
07:46:00,7,1,9,day,106,EXC005,Excavator,OP1044,4723.4,34.8,Windy,6.52,1557,89.1,78.6,31.5,11.3,2.94,8.67,0.81,1,26.2,Fastened,FALSE,LOW,normal,1
07:48:00,7,1,9,day,108,EXC005,Excavator,OP1044,4723.4,34.8,Windy,3.42,1583,82.8,78.6,36.5,9.11,2.43,6.67,0.74,3,29.9,Fastened,FALSE,LOW,normal,1
07:50:00,7,1,9,day,110,EXC005,Excavator,OP1044,4723.5,34.8,Windy,8.4,2022,87.7,78.5,43.5,13.31,2.96,8.81,0.45,2,24.9,Fastened,FALSE,LOW,normal,1
07:52:00,7,1,9,day,112,EXC005,Excavator,OP1044,4723.5,34.8,Windy,8.85,1518,91.1,78.4,23.4,10.85,2.97,9.01,0.93,1,19.9,Fastened,FALSE,LOW,normal,1
07:54:00,7,1,9,day,114,EXC005,Excavator,OP1044,4723.5,34.8,Windy,8.72,1541,84.8,78.4,46.5,10.03,1.89,6.24,1.02,0,17.3,Fastened,FALSE,LOW,normal,1
07:56:00,7,1,9,day,116,EXC005,Excavator,OP1044,4723.5,34.8,Windy,4.96,1666,89.4,78.3,36.3,12.14,2.47,8.63,0.04,4,6.6,Fastened,FALSE,MEDIUM,normal,1
07:58:00,7,1,9,day,118,EXC005,Excavator,OP1044,4723.5,34.8,Windy,3.69,1145,84.1,78.2,33.6,13.25,3.18,9.87,0.75,2,22.6,Fastened,FALSE,LOW,normal,1
08:00:00,8,1,9,day,120,EXC005,Excavator,OP1044,4723.5,34.8,Windy,6.01,975,87,78.2,32.5,8,2.6,6.25,0.9,0,29.3,Fastened,FALSE,LOW,normal,1
08:02:00,8,1,9,day,122,EXC005,Excavator,OP1044,4723.5,34.8,Windy,3.99,1423,85.5,78.1,28.6,12.06,2.97,9.46,0.81,0,16.9,Fastened,FALSE,LOW,normal,1
08:04:00,8,1,9,day,124,EXC005,Excavator,OP1044,4723.5,34.8,Windy,4.88,1419,84.3,78,26.2,8.75,3.19,7.29,0.88,0,22.2,Fastened,FALSE,LOW,normal,1
08:06:00,8,1,9,day,126,EXC005,Excavator,OP1044,4723.5,34.8,Windy,4.3,1347,88.1,77.9,16.3,14.21,2.95,12.37,1.04,1,12.7,Fastened,FALSE,LOW,normal,1
08:08:00,8,1,9,day,128,EXC005,Excavator,OP1044,4723.5,34.8,Windy,8.13,1821,84.8,77.9,34.6,13.13,2.89,9.59,0.21,1,5.3,Fastened,FALSE,MEDIUM,normal,1
08:10:00,8,1,9,day,130,EXC005,Excavator,OP1044,4723.6,34.8,Windy,3.96,1305,90.1,77.8,29.3,10.77,3.15,8.54,0.69,2,12.1,Fastened,FALSE,LOW,normal,1
08:12:00,8,1,9,day,132,EXC005,Excavator,OP1044,4723.6,34.8,Windy,8.77,1943,86.6,77.7,40.2,10.35,2.86,7.34,0.91,0,11.8,Fastened,FALSE,LOW,normal,1
08:14:00,8,1,9,day,134,EXC005,Excavator,OP1044,4723.6,34.8,Windy,7.77,1788,86.6,77.7,39,11.58,2.54,8.05,0.82,2,13.6,Fastened,FALSE,LOW,normal,1
08:16:00,8,1,9,day,136,EXC005,Excavator,OP1044,4723.6,34.8,Windy,6.58,1519,86.3,77.6,42.3,10.57,2.88,7.32,0.49,1,24.7,Fastened,FALSE,LOW,normal,1
08:18:00,8,1,9,day,138,EXC005,Excavator,OP1044,4723.6,34.8,Windy,6.28,908,86.2,77.5,36.4,10.34,2.6,7.52,0.66,4,19.9,Fastened,FALSE,LOW,normal,1
08:20:00,8,1,9,day,140,EXC005,Excavator,OP1044,4723.6,34.8,Windy,3.47,1825,87.9,77.5,34.8,13.89,2.93,10.08,0.6,3,12.9,Fastened,FALSE,LOW,normal,1
08:22:00,8,1,9,day,142,EXC005,Excavator,OP1044,4723.6,34.8,Windy,4.47,1676,83.8,77.4,30.2,13.11,3.63,10.25,0.95,0,10.2,Fastened,FALSE,LOW,normal,1
08:24:00,8,1,9,day,144,EXC005,Excavator,OP1044,4723.6,34.8,Windy,4.95,1624,87.2,77.3,45.9,11.3,2.34,7.19,0.77,2,17.2,Fastened,FALSE,LOW,normal,1
08:26:00,8,1,9,day,146,EXC005,Excavator,OP1044,4723.6,34.8,Windy,6.03,1327,84,77.2,33.8,10.85,3.2,8.26,0.56,2,22.3,Fastened,FALSE,LOW,normal,1
08:28:00,8,1,9,day,148,EXC005,Excavator,OP1044,4723.7,34.8,Windy,6.93,1373,85.8,77.1,27.4,14.53,3.19,11.42,1.07,1,19.2,Fastened,FALSE,LOW,normal,1
08:30:00,8,1,9,day,150,EXC005,Excavator,OP1044,4723.7,34.8,Windy,7.53,1632,84.2,77.1,46.4,15.3,2.76,9.48,0.76,0,18.8,Fastened,FALSE,LOW,normal,1
08:32:00,8,1,9,day,152,EXC005,Excavator,OP1044,4723.7,34.8,Windy,5.43,1135,81,77,36.7,9.74,3.61,7.49,0.72,1,21.5,Fastened,FALSE,LOW,normal,1
08:34:00,8,1,9,day,154,EXC005,Excavator,OP1044,4723.7,34.8,Windy,7.01,1041,87.9,76.9,27.2,13.64,3.48,10.88,0.61,0,13.3,Fastened,FALSE,LOW,normal,1
08:36:00,8,1,9,day,156,EXC005,Excavator,OP1044,4723.7,34.8,Windy,3.14,1962,85.2,76.8,35.7,12.16,2.93,8.86,0.67,2,26.6,Fastened,FALSE,LOW,normal,1
08:38:00,8,1,9,day,158,EXC005,Excavator,OP1044,4723.7,34.8,Windy,3.02,968,86.2,76.8,16.5,11.35,2.59,9.9,0.81,2,15.8,Fastened,FALSE,LOW,normal,1
08:40:00,8,1,9,day,160,EXC005,Excavator,OP1044,4723.7,34.8,Windy,6.72,1257,85.5,76.7,37.8,14.17,3.19,10.02,0.35,4,19.6,Fastened,FALSE,LOW,normal,1
08:42:00,8,1,9,day,162,EXC005,Excavator,OP1044,4723.7,34.8,Windy,4.85,1367,82.9,76.6,38,12.35,3.73,9.07,0.51,3,22.8,Fastened,FALSE,LOW,normal,1
08:44:00,8,1,9,day,164,EXC005,Excavator,OP1044,4723.7,34.8,Windy,4.02,1266,88,76.5,35.3,10.8,2.29,7.8,0.56,4,23.2,Fastened,FALSE,LOW,normal,1
08:46:00,8,1,9,day,166,EXC005,Excavator,OP1044,4723.7,34.8,Windy,5.14,1436,89.6,76.5,29.1,10.51,2.59,8.21,0.41,4,21.7,Fastened,FALSE,LOW,normal,1
08:48:00,8,1,9,day,168,EXC005,Excavator,OP1044,4723.8,34.8,Windy,6.8,1614,86.3,76.4,25.5,12.22,2.61,9.77,1.3,3,22.1,Fastened,FALSE,LOW,normal,1
08:50:00,8,1,9,day,170,EXC005,Excavator,OP1044,4723.8,34.8,Windy,5.71,1585,84,76.3,29.1,13.36,3.11,10.38,0.75,4,8.4,Fastened,FALSE,LOW,normal,1
08:52:00,8,1,9,day,172,EXC005,Excavator,OP1044,4723.8,34.8,Windy,3.59,1341,87.6,76.2,31,14.14,2.89,10.65,1.3,1,14.2,Fastened,FALSE,LOW,normal,1
08:54:00,8,1,9,day,174,EXC005,Excavator,OP1044,4723.8,34.8,Windy,4.42,1676,89.7,76.1,45.5,15.33,3.16,9.79,0.57,1,23.2,Fastened,FALSE,LOW,normal,1
08:56:00,8,1,9,day,176,EXC005,Excavator,OP1044,4723.8,34.8,Windy,5.12,1685,81.4,76.1,27.2,10.15,3.51,8.34,0.77,3,27.5,Fastened,FALSE,LOW,normal,1
08:58:00,8,1,9,day,178,EXC005,Excavator,OP1044,4723.8,34.8,Windy,5.83,1547,88.2,76,39.2,13.09,3.21,9.22,0.79,3,22.2,Unfastened,TRUE,LOW,normal,1
09:00:00,9,1,9,day,180,EXC005,Excavator,OP1044,4723.8,34.8,Windy,2.48,1321,85.9,75.9,45.9,8,3.05,5.73,1.17,0,11,Fastened,FALSE,LOW,normal,1
09:02:00,9,1,9,day,182,EXC005,Excavator,OP1044,4723.8,34.8,Windy,4.17,1090,87.1,75.8,22.5,13.55,3.64,11.32,0.45,2,10.6,Fastened,FALSE,LOW,normal,1
09:04:00,9,1,9,day,184,EXC005,Excavator,OP1044,4723.8,34.8,Windy,7.33,1535,89.2,75.8,51.1,9.67,2.64,6.08,0.41,2,32,Fastened,FALSE,LOW,normal,1
09:06:00,9,1,9,day,186,EXC005,Excavator,OP1044,4723.8,34.8,Windy,10.14,1804,87.4,75.7,26.2,12.93,2.11,10.1,0.34,4,7.7,Fastened,FALSE,MEDIUM,normal,1
09:08:00,9,1,9,day,188,EXC005,Excavator,OP1044,4723.9,34.8,Windy,4.07,1391,86,75.6,28.8,10.9,3,8.62,0.5,2,7.5,Fastened,FALSE,MEDIUM,normal,1
09:10:00,9,1,9,day,190,EXC005,Excavator,OP1044,4723.9,34.8,Windy,2.93,1440,88.7,75.6,49.7,11.5,2.68,7.12,0.88,2,20.5,Fastened,FALSE,LOW,normal,1
09:12:00,9,1,9,day,192,EXC005,Excavator,OP1044,4723.9,34.8,Windy,6.81,1819,83.8,75.5,23,11.69,2.94,9.68,0.44,1,17.6,Fastened,FALSE,LOW,normal,1
09:14:00,9,1,9,day,194,EXC005,Excavator,OP1044,4723.9,34.8,Windy,6.36,1498,85.8,75.4,37.2,10.96,3.19,8.07,0.65,3,14.6,Fastened,FALSE,LOW,normal,1
09:16:00,9,1,9,day,196,EXC005,Excavator,OP1044,4723.9,34.8,Windy,6.96,1578,88.5,75.3,26.9,11.99,3.14,9.61,1.42,2,18.7,Fastened,FALSE,LOW,normal,1
09:18:00,9,1,9,day,198,EXC005,Excavator,OP1044,4723.9,34.8,Windy,6.83,1341,84.8,75.3,32.3,11.22,3.2,8.63,0.74,3,18.8,Fastened,FALSE,LOW,normal,1
09:20:00,9,1,9,day,200,EXC005,Excavator,OP1044,4723.9,34.8,Windy,4.79,1787,83.7,75.2,33.6,14.01,3.15,10.36,0.87,0,17.1,Fastened,FALSE,LOW,normal,1
09:22:00,9,1,9,day,202,EXC005,Excavator,OP1044,4723.9,34.8,Windy,4.1,1568,89.8,75.1,31.9,14.12,2.49,10.41,0.74,0,27.4,Fastened,FALSE,LOW,normal,1
09:24:00,9,1,9,day,204,EXC005,Excavator,OP1044,4723.9,34.8,Windy,7.93,1565,92.2,75,31.6,9.82,3.16,7.72,0.6,4,33.7,Fastened,FALSE,LOW,normal,1
09:26:00,9,1,9,day,206,EXC005,Excavator,OP1044,4723.9,34.8,Windy,5.04,1548,88.4,75,41.1,10.45,2.45,7.16,0.48,3,10.5,Fastened,FALSE,LOW,normal,1
09:28:00,9,1,9,day,208,EXC005,Excavator,OP1044,4724,34.8,Windy,2.5,1380,88.4,74.9,32.7,12.67,2.01,9.18,0.42,0,26.7,Fastened,FALSE,LOW,normal,1
09:30:00,9,1,9,day,210,EXC005,Excavator,OP1044,4724,34.8,Windy,10.53,2258,85.7,74.8,32.7,13.2,2.55,9.72,0.96,1,14.1,Fastened,FALSE,LOW,normal,1
09:32:00,9,1,9,day,212,EXC005,Excavator,OP1044,4724,34.8,Windy,7.96,1363,85.1,74.7,33.2,13.44,2.74,9.89,0.82,1,19.1,Unfastened,TRUE,LOW,normal,1
09:34:00,9,1,9,day,214,EXC005,Excavator,OP1044,4724,34.8,Windy,2.35,895,86.8,74.7,34.5,9.3,2.43,6.93,0.59,3,16.9,Fastened,FALSE,LOW,normal,1
09:36:00,9,1,9,day,216,EXC005,Excavator,OP1044,4724,34.8,Windy,4.88,1380,85.1,74.6,29,10.32,3.04,8.21,0.58,2,14.6,Fastened,FALSE,LOW,normal,1
09:38:00,9,1,9,day,218,EXC005,Excavator,OP1044,4724,34.8,Windy,5.08,1145,87.6,74.5,58.5,13.06,3.44,7.43,0.4,3,11.7,Fastened,FALSE,LOW,normal,1
09:40:00,9,1,9,day,220,EXC005,Excavator,OP1044,4724,34.8,Windy,0.18,1226,84.7,74.5,46.9,14.99,2.73,2.87,1.17,4,10.2,Fastened,FALSE,LOW,excessive_idle,-1
09:42:00,9,1,9,day,222,EXC005,Excavator,OP1044,4724,34.8,Windy,0.07,1843,90.9,74.4,73.1,14.25,2.41,2.53,0.49,3,16,Fastened,FALSE,LOW,excessive_idle,-1
09:44:00,9,1,9,day,224,EXC005,Excavator,OP1044,4724,34.8,Windy,0.77,1236,94.2,74.3,49.9,10.35,2.73,2.87,0.5,2,29.4,Fastened,FALSE,LOW,excessive_idle,-1
09:46:00,9,1,9,day,226,EXC005,Excavator,OP1044,4724,34.8,Windy,0,1202,85.5,74.2,57.7,10.17,4.11,4.32,0.66,1,8.6,Fastened,FALSE,LOW,excessive_idle,-1
09:48:00,9,1,9,day,228,EXC005,Excavator,OP1044,4724.1,34.8,Windy,0.28,2150,91.8,74.2,58.6,11.97,2.8,2.94,0.93,4,24,Fastened,FALSE,LOW,excessive_idle,-1
09:50:00,9,1,9,day,230,EXC005,Excavator,OP1044,4724.1,34.8,Windy,0.1,1387,85.2,74.1,60.8,12.15,1.99,2.09,1.34,1,11.4,Fastened,FALSE,LOW,excessive_idle,-1
09:52:00,9,1,9,day,232,EXC005,Excavator,OP1044,4724.1,34.8,Windy,0.28,2092,83.6,74,61.2,11.33,2.92,3.07,0.45,1,24.6,Fastened,FALSE,LOW,excessive_idle,-1
09:54:00,9,1,9,day,234,EXC005,Excavator,OP1044,4724.1,34.8,Windy,0.75,1588,89.3,74,51,10.63,2.42,2.54,0.73,2,0.5,Fastened,FALSE,MEDIUM,excessive_idle,-1
09:56:00,9,1,9,day,236,EXC005,Excavator,OP1044,4724.1,34.8,Windy,0,1315,87.2,73.9,58.4,11.69,4.19,4.4,0.42,4,29.6,Fastened,FALSE,LOW,excessive_idle,-1
09:58:00,9,1,9,day,238,EXC005,Excavator,OP1044,4724.1,34.8,Windy,0.58,2288,88.8,73.8,51.1,12.02,3.4,3.57,0.62,2,12.6,Fastened,FALSE,LOW,excessive_idle,-1
10:00:00,10,1,9,day,240,EXC005,Excavator,OP1044,4724.1,34.8,Windy,0.38,2006,93.3,73.7,51.5,12.06,2.4,2.52,0.35,3,10.2,Fastened,FALSE,LOW,excessive_idle,-1
10:02:00,10,1,9,day,242,EXC005,Excavator,OP1044,4724.1,34.8,Windy,0,1312,88.4,73.7,48.1,12.98,2.64,2.77,0.49,3,15.1,Fastened,FALSE,LOW,excessive_idle,-1
10:04:00,10,1,9,day,244,EXC005,Excavator,OP1044,4724.1,34.8,Windy,0.5,1499,84.5,73.6,57.2,12.33,2.76,2.9,1.11,4,19.9,Fastened,FALSE,LOW,excessive_idle,-1
10:06:00,10,1,9,day,246,EXC005,Excavator,OP1044,4724.1,34.8,Windy,0,1576,89,73.5,48.3,10.15,3.04,3.19,0.95,0,10.2,Fastened,FALSE,LOW,excessive_idle,-1
10:08:00,10,1,9,day,248,EXC005,Excavator,OP1044,4724.2,34.8,Windy,0.45,1312,88.3,73.5,65.9,12.08,3.05,3.2,0.38,3,23.8,Unfastened,FALSE,LOW,excessive_idle,-1
10:10:00,10,1,9,day,250,EXC005,Excavator,OP1044,4724.2,34.8,Windy,0.56,1325,87.6,73.4,49,15.86,2.25,2.36,0.75,2,16.5,Fastened,FALSE,LOW,excessive_idle,-1
10:12:00,10,1,9,day,252,EXC005,Excavator,OP1044,4724.2,34.8,Windy,0,1233,84.7,73.3,56.7,11.8,4.04,4.24,0.18,2,9.9,Fastened,FALSE,LOW,excessive_idle,-1
10:14:00,10,1,9,day,254,EXC005,Excavator,OP1044,4724.2,34.8,Windy,0.53,1450,90.1,73.2,60.2,13.34,3.61,3.79,0.45,4,31.7,Fastened,FALSE,LOW,excessive_idle,-1
10:16:00,10,1,9,day,256,EXC005,Excavator,OP1044,4724.2,34.8,Windy,0.87,1495,80.5,73.1,55.4,12.51,3.33,3.5,0.57,4,12.5,Fastened,FALSE,LOW,excessive_idle,-1
10:18:00,10,1,9,day,258,EXC005,Excavator,OP1044,4724.2,34.8,Windy,6.89,1500,85.7,73,37.5,12,3.15,8.68,0.39,2,16.3,Fastened,FALSE,LOW,normal,1
10:20:00,10,1,9,day,260,EXC005,Excavator,OP1044,4724.2,34.8,Windy,4.84,1610,88.5,72.9,11.9,13.59,3.47,12.39,0.98,4,19.1,Fastened,FALSE,LOW,normal,1
10:22:00,10,1,9,day,262,EXC005,Excavator,OP1044,4724.2,34.8,Windy,2.62,1391,84.8,72.9,37.6,13.9,4.23,10.26,0.4,1,21.4,Fastened,FALSE,LOW,normal,1
10:24:00,10,1,9,day,264,EXC005,Excavator,OP1044,4724.2,34.8,Windy,7.54,1077,85.2,72.8,44.8,13.71,2.44,8.66,0.57,4,15.7,Unfastened,TRUE,LOW,normal,1
10:26:00,10,1,9,day,266,EXC005,Excavator,OP1044,4724.2,34.8,Windy,3.82,1296,83,72.7,33.3,10.2,1.5,7.3,0.5,1,10,Fastened,FALSE,LOW,normal,1
10:28:00,10,1,9,day,268,EXC005,Excavator,OP1044,4724.3,34.8,Windy,4.06,1241,88.6,72.7,43.1,13.12,3.65,9.04,0.61,4,21.2,Fastened,FALSE,LOW,normal,1
10:30:00,10,1,9,day,270,EXC005,Excavator,OP1044,4724.3,34.8,Windy,3.83,1212,84.6,72.5,26.2,16.03,3.13,12.65,0.41,2,14.1,Unfastened,TRUE,LOW,normal,1
10:32:00,10,1,9,day,272,EXC005,Excavator,OP1044,4724.3,34.8,Windy,4.57,1458,85.2,72.5,22.5,9.62,2.53,8.02,1.02,0,22.3,Unfastened,TRUE,LOW,normal,1
10:34:00,10,1,9,day,274,EXC005,Excavator,OP1044,4724.3,34.8,Windy,6.12,1150,84.3,72.4,30.4,15.18,3.57,11.65,0.45,1,23.4,Fastened,FALSE,LOW,normal,1
10:36:00,10,1,9,day,276,EXC005,Excavator,OP1044,4724.3,34.8,Windy,6.14,1685,88.2,72.3,43.8,14.29,2.76,9.24,0.39,0,13.1,Fastened,FALSE,LOW,normal,1
10:38:00,10,1,9,day,278,EXC005,Excavator,OP1044,4724.3,34.8,Windy,6.58,1439,86.7,72.2,16.2,10.1,3.3,9,0.61,4,21,Fastened,FALSE,LOW,normal,1
10:40:00,10,1,9,day,280,EXC005,Excavator,OP1044,4724.3,34.8,Windy,9.43,1082,88.5,72.2,41.6,12.73,2.28,8.38,1.18,2,19.8,Fastened,FALSE,LOW,normal,1
10:42:00,10,1,9,day,282,EXC005,Excavator,OP1044,4724.3,34.8,Windy,3.96,891,89.3,72.1,33.4,12.68,3.05,9.46,0.62,3,8.6,Fastened,FALSE,LOW,normal,1
10:44:00,10,1,9,day,284,EXC005,Excavator,OP1044,4724.3,34.8,Windy,4.22,1478,88.4,72,40.3,12.78,3.03,8.85,0.52,4,18.5,Fastened,FALSE,LOW,normal,1
10:46:00,10,1,9,day,286,EXC005,Excavator,OP1044,4724.3,34.8,Windy,6.71,1226,84.6,71.9,40.9,11.75,2.91,8.13,0.38,1,27,Fastened,FALSE,LOW,normal,1
10:48:00,10,1,9,day,288,EXC005,Excavator,OP1044,4724.4,34.8,Windy,5.17,1785,87.4,71.9,26.8,11.45,3.15,9.23,0.42,1,15.9,Fastened,FALSE,LOW,normal,1
10:50:00,10,1,9,day,290,EXC005,Excavator,OP1044,4724.4,34.8,Windy,5.96,1396,87.6,71.8,31.9,14.09,4.02,10.88,0.67,2,23.3,Fastened,FALSE,LOW,normal,1
10:52:00,10,1,9,day,292,EXC005,Excavator,OP1044,4724.4,34.8,Windy,8.03,1326,88.2,71.7,38.7,11.72,2.76,8.25,1.13,3,3.7,Fastened,FALSE,MEDIUM,normal,1
10:54:00,10,1,9,day,294,EXC005,Excavator,OP1044,4724.4,34.8,Windy,4.37,1572,86.5,71.6,35.5,11.01,2.66,8.05,0.78,0,34.8,Fastened,FALSE,LOW,normal,1
10:56:00,10,1,9,day,296,EXC005,Excavator,OP1044,4724.4,34.8,Windy,4.77,1800,87.5,71.6,42.1,13.08,2.94,8.81,0.38,4,11.4,Unfastened,TRUE,LOW,normal,1
10:58:00,10,1,9,day,298,EXC005,Excavator,OP1044,4724.4,34.8,Windy,8.61,1940,91.1,71.5,33.9,11.15,3.49,8.55,0.63,2,13.8,Fastened,FALSE,LOW,normal,1
11:00:00,11,1,9,day,300,EXC005,Excavator,OP1044,4724.4,34.8,Windy,7.61,1164,83.7,71.4,55.8,12.44,2.52,6.9,0.92,1,10.1,Fastened,FALSE,LOW,normal,1
11:02:00,11,1,9,day,302,EXC005,Excavator,OP1044,4724.4,34.8,Windy,5.97,1772,80.3,71.4,52.5,10.21,3.2,6.53,0.91,2,16.6,Fastened,FALSE,LOW,normal,1
11:04:00,11,1,9,day,304,EXC005,Excavator,OP1044,4724.4,34.8,Windy,4.94,1230,86.9,71.3,40.5,11.98,2.27,8.05,0.91,3,9.4,Fastened,FALSE,LOW,normal,1
11:06:00,11,1,9,day,306,EXC005,Excavator,OP1044,4724.5,34.8,Windy,5.19,1348,85.5,71.2,40.5,12.73,3.23,8.88,0.79,1,20.5,Fastened,FALSE,LOW,normal,1
11:08:00,11,1,9,day,308,EXC005,Excavator,OP1044,4724.5,34.8,Windy,7.01,1133,89,71.2,24.7,8.51,3.15,7.19,0.66,2,23,Fastened,FALSE,LOW,normal,1
11:10:00,11,1,9,day,310,EXC005,Excavator,OP1044,4724.5,34.8,Windy,0.51,1854,82,71.1,31.3,13.16,3.08,10,1.01,0,10,Fastened,FALSE,LOW,normal,1
11:12:00,11,1,9,day,312,EXC005,Excavator,OP1044,4724.5,34.8,Windy,5.79,1054,87.7,71,28.2,11.79,3.12,9.35,0.69,1,4.3,Fastened,FALSE,MEDIUM,normal,1
11:14:00,11,1,9,day,314,EXC005,Excavator,OP1044,4724.5,34.8,Windy,4.34,1665,88,70.9,25.7,12.98,3.11,10.44,0.48,1,31.5,Fastened,FALSE,LOW,normal,1
11:16:00,11,1,9,day,316,EXC005,Excavator,OP1044,4724.5,34.8,Windy,2.2,1553,85,70.9,50.7,13.63,2.82,8.15,0.7,3,15.5,Fastened,FALSE,LOW,normal,1
11:18:00,11,1,9,day,318,EXC005,Excavator,OP1044,4724.5,34.8,Windy,5.98,644,92.2,70.8,31.3,11.17,3.16,8.66,0.83,4,19.2,Fastened,FALSE,LOW,normal,1
11:20:00,11,1,9,day,320,EXC005,Excavator,OP1044,4724.5,34.8,Windy,3.24,1907,86.1,70.7,45.5,26.45,3.14,26.45,0.72,2,21.7,Unfastened,TRUE,LOW,high_fuel,-1
11:22:00,11,1,9,day,322,EXC005,Excavator,OP1044,4724.5,34.8,Windy,5.9,1853,88.1,70.7,41,22.29,2.74,22.29,0.53,0,22.7,Fastened,FALSE,LOW,high_fuel,-1
11:24:00,11,1,9,day,324,EXC005,Excavator,OP1044,4724.5,34.8,Windy,5.89,1576,92.8,70.6,36.5,18.76,3.01,18.76,0.59,0,10.8,Fastened,FALSE,LOW,high_fuel,-1
11:26:00,11,1,9,day,326,EXC005,Excavator,OP1044,4724.6,34.8,Windy,6.64,1482,89.5,70.5,26.8,18.43,2.78,18.43,0.77,3,22.4,Fastened,FALSE,LOW,high_fuel,-1
11:28:00,11,1,9,day,328,EXC005,Excavator,OP1044,4724.6,34.8,Windy,7.13,1232,91.5,70.4,32.3,28.27,2.81,28.27,0.13,0,19.7,Fastened,FALSE,LOW,high_fuel,-1
11:30:00,11,1,9,day,330,EXC005,Excavator,OP1044,4724.6,34.8,Windy,5.55,1635,91,70.4,30.8,24.27,3.84,24.27,0.26,2,15,Fastened,FALSE,LOW,high_fuel,-1
11:32:00,11,1,9,day,332,EXC005,Excavator,OP1044,4724.6,34.8,Windy,4.41,970,86.8,70.3,27.8,30.64,2.15,30.64,0.43,0,26.7,Fastened,FALSE,LOW,high_fuel,-1
11:34:00,11,1,9,day,334,EXC005,Excavator,OP1044,4724.6,34.8,Windy,3.44,1435,87.9,70.2,40.2,19.37,2.85,19.37,1.07,2,9.9,Fastened,FALSE,LOW,high_fuel,-1
11:36:00,11,1,9,day,336,EXC005,Excavator,OP1044,4724.6,34.8,Windy,2.84,935,82.6,70.1,33.9,28.54,2.55,28.54,0.71,3,13.4,Fastened,FALSE,LOW,high_fuel,-1
11:38:00,11,1,9,day,338,EXC005,Excavator,OP1044,4724.6,34.8,Windy,6.85,1687,86.6,70,38.1,23.97,3.89,23.97,0.75,4,27,Fastened,FALSE,LOW,high_fuel,-1
11:40:00,11,1,9,day,340,EXC005,Excavator,OP1044,4724.6,34.8,Windy,3.8,1716,92.6,70,47.4,22.11,2.63,22.11,0.9,3,12.4,Unfastened,TRUE,LOW,high_fuel,-1
11:42:00,11,1,9,day,342,EXC005,Excavator,OP1044,4724.6,34.8,Windy,3.78,1624,88,69.9,39.5,24.63,2.61,24.63,0.83,2,21.8,Fastened,FALSE,LOW,high_fuel,-1
11:44:00,11,1,9,day,344,EXC005,Excavator,OP1044,4724.6,34.8,Windy,5.57,1571,86.9,69.8,28.8,19.99,3.54,19.99,0.52,0,24.7,Fastened,FALSE,LOW,high_fuel,-1
11:46:00,11,1,9,day,346,EXC005,Excavator,OP1044,4724.7,34.8,Windy,8.24,1442,86.7,69.8,43.3,21.95,2.96,21.95,0.67,0,28.5,Fastened,FALSE,LOW,high_fuel,-1
11:48:00,11,1,9,day,348,EXC005,Excavator,OP1044,4724.7,34.8,Windy,4.57,1800,87.4,69.7,38.8,19.78,3.03,19.78,0.76,1,33,Fastened,FALSE,LOW,high_fuel,-1
11:50:00,11,1,9,day,350,EXC005,Excavator,OP1044,4724.7,34.8,Windy,2.39,1276,87.4,69.6,36.1,31.76,2.81,31.76,0.63,0,18.9,Unfastened,TRUE,LOW,high_fuel,-1
11:52:00,11,1,9,day,352,EXC005,Excavator,OP1044,4724.7,34.8,Windy,3.58,1083,87.5,69.5,33.7,21.87,3.21,21.87,0.51,0,16.6,Fastened,FALSE,LOW,high_fuel,-1
11:54:00,11,1,9,day,354,EXC005,Excavator,OP1044,4724.7,34.8,Windy,8.33,1234,82.8,69.5,50.1,21.38,3.27,21.38,0.6,3,23.8,Unfastened,TRUE,LOW,high_fuel,-1
11:56:00,11,1,9,day,356,EXC005,Excavator,OP1044,4724.7,34.8,Windy,2.88,1374,87.7,69.4,40.5,23.13,2.78,23.13,0.53,4,13.7,Fastened,FALSE,LOW,high_fuel,-1
11:58:00,11,1,9,day,358,EXC005,Excavator,OP1044,4724.7,34.8,Windy,6.94,1624,88.4,69.4,26.4,23.59,2.6,23.59,0.71,1,21.8,Fastened,FALSE,LOW,high_fuel,-1
12:00:00,12,1,9,day,360,EXC005,Excavator,OP1044,4724.7,34.8,Windy,4.85,1778,86.2,69.3,39.2,21.33,3.47,21.33,0.68,1,6.6,Fastened,FALSE,MEDIUM,high_fuel,-1
12:02:00,12,1,9,day,362,EXC005,Excavator,OP1044,4724.7,34.8,Windy,7.7,1075,84,69.2,19.3,22.82,3.13,22.82,0.26,0,8.7,Fastened,FALSE,LOW,high_fuel,-1
12:04:00,12,1,9,day,364,EXC005,Excavator,OP1044,4724.7,34.8,Windy,4.7,1484,86.3,69.1,26.9,27.41,2.9,27.41,0.4,2,17.3,Fastened,FALSE,LOW,high_fuel,-1
12:06:00,12,1,9,day,366,EXC005,Excavator,OP1044,4724.8,34.8,Windy,5.93,1248,82.9,69,25,24.72,2.93,24.72,0.69,0,16.5,Unfastened,TRUE,LOW,high_fuel,-1
12:08:00,12,1,9,day,368,EXC005,Excavator,OP1044,4724.8,34.8,Windy,6.3,1571,88.5,68.9,24.1,12.12,2.69,9.85,0.54,3,1.6,Fastened,TRUE,HIGH,normal,1
12:10:00,12,1,9,day,370,EXC005,Excavator,OP1044,4724.8,34.8,Windy,5.64,1252,82.8,68.8,28.3,11.28,3.21,9,0.57,3,13.4,Fastened,FALSE,LOW,normal,1
12:12:00,12,1,9,day,372,EXC005,Excavator,OP1044,4724.8,34.8,Windy,5.11,1756,88.4,68.8,44.7,13.84,3.64,9.28,1.06,3,27.1,Fastened,FALSE,LOW,normal,1
12:14:00,12,1,9,day,374,EXC005,Excavator,OP1044,4724.8,34.8,Windy,6.86,2010,89.1,68.7,39.5,11.71,1.76,7.78,1.04,0,10,Fastened,FALSE,LOW,normal,1
12:16:00,12,1,9,day,376,EXC005,Excavator,OP1044,4724.8,34.8,Windy,4.8,1627,90.1,68.6,25.3,13.31,2.69,10.62,0.76,3,0.5,Fastened,FALSE,MEDIUM,normal,1
12:18:00,12,1,9,day,378,EXC005,Excavator,OP1044,4724.8,34.8,Windy,6.43,1407,89.1,68.6,32.2,9.86,3.49,7.81,0.89,3,24.3,Fastened,FALSE,LOW,normal,1
12:20:00,12,1,9,day,380,EXC005,Excavator,OP1044,4724.8,34.8,Windy,4.88,1249,90.6,68.5,24.1,8.5,2.88,7.15,0.81,0,14,Fastened,FALSE,LOW,normal,1
12:22:00,12,1,9,day,382,EXC005,Excavator,OP1044,4724.8,34.8,Windy,11.75,2583,86.1,68.4,36.4,12.33,2.99,8.93,2.87,4,27.4,Fastened,FALSE,LOW,overspeed,-1
12:24:00,12,1,9,day,384,EXC005,Excavator,OP1044,4724.8,34.8,Windy,12.63,2317,87.3,68.4,32.8,10.58,3.73,8.33,2.07,2,26.6,Fastened,FALSE,LOW,overspeed,-1
12:26:00,12,1,9,day,386,EXC005,Excavator,OP1044,4724.9,34.8,Windy,14.06,2883,80.8,68.3,26.8,9.68,3.57,8.04,2.97,3,16,Fastened,FALSE,LOW,overspeed,-1
12:28:00,12,1,9,day,388,EXC005,Excavator,OP1044,4724.9,34.8,Windy,14.94,2362,88.5,68.2,33.4,12.45,3.66,9.51,2.29,3,34,Fastened,FALSE,LOW,overspeed,-1
12:30:00,12,1,9,day,390,EXC005,Excavator,OP1044,4724.9,34.8,Windy,14.04,2039,87.1,68.1,19.4,9.51,3.97,8.44,2.84,2,7.2,Fastened,FALSE,MEDIUM,overspeed,-1
12:32:00,12,1,9,day,392,EXC005,Excavator,OP1044,4724.9,34.8,Windy,12.42,2436,83.2,68.1,49.5,11.27,2.74,7.05,3.64,4,22.6,Fastened,FALSE,LOW,overspeed,-1
12:34:00,12,1,9,day,394,EXC005,Excavator,OP1044,4724.9,34.8,Windy,10.95,2136,78.9,68,32,12.1,3.11,9.22,2.24,0,14.7,Fastened,FALSE,LOW,overspeed,-1
12:36:00,12,1,9,day,396,EXC005,Excavator,OP1044,4724.9,34.8,Windy,5.07,1255,87.6,67.9,39,11.82,3.51,8.58,1.09,1,24.3,Fastened,FALSE,LOW,normal,1
12:38:00,12,1,9,day,398,EXC005,Excavator,OP1044,4724.9,34.8,Windy,5.17,1524,85.6,67.9,37.4,11.71,2.41,8.23,0.99,1,5.9,Unfastened,TRUE,MEDIUM,normal,1
12:40:00,12,1,9,day,400,EXC005,Excavator,OP1044,4724.9,34.8,Windy,4.11,1834,87.7,67.8,27.6,12.37,2.76,9.72,0.84,0,22.3,Fastened,FALSE,LOW,normal,1
12:42:00,12,1,9,day,402,EXC005,Excavator,OP1044,4724.9,34.8,Windy,6.68,1564,85.8,67.7,35.2,8.64,2.43,6.45,0.7,0,17.9,Fastened,FALSE,LOW,normal,1
12:44:00,12,1,9,day,404,EXC005,Excavator,OP1044,4724.9,34.8,Windy,7.36,1276,91.1,67.7,35.1,11.65,2.59,8.47,0.66,2,16.2,Fastened,FALSE,LOW,normal,1
12:46:00,12,1,9,day,406,EXC005,Excavator,OP1044,4725,34.8,Windy,7.47,1628,83.6,67.6,25.2,11.06,3.09,9.05,0.56,4,30.4,Fastened,FALSE,LOW,normal,1
12:48:00,12,1,9,day,408,EXC005,Excavator,OP1044,4725,34.8,Windy,6.76,1432,86.5,67.5,36.9,14.18,2.48,9.86,1.11,2,10.5,Fastened,FALSE,LOW,normal,1
12:50:00,12,1,9,day,410,EXC005,Excavator,OP1044,4725,34.8,Windy,7.2,1749,93.3,67.4,46.9,14.28,2.99,8.98,0.49,3,26.7,Fastened,FALSE,LOW,normal,1
12:52:00,12,1,9,day,412,EXC005,Excavator,OP1044,4725,34.8,Windy,4.07,927,88.2,67.3,29.4,12.72,1.55,9.44,0.54,0,17.5,Fastened,FALSE,LOW,normal,1
12:54:00,12,1,9,day,414,EXC005,Excavator,OP1044,4725,34.8,Windy,5.66,1734,86.4,67.3,33,11.25,2.76,8.45,1.4,2,17,Fastened,FALSE,LOW,normal,1
12:56:00,12,1,9,day,416,EXC005,Excavator,OP1044,4725,34.8,Windy,5.4,1319,86.7,67.2,41.2,11.76,2.68,8.02,0.59,4,12.8,Fastened,FALSE,LOW,normal,1
12:58:00,12,1,9,day,418,EXC005,Excavator,OP1044,4725,34.8,Windy,4.85,1624,86.4,67.1,40.6,11.81,3.11,8.28,0.08,4,16.5,Fastened,FALSE,LOW,normal,1
13:00:00,13,1,9,day,420,EXC005,Excavator,OP1044,4725,34.8,Windy,5.07,1445,86.8,67.1,40.4,13.71,2.7,9.26,0.65,4,17.7,Fastened,FALSE,LOW,normal,1
13:02:00,13,1,9,day,422,EXC005,Excavator,OP1044,4725,34.8,Windy,1.82,1440,83.8,67,34.4,14.87,2.88,10.75,0.47,2,19.5,Fastened,FALSE,LOW,normal,1
13:04:00,13,1,9,day,424,EXC005,Excavator,OP1044,4725,34.8,Windy,2.92,1097,91.4,66.9,20.6,11.1,2.95,9.42,0.9,1,11.8,Unfastened,TRUE,LOW,normal,1
13:06:00,13,1,9,day,426,EXC005,Excavator,OP1044,4725.1,34.8,Windy,6.01,1447,88.5,66.8,31.1,9.01,4.16,7.5,1.09,2,28.2,Fastened,FALSE,LOW,normal,1
13:08:00,13,1,9,day,428,EXC005,Excavator,OP1044,4725.1,34.8,Windy,4.57,1743,88.8,66.8,41.9,11.16,3.32,7.88,0.32,3,28.2,Fastened,FALSE,LOW,normal,1
13:10:00,13,1,9,day,430,EXC005,Excavator,OP1044,4725.1,34.8,Windy,7.81,1818,87.1,66.7,37.4,15.5,3.15,10.88,0.79,1,21.2,Fastened,FALSE,LOW,normal,1
13:12:00,13,1,9,day,432,EXC005,Excavator,OP1044,4725.1,34.8,Windy,7.33,1147,91.5,66.6,34.8,11.83,1.85,8.36,0.93,2,24.6,Fastened,FALSE,LOW,normal,1
13:14:00,13,1,9,day,434,EXC005,Excavator,OP1044,4725.1,34.8,Windy,4.26,2129,86.7,66.5,34.6,13.62,2.92,9.92,0.48,1,15.5,Fastened,FALSE,LOW,normal,1
13:16:00,13,1,9,day,436,EXC005,Excavator,OP1044,4725.1,34.8,Windy,1.9,1518,87.9,66.4,32.7,13.51,2.06,9.77,0.43,3,16.7,Fastened,FALSE,LOW,normal,1
13:18:00,13,1,9,day,438,EXC005,Excavator,OP1044,4725.1,34.8,Windy,5.51,1488,78.2,66.4,36.8,10.77,3.27,8.01,0.88,0,12.9,Fastened,FALSE,LOW,normal,1
13:20:00,13,1,9,day,440,EXC005,Excavator,OP1044,4725.1,34.8,Windy,5.57,1605,85.7,66.3,26.1,13.77,2.37,10.79,0.44,3,6.4,Fastened,FALSE,MEDIUM,normal,1
13:22:00,13,1,9,day,442,EXC005,Excavator,OP1044,4725.1,34.8,Windy,6.47,1214,89.5,66.2,36,9.37,3.45,7.24,0.5,4,21.7,Fastened,FALSE,LOW,normal,1
13:24:00,13,1,9,day,444,EXC005,Excavator,OP1044,4725.2,34.8,Windy,5.83,1503,88.3,66.1,40.6,14.02,2.67,9.41,0.51,0,24.8,Fastened,FALSE,LOW,normal,1
13:26:00,13,1,9,day,446,EXC005,Excavator,OP1044,4725.2,34.8,Windy,3.85,1151,89.5,66.1,29.5,13.51,2.59,10.29,0.29,2,14.7,Fastened,FALSE,LOW,normal,1
13:28:00,13,1,9,day,448,EXC005,Excavator,OP1044,4725.2,34.8,Windy,5.54,1724,85.3,66,30.5,10.86,4.09,8.8,0.96,4,30.5,Fastened,FALSE,LOW,normal,1
13:30:00,13,1,9,day,450,EXC005,Excavator,OP1044,4725.2,34.8,Windy,4.59,1289,87.1,65.9,34.9,14.9,2.49,10.57,0.83,1,11,Fastened,FALSE,LOW,normal,1
13:32:00,13,1,9,day,452,EXC005,Excavator,OP1044,4725.2,34.8,Windy,1.37,1674,88.9,65.8,51.1,12.41,3.31,7.76,0.49,3,16.7,Fastened,FALSE,LOW,normal,1
13:34:00,13,1,9,day,454,EXC005,Excavator,OP1044,4725.2,34.8,Windy,2.64,1205,87.8,65.8,27.8,9.8,3.2,7.97,0.8,2,29,Fastened,FALSE,LOW,normal,1
13:36:00,13,1,9,day,456,EXC005,Excavator,OP1044,4725.2,34.8,Windy,5.27,1380,86.6,65.7,44.2,14,3.58,9.39,0.85,3,15,Fastened,FALSE,LOW,normal,1
13:38:00,13,1,9,day,458,EXC005,Excavator,OP1044,4725.2,34.8,Windy,6.35,1060,87.6,65.6,41.7,12.36,3.14,8.52,0.71,3,2.3,Fastened,TRUE,HIGH,normal,1
13:40:00,13,1,9,day,460,EXC005,Excavator,OP1044,4725.2,34.8,Windy,5.95,1565,87.8,65.5,34.6,13.51,2.13,9.57,0.88,0,16.3,Fastened,FALSE,LOW,normal,1
13:42:00,13,1,9,day,462,EXC005,Excavator,OP1044,4725.2,34.8,Windy,5.88,1637,88.2,65.5,36.1,10.17,3.31,7.69,1.2,0,17.8,Fastened,FALSE,LOW,normal,1
13:44:00,13,1,9,day,464,EXC005,Excavator,OP1044,4725.3,34.8,Windy,4.69,1281,83.5,65.4,33.8,9.48,3.74,7.54,0.83,4,19,Fastened,FALSE,LOW,normal,1
13:46:00,13,1,9,day,466,EXC005,Excavator,OP1044,4725.3,34.8,Windy,8.83,1313,88.2,65.3,36,14.76,2.51,10.35,0.71,0,27,Fastened,FALSE,LOW,normal,1
13:48:00,13,1,9,day,468,EXC005,Excavator,OP1044,4725.3,34.8,Windy,6.9,1481,87.5,65.2,24.5,11.91,3.79,9.92,0.91,4,4.9,Fastened,FALSE,MEDIUM,normal,1
13:50:00,13,1,9,day,470,EXC005,Excavator,OP1044,4725.3,34.8,Windy,5.66,815,90,65.2,38.1,10.62,2.87,7.67,0.82,2,21.8,Fastened,FALSE,LOW,normal,1
13:52:00,13,1,9,day,472,EXC005,Excavator,OP1044,4725.3,34.8,Windy,3.98,1527,83.9,65.1,37.6,12.57,3.43,9.13,0.87,2,17,Fastened,FALSE,LOW,normal,1
13:54:00,13,1,9,day,474,EXC005,Excavator,OP1044,4725.3,34.8,Windy,6.58,600,86.1,65,28.7,15.25,3.35,11.83,1.03,3,26.3,Fastened,FALSE,LOW,normal,1
13:56:00,13,1,9,day,476,EXC005,Excavator,OP1044,4725.3,34.8,Windy,2.25,1017,83.6,64.9,28.8,13.72,2.84,10.59,0.43,2,12,Fastened,FALSE,LOW,normal,1
13:58:00,13,1,9,day,478,EXC005,Excavator,OP1044,4725.3,34.8,Windy,4.91,1176,91,64.8,35.8,12.26,2.8,8.87,0.98,2,16.6,Fastened,FALSE,LOW,normal,1
14:00:00,14,1,9,day,480,EXC005,Excavator,OP1044,4725.3,34.8,Windy,2.51,964,92.1,64.8,27.8,13.31,2.79,10.39,0.74,4,29,Fastened,FALSE,LOW,normal,1
14:02:00,14,1,9,day,482,EXC005,Excavator,OP1044,4725.3,34.8,Windy,8.12,1476,85.8,64.7,38,10.12,2.54,7.24,0.64,3,31.6,Fastened,FALSE,LOW,normal,1
14:04:00,14,1,9,day,484,EXC005,Excavator,OP1044,4725.4,34.8,Windy,7,2004,91.2,64.6,33.7,12.72,3.1,9.48,0.61,1,17.6,Fastened,FALSE,LOW,normal,1
14:06:00,14,1,9,day,486,EXC005,Excavator,OP1044,4725.4,34.8,Windy,3.98,1162,86.8,64.5,29.6,11.36,2.66,8.78,0.59,2,24.6,Fastened,FALSE,LOW,normal,1
14:08:00,14,1,9,day,488,EXC005,Excavator,OP1044,4725.4,34.8,Windy,5.18,1537,78.9,64.4,37.4,15.33,3.79,11.01,0.69,0,18.2,Fastened,FALSE,LOW,normal,1
14:10:00,14,1,9,day,490,EXC005,Excavator,OP1044,4725.4,34.8,Windy,5.91,1346,88.9,64.4,46.6,10.24,3.9,7.29,1.16,1,18.7,Unfastened,TRUE,LOW,normal,1
14:12:00,14,1,9,day,492,EXC005,Excavator,OP1044,4725.4,34.8,Windy,6.97,1092,84.3,64.3,35.4,14.04,3.3,10.24,0.5,0,22.3,Fastened,FALSE,LOW,normal,1
14:14:00,14,1,9,day,494,EXC005,Excavator,OP1044,4725.4,34.8,Windy,5.65,1461,87.4,64.2,36.3,11.07,2.42,7.93,0.91,1,2.6,Fastened,TRUE,HIGH,normal,1
14:16:00,14,1,9,day,496,EXC005,Excavator,OP1044,4725.4,34.8,Windy,1.13,1252,82.2,64.2,30.4,11.9,3.87,9.46,0.2,0,10.8,Fastened,FALSE,LOW,normal,1
14:18:00,14,1,9,day,498,EXC005,Excavator,OP1044,4725.4,34.8,Windy,6.02,1111,86.7,64.1,33.8,8,3.84,6.59,0.39,4,21.8,Fastened,FALSE,LOW,normal,1
14:20:00,14,1,9,day,500,EXC005,Excavator,OP1044,4725.4,34.8,Windy,5,1136,88,64,42.5,11.59,3.08,7.97,0.82,1,35.7,Fastened,FALSE,LOW,normal,1
14:22:00,14,1,9,day,502,EXC005,Excavator,OP1044,4725.4,34.8,Windy,3.92,1097,86.1,64,35.8,8.45,3.28,6.6,0.67,2,6.4,Fastened,FALSE,MEDIUM,normal,1
14:24:00,14,1,9,day,504,EXC005,Excavator,OP1044,4725.5,34.8,Windy,7.33,1632,87.6,63.9,51.8,12.5,3.26,7.71,0.47,1,15.8,Fastened,FALSE,LOW,normal,1
14:26:00,14,1,9,day,506,EXC005,Excavator,OP1044,4725.5,34.8,Windy,7.18,1645,89,63.9,36.3,10.47,2.22,7.48,0.64,0,16.2,Fastened,FALSE,LOW,normal,1
14:28:00,14,1,9,day,508,EXC005,Excavator,OP1044,4725.5,34.8,Windy,4.29,1490,91.5,63.8,30.8,9.73,2.67,7.56,0.98,2,19.5,Fastened,FALSE,LOW,normal,1
14:30:00,14,1,9,day,510,EXC005,Excavator,OP1044,4725.5,34.8,Windy,6.91,1768,86.3,63.7,46.2,12.66,3.19,8.28,0.89,4,22.8,Fastened,FALSE,LOW,normal,1
14:32:00,14,1,9,day,512,EXC005,Excavator,OP1044,4725.5,34.8,Windy,4.31,1879,88.2,63.6,29.2,13.66,3.41,10.67,0.85,4,8.8,Fastened,FALSE,LOW,normal,1
14:34:00,14,1,9,day,514,EXC005,Excavator,OP1044,4725.5,34.8,Windy,5.29,1023,86.6,63.6,45.7,12.94,3.21,8.49,1.05,2,21.7,Fastened,FALSE,LOW,normal,1
14:36:00,14,1,9,day,516,EXC005,Excavator,OP1044,4725.5,34.8,Windy,4.45,1609,89.6,63.5,28.2,12.21,3.22,9.67,0.85,4,6,Unfastened,TRUE,MEDIUM,normal,1
14:38:00,14,1,9,day,518,EXC005,Excavator,OP1044,4725.5,34.8,Windy,3.71,1480,87.6,63.4,43.3,13.95,3.51,9.43,0.68,2,1.1,Fastened,FALSE,MEDIUM,normal,1
14:40:00,14,1,9,day,520,EXC005,Excavator,OP1044,4725.5,34.8,Windy,5.52,942,90.6,63.3,36,13.5,3.13,9.77,0.76,4,15.5,Fastened,FALSE,LOW,normal,1
14:42:00,14,1,9,day,522,EXC005,Excavator,OP1044,4725.5,34.8,Windy,6.01,988,86.8,63.2,40,12.92,3.54,9.17,0.74,0,25.6,Fastened,FALSE,LOW,normal,1
14:44:00,14,1,9,day,524,EXC005,Excavator,OP1044,4725.6,34.8,Windy,8.34,1483,87.3,63.2,36,13.55,2.66,9.63,0.81,1,9.4,Fastened,FALSE,LOW,normal,1
14:46:00,14,1,9,day,526,EXC005,Excavator,OP1044,4725.6,34.8,Windy,4.17,864,80.6,63.1,31.6,13.56,2.45,10.05,0.31,2,26.9,Fastened,FALSE,LOW,normal,1
14:48:00,14,1,9,day,528,EXC005,Excavator,OP1044,4725.6,34.8,Windy,5.87,1316,83.8,63,35.7,12.12,3.32,8.98,0.33,1,0.5,Fastened,TRUE,HIGH,normal,1
14:50:00,14,1,9,day,530,EXC005,Excavator,OP1044,4725.6,34.8,Windy,3.07,1656,86.8,62.9,34.6,14.97,3.02,10.84,0.45,1,18.7,Fastened,FALSE,LOW,normal,1
14:52:00,14,1,9,day,532,EXC005,Excavator,OP1044,4725.6,34.8,Windy,4.56,1288,90.2,62.8,39,16.37,2.56,10.98,0.74,0,18.7,Fastened,FALSE,LOW,normal,1
14:54:00,14,1,9,day,534,EXC005,Excavator,OP1044,4725.6,34.8,Windy,3.96,1178,86.7,62.7,34.9,12.06,3.3,9,0.55,1,24.3,Fastened,FALSE,LOW,normal,1
14:56:00,14,1,9,day,536,EXC005,Excavator,OP1044,4725.6,34.8,Windy,6.87,1539,87.7,62.7,26.5,11.46,3.45,9.34,0.62,4,9.3,Fastened,FALSE,LOW,normal,1
14:58:00,14,1,9,day,538,EXC005,Excavator,OP1044,4725.6,34.8,Windy,5.31,1450,84.9,62.6,35.9,10.21,2.48,7.43,0.5,3,26.1,Fastened,FALSE,LOW,normal,1
15:00:00,15,1,9,day,540,EXC005,Excavator,OP1044,4725.6,34.8,Windy,6.91,1648,87.8,62.5,47.1,13.11,2.73,8.22,0.56,1,12.6,Fastened,FALSE,LOW,normal,1
15:02:00,15,1,9,day,542,EXC005,Excavator,OP1044,4725.6,34.8,Windy,1.46,1148,84.5,62.5,38,13.89,2.57,9.59,0.96,3,38.4,Fastened,FALSE,LOW,normal,1
15:04:00,15,1,9,day,544,EXC005,Excavator,OP1044,4725.7,34.8,Windy,3.2,1639,82.7,62.4,34.2,11.34,2.94,8.47,1.1,0,13.6,Fastened,FALSE,LOW,normal,1
15:06:00,15,1,9,day,546,EXC005,Excavator,OP1044,4725.7,34.8,Windy,4.42,1238,88.9,62.3,38.8,14.19,3.05,9.87,0.73,4,23.2,Fastened,FALSE,LOW,normal,1
15:08:00,15,1,9,day,548,EXC005,Excavator,OP1044,4725.7,34.8,Windy,3.21,1488,91.2,62.2,24.3,13.8,3.46,11.29,0.62,0,0.5,Fastened,FALSE,MEDIUM,normal,1
15:10:00,15,1,9,day,550,EXC005,Excavator,OP1044,4725.7,34.8,Windy,6.44,1457,92.8,62.1,25.9,12.55,3.01,10.08,1.09,3,27.4,Fastened,FALSE,LOW,normal,1
15:12:00,15,1,9,day,552,EXC005,Excavator,OP1044,4725.7,34.8,Windy,2.95,1681,85.6,62.1,36.9,13.54,2.09,9.31,1,1,20.3,Fastened,FALSE,LOW,normal,1
15:14:00,15,1,9,day,554,EXC005,Excavator,OP1044,4725.7,34.8,Windy,3.96,1723,86.4,62,29.8,13.22,3.48,10.32,0.41,4,9.1,Fastened,FALSE,LOW,normal,1
15:16:00,15,1,9,day,556,EXC005,Excavator,OP1044,4725.7,34.8,Windy,8.07,731,86,61.9,37.6,10.48,3.37,7.81,0.8,0,13.9,Fastened,FALSE,LOW,normal,1
15:18:00,15,1,9,day,558,EXC005,Excavator,OP1044,4725.7,34.8,Windy,11.18,1248,84.1,61.8,37.6,12.55,3.82,9.27,0.68,4,14,Fastened,FALSE,LOW,normal,1
15:20:00,15,1,9,day,560,EXC005,Excavator,OP1044,4725.7,34.8,Windy,5.4,1437,93,61.7,39.4,13.38,3.18,9.36,0.62,1,24.5,Fastened,FALSE,LOW,normal,1
15:22:00,15,1,9,day,562,EXC005,Excavator,OP1044,4725.7,34.8,Windy,7.65,1072,87.6,61.7,35.5,11.81,2.64,8.55,0.58,3,12.6,Fastened,FALSE,LOW,normal,1
15:24:00,15,1,9,day,564,EXC005,Excavator,OP1044,4725.8,34.8,Windy,7.48,1621,87.3,61.6,32,13.65,2.97,10.23,0.64,1,26.3,Fastened,FALSE,LOW,normal,1
15:26:00,15,1,9,day,566,EXC005,Excavator,OP1044,4725.8,34.8,Windy,6.82,1502,93,61.5,32.7,11.11,2.83,8.4,0.63,0,12,Fastened,FALSE,LOW,normal,1
15:28:00,15,1,9,day,568,EXC005,Excavator,OP1044,4725.8,34.8,Windy,6.54,1124,83.2,61.4,26.2,14.84,2.72,11.66,0.07,2,24.2,Fastened,FALSE,LOW,normal,1
15:30:00,15,1,9,day,570,EXC005,Excavator,OP1044,4725.8,34.8,Windy,4.47,1031,88.9,61.3,40.4,13.5,2.58,9.09,1.36,1,26.8,Fastened,FALSE,LOW,normal,1
15:32:00,15,1,9,day,572,EXC005,Excavator,OP1044,4725.8,34.8,Windy,4.71,1681,91.9,61.3,32.9,9.78,2.77,7.47,0.76,1,13.8,Fastened,FALSE,LOW,normal,1
15:34:00,15,1,9,day,574,EXC005,Excavator,OP1044,4725.8,34.8,Windy,8.64,1525,92.7,61.2,53.8,9.41,2.73,5.82,0.47,1,22.6,Fastened,FALSE,LOW,normal,1
15:36:00,15,1,9,day,576,EXC005,Excavator,OP1044,4725.8,34.8,Windy,6.87,1700,87.1,61.2,42.9,9.47,3.02,6.7,0,3,18.8,Fastened,FALSE,LOW,normal,1
15:38:00,15,1,9,day,578,EXC005,Excavator,OP1044,4725.8,34.8,Windy,6.14,1157,87.1,61.1,36.6,10,4.45,7.97,0.26,1,22.7,Fastened,FALSE,LOW,normal,1
15:40:00,15,1,9,day,580,EXC005,Excavator,OP1044,4725.8,34.8,Windy,7.84,1850,81.1,61.1,39.8,22.41,2.33,22.41,1.14,2,4.8,Fastened,FALSE,MEDIUM,high_fuel,-1
15:42:00,15,1,9,day,582,EXC005,Excavator,OP1044,4725.9,34.8,Windy,8.33,1297,87,61,32.3,23.53,3.4,23.53,0.23,0,34.1,Fastened,FALSE,LOW,high_fuel,-1
15:44:00,15,1,9,day,584,EXC005,Excavator,OP1044,4725.9,34.8,Windy,4.82,1488,84,60.9,35.9,30.47,2.51,30.47,0.42,0,13.7,Fastened,FALSE,LOW,high_fuel,-1
15:46:00,15,1,9,day,586,EXC005,Excavator,OP1044,4725.9,34.8,Windy,5.33,2072,83.5,60.9,36.1,34.25,3.22,34.25,0.94,4,21.6,Unfastened,TRUE,LOW,high_fuel,-1
15:48:00,15,1,9,day,588,EXC005,Excavator,OP1044,4725.9,34.8,Windy,3.75,1780,84.4,60.8,34.8,18.02,3.36,18.02,0.47,2,21.4,Fastened,FALSE,LOW,high_fuel,-1
15:50:00,15,1,9,day,590,EXC005,Excavator,OP1044,4725.9,34.8,Windy,5.96,771,85.3,60.7,46.3,21.33,1.91,21.33,1,2,18.5,Fastened,FALSE,LOW,high_fuel,-1
15:52:00,15,1,9,day,592,EXC005,Excavator,OP1044,4725.9,34.8,Windy,4.07,1589,90.5,60.6,37.6,24.94,2.32,24.94,1.14,3,27.6,Fastened,FALSE,LOW,high_fuel,-1
15:54:00,15,1,9,day,594,EXC005,Excavator,OP1044,4725.9,34.8,Windy,3.83,1551,90.7,60.6,27.7,22.74,3.52,22.74,0.68,4,21.5,Fastened,FALSE,LOW,high_fuel,-1
15:56:00,15,1,9,day,596,EXC005,Excavator,OP1044,4725.9,34.8,Windy,6.86,1239,93.6,60.5,30.7,22.26,3.13,22.26,1.03,0,20.4,Fastened,FALSE,LOW,high_fuel,-1
15:58:00,15,1,9,day,598,EXC005,Excavator,OP1044,4725.9,34.8,Windy,4.03,1194,85.3,60.4,39.9,15.22,3.48,10.54,0.73,2,22.1,Fastened,FALSE,LOW,normal,1
16:00:00,16,1,9,day,600,EXC005,Excavator,OP1044,4725.9,34.8,Windy,4.35,1529,83.8,60.3,38.2,13.06,2.64,9.08,1.08,0,17.9,Fastened,FALSE,LOW,normal,1
16:02:00,16,1,9,day,602,EXC005,Excavator,OP1044,4726,34.8,Windy,5,1161,86,60.3,34.2,8.23,2.68,6.33,1.16,4,24.2,Fastened,FALSE,LOW,normal,1
16:04:00,16,1,9,day,604,EXC005,Excavator,OP1044,4726,34.8,Windy,4.46,1516,84.4,60.2,37.6,15.29,2.82,10.6,1.25,1,21,Fastened,FALSE,LOW,normal,1
16:06:00,16,1,9,day,606,EXC005,Excavator,OP1044,4726,34.8,Windy,7.15,1594,90.1,60.1,30,8.92,2.46,6.98,0.93,0,12.1,Fastened,FALSE,LOW,normal,1
16:08:00,16,1,9,day,608,EXC005,Excavator,OP1044,4726,34.8,Windy,5.25,1262,90.6,60,35.9,13.04,3.65,9.67,0.74,4,11.7,Fastened,FALSE,LOW,normal,1
16:10:00,16,1,9,day,610,EXC005,Excavator,OP1044,4726,34.8,Windy,4.92,1323,89.9,59.9,39.7,15.38,2.82,10.39,0.82,0,29.1,Fastened,FALSE,LOW,normal,1
16:12:00,16,1,9,day,612,EXC005,Excavator,OP1044,4726,34.8,Windy,5.47,1165,81.8,59.9,39.5,13.81,3.03,9.55,0.67,3,32.7,Fastened,FALSE,LOW,normal,1
16:14:00,16,1,9,day,614,EXC005,Excavator,OP1044,4726,34.8,Windy,8.23,1477,86.4,59.8,40.7,10.67,3.26,7.65,0.89,4,10.8,Fastened,FALSE,LOW,normal,1
16:16:00,16,1,9,day,616,EXC005,Excavator,OP1044,4726,34.8,Windy,7.45,1367,87.6,59.7,41.8,12.34,2.66,8.29,0.64,4,32,Unfastened,TRUE,LOW,normal,1
16:18:00,16,1,9,day,618,EXC005,Excavator,OP1044,4726,34.8,Windy,8.67,1612,81.8,59.7,41.5,11.07,2.7,7.6,0.32,2,0.5,Unfastened,TRUE,HIGH,normal,1
16:20:00,16,1,9,day,620,EXC005,Excavator,OP1044,4726,34.8,Windy,5.5,1124,93,59.6,31.1,9.61,2.78,7.49,0.89,1,24,Fastened,FALSE,LOW,normal,1
16:22:00,16,1,9,day,622,EXC005,Excavator,OP1044,4726.1,34.8,Windy,7.79,1534,91.9,59.5,35.9,11.85,3.22,8.75,0.49,4,13.9,Fastened,FALSE,LOW,normal,1
16:24:00,16,1,9,day,624,EXC005,Excavator,OP1044,4726.1,34.8,Windy,5.45,2091,85.5,59.4,36.9,14.57,2.77,10.22,0.04,1,12.7,Fastened,FALSE,LOW,normal,1
16:26:00,16,1,9,day,626,EXC005,Excavator,OP1044,4726.1,34.8,Windy,4.02,1818,84.4,59.4,29.4,10.02,3.81,8.19,0.78,3,24,Fastened,FALSE,LOW,normal,1
16:28:00,16,1,9,day,628,EXC005,Excavator,OP1044,4726.1,34.8,Windy,6.53,1650,83.4,59.3,40.6,13.8,3.16,9.48,1.01,2,13.8,Fastened,FALSE,LOW,normal,1
16:30:00,16,1,9,day,630,EXC005,Excavator,OP1044,4726.1,34.8,Windy,5.76,1454,87.1,59.2,36,12.44,3.77,9.32,0.3,0,15,Fastened,FALSE,LOW,normal,1
16:32:00,16,1,9,day,632,EXC005,Excavator,OP1044,4726.1,34.8,Windy,4.53,1432,79.8,59.1,26,11.03,3.45,9.06,1.03,3,15.3,Fastened,FALSE,LOW,normal,1
16:34:00,16,1,9,day,634,EXC005,Excavator,OP1044,4726.1,34.8,Windy,6.5,941,84.5,59.1,32.5,12.05,2.99,9.11,0.79,1,18.4,Fastened,FALSE,LOW,normal,1
16:36:00,16,1,9,day,636,EXC005,Excavator,OP1044,4726.1,34.8,Windy,3.54,1572,86.7,59,29.7,11.51,2.1,8.72,0.63,1,17.7,Unfastened,TRUE,LOW,normal,1
16:38:00,16,1,9,day,638,EXC005,Excavator,OP1044,4726.1,34.8,Windy,3.4,1583,88.3,58.9,42.7,9.84,2.59,6.74,0.5,1,14.8,Fastened,FALSE,LOW,normal,1
16:40:00,16,1,9,day,640,EXC005,Excavator,OP1044,4726.1,34.8,Windy,5.45,1993,85.7,58.9,38.9,10.88,2.88,7.77,0.78,2,16.3,Fastened,FALSE,LOW,normal,1
16:42:00,16,1,9,day,642,EXC005,Excavator,OP1044,4726.2,34.8,Windy,6.49,1431,88,58.8,33.3,12.74,3.52,9.67,1.36,4,23.5,Fastened,FALSE,LOW,normal,1
16:44:00,16,1,9,day,644,EXC005,Excavator,OP1044,4726.2,34.8,Windy,5.7,1389,91.2,58.7,31.2,11.03,3.97,8.83,0.35,2,22.3,Fastened,FALSE,LOW,normal,1
16:46:00,16,1,9,day,646,EXC005,Excavator,OP1044,4726.2,34.8,Windy,9.01,1729,90,58.7,49.3,10.09,1.98,6.09,0.48,2,15.3,Fastened,FALSE,LOW,normal,1
16:48:00,16,1,9,day,648,EXC005,Excavator,OP1044,4726.2,34.8,Windy,3.45,1394,90.2,58.6,54.1,13.88,3.07,8.03,0.59,4,22.7,Fastened,FALSE,LOW,normal,1
16:50:00,16,1,9,day,650,EXC005,Excavator,OP1044,4726.2,34.8,Windy,3.82,1660,86.6,58.5,39.4,12.96,2.93,9.01,0.78,0,19.3,Fastened,FALSE,LOW,normal,1
16:52:00,16,1,9,day,652,EXC005,Excavator,OP1044,4726.2,34.8,Windy,5.12,1086,85.7,58.5,36.7,12.15,2.71,8.69,0.65,3,17,Fastened,FALSE,LOW,normal,1
16:54:00,16,1,9,day,654,EXC005,Excavator,OP1044,4726.2,34.8,Windy,5.5,1140,91.2,58.4,38.2,11.16,2.25,7.76,0.38,0,25.4,Fastened,FALSE,LOW,normal,1
16:56:00,16,1,9,day,656,EXC005,Excavator,OP1044,4726.2,34.8,Windy,4.63,1551,82.9,58.3,41.9,12.42,2.99,8.47,0.49,0,1.3,Unfastened,TRUE,MEDIUM,normal,1
16:58:00,16,1,9,day,658,EXC005,Excavator,OP1044,4726.2,34.8,Windy,4.84,1327,83.3,58.3,40.3,11.71,2.27,7.91,1.01,1,27.5,Fastened,FALSE,LOW,normal,1
17:00:00,17,1,9,day,660,EXC005,Excavator,OP1044,4726.2,34.8,Windy,7.31,1570,83.1,58.2,31.4,15.39,3.03,11.51,0.11,3,14.9,Fastened,FALSE,LOW,normal,1
17:02:00,17,1,9,day,662,EXC005,Excavator,OP1044,4726.3,34.8,Windy,1.84,1156,84,58.1,31.1,11.75,3.13,9.07,0.54,4,15.8,Fastened,FALSE,LOW,normal,1
17:04:00,17,1,9,day,664,EXC005,Excavator,OP1044,4726.3,34.8,Windy,6.51,1680,90,58,49.8,10.98,2.8,6.91,0.81,2,5.2,Fastened,FALSE,MEDIUM,normal,1
17:06:00,17,1,9,day,666,EXC005,Excavator,OP1044,4726.3,34.8,Windy,5.57,1282,82.1,57.9,34.4,15.79,1.5,10.87,0.24,0,17.3,Fastened,FALSE,LOW,normal,1
17:08:00,17,1,9,day,668,EXC005,Excavator,OP1044,4726.3,34.8,Windy,5.25,1763,91.3,57.9,32.6,12.73,2.89,9.52,0.89,4,24.3,Fastened,FALSE,LOW,normal,1
17:10:00,17,1,9,day,670,EXC005,Excavator,OP1044,4726.3,34.8,Windy,6.52,1438,88.5,57.8,42.2,12.08,3.16,8.32,0.87,1,20.9,Fastened,FALSE,LOW,normal,1
17:12:00,17,1,9,day,672,EXC005,Excavator,OP1044,4726.3,34.8,Windy,6.43,1390,84.6,57.7,27.1,14.49,3.38,11.48,1.16,0,6.2,Fastened,FALSE,MEDIUM,normal,1
17:14:00,17,1,9,day,674,EXC005,Excavator,OP1044,4726.3,34.8,Windy,4.98,1562,93.2,57.6,36.2,12.51,3.29,9.17,0.57,0,20,Fastened,FALSE,LOW,normal,1
17:16:00,17,1,9,day,676,EXC005,Excavator,OP1044,4726.3,34.8,Windy,6.29,966,88,57.5,32,11.74,2.68,8.84,0.52,1,15.2,Fastened,FALSE,LOW,normal,1
17:18:00,17,1,9,day,678,EXC005,Excavator,OP1044,4726.3,34.8,Windy,5.77,1653,90.8,57.5,37,13.26,3.17,9.53,0.36,1,22.6,Fastened,FALSE,LOW,normal,1
17:20:00,17,1,9,day,680,EXC005,Excavator,OP1044,4726.3,34.8,Windy,5.85,1377,89.4,57.4,36.5,12.16,1.6,8.31,0.59,2,19,Fastened,FALSE,LOW,normal,1
17:22:00,17,1,9,day,682,EXC005,Excavator,OP1044,4726.4,34.8,Windy,2.84,1570,91,57.3,42,11.92,2.51,7.97,0.37,4,15.2,Fastened,FALSE,LOW,normal,1
17:24:00,17,1,9,day,684,EXC005,Excavator,OP1044,4726.4,34.8,Windy,6.08,1830,93.3,57.3,23.5,9.99,2.59,8.25,0.89,2,15.7,Fastened,FALSE,LOW,normal,1
17:26:00,17,1,9,day,686,EXC005,Excavator,OP1044,4726.4,34.8,Windy,7.93,1793,83.1,57.2,32.1,10.41,2.87,7.99,0.46,4,12.1,Fastened,FALSE,LOW,normal,1
17:28:00,17,1,9,day,688,EXC005,Excavator,OP1044,4726.4,34.8,Windy,6.12,1033,87.7,57.1,34.5,13.23,3.35,9.82,1.03,4,17.5,Unfastened,TRUE,LOW,normal,1
17:30:00,17,1,9,day,690,EXC005,Excavator,OP1044,4726.4,34.8,Windy,4.81,1246,87.1,57,33.3,10.91,3.74,8.52,0.88,1,17.6,Fastened,FALSE,LOW,normal,1
17:32:00,17,1,9,day,692,EXC005,Excavator,OP1044,4726.4,34.8,Windy,4.21,1819,94.9,57,29.1,11.09,2.05,8.46,0.61,2,27.2,Fastened,FALSE,LOW,normal,1
17:34:00,17,1,9,day,694,EXC005,Excavator,OP1044,4726.4,34.8,Windy,4.01,1437,89.3,56.9,18,12.75,3.19,11.03,0.87,0,18.2,Fastened,FALSE,LOW,normal,1
17:36:00,17,1,9,day,696,EXC005,Excavator,OP1044,4726.4,34.8,Windy,5.13,1804,88.4,56.8,43.8,11.39,2.5,7.5,0.73,0,23.6,Fastened,FALSE,LOW,normal,1
17:38:00,17,1,9,day,698,EXC005,Excavator,OP1044,4726.4,34.8,Windy,3.88,1340,81.8,56.7,43.9,12.37,2.77,8.16,0.79,4,14.4,Fastened,FALSE,LOW,normal,1
17:40:00,17,1,9,day,700,EXC005,Excavator,OP1044,4726.4,34.8,Windy,6.91,1358,84.8,56.7,23.7,10.69,2.31,8.7,0.1,3,29.1,Fastened,FALSE,LOW,normal,1
17:42:00,17,1,9,day,702,EXC005,Excavator,OP1044,4726.5,34.8,Windy,5.67,1689,82.5,56.6,32.2,12.9,2.84,9.66,0.54,4,14.2,Fastened,FALSE,LOW,normal,1
17:44:00,17,1,9,day,704,EXC005,Excavator,OP1044,4726.5,34.8,Windy,5.87,1666,87,56.5,46.8,14.38,3.12,9.11,0.77,4,13.6,Fastened,FALSE,LOW,normal,1
17:46:00,17,1,9,day,706,EXC005,Excavator,OP1044,4726.5,34.8,Windy,3.89,1617,79.6,56.5,41.3,11.24,2.46,7.61,0.61,2,27.2,Fastened,FALSE,LOW,normal,1
17:48:00,17,1,9,day,708,EXC005,Excavator,OP1044,4726.5,34.8,Windy,4.14,1527,88.6,56.4,20.5,9.84,3.25,8.49,0.38,3,27.8,Unfastened,TRUE,LOW,normal,1
17:50:00,17,1,9,day,710,EXC005,Excavator,OP1044,4726.5,34.8,Windy,5.59,1306,89.2,56.3,22.7,15.69,2.67,12.73,0.7,4,18.1,Fastened,FALSE,LOW,normal,1
17:52:00,17,1,9,day,712,EXC005,Excavator,OP1044,4726.5,34.8,Windy,5.21,1973,88.9,56.2,33.8,11.74,2.07,8.47,0.71,4,12.8,Fastened,FALSE,LOW,normal,1
17:54:00,17,1,9,day,714,EXC005,Excavator,OP1044,4726.5,34.8,Windy,5.97,1933,88.6,56.1,36.4,13.64,3.84,10.07,0.32,1,0.5,Fastened,TRUE,HIGH,normal,1
17:56:00,17,1,9,day,716,EXC005,Excavator,OP1044,4726.5,34.8,Windy,4.51,1638,91,56,36.2,12.96,2.76,9.27,1.06,1,20.6,Fastened,FALSE,LOW,normal,1
17:58:00,17,1,9,day,718,EXC005,Excavator,OP1044,4726.5,34.8,Windy,1.64,1800,88.8,56,41.2,9.15,2.85,6.55,0.66,1,25,Fastened,FALSE,LOW,normal,1
18:00:00,18,0,7,night,0,GRD003,Grader,OP1056,1558.5,36.7,Rainy,5.35,1694,36.7,78.7,47.3,13.2,2.65,8.21,0.78,3,24.6,Fastened,FALSE,LOW,normal,1
18:02:00,18,0,7,night,2,GRD003,Grader,OP1056,1558.5,36.7,Rainy,5.12,798,40.7,78.6,38,12.54,2.38,8.68,0.54,2,18.3,Fastened,FALSE,LOW,normal,1
18:04:00,18,0,7,night,4,GRD003,Grader,OP1056,1558.5,36.7,Rainy,3.84,1534,44.7,78.5,46.9,12.94,2.77,8.17,0.01,2,17.1,Fastened,FALSE,LOW,normal,1
18:06:00,18,0,7,night,6,GRD003,Grader,OP1056,1558.5,36.7,Rainy,4.35,902,48.7,78.4,37.2,13.28,3.1,9.49,0.34,1,14.3,Fastened,FALSE,LOW,normal,1
18:08:00,18,0,7,night,8,GRD003,Grader,OP1056,1558.5,36.7,Rainy,5.87,1258,52.8,78.3,40.3,10.23,2.35,7.05,0.71,4,9.2,Fastened,FALSE,LOW,normal,1
18:10:00,18,0,7,night,10,GRD003,Grader,OP1056,1558.5,36.7,Rainy,5.15,1389,56.8,78.2,38,11.43,3.01,8.23,0.66,2,23.1,Fastened,FALSE,LOW,normal,1
18:12:00,18,0,7,night,12,GRD003,Grader,OP1056,1558.5,36.7,Rainy,4.56,1412,60.8,78.1,41.3,13.38,3.54,9.32,0.83,3,11.4,Fastened,FALSE,LOW,normal,1
18:14:00,18,0,7,night,14,GRD003,Grader,OP1056,1558.5,36.7,Rainy,2.78,1593,64.9,78,46.2,9.41,3.75,6.8,1.08,2,21.7,Fastened,FALSE,LOW,normal,1
18:16:00,18,0,7,night,16,GRD003,Grader,OP1056,1558.5,36.7,Rainy,3.56,1552,68.9,77.9,42.1,12.14,3.21,8.38,0.79,0,24.6,Fastened,FALSE,LOW,normal,1
18:18:00,18,0,7,night,18,GRD003,Grader,OP1056,1558.5,36.7,Rainy,3.11,1219,72.9,77.8,55.5,12.7,3.74,7.73,0.73,1,31.7,Fastened,FALSE,LOW,normal,1
18:20:00,18,0,7,night,20,GRD003,Grader,OP1056,1558.6,36.7,Rainy,4.72,1182,76.9,77.7,39.1,9.13,2.34,6.48,0.15,2,23.7,Fastened,FALSE,LOW,normal,1
18:22:00,18,0,7,night,22,GRD003,Grader,OP1056,1558.6,36.7,Rainy,4.79,1688,81,77.7,56.1,11.98,2.91,6.89,0.01,1,24.9,Fastened,FALSE,LOW,normal,1
18:24:00,18,0,7,night,24,GRD003,Grader,OP1056,1558.6,36.7,Rainy,2.58,2265,85,77.6,40.9,14.4,3.18,9.81,0.88,0,22.4,Fastened,FALSE,LOW,normal,1
18:26:00,18,0,7,night,26,GRD003,Grader,OP1056,1558.6,36.7,Rainy,2.07,1178,85.7,77.5,33.8,10.88,3.45,8.37,0.91,0,28.5,Fastened,FALSE,LOW,normal,1
18:28:00,18,0,7,night,28,GRD003,Grader,OP1056,1558.6,36.7,Rainy,2.89,1217,91.9,77.4,44.7,11.12,3.12,7.54,0.55,3,26.3,Fastened,FALSE,LOW,normal,1
18:30:00,18,0,7,night,30,GRD003,Grader,OP1056,1558.6,36.7,Rainy,1.52,1253,87.6,77.3,43.9,12.97,3.22,8.69,0.82,2,17.9,Fastened,FALSE,LOW,normal,1
18:32:00,18,0,7,night,32,GRD003,Grader,OP1056,1558.6,36.7,Rainy,1.99,2028,83,77.1,45.9,14.16,3.62,9.32,0.78,1,20.1,Fastened,FALSE,LOW,normal,1
18:34:00,18,0,7,night,34,GRD003,Grader,OP1056,1558.6,36.7,Rainy,3.77,1854,85.1,77.1,43.4,8.37,3,6.04,0.74,1,20,Fastened,FALSE,LOW,normal,1
18:36:00,18,0,7,night,36,GRD003,Grader,OP1056,1558.6,36.7,Rainy,4.93,1128,85.4,77,47.5,12.04,3.1,7.79,0.82,2,17.9,Fastened,FALSE,LOW,normal,1
18:38:00,18,0,7,night,38,GRD003,Grader,OP1056,1558.6,36.7,Rainy,2.54,1324,86,76.9,50.4,12.53,3.51,7.98,0.53,4,43.5,Fastened,FALSE,LOW,normal,1
18:40:00,18,0,7,night,40,GRD003,Grader,OP1056,1558.7,36.7,Rainy,3.96,1448,85.4,76.8,37.5,8.39,2.74,6.27,1.15,0,23.7,Unfastened,TRUE,LOW,normal,1
18:42:00,18,0,7,night,42,GRD003,Grader,OP1056,1558.7,36.7,Rainy,3,1385,87.3,76.7,51.2,13.98,3.77,8.75,0.81,0,28,Fastened,FALSE,LOW,normal,1
18:44:00,18,0,7,night,44,GRD003,Grader,OP1056,1558.7,36.7,Rainy,3.12,1215,86.4,76.6,46.8,8.66,2.55,5.8,0.81,0,25,Fastened,FALSE,LOW,normal,1
18:46:00,18,0,7,night,46,GRD003,Grader,OP1056,1558.7,36.7,Rainy,3.79,1037,87.3,76.5,35.5,10.58,2.58,7.74,0.65,3,10.9,Fastened,FALSE,LOW,normal,1
18:48:00,18,0,7,night,48,GRD003,Grader,OP1056,1558.7,36.7,Rainy,3.16,1198,79.6,76.5,37.9,10.21,3.68,7.74,0.95,2,20.5,Fastened,FALSE,LOW,normal,1
18:50:00,18,0,7,night,50,GRD003,Grader,OP1056,1558.7,36.7,Rainy,2.16,1183,87.9,76.4,37.6,11.03,3.7,8.27,1.28,2,0.5,Unfastened,TRUE,MEDIUM,normal,1
18:52:00,18,0,7,night,52,GRD003,Grader,OP1056,1558.7,36.7,Rainy,3.78,1562,84.3,76.3,53.6,10.79,1.84,5.99,1,0,15.5,Fastened,FALSE,LOW,normal,1
18:54:00,18,0,7,night,54,GRD003,Grader,OP1056,1558.7,36.7,Rainy,2.42,1317,83.7,76.2,53.6,12.19,2.41,6.95,1.1,4,23.2,Fastened,FALSE,LOW,normal,1
18:56:00,18,0,7,night,56,GRD003,Grader,OP1056,1558.7,36.7,Rainy,2.2,1832,81.8,76.1,44.4,8,2.29,5.46,0.61,1,30.9,Fastened,FALSE,LOW,normal,1
18:58:00,18,0,7,night,58,GRD003,Grader,OP1056,1558.7,36.7,Rainy,1.22,1552,87.1,76,42.6,11.5,2.41,7.63,0.69,3,10.7,Fastened,FALSE,LOW,normal,1
19:00:00,19,0,7,night,60,GRD003,Grader,OP1056,1558.8,36.7,Rainy,2.22,1179,84.4,75.9,34.4,13.09,2.84,9.56,0.34,0,15.2,Fastened,FALSE,LOW,normal,1
19:02:00,19,0,7,night,62,GRD003,Grader,OP1056,1558.8,36.7,Rainy,5.7,1284,83.4,75.8,47.3,12.69,2.88,8.05,0.48,2,10.9,Fastened,FALSE,LOW,normal,1
19:04:00,19,0,7,night,64,GRD003,Grader,OP1056,1558.8,36.7,Rainy,3.18,1934,87.7,75.7,40.2,11.79,2.64,8.11,0.63,1,17.9,Fastened,FALSE,LOW,normal,1
19:06:00,19,0,7,night,66,GRD003,Grader,OP1056,1558.8,36.7,Rainy,4.16,1843,83.1,75.7,40.4,8.35,2.97,6.18,0.26,1,15.6,Fastened,FALSE,LOW,normal,1
19:08:00,19,0,7,night,68,GRD003,Grader,OP1056,1558.8,36.7,Rainy,5.8,1388,85.3,75.6,33.5,11.99,3.63,9.19,0.95,4,24.1,Fastened,FALSE,LOW,normal,1
19:10:00,19,0,7,night,70,GRD003,Grader,OP1056,1558.8,36.7,Rainy,3.05,1576,90.9,75.5,55.7,11.6,2.96,6.79,0.55,0,22.5,Unfastened,TRUE,LOW,normal,1
19:12:00,19,0,7,night,72,GRD003,Grader,OP1056,1558.8,36.7,Rainy,2.43,1481,89.1,75.4,46.6,12.07,3.67,8.16,0.95,3,7.4,Fastened,FALSE,MEDIUM,normal,1
19:14:00,19,0,7,night,74,GRD003,Grader,OP1056,1558.8,36.7,Rainy,5.63,1316,85.2,75.3,31.8,13.76,2.59,10.21,0.93,2,24.4,Fastened,FALSE,LOW,normal,1
19:16:00,19,0,7,night,76,GRD003,Grader,OP1056,1558.8,36.7,Rainy,3.54,1602,81.7,75.2,47.1,11.82,3.2,7.76,1.09,0,13.5,Fastened,FALSE,LOW,normal,1
19:18:00,19,0,7,night,78,GRD003,Grader,OP1056,1558.8,36.7,Rainy,6.52,1468,91.8,75.1,51.5,13.63,2.67,7.99,0.66,1,15.2,Fastened,FALSE,LOW,normal,1
19:20:00,19,0,7,night,80,GRD003,Grader,OP1056,1558.9,36.7,Rainy,4.21,1266,97.8,75,34.6,12.34,3.23,9.19,0.96,0,34.9,Fastened,FALSE,LOW,normal,1
19:22:00,19,0,7,night,82,GRD003,Grader,OP1056,1558.9,36.7,Rainy,3.5,1703,83.7,74.8,47.1,15.41,2.99,9.56,0.86,1,28.5,Fastened,FALSE,LOW,normal,1
19:24:00,19,0,7,night,84,GRD003,Grader,OP1056,1558.9,36.7,Rainy,2.52,1422,90.8,74.7,43.6,12.36,2.86,8.22,0.82,4,29.7,Fastened,FALSE,LOW,normal,1
19:26:00,19,0,7,night,86,GRD003,Grader,OP1056,1558.9,36.7,Rainy,5.81,1531,84.9,74.7,48.1,11.33,2.98,7.31,0.83,1,17.9,Fastened,FALSE,LOW,normal,1
19:28:00,19,0,7,night,88,GRD003,Grader,OP1056,1558.9,36.7,Rainy,5.03,2127,88.6,74.5,34.3,13.49,2.89,9.85,0.92,0,15.3,Fastened,FALSE,LOW,normal,1
19:30:00,19,0,7,night,90,GRD003,Grader,OP1056,1558.9,36.7,Rainy,4.95,1074,87.7,74.5,36.8,10.54,2.39,7.54,0.12,1,19,Fastened,FALSE,LOW,normal,1
19:32:00,19,0,7,night,92,GRD003,Grader,OP1056,1558.9,36.7,Rainy,2.07,1369,85.8,74.4,44.4,12.13,3.02,8.09,1.01,3,22.9,Fastened,FALSE,LOW,normal,1
19:34:00,19,0,7,night,94,GRD003,Grader,OP1056,1558.9,36.7,Rainy,1.5,1149,90,74.3,38,11.8,3.13,8.51,0.36,1,16.2,Fastened,FALSE,LOW,normal,1
19:36:00,19,0,7,night,96,GRD003,Grader,OP1056,1558.9,36.7,Rainy,2.69,1121,84.2,74.2,39.7,12.43,2.58,8.52,0.9,4,8.3,Fastened,FALSE,LOW,normal,1
19:38:00,19,0,7,night,98,GRD003,Grader,OP1056,1558.9,36.7,Rainy,4.35,1207,94.4,74,29.4,15.56,2.5,11.72,0.58,0,9.5,Unfastened,TRUE,LOW,normal,1
19:40:00,19,0,7,night,100,GRD003,Grader,OP1056,1559,36.7,Rainy,2.44,1538,87.7,73.9,36.8,10.72,3.72,8.14,0.58,0,24.3,Fastened,FALSE,LOW,normal,1
19:42:00,19,0,7,night,102,GRD003,Grader,OP1056,1559,36.7,Rainy,4.72,1920,93.5,73.8,40.5,11.96,2.71,8.21,0.42,0,22.9,Fastened,FALSE,LOW,normal,1
19:44:00,19,0,7,night,104,GRD003,Grader,OP1056,1559,36.7,Rainy,3.24,1504,85.5,73.7,35.2,14.05,2.29,9.91,0.69,3,19.1,Fastened,FALSE,LOW,normal,1
19:46:00,19,0,7,night,106,GRD003,Grader,OP1056,1559,36.7,Rainy,4.15,1410,89,73.6,43.7,14.86,3.23,9.78,0.95,3,15.9,Fastened,FALSE,LOW,normal,1
19:48:00,19,0,7,night,108,GRD003,Grader,OP1056,1559,36.7,Rainy,1.78,1307,90.9,73.5,45.8,8.8,3.39,6.32,0.87,2,21.9,Fastened,FALSE,LOW,normal,1
19:50:00,19,0,7,night,110,GRD003,Grader,OP1056,1559,36.7,Rainy,5.98,1073,91.1,73.4,25.3,15.13,3.06,12.08,0.7,0,21.7,Fastened,FALSE,LOW,normal,1
19:52:00,19,0,7,night,112,GRD003,Grader,OP1056,1559,36.7,Rainy,2.37,1380,90.4,73.3,55.7,11.82,2.83,6.81,0.54,0,19.4,Fastened,FALSE,LOW,normal,1
19:54:00,19,0,7,night,114,GRD003,Grader,OP1056,1559,36.7,Rainy,2.06,1464,88,73.2,50.9,16.96,3.93,10.33,0.65,4,28.6,Fastened,FALSE,LOW,normal,1
19:56:00,19,0,7,night,116,GRD003,Grader,OP1056,1559,36.7,Rainy,6.7,1510,84.8,73.1,50.3,13.67,2.53,8.07,0.37,3,2.5,Fastened,TRUE,HIGH,normal,1
19:58:00,19,0,7,night,118,GRD003,Grader,OP1056,1559,36.7,Rainy,5.02,1438,86.8,73,52.7,8.44,2.18,5.14,0,0,24.9,Fastened,FALSE,LOW,normal,1
20:00:00,20,0,7,night,120,GRD003,Grader,OP1056,1559.1,36.7,Rainy,3.82,1229,90,72.9,46.5,9.85,3.38,6.84,0.92,4,15.9,Fastened,FALSE,LOW,normal,1
20:02:00,20,0,7,night,122,GRD003,Grader,OP1056,1559.1,36.7,Rainy,2.38,1569,84.4,72.8,26,12.01,3.1,9.69,0.85,3,24.9,Fastened,FALSE,LOW,normal,1
20:04:00,20,0,7,night,124,GRD003,Grader,OP1056,1559.1,36.7,Rainy,4.94,1295,85.7,72.7,51.7,14.66,3.66,8.97,0.95,2,30.2,Fastened,FALSE,LOW,normal,1
20:06:00,20,0,7,night,126,GRD003,Grader,OP1056,1559.1,36.7,Rainy,5.38,1602,82.5,72.6,60,12.47,3.13,6.87,0.38,2,24.4,Fastened,FALSE,LOW,normal,1
20:08:00,20,0,7,night,128,GRD003,Grader,OP1056,1559.1,36.7,Rainy,3.94,1468,86.3,72.5,39.4,11.91,3.09,8.43,0.44,4,11.4,Fastened,FALSE,LOW,normal,1
20:10:00,20,0,7,night,130,GRD003,Grader,OP1056,1559.1,36.7,Rainy,7.13,1779,92.1,72.4,42.8,13.65,3.89,9.47,0.76,0,18,Fastened,FALSE,LOW,normal,1
20:12:00,20,0,7,night,132,GRD003,Grader,OP1056,1559.1,36.7,Rainy,5.43,1179,89,72.3,26.3,9.84,3.33,8.13,0.76,3,26.8,Fastened,FALSE,LOW,normal,1
20:14:00,20,0,7,night,134,GRD003,Grader,OP1056,1559.1,36.7,Rainy,2.69,1399,85,72.2,58.6,11.98,3.04,6.74,1.09,1,5.1,Fastened,FALSE,MEDIUM,normal,1
20:16:00,20,0,7,night,136,GRD003,Grader,OP1056,1559.1,36.7,Rainy,5.24,1911,81.4,72.1,34.3,12.43,2.9,9.16,0.76,1,21.2,Fastened,FALSE,LOW,normal,1
20:18:00,20,0,7,night,138,GRD003,Grader,OP1056,1559.1,36.7,Rainy,2.53,1408,90.7,72,44.8,12.83,2.94,8.4,0.88,4,15.9,Fastened,FALSE,LOW,normal,1
20:20:00,20,0,7,night,140,GRD003,Grader,OP1056,1559.2,36.7,Rainy,4.35,1299,81.8,71.9,50.7,11.4,3.22,7.25,0.35,1,30.3,Unfastened,TRUE,LOW,normal,1
20:22:00,20,0,7,night,142,GRD003,Grader,OP1056,1559.2,36.7,Rainy,4.85,1317,84.1,71.9,41.9,10.11,2.71,7.01,0.37,1,16.4,Fastened,FALSE,LOW,normal,1
20:24:00,20,0,7,night,144,GRD003,Grader,OP1056,1559.2,36.7,Rainy,3.75,1678,83.5,71.7,42.7,13.16,3.18,8.9,0.4,3,18.8,Fastened,FALSE,LOW,normal,1
20:26:00,20,0,7,night,146,GRD003,Grader,OP1056,1559.2,36.7,Rainy,3.22,1364,83.6,71.7,48.3,8.53,2.17,5.46,0.88,1,5.1,Fastened,FALSE,MEDIUM,normal,1
20:28:00,20,0,7,night,148,GRD003,Grader,OP1056,1559.2,36.7,Rainy,4.59,1211,84.9,71.6,46.5,15.23,2.56,9.34,0.87,1,8.4,Unfastened,TRUE,LOW,normal,1
20:30:00,20,0,7,night,150,GRD003,Grader,OP1056,1559.2,36.7,Rainy,6.48,1215,85.4,71.5,41.4,13.57,2.82,9.12,0.8,2,12.2,Fastened,FALSE,LOW,normal,1
20:32:00,20,0,7,night,152,GRD003,Grader,OP1056,1559.2,36.7,Rainy,3.1,1425,87.7,71.4,48.3,14.48,2.49,8.69,0,4,25,Fastened,FALSE,LOW,normal,1
20:34:00,20,0,7,night,154,GRD003,Grader,OP1056,1559.2,36.7,Rainy,1.97,1591,93.2,71.3,45,14.31,2.23,8.87,0.57,0,13.7,Fastened,FALSE,LOW,normal,1
20:36:00,20,0,7,night,156,GRD003,Grader,OP1056,1559.2,36.7,Rainy,3.65,1073,82.7,71.2,49.7,9.37,3.05,6.23,1.17,0,21.4,Fastened,FALSE,LOW,normal,1
20:38:00,20,0,7,night,158,GRD003,Grader,OP1056,1559.3,36.7,Rainy,5.25,1825,85.9,71.1,24.7,10.95,3.15,9.02,0.57,1,20.7,Fastened,FALSE,LOW,normal,1
20:40:00,20,0,7,night,160,GRD003,Grader,OP1056,1559.3,36.7,Rainy,2.79,1263,86.7,71,40.5,12.87,3.12,8.92,0.82,2,19.9,Fastened,FALSE,LOW,normal,1
20:42:00,20,0,7,night,162,GRD003,Grader,OP1056,1559.3,36.7,Rainy,4.46,1181,86,70.9,44.9,10.67,2.46,6.98,0.46,0,18.3,Fastened,FALSE,LOW,normal,1
20:44:00,20,0,7,night,164,GRD003,Grader,OP1056,1559.3,36.7,Rainy,4.06,1185,86.3,70.8,41.5,9.54,3.12,6.88,0.2,3,25.9,Fastened,FALSE,LOW,normal,1
20:46:00,20,0,7,night,166,GRD003,Grader,OP1056,1559.3,36.7,Rainy,3.42,1740,86.1,70.7,42,10.7,2.9,7.42,0.71,2,21.3,Fastened,FALSE,LOW,normal,1
20:48:00,20,0,7,night,168,GRD003,Grader,OP1056,1559.3,36.7,Rainy,3.43,1100,88.5,70.6,50.4,10.76,2.99,6.84,0.36,4,11.9,Fastened,FALSE,LOW,normal,1
20:50:00,20,0,7,night,170,GRD003,Grader,OP1056,1559.3,36.7,Rainy,4.76,1489,87.2,70.5,51.5,10.8,3.69,7.14,0.9,1,24.8,Fastened,FALSE,LOW,normal,1
20:52:00,20,0,7,night,172,GRD003,Grader,OP1056,1559.3,36.7,Rainy,4.7,1854,90.6,70.5,47.6,12.68,2.62,7.89,0.8,4,16.2,Fastened,FALSE,LOW,normal,1
20:54:00,20,0,7,night,174,GRD003,Grader,OP1056,1559.3,36.7,Rainy,4.02,1704,89.4,70.4,47.6,11.27,2.69,7.19,0.34,4,7.3,Fastened,FALSE,MEDIUM,normal,1
20:56:00,20,0,7,night,176,GRD003,Grader,OP1056,1559.3,36.7,Rainy,4.13,1934,83.9,70.3,50.5,8.25,2.79,5.49,0.64,1,17.4,Fastened,FALSE,LOW,normal,1
20:58:00,20,0,7,night,178,GRD003,Grader,OP1056,1559.4,36.7,Rainy,3.65,1758,87.4,70.2,47.7,12.75,3.91,8.53,1.1,3,33.4,Fastened,FALSE,LOW,normal,1
21:00:00,21,0,7,night,180,GRD003,Grader,OP1056,1559.4,36.7,Rainy,2.77,1455,88.8,70.1,38.1,11.7,3,8.39,0.89,2,10.6,Unfastened,TRUE,LOW,normal,1
21:02:00,21,0,7,night,182,GRD003,Grader,OP1056,1559.4,36.7,Rainy,2.67,1773,89.2,70,35.1,15.57,3.27,11.25,0.81,2,10.2,Fastened,FALSE,LOW,normal,1
21:04:00,21,0,7,night,184,GRD003,Grader,OP1056,1559.4,36.7,Rainy,1.4,1740,88.1,69.9,55.9,11.44,3.27,6.87,0.51,3,10.9,Fastened,FALSE,LOW,normal,1
21:06:00,21,0,7,night,186,GRD003,Grader,OP1056,1559.4,36.7,Rainy,2.34,1936,83.4,69.8,39.8,11.77,2.74,8.18,0.95,3,34.5,Fastened,FALSE,LOW,normal,1
21:08:00,21,0,7,night,188,GRD003,Grader,OP1056,1559.4,36.7,Rainy,5.04,1261,85.5,69.7,47.5,10.98,3.29,7.33,0.72,2,14.2,Fastened,FALSE,LOW,normal,1
21:10:00,21,0,7,night,190,GRD003,Grader,OP1056,1559.4,36.7,Rainy,3.95,1323,85.7,69.6,38.6,14.91,3.38,10.46,0.48,0,21.9,Fastened,FALSE,LOW,normal,1
21:12:00,21,0,7,night,192,GRD003,Grader,OP1056,1559.4,36.7,Rainy,5.07,1476,93.3,69.5,43,10.93,2.42,7.27,0.57,3,15.4,Fastened,FALSE,LOW,normal,1
21:14:00,21,0,7,night,194,GRD003,Grader,OP1056,1559.4,36.7,Rainy,3.09,1165,88.7,69.4,38.2,13.61,2.41,9.33,0.62,4,19.7,Fastened,FALSE,LOW,normal,1
21:16:00,21,0,7,night,196,GRD003,Grader,OP1056,1559.4,36.7,Rainy,3.06,956,86.9,69.3,45.7,10.84,3.45,7.46,0.33,2,20.4,Fastened,FALSE,LOW,normal,1
21:18:00,21,0,7,night,198,GRD003,Grader,OP1056,1559.5,36.7,Rainy,2.81,1387,86.1,69.2,51.7,13.77,2.41,7.9,0.3,1,18.7,Fastened,FALSE,LOW,normal,1
21:20:00,21,0,7,night,200,GRD003,Grader,OP1056,1559.5,36.7,Rainy,4.01,1338,86.6,69.1,44.8,13.98,2.97,9.05,0.95,4,10.1,Fastened,FALSE,LOW,normal,1
21:22:00,21,0,7,night,202,GRD003,Grader,OP1056,1559.5,36.7,Rainy,3.52,1998,85.6,69,53.2,8.82,2.79,5.61,0.43,0,26.1,Fastened,FALSE,LOW,normal,1
21:24:00,21,0,7,night,204,GRD003,Grader,OP1056,1559.5,36.7,Rainy,3.47,1232,82.5,68.9,38.9,14.12,4.27,10.29,1.2,1,20.8,Fastened,FALSE,LOW,normal,1
21:26:00,21,0,7,night,206,GRD003,Grader,OP1056,1559.5,36.7,Rainy,5.04,1468,96.1,68.8,45.1,13.64,2.74,8.72,0.84,4,9.5,Fastened,FALSE,LOW,normal,1
21:28:00,21,0,7,night,208,GRD003,Grader,OP1056,1559.5,36.7,Rainy,3.36,1400,90.4,68.7,44.6,13,2.1,8.14,0.61,2,15.8,Fastened,FALSE,LOW,normal,1
21:30:00,21,0,7,night,210,GRD003,Grader,OP1056,1559.5,36.7,Rainy,3.38,1822,87.6,68.6,34.6,12.33,2.95,9.08,0.92,2,29.3,Fastened,FALSE,LOW,normal,1
21:32:00,21,0,7,night,212,GRD003,Grader,OP1056,1559.5,36.7,Rainy,1.04,1322,88.8,68.5,36.1,10.34,3.15,7.74,0.91,4,25.6,Fastened,FALSE,LOW,normal,1
21:34:00,21,0,7,night,214,GRD003,Grader,OP1056,1559.5,36.7,Rainy,2.95,1566,85.3,68.4,45.5,12.86,2.56,8.17,0.36,0,5.8,Fastened,FALSE,MEDIUM,normal,1
21:36:00,21,0,7,night,216,GRD003,Grader,OP1056,1559.5,36.7,Rainy,3.63,1658,89.8,68.3,42.4,11.17,3.52,7.93,1.29,2,28.3,Fastened,FALSE,LOW,normal,1
21:38:00,21,0,7,night,218,GRD003,Grader,OP1056,1559.6,36.7,Rainy,4.49,1583,88.3,68.2,51.2,9.12,3.8,6.4,1.04,0,19.9,Fastened,FALSE,LOW,normal,1
21:40:00,21,0,7,night,220,GRD003,Grader,OP1056,1559.6,36.7,Rainy,3.39,1016,85.3,68.1,40.5,11.26,3.05,7.93,0.84,4,38,Unfastened,TRUE,LOW,normal,1
21:42:00,21,0,7,night,222,GRD003,Grader,OP1056,1559.6,36.7,Rainy,4.98,1587,87,68,32.2,13.41,3.68,10.28,0.3,4,12,Fastened,FALSE,LOW,normal,1
21:44:00,21,0,7,night,224,GRD003,Grader,OP1056,1559.6,36.7,Rainy,4.23,1173,90.3,67.9,52.8,9.82,4.08,6.79,0.8,0,23.8,Unfastened,TRUE,LOW,normal,1
21:46:00,21,0,7,night,226,GRD003,Grader,OP1056,1559.6,36.7,Rainy,4.61,1614,86.2,67.8,35.2,12.78,2.38,9.12,1.02,3,10.2,Fastened,FALSE,LOW,normal,1
21:48:00,21,0,7,night,228,GRD003,Grader,OP1056,1559.6,36.7,Rainy,5.38,1311,90.5,67.7,38,11.9,3.08,8.55,0.81,3,16.1,Fastened,FALSE,LOW,normal,1
21:50:00,21,0,7,night,230,GRD003,Grader,OP1056,1559.6,36.7,Rainy,3.94,1623,87.4,67.6,47.5,9.29,3.25,6.42,0.58,3,15.8,Fastened,FALSE,LOW,normal,1
21:52:00,21,0,7,night,232,GRD003,Grader,OP1056,1559.6,36.7,Rainy,3.56,1139,94.9,67.6,38.3,9.5,2.77,6.92,1.21,3,13.4,Fastened,FALSE,LOW,normal,1
21:54:00,21,0,7,night,234,GRD003,Grader,OP1056,1559.6,36.7,Rainy,4.41,1679,84.7,67.4,35.6,14.38,2.98,10.32,0.88,3,12,Fastened,FALSE,LOW,normal,1
21:56:00,21,0,7,night,236,GRD003,Grader,OP1056,1559.6,36.7,Rainy,6.47,1686,87.6,67.3,38.4,11.79,3.8,8.72,0.39,0,16.7,Fastened,FALSE,LOW,normal,1
21:58:00,21,0,7,night,238,GRD003,Grader,OP1056,1559.7,36.7,Rainy,2.08,1672,92.3,67.2,43.8,13.76,4.15,9.55,0.17,1,15.7,Fastened,FALSE,LOW,normal,1
22:00:00,22,0,7,night,240,GRD003,Grader,OP1056,1559.7,36.7,Rainy,2.86,1338,88.9,67.1,37.6,11.14,3.92,8.43,0.61,2,22.5,Fastened,FALSE,LOW,normal,1
22:02:00,22,0,7,night,242,GRD003,Grader,OP1056,1559.7,36.7,Rainy,3.88,1678,115.6,67,36.5,16.35,3.77,11.76,0.23,0,14,Fastened,TRUE,MEDIUM,temp_spike,-1
22:04:00,22,0,7,night,244,GRD003,Grader,OP1056,1559.7,36.7,Rainy,4.07,2587,110.1,66.9,44,14.75,2.73,9.46,0.33,2,9.3,Unfastened,TRUE,MEDIUM,temp_spike,-1
22:06:00,22,0,7,night,246,GRD003,Grader,OP1056,1559.7,36.7,Rainy,2.65,1550,111.6,66.8,46.6,11.91,3.55,8.01,0.29,3,22.3,Fastened,TRUE,MEDIUM,temp_spike,-1
22:08:00,22,0,7,night,248,GRD003,Grader,OP1056,1559.7,36.7,Rainy,3.21,1218,108.7,66.7,50.5,12.03,3.19,7.57,0.84,4,20.5,Fastened,TRUE,MEDIUM,temp_spike,-1
22:10:00,22,0,7,night,250,GRD003,Grader,OP1056,1559.7,36.7,Rainy,4.95,1550,111.2,66.6,40.8,12.89,3.12,8.9,0.52,1,20.7,Fastened,TRUE,MEDIUM,temp_spike,-1
22:12:00,22,0,7,night,252,GRD003,Grader,OP1056,1559.7,36.7,Rainy,4.93,2039,104.2,66.5,43.8,12.21,3.11,8.22,0.35,1,12,Fastened,FALSE,MEDIUM,temp_spike,-1
22:14:00,22,0,7,night,254,GRD003,Grader,OP1056,1559.7,36.7,Rainy,2.62,1162,111.4,66.4,50.1,10.32,2.91,6.61,1.22,0,18.2,Fastened,TRUE,MEDIUM,temp_spike,-1
22:16:00,22,0,7,night,256,GRD003,Grader,OP1056,1559.7,36.7,Rainy,3.66,1044,107.9,66.3,43.2,10.04,4.09,7.47,0.4,2,17.7,Unfastened,TRUE,MEDIUM,temp_spike,-1
22:18:00,22,0,7,night,258,GRD003,Grader,OP1056,1559.8,36.7,Rainy,4.11,1195,112.6,66.2,45.4,12.46,2.02,7.72,0.89,0,24.4,Unfastened,TRUE,MEDIUM,temp_spike,-1
22:20:00,22,0,7,night,260,GRD003,Grader,OP1056,1559.8,36.7,Rainy,3.22,1384,111.8,66.1,38.7,8,3.07,6.09,1.01,4,19.9,Fastened,TRUE,MEDIUM,temp_spike,-1
22:22:00,22,0,7,night,262,GRD003,Grader,OP1056,1559.8,36.7,Rainy,5.21,901,111.3,66,36.8,11.71,2.86,8.45,0.94,3,6.6,Fastened,TRUE,MEDIUM,temp_spike,-1
22:24:00,22,0,7,night,264,GRD003,Grader,OP1056,1559.8,36.7,Rainy,4.4,750,104,65.9,45.5,13.32,3.49,8.85,0.56,0,19.8,Unfastened,TRUE,MEDIUM,temp_spike,-1
22:26:00,22,0,7,night,266,GRD003,Grader,OP1056,1559.8,36.7,Rainy,8.03,1053,109.4,65.8,41.2,12.68,2.33,8.42,0.28,0,17.5,Fastened,TRUE,MEDIUM,temp_spike,-1
22:28:00,22,0,7,night,268,GRD003,Grader,OP1056,1559.8,36.7,Rainy,4.95,1442,108.6,65.7,38.7,12.18,2.37,8.38,0.72,2,14.6,Fastened,TRUE,MEDIUM,temp_spike,-1
22:30:00,22,0,7,night,270,GRD003,Grader,OP1056,1559.8,36.7,Rainy,3.58,1009,102.3,65.6,39.4,11.95,2.73,8.32,0.77,4,36.1,Unfastened,TRUE,MEDIUM,temp_spike,-1
22:32:00,22,0,7,night,272,GRD003,Grader,OP1056,1559.8,36.7,Rainy,4.08,1630,113.6,65.5,45.3,12.54,2.01,7.77,0.14,3,26.9,Fastened,TRUE,MEDIUM,temp_spike,-1
22:34:00,22,0,7,night,274,GRD003,Grader,OP1056,1559.8,36.7,Rainy,3.87,1615,111.6,65.5,45,12.08,2.04,7.56,0.43,3,24,Fastened,TRUE,MEDIUM,temp_spike,-1
22:36:00,22,0,7,night,276,GRD003,Grader,OP1056,1559.8,36.7,Rainy,3.53,908,111.4,65.3,46.7,14.69,3.52,9.47,0.73,1,7.1,Fastened,TRUE,MEDIUM,temp_spike,-1
22:38:00,22,0,7,night,278,GRD003,Grader,OP1056,1559.9,36.7,Rainy,4.29,1566,106.4,65.3,41.1,10.68,2.8,7.44,0.44,0,13.5,Fastened,TRUE,MEDIUM,temp_spike,-1
22:40:00,22,0,7,night,280,GRD003,Grader,OP1056,1559.9,36.7,Rainy,1.68,1499,108.8,65.2,49.6,10.8,2.95,6.91,0.33,2,13.7,Fastened,TRUE,MEDIUM,temp_spike,-1
22:42:00,22,0,7,night,282,GRD003,Grader,OP1056,1559.9,36.7,Rainy,3.67,2060,106.7,65.1,38.6,14.21,3.56,10.1,0.67,3,10.9,Fastened,TRUE,MEDIUM,temp_spike,-1
22:44:00,22,0,7,night,284,GRD003,Grader,OP1056,1559.9,36.7,Rainy,4.38,1464,106.8,64.9,28.9,15.82,3.23,12.18,1.07,3,17.5,Fastened,TRUE,MEDIUM,temp_spike,-1
22:46:00,22,0,7,night,286,GRD003,Grader,OP1056,1559.9,36.7,Rainy,4.88,940,90.2,64.8,36,9.13,3.3,7.03,0.93,3,18.8,Fastened,FALSE,LOW,normal,1
22:48:00,22,0,7,night,288,GRD003,Grader,OP1056,1559.9,36.7,Rainy,3.46,1541,89,64.7,39.3,12.16,3.05,8.58,0.67,0,17.8,Fastened,FALSE,LOW,normal,1
22:50:00,22,0,7,night,290,GRD003,Grader,OP1056,1559.9,36.7,Rainy,3.84,1477,90.2,64.6,41.3,10.77,3.97,7.96,0.73,0,23.6,Fastened,FALSE,LOW,normal,1
22:52:00,22,0,7,night,292,GRD003,Grader,OP1056,1559.9,36.7,Rainy,5.19,1699,86.5,64.5,43.8,11.38,3.25,7.82,0.95,4,14.4,Fastened,FALSE,LOW,normal,1
22:54:00,22,0,7,night,294,GRD003,Grader,OP1056,1559.9,36.7,Rainy,2.67,1235,90.1,64.5,31.1,8,3.45,6.58,0.73,4,22.4,Fastened,FALSE,LOW,normal,1
22:56:00,22,0,7,night,296,GRD003,Grader,OP1056,1560,36.7,Rainy,1.99,1803,87.3,64.4,40.6,12.54,3.08,8.7,0.66,2,18.3,Fastened,FALSE,LOW,normal,1
22:58:00,22,0,7,night,298,GRD003,Grader,OP1056,1560,36.7,Rainy,3.54,1049,88.2,64.3,41.5,12.24,3.01,8.41,0.8,1,18.4,Fastened,FALSE,LOW,normal,1
23:00:00,23,0,7,night,300,GRD003,Grader,OP1056,1560,36.7,Rainy,2.88,1938,83.3,64.2,44.1,12.34,2.49,8,1.02,3,18.9,Fastened,FALSE,LOW,normal,1
23:02:00,23,0,7,night,302,GRD003,Grader,OP1056,1560,36.7,Rainy,5.17,1307,88.9,64.1,32.2,9.51,3.5,7.57,0.66,2,35.4,Fastened,FALSE,LOW,normal,1
23:04:00,23,0,7,night,304,GRD003,Grader,OP1056,1560,36.7,Rainy,4.98,1587,87.1,63.9,39,16.6,3.38,11.44,0.62,3,23.2,Fastened,FALSE,LOW,normal,1
23:06:00,23,0,7,night,306,GRD003,Grader,OP1056,1560,36.7,Rainy,3.66,1526,82.3,63.8,55,12.06,3.06,7.11,1.02,0,17.6,Fastened,FALSE,LOW,normal,1
23:08:00,23,0,7,night,308,GRD003,Grader,OP1056,1560,36.7,Rainy,4.56,2005,88.9,63.8,44.7,11.98,3.32,8.11,0.74,1,28.6,Fastened,FALSE,LOW,normal,1
23:10:00,23,0,7,night,310,GRD003,Grader,OP1056,1560,36.7,Rainy,3.92,1041,87.4,63.6,44.3,14.64,2.75,9.37,0.03,4,7,Fastened,FALSE,MEDIUM,normal,1
23:12:00,23,0,7,night,312,GRD003,Grader,OP1056,1560,36.7,Rainy,4.05,1387,94.8,63.5,39.7,14.04,2.8,9.58,0.89,4,17.9,Fastened,FALSE,LOW,normal,1
23:14:00,23,0,7,night,314,GRD003,Grader,OP1056,1560,36.7,Rainy,4.05,1055,85.7,63.4,37.5,12.89,2.84,9.12,0.24,1,23,Fastened,FALSE,LOW,normal,1
23:16:00,23,0,7,night,316,GRD003,Grader,OP1056,1560.1,36.7,Rainy,4.47,1194,88.1,63.3,40.2,12.43,2.07,8.27,0.9,2,9.4,Fastened,FALSE,LOW,normal,1
23:18:00,23,0,7,night,318,GRD003,Grader,OP1056,1560.1,36.7,Rainy,6.13,1789,85.3,63.2,47.7,11.46,2.56,7.21,0.8,4,22,Fastened,FALSE,LOW,normal,1
23:20:00,23,0,7,night,320,GRD003,Grader,OP1056,1560.1,36.7,Rainy,4.42,1681,85.6,63.1,32,13.81,3.47,10.5,0.04,3,8.3,Unfastened,TRUE,LOW,normal,1
23:22:00,23,0,7,night,322,GRD003,Grader,OP1056,1560.1,36.7,Rainy,4.1,1849,82.4,63,39.2,12.02,2.09,8.13,0.43,3,11.6,Fastened,FALSE,LOW,normal,1
23:24:00,23,0,7,night,324,GRD003,Grader,OP1056,1560.1,36.7,Rainy,5.14,1466,90.6,62.9,37.6,11.79,3.44,8.65,0.52,4,24.2,Fastened,FALSE,LOW,normal,1
23:26:00,23,0,7,night,326,GRD003,Grader,OP1056,1560.1,36.7,Rainy,1.83,1300,87.2,62.8,48.2,12.83,3.68,8.42,0.97,3,31.6,Fastened,FALSE,LOW,normal,1
23:28:00,23,0,7,night,328,GRD003,Grader,OP1056,1560.1,36.7,Rainy,2.88,1688,87.2,62.7,40.2,12.07,2.6,8.26,0.94,1,12.1,Fastened,FALSE,LOW,normal,1
23:30:00,23,0,7,night,330,GRD003,Grader,OP1056,1560.1,36.7,Rainy,4.48,1291,84.7,62.6,43.6,12.41,3.96,8.73,0.87,3,12,Fastened,FALSE,LOW,normal,1
23:32:00,23,0,7,night,332,GRD003,Grader,OP1056,1560.1,36.7,Rainy,3.9,1439,87.4,62.5,45.4,14.8,3.27,9.57,0.69,3,14.2,Fastened,FALSE,LOW,normal,1
23:34:00,23,0,7,night,334,GRD003,Grader,OP1056,1560.1,36.7,Rainy,1.02,1095,92.9,62.4,53.6,14.24,3.16,8.3,3.22,13,23.2,Fastened,FALSE,LOW,erratic_accel,-1
23:36:00,23,0,7,night,336,GRD003,Grader,OP1056,1560.2,36.7,Rainy,3.94,1852,86.3,62.3,42.6,14.68,3.11,9.75,3.88,17,8.1,Fastened,FALSE,LOW,erratic_accel,-1
23:38:00,23,0,7,night,338,GRD003,Grader,OP1056,1560.2,36.7,Rainy,3.07,1219,88.4,62.2,51.1,12.64,2.27,7.34,4.34,23,26,Fastened,FALSE,LOW,erratic_accel,-1
23:40:00,23,0,7,night,340,GRD003,Grader,OP1056,1560.2,36.7,Rainy,3.67,975,84.4,62.1,43.3,10.13,2.51,6.83,4.43,15,8.6,Fastened,FALSE,LOW,erratic_accel,-1
23:42:00,23,0,7,night,342,GRD003,Grader,OP1056,1560.2,36.7,Rainy,3.67,1662,85.8,62,46.7,13.62,2.53,8.44,3.71,21,27.1,Fastened,FALSE,LOW,erratic_accel,-1
23:44:00,23,0,7,night,344,GRD003,Grader,OP1056,1560.2,36.7,Rainy,0.83,1591,86.2,61.9,39.3,13.25,2.09,8.86,3.39,22,19.1,Fastened,FALSE,LOW,erratic_accel,-1
23:46:00,23,0,7,night,346,GRD003,Grader,OP1056,1560.2,36.7,Rainy,3.75,1444,87.2,61.8,30.1,11.64,3.04,9.05,3.24,25,23.8,Fastened,FALSE,LOW,erratic_accel,-1
23:48:00,23,0,7,night,348,GRD003,Grader,OP1056,1560.2,36.7,Rainy,3.02,1663,89.2,61.7,40.6,9.82,2.04,6.66,3.93,22,16.6,Fastened,FALSE,LOW,erratic_accel,-1
23:50:00,23,0,7,night,350,GRD003,Grader,OP1056,1560.2,36.7,Rainy,1.53,1089,86.2,61.6,44.3,14.72,2.63,9.36,4.7,24,26.2,Fastened,FALSE,LOW,erratic_accel,-1
23:52:00,23,0,7,night,352,GRD003,Grader,OP1056,1560.2,36.7,Rainy,3.29,1561,87.2,61.5,32.7,13.74,4.17,10.61,4.33,12,22.7,Fastened,FALSE,LOW,erratic_accel,-1
23:54:00,23,0,7,night,354,GRD003,Grader,OP1056,1560.2,36.7,Rainy,3.56,1417,85.8,61.4,44.3,15.6,2.69,9.88,4.01,10,20.2,Fastened,FALSE,LOW,erratic_accel,-1
23:56:00,23,0,7,night,356,GRD003,Grader,OP1056,1560.3,36.7,Rainy,2.93,1644,83.5,61.3,43.2,13,2.38,8.41,4.08,15,13.4,Fastened,FALSE,LOW,erratic_accel,-1
23:58:00,23,0,7,night,358,GRD003,Grader,OP1056,1560.3,36.7,Rainy,4.06,1439,89.9,61.2,39.7,12.57,2.39,8.53,3.48,21,18.5,Unfastened,TRUE,LOW,erratic_accel,-1
00:00:00,0,1,7,night,360,GRD003,Grader,OP1056,1560.3,36.7,Rainy,3.18,1491,86.5,61.1,34.5,11.59,3.48,8.79,3.82,23,17.9,Fastened,FALSE,LOW,erratic_accel,-1
00:02:00,0,1,7,night,362,GRD003,Grader,OP1056,1560.3,36.7,Rainy,4.02,1399,88.4,61,39.8,10.25,2.6,7.21,3.81,17,12.3,Fastened,FALSE,LOW,erratic_accel,-1
00:04:00,0,1,7,night,364,GRD003,Grader,OP1056,1560.3,36.7,Rainy,5.57,1758,87.4,60.9,42.3,12.73,2.52,8.41,0.55,2,4.9,Fastened,FALSE,MEDIUM,normal,1
00:06:00,0,1,7,night,366,GRD003,Grader,OP1056,1560.3,36.7,Rainy,4.12,602,87.8,60.8,45,12.93,3.67,8.76,0.99,4,24.2,Fastened,FALSE,LOW,normal,1
00:08:00,0,1,7,night,368,GRD003,Grader,OP1056,1560.3,36.7,Rainy,3.72,1665,86.5,60.7,41.8,12.26,3.35,8.54,0.57,0,25.1,Fastened,FALSE,LOW,normal,1
00:10:00,0,1,7,night,370,GRD003,Grader,OP1056,1560.3,36.7,Rainy,2.67,1548,86.2,60.6,47.2,13.73,2.85,8.59,0.71,0,7.7,Unfastened,TRUE,MEDIUM,normal,1
00:12:00,0,1,7,night,372,GRD003,Grader,OP1056,1560.3,36.7,Rainy,3.79,1720,85.2,60.5,49.9,12.38,2.95,7.67,0.58,0,25.7,Unfastened,TRUE,LOW,normal,1
00:14:00,0,1,7,night,374,GRD003,Grader,OP1056,1560.3,36.7,Rainy,2.31,1820,88.8,60.4,32.4,9.49,3.64,7.59,0.21,3,19.4,Fastened,FALSE,LOW,normal,1
00:16:00,0,1,7,night,376,GRD003,Grader,OP1056,1560.4,36.7,Rainy,5.23,1759,87.1,60.3,43.3,12.11,3.44,8.36,0,1,19.9,Fastened,FALSE,LOW,normal,1
00:18:00,0,1,7,night,378,GRD003,Grader,OP1056,1560.4,36.7,Rainy,3.54,955,89.6,60.2,42.1,13.4,2.55,8.83,0.8,2,10.4,Fastened,FALSE,LOW,normal,1
00:20:00,0,1,7,night,380,GRD003,Grader,OP1056,1560.4,36.7,Rainy,1.5,1766,89,60.1,46.2,13.42,3.34,8.76,0.24,4,30.6,Fastened,FALSE,LOW,normal,1
00:22:00,0,1,7,night,382,GRD003,Grader,OP1056,1560.4,36.7,Rainy,2.33,1513,91.5,60,42.8,9.08,3.4,6.65,0.7,2,22.3,Fastened,FALSE,LOW,normal,1
00:24:00,0,1,7,night,384,GRD003,Grader,OP1056,1560.4,36.7,Rainy,5.21,1341,82.3,59.9,42,14.66,3.26,9.87,0.83,0,18.3,Unfastened,TRUE,LOW,normal,1
00:26:00,0,1,7,night,386,GRD003,Grader,OP1056,1560.4,36.7,Rainy,1.55,1126,89,59.8,44.9,12.72,3.43,8.55,0.9,4,11.8,Fastened,FALSE,LOW,normal,1
00:28:00,0,1,7,night,388,GRD003,Grader,OP1056,1560.4,36.7,Rainy,3.59,1135,84.3,59.7,41.7,10.78,2.58,7.36,0.2,4,5.7,Fastened,FALSE,MEDIUM,normal,1
00:30:00,0,1,7,night,390,GRD003,Grader,OP1056,1560.4,36.7,Rainy,3.48,1417,84.4,59.6,44.3,13.3,3.23,8.84,0.56,0,9.9,Fastened,FALSE,LOW,normal,1
00:32:00,0,1,7,night,392,GRD003,Grader,OP1056,1560.4,36.7,Rainy,3.63,1505,89.3,59.5,39.6,10.42,3.54,7.7,0.76,3,5.1,Fastened,FALSE,MEDIUM,normal,1
00:34:00,0,1,7,night,394,GRD003,Grader,OP1056,1560.4,36.7,Rainy,3.65,1702,89.9,59.4,43.4,13.8,1.96,8.66,0.64,4,21.7,Fastened,FALSE,LOW,normal,1
00:36:00,0,1,7,night,396,GRD003,Grader,OP1056,1560.5,36.7,Rainy,4.33,1610,87.9,59.3,41.1,11.19,3.2,7.91,0.93,2,6.1,Fastened,FALSE,MEDIUM,normal,1
00:38:00,0,1,7,night,398,GRD003,Grader,OP1056,1560.5,36.7,Rainy,2.79,1521,89.8,59.2,43.4,16.35,3.75,10.88,1.05,4,6.7,Fastened,FALSE,MEDIUM,normal,1
00:40:00,0,1,7,night,400,GRD003,Grader,OP1056,1560.5,36.7,Rainy,3.42,930,86.8,59.1,48.1,12.35,2.11,7.42,1.22,0,26.2,Fastened,FALSE,LOW,normal,1
00:42:00,0,1,7,night,402,GRD003,Grader,OP1056,1560.5,36.7,Rainy,2.4,1288,83,59,43.3,11,2.37,7.26,0.37,2,0.7,Unfastened,TRUE,MEDIUM,normal,1
00:44:00,0,1,7,night,404,GRD003,Grader,OP1056,1560.5,36.7,Rainy,5.71,1660,88.2,58.9,29,12.51,3.24,9.82,0.67,2,7.9,Fastened,FALSE,MEDIUM,normal,1
00:46:00,0,1,7,night,406,GRD003,Grader,OP1056,1560.5,36.7,Rainy,3.49,1490,88.3,58.8,47,12.22,2.03,7.43,0.21,4,3.7,Fastened,FALSE,MEDIUM,normal,1
00:48:00,0,1,7,night,408,GRD003,Grader,OP1056,1560.5,36.7,Rainy,5.29,1681,90.1,58.7,39.2,9.69,3.08,7.1,0.78,0,21.2,Fastened,FALSE,LOW,normal,1
00:50:00,0,1,7,night,410,GRD003,Grader,OP1056,1560.5,36.7,Rainy,6.32,2163,90,58.6,39.2,8,2.96,6.02,0.58,2,27.5,Fastened,FALSE,LOW,normal,1
00:52:00,0,1,7,night,412,GRD003,Grader,OP1056,1560.5,36.7,Rainy,3.33,1333,88,58.5,44.6,12.25,3.45,8.33,1.07,3,17.7,Fastened,FALSE,LOW,normal,1
00:54:00,0,1,7,night,414,GRD003,Grader,OP1056,1560.5,36.7,Rainy,2.96,1726,89.5,58.4,42.1,12.94,3.27,8.87,0.19,0,19.7,Fastened,FALSE,LOW,normal,1
00:56:00,0,1,7,night,416,GRD003,Grader,OP1056,1560.6,36.7,Rainy,4.4,1358,86.9,58.3,38.8,14.35,3.34,10.08,0.87,2,7.9,Fastened,FALSE,MEDIUM,normal,1
00:58:00,0,1,7,night,418,GRD003,Grader,OP1056,1560.6,36.7,Rainy,7.01,1792,86.1,58.2,44.1,11.18,2.92,7.54,0.88,4,18.3,Fastened,FALSE,LOW,normal,1
01:00:00,1,1,7,night,420,GRD003,Grader,OP1056,1560.6,36.7,Rainy,3.86,1375,86.1,58.1,30.8,12.59,3.62,9.83,3.77,19,10.1,Unfastened,TRUE,LOW,erratic_accel,-1
01:02:00,1,1,7,night,422,GRD003,Grader,OP1056,1560.6,36.7,Rainy,4.79,1532,87.6,58,29.8,9.76,3.45,7.88,4.12,17,24.3,Fastened,FALSE,LOW,erratic_accel,-1
01:04:00,1,1,7,night,424,GRD003,Grader,OP1056,1560.6,36.7,Rainy,3.78,1907,78,57.9,42.5,16.46,3.11,10.79,4.28,21,11.4,Fastened,FALSE,LOW,erratic_accel,-1
01:06:00,1,1,7,night,426,GRD003,Grader,OP1056,1560.6,36.7,Rainy,2.95,1893,84.6,57.8,36.4,12.93,2.71,9.21,2.89,25,14.2,Fastened,FALSE,LOW,erratic_accel,-1
01:08:00,1,1,7,night,428,GRD003,Grader,OP1056,1560.6,36.7,Rainy,5.71,1425,90.4,57.7,38.4,8.61,4.04,6.86,3.49,18,20.4,Fastened,FALSE,LOW,erratic_accel,-1
01:10:00,1,1,7,night,430,GRD003,Grader,OP1056,1560.6,36.7,Rainy,3.5,1462,85.6,57.6,43.4,10.95,2.62,7.33,4.19,14,21.5,Fastened,FALSE,LOW,erratic_accel,-1
01:12:00,1,1,7,night,432,GRD003,Grader,OP1056,1560.6,36.7,Rainy,3.16,1111,87.9,57.5,45.3,10.07,3.6,7.14,4.82,15,7.6,Fastened,FALSE,MEDIUM,erratic_accel,-1
01:14:00,1,1,7,night,434,GRD003,Grader,OP1056,1560.7,36.7,Rainy,4.74,1597,86.4,57.4,33.8,14.66,3.01,10.72,3.59,17,31.5,Fastened,FALSE,LOW,erratic_accel,-1
01:16:00,1,1,7,night,436,GRD003,Grader,OP1056,1560.7,36.7,Rainy,3.81,1365,85.3,57.3,47.2,9.63,2.67,6.34,4.78,18,14,Fastened,FALSE,LOW,erratic_accel,-1
01:18:00,1,1,7,night,438,GRD003,Grader,OP1056,1560.7,36.7,Rainy,4.77,1342,88.4,57.2,36.7,8.88,3.39,6.87,4.78,11,20.2,Fastened,FALSE,LOW,erratic_accel,-1
01:20:00,1,1,7,night,440,GRD003,Grader,OP1056,1560.7,36.7,Rainy,4.55,1366,91,57.2,45.1,8,2.41,5.48,3.85,17,10.4,Fastened,FALSE,LOW,erratic_accel,-1
01:22:00,1,1,7,night,442,GRD003,Grader,OP1056,1560.7,36.7,Rainy,4.16,958,85.1,57.1,42.3,12.31,3.15,8.44,3.58,18,21.5,Fastened,FALSE,LOW,erratic_accel,-1
01:24:00,1,1,7,night,444,GRD003,Grader,OP1056,1560.7,36.7,Rainy,4.77,1502,84.1,57,48.6,10.3,2.86,6.68,4.09,17,19.1,Fastened,FALSE,LOW,erratic_accel,-1
01:26:00,1,1,7,night,446,GRD003,Grader,OP1056,1560.7,36.7,Rainy,3,1229,89.2,56.9,52.7,10.1,3.81,6.79,4.09,21,14.1,Fastened,FALSE,LOW,erratic_accel,-1
01:28:00,1,1,7,night,448,GRD003,Grader,OP1056,1560.7,36.7,Rainy,4.66,1154,83.6,56.8,42.7,13.12,3.54,9.03,4.65,14,25.1,Fastened,FALSE,LOW,erratic_accel,-1
01:30:00,1,1,7,night,450,GRD003,Grader,OP1056,1560.7,36.7,Rainy,4.4,1451,81,56.7,39.1,12.63,3.21,8.95,3.01,19,17.6,Fastened,FALSE,LOW,erratic_accel,-1
01:32:00,1,1,7,night,452,GRD003,Grader,OP1056,1560.7,36.7,Rainy,4.35,1735,84,56.6,47.6,8.85,2.81,5.97,4.28,15,25.9,Fastened,FALSE,LOW,erratic_accel,-1
01:34:00,1,1,7,night,454,GRD003,Grader,OP1056,1560.8,36.7,Rainy,5.24,1286,81.4,56.5,39.4,10.45,3.71,7.79,3.62,23,2.6,Fastened,TRUE,HIGH,erratic_accel,-1
01:36:00,1,1,7,night,456,GRD003,Grader,OP1056,1560.8,36.7,Rainy,4.4,1712,85,56.4,31.8,9.31,2.8,7.24,3.37,16,16.1,Fastened,FALSE,LOW,erratic_accel,-1
01:38:00,1,1,7,night,458,GRD003,Grader,OP1056,1560.8,36.7,Rainy,2.93,2072,93.2,56.3,45.3,11.11,3.45,7.64,4.04,15,10.1,Fastened,FALSE,LOW,erratic_accel,-1
01:40:00,1,1,7,night,460,GRD003,Grader,OP1056,1560.8,36.7,Rainy,4.27,1536,87.4,56.2,34.1,16.58,2.76,11.87,2.88,25,15.8,Fastened,FALSE,LOW,erratic_accel,-1
01:42:00,1,1,7,night,462,GRD003,Grader,OP1056,1560.8,36.7,Rainy,4.74,1048,80.1,56.1,31,12.55,2.96,9.58,4.04,25,20.1,Fastened,FALSE,LOW,erratic_accel,-1
01:44:00,1,1,7,night,464,GRD003,Grader,OP1056,1560.8,36.7,Rainy,4.35,1231,84.3,56,53.2,14.04,3.33,8.34,3.82,13,32.3,Fastened,FALSE,LOW,erratic_accel,-1
01:46:00,1,1,7,night,466,GRD003,Grader,OP1056,1560.8,36.7,Rainy,5.46,1245,90.6,55.9,41.8,9.94,3.63,7.3,2.97,10,21.8,Fastened,FALSE,LOW,erratic_accel,-1
01:48:00,1,1,7,night,468,GRD003,Grader,OP1056,1560.8,36.7,Rainy,2.6,1323,87.7,55.8,14.7,12.49,3.61,11.18,3.3,19,17.5,Fastened,FALSE,LOW,erratic_accel,-1
01:50:00,1,1,7,night,470,GRD003,Grader,OP1056,1560.8,36.7,Rainy,2.13,1521,86.6,55.7,49.7,14.3,2.59,8.48,4.64,15,23.2,Fastened,FALSE,LOW,erratic_accel,-1
01:52:00,1,1,7,night,472,GRD003,Grader,OP1056,1560.8,36.7,Rainy,3.7,1258,85.9,55.6,42.2,11.35,3.34,7.97,3.47,12,18.5,Unfastened,TRUE,LOW,erratic_accel,-1
01:54:00,1,1,7,night,474,GRD003,Grader,OP1056,1560.9,36.7,Rainy,4.63,1703,84.8,55.5,38.1,11.65,3.15,8.41,4.62,23,18.7,Fastened,FALSE,LOW,erratic_accel,-1
01:56:00,1,1,7,night,476,GRD003,Grader,OP1056,1560.9,36.7,Rainy,3.09,1485,86.6,55.4,46.5,12.76,3.2,8.31,4.69,16,3.5,Fastened,FALSE,MEDIUM,erratic_accel,-1
01:58:00,1,1,7,night,478,GRD003,Grader,OP1056,1560.9,36.7,Rainy,2.94,1490,85.5,55.3,47.1,12.09,3.52,8.05,5.09,20,27.2,Fastened,FALSE,LOW,erratic_accel,-1
02:00:00,2,1,7,night,480,GRD003,Grader,OP1056,1560.9,36.7,Rainy,5.35,1183,84.1,55.2,46.7,13.13,2.01,7.94,0.14,3,28.4,Fastened,FALSE,LOW,normal,1
02:02:00,2,1,7,night,482,GRD003,Grader,OP1056,1560.9,36.7,Rainy,2.53,1631,90.6,55.1,35.5,14.03,3.02,10.12,0.48,4,19.4,Fastened,FALSE,LOW,normal,1
02:04:00,2,1,7,night,484,GRD003,Grader,OP1056,1560.9,36.7,Rainy,3.35,1501,84.9,55,44.9,13.83,3.36,9.13,0.49,4,12.4,Fastened,FALSE,LOW,normal,1
02:06:00,2,1,7,night,486,GRD003,Grader,OP1056,1560.9,36.7,Rainy,4.24,1175,84.7,54.9,32.1,8.74,2.53,6.75,0.67,1,24,Fastened,FALSE,LOW,normal,1
02:08:00,2,1,7,night,488,GRD003,Grader,OP1056,1560.9,36.7,Rainy,3.32,1988,88.6,54.8,33.7,10.65,2.68,7.96,0.29,0,38.6,Fastened,FALSE,LOW,normal,1
02:10:00,2,1,7,night,490,GRD003,Grader,OP1056,1560.9,36.7,Rainy,5.07,1826,84.6,54.7,52.2,15.16,3.26,8.95,0.68,0,28.5,Unfastened,TRUE,LOW,normal,1
02:12:00,2,1,7,night,492,GRD003,Grader,OP1056,1560.9,36.7,Rainy,4.75,1962,81.9,54.6,48.5,12.28,3.45,8,0.11,0,6.3,Fastened,FALSE,MEDIUM,normal,1
02:14:00,2,1,7,night,494,GRD003,Grader,OP1056,1561,36.7,Rainy,5.66,1606,88.2,54.5,42.3,10.67,2.7,7.3,0.25,1,31.6,Unfastened,TRUE,LOW,normal,1
02:16:00,2,1,7,night,496,GRD003,Grader,OP1056,1561,36.7,Rainy,4.81,1497,85.5,54.4,39.9,13.17,3.04,9.13,0.17,1,22.9,Fastened,FALSE,LOW,normal,1
02:18:00,2,1,7,night,498,GRD003,Grader,OP1056,1561,36.7,Rainy,5.16,1495,83.6,54.3,38.4,12.08,3.43,8.76,0.59,2,4.5,Unfastened,TRUE,MEDIUM,normal,1
02:20:00,2,1,7,night,500,GRD003,Grader,OP1056,1561,36.7,Rainy,3.43,1747,89.7,54.2,45.1,12.81,2.79,8.29,0.53,3,10.7,Fastened,FALSE,LOW,normal,1
02:22:00,2,1,7,night,502,GRD003,Grader,OP1056,1561,36.7,Rainy,3.56,1599,83.9,54.1,44.1,9.83,2.89,6.77,0.64,2,19.1,Unfastened,TRUE,LOW,normal,1
02:24:00,2,1,7,night,504,GRD003,Grader,OP1056,1561,36.7,Rainy,5.09,1283,84,54,33.7,11.15,2.4,8.2,0.89,4,27.8,Fastened,FALSE,LOW,normal,1
02:26:00,2,1,7,night,506,GRD003,Grader,OP1056,1561,36.7,Rainy,4.63,1475,88.5,53.9,46.7,15.68,3.01,9.76,0.18,0,16.6,Fastened,FALSE,LOW,normal,1
02:28:00,2,1,7,night,508,GRD003,Grader,OP1056,1561,36.7,Rainy,4.2,1337,87.4,53.8,35.1,11.91,2.93,8.76,0.97,4,22.6,Fastened,FALSE,LOW,normal,1
02:30:00,2,1,7,night,510,GRD003,Grader,OP1056,1561,36.7,Rainy,3.74,1975,89.8,53.7,39.5,14.77,2.84,10.06,0.42,2,14.9,Fastened,FALSE,LOW,normal,1
02:32:00,2,1,7,night,512,GRD003,Grader,OP1056,1561,36.7,Rainy,3.81,1175,87.2,53.5,39.7,12.73,3.75,9.16,0.44,1,24.4,Fastened,FALSE,LOW,normal,1
02:34:00,2,1,7,night,514,GRD003,Grader,OP1056,1561.1,36.7,Rainy,3.79,1310,80.4,53.4,38.6,11.25,3.5,8.26,0.99,0,24.4,Fastened,FALSE,LOW,normal,1
02:36:00,2,1,7,night,516,GRD003,Grader,OP1056,1561.1,36.7,Rainy,1.81,1768,87.2,53.3,42,14.13,3.3,9.58,0.38,2,15.3,Fastened,FALSE,LOW,normal,1
02:38:00,2,1,7,night,518,GRD003,Grader,OP1056,1561.1,36.7,Rainy,3.3,1474,85.2,53.2,41.5,14.32,3.48,9.82,1.13,0,7,Fastened,FALSE,MEDIUM,normal,1
02:40:00,2,1,7,night,520,GRD003,Grader,OP1056,1561.1,36.7,Rainy,1.88,1055,82.5,53.1,29.2,10.28,2.46,8,0.96,1,14.4,Fastened,FALSE,LOW,normal,1
02:42:00,2,1,7,night,522,GRD003,Grader,OP1056,1561.1,36.7,Rainy,2.76,1543,83.9,53,42.1,12.1,2.95,8.25,1.13,1,20.5,Unfastened,TRUE,LOW,normal,1
02:44:00,2,1,7,night,524,GRD003,Grader,OP1056,1561.1,36.7,Rainy,4.19,1436,86.7,52.9,51.8,11.07,3.8,7.3,0.64,3,9.9,Fastened,FALSE,LOW,normal,1
02:46:00,2,1,7,night,526,GRD003,Grader,OP1056,1561.1,36.7,Rainy,3.38,1460,84.5,52.8,37.6,14.14,2.72,9.85,0.7,4,19.7,Fastened,FALSE,LOW,normal,1
02:48:00,2,1,7,night,528,GRD003,Grader,OP1056,1561.1,36.7,Rainy,4.26,2091,93.9,52.7,48.7,11.12,2.91,7.12,0.95,3,18.7,Fastened,FALSE,LOW,normal,1
02:50:00,2,1,7,night,530,GRD003,Grader,OP1056,1561.1,36.7,Rainy,3.14,1853,87.7,52.6,44.1,12.59,3.12,8.41,0.51,3,30.3,Unfastened,TRUE,LOW,normal,1
02:52:00,2,1,7,night,532,GRD003,Grader,OP1056,1561.1,36.7,Rainy,0.73,1984,81.3,52.5,37.8,13.93,3.14,9.85,0.25,2,21.7,Fastened,FALSE,LOW,normal,1
02:54:00,2,1,7,night,534,GRD003,Grader,OP1056,1561.2,36.7,Rainy,4.61,1836,85.7,52.4,37.4,8.6,1.87,6.08,0.48,3,24.1,Fastened,FALSE,LOW,normal,1
02:56:00,2,1,7,night,536,GRD003,Grader,OP1056,1561.2,36.7,Rainy,4.89,1743,88.6,52.3,46,14.48,3.94,9.63,1.05,4,17.8,Fastened,FALSE,LOW,normal,1
02:58:00,2,1,7,night,538,GRD003,Grader,OP1056,1561.2,36.7,Rainy,3.97,1239,90.2,52.3,50.4,9.14,1.78,5.43,0.84,0,15.1,Fastened,FALSE,LOW,normal,1
03:00:00,3,1,7,night,540,GRD003,Grader,OP1056,1561.2,36.7,Rainy,2.67,1012,84.1,52.2,43.2,14.84,2.8,9.64,0.47,4,12.8,Fastened,FALSE,LOW,normal,1
03:02:00,3,1,7,night,542,GRD003,Grader,OP1056,1561.2,36.7,Rainy,3.14,1215,87.6,52,45.6,13.46,3.35,8.85,1.03,0,9.9,Fastened,FALSE,LOW,normal,1
03:04:00,3,1,7,night,544,GRD003,Grader,OP1056,1561.2,36.7,Rainy,4.07,2207,83.7,51.9,35.3,11.61,3.31,8.68,1.03,3,3.2,Fastened,FALSE,MEDIUM,normal,1
03:06:00,3,1,7,night,546,GRD003,Grader,OP1056,1561.2,36.7,Rainy,2.88,1180,89.6,51.9,33.6,9.11,3.23,7.13,0.76,2,0.5,Fastened,FALSE,MEDIUM,normal,1
03:08:00,3,1,7,night,548,GRD003,Grader,OP1056,1561.2,36.7,Rainy,3.88,2085,86,51.8,34.4,10.85,3.1,8.18,0.89,3,21.7,Fastened,FALSE,LOW,normal,1
03:10:00,3,1,7,night,550,GRD003,Grader,OP1056,1561.2,36.7,Rainy,4.45,1447,87.3,51.7,34.6,11.89,3.03,8.82,1.2,0,21.3,Fastened,FALSE,LOW,normal,1
03:12:00,3,1,7,night,552,GRD003,Grader,OP1056,1561.2,36.7,Rainy,5.49,1422,82.3,51.5,28.5,12.52,3.06,9.82,0.31,2,14.6,Fastened,FALSE,LOW,normal,1
03:14:00,3,1,7,night,554,GRD003,Grader,OP1056,1561.3,36.7,Rainy,6.15,1456,92.6,51.4,33,10.72,3.01,8.18,0.76,3,12.7,Fastened,FALSE,LOW,normal,1
03:16:00,3,1,7,night,556,GRD003,Grader,OP1056,1561.3,36.7,Rainy,5.99,1692,88.8,51.4,45.7,10.26,3.09,6.98,0.76,0,21.5,Fastened,FALSE,LOW,normal,1
03:18:00,3,1,7,night,558,GRD003,Grader,OP1056,1561.3,36.7,Rainy,2.21,829,90.5,51.3,33.2,12.09,2.55,8.92,0.41,1,17.7,Fastened,FALSE,LOW,normal,1
03:20:00,3,1,7,night,560,GRD003,Grader,OP1056,1561.3,36.7,Rainy,4.15,1362,85.2,51.1,37.4,16.07,3.21,11.26,0.76,2,16.6,Unfastened,TRUE,LOW,normal,1
03:22:00,3,1,7,night,562,GRD003,Grader,OP1056,1561.3,36.7,Rainy,4.58,1571,83.2,51,48.3,12.65,3.12,8.05,1.18,0,15.4,Fastened,FALSE,LOW,normal,1
03:24:00,3,1,7,night,564,GRD003,Grader,OP1056,1561.3,36.7,Rainy,4.3,1645,87.9,50.9,33,12.58,3.06,9.44,0.61,3,27.3,Fastened,FALSE,LOW,normal,1
03:26:00,3,1,7,night,566,GRD003,Grader,OP1056,1561.3,36.7,Rainy,5.2,1391,89.7,50.8,37.5,12.94,2.71,9.1,0.49,4,23.5,Fastened,FALSE,LOW,normal,1
03:28:00,3,1,7,night,568,GRD003,Grader,OP1056,1561.3,36.7,Rainy,4.14,1393,91.5,50.7,53.3,16.08,2.67,8.93,0.68,4,7.4,Fastened,FALSE,MEDIUM,normal,1
03:30:00,3,1,7,night,570,GRD003,Grader,OP1056,1561.3,36.7,Rainy,2.68,1403,86.7,50.6,42.7,11.86,2.78,7.98,1.14,2,19.6,Fastened,FALSE,LOW,normal,1
03:32:00,3,1,7,night,572,GRD003,Grader,OP1056,1561.3,36.7,Rainy,4.49,2046,85.4,50.5,46.7,11.43,2.87,7.43,0.93,4,7.5,Fastened,FALSE,MEDIUM,normal,1
03:34:00,3,1,7,night,574,GRD003,Grader,OP1056,1561.4,36.7,Rainy,5.63,1437,86.1,50.4,46.3,12.47,4.1,8.59,1.19,1,15.5,Unfastened,TRUE,LOW,normal,1
03:36:00,3,1,7,night,576,GRD003,Grader,OP1056,1561.4,36.7,Rainy,5.41,1546,87.1,50.3,39,11.68,3.18,8.37,0.88,4,6,Fastened,FALSE,MEDIUM,normal,1
03:38:00,3,1,7,night,578,GRD003,Grader,OP1056,1561.4,36.7,Rainy,2.88,1678,85.3,50.2,37.2,13.07,3.17,9.39,1,0,19.5,Fastened,FALSE,LOW,normal,1
03:40:00,3,1,7,night,580,GRD003,Grader,OP1056,1561.4,36.7,Rainy,3,1328,80,50.1,51.6,10.67,3.3,6.87,0.79,4,8.7,Fastened,FALSE,LOW,normal,1
03:42:00,3,1,7,night,582,GRD003,Grader,OP1056,1561.4,36.7,Rainy,2.13,1410,88.5,50,50.2,12.03,2.73,7.36,0.11,3,38.1,Fastened,FALSE,LOW,normal,1
03:44:00,3,1,7,night,584,GRD003,Grader,OP1056,1561.4,36.7,Rainy,0.85,1438,85.6,49.9,32.8,13.93,2.95,10.33,0.97,3,19.2,Fastened,FALSE,LOW,normal,1
03:46:00,3,1,7,night,586,GRD003,Grader,OP1056,1561.4,36.7,Rainy,4.16,1501,86.8,49.8,53.6,13.62,3.86,8.39,1.21,0,2.8,Fastened,FALSE,MEDIUM,normal,1
03:48:00,3,1,7,night,588,GRD003,Grader,OP1056,1561.4,36.7,Rainy,4.13,1377,85.4,49.7,48.8,11.61,2.41,7.12,0.81,3,11.8,Fastened,FALSE,LOW,normal,1
03:50:00,3,1,7,night,590,GRD003,Grader,OP1056,1561.4,36.7,Rainy,4.44,1639,86.9,49.6,50.3,13.55,2.5,7.99,1.54,2,8.8,Fastened,FALSE,LOW,normal,1
03:52:00,3,1,7,night,592,GRD003,Grader,OP1056,1561.5,36.7,Rainy,2.64,1072,80.5,49.5,54.8,11.56,2.42,6.55,0.91,3,22.5,Fastened,FALSE,LOW,normal,1
03:54:00,3,1,7,night,594,GRD003,Grader,OP1056,1561.5,36.7,Rainy,3.22,1598,87.7,49.5,49.9,12.8,3.27,8.04,0.99,4,9.8,Fastened,FALSE,LOW,normal,1
03:56:00,3,1,7,night,596,GRD003,Grader,OP1056,1561.5,36.7,Rainy,3.77,1493,91.7,49.3,38.4,12.82,3.57,9.27,0.61,2,14.8,Fastened,FALSE,LOW,normal,1
03:58:00,3,1,7,night,598,GRD003,Grader,OP1056,1561.5,36.7,Rainy,3.42,1627,88.9,49.3,53.6,10.91,2.74,6.53,0.75,4,15.4,Fastened,FALSE,LOW,normal,1
04:00:00,4,1,7,night,600,GRD003,Grader,OP1056,1561.5,36.7,Rainy,5.61,1862,84.8,49.1,32.7,13.16,3.14,9.88,0.26,0,11.5,Fastened,FALSE,LOW,normal,1
04:02:00,4,1,7,night,602,GRD003,Grader,OP1056,1561.5,36.7,Rainy,3.32,1206,90.7,49,27.4,15.13,2.9,11.78,0.3,0,37,Fastened,FALSE,LOW,normal,1
04:04:00,4,1,7,night,604,GRD003,Grader,OP1056,1561.5,36.7,Rainy,5.68,1036,91.6,48.9,37.5,13.76,3.18,9.79,0.63,3,26.8,Fastened,FALSE,LOW,normal,1
04:06:00,4,1,7,night,606,GRD003,Grader,OP1056,1561.5,36.7,Rainy,4.43,1593,86.4,48.8,42.7,14.48,3.2,9.66,0.62,2,17.3,Unfastened,TRUE,LOW,normal,1
04:08:00,4,1,7,night,608,GRD003,Grader,OP1056,1561.5,36.7,Rainy,4.77,1739,84.8,48.7,45.3,14.29,3.48,9.39,0.47,4,29.9,Fastened,FALSE,LOW,normal,1
04:10:00,4,1,7,night,610,GRD003,Grader,OP1056,1561.5,36.7,Rainy,2.81,1161,87.7,48.6,34,11.01,2.82,8.23,0.46,1,6.3,Fastened,FALSE,MEDIUM,normal,1
04:12:00,4,1,7,night,612,GRD003,Grader,OP1056,1561.6,36.7,Rainy,5.02,1151,86.7,48.5,37.4,13.38,2.82,9.43,0.71,3,19.9,Fastened,FALSE,LOW,normal,1
04:14:00,4,1,7,night,614,GRD003,Grader,OP1056,1561.6,36.7,Rainy,5.7,1042,87.5,48.3,44.6,13.82,3.39,9.17,0.97,3,14.8,Fastened,FALSE,LOW,normal,1
04:16:00,4,1,7,night,616,GRD003,Grader,OP1056,1561.6,36.7,Rainy,5.05,1600,85.7,48.2,42.6,11.36,3.38,7.96,0.68,0,13.7,Fastened,FALSE,LOW,normal,1
04:18:00,4,1,7,night,618,GRD003,Grader,OP1056,1561.6,36.7,Rainy,5.82,1690,88.3,48.1,31.3,12.18,2.73,9.22,0.36,3,15.6,Fastened,FALSE,LOW,normal,1
04:20:00,4,1,7,night,620,GRD003,Grader,OP1056,1561.6,36.7,Rainy,5.62,1446,82.4,48,41.2,14.08,2.89,9.47,0.83,0,21.4,Unfastened,TRUE,LOW,normal,1
04:22:00,4,1,7,night,622,GRD003,Grader,OP1056,1561.6,36.7,Rainy,3.53,1339,88.4,47.9,51.9,11.31,3.83,7.43,0.9,2,4.5,Unfastened,TRUE,MEDIUM,normal,1
04:24:00,4,1,7,night,624,GRD003,Grader,OP1056,1561.6,36.7,Rainy,5.54,1206,90.8,47.9,48,10.8,2.23,6.69,0.82,1,28.2,Fastened,FALSE,LOW,normal,1
04:26:00,4,1,7,night,626,GRD003,Grader,OP1056,1561.6,36.7,Rainy,3.4,1749,91.4,47.8,40.1,11.81,3.39,8.43,0.87,3,13.5,Fastened,FALSE,LOW,normal,1
04:28:00,4,1,7,night,628,GRD003,Grader,OP1056,1561.6,36.7,Rainy,2.93,1212,86.4,47.7,53.2,12.33,2.62,7.16,0.44,4,10.7,Fastened,FALSE,LOW,normal,1
04:30:00,4,1,7,night,630,GRD003,Grader,OP1056,1561.6,36.7,Rainy,2.39,1747,86.7,47.5,31.5,14,3.89,10.82,0.84,0,14.5,Fastened,FALSE,LOW,normal,1
04:32:00,4,1,7,night,632,GRD003,Grader,OP1056,1561.7,36.7,Rainy,2.32,1330,84.2,47.5,48.7,8.2,3.09,5.71,0.57,4,11.1,Fastened,FALSE,LOW,normal,1
04:34:00,4,1,7,night,634,GRD003,Grader,OP1056,1561.7,36.7,Rainy,3.7,942,87.7,47.4,35.7,14.21,2.02,9.86,0.44,3,0.5,Fastened,FALSE,MEDIUM,normal,1
04:36:00,4,1,7,night,636,GRD003,Grader,OP1056,1561.7,36.7,Rainy,2.65,1566,85.8,47.3,45,13.24,3.07,8.66,0.49,3,21.8,Fastened,FALSE,LOW,normal,1
04:38:00,4,1,7,night,638,GRD003,Grader,OP1056,1561.7,36.7,Rainy,2.41,1528,87.4,47.2,40.4,12.52,2.45,8.45,0.88,0,15.4,Fastened,FALSE,LOW,normal,1
04:40:00,4,1,7,night,640,GRD003,Grader,OP1056,1561.7,36.7,Rainy,4.37,1557,89.2,47,48.6,14.72,3.42,9.23,0.87,4,17.9,Fastened,FALSE,LOW,normal,1
04:42:00,4,1,7,night,642,GRD003,Grader,OP1056,1561.7,36.7,Rainy,1.58,980,87.8,47,37.2,10.12,3.86,7.79,0.73,0,16.8,Fastened,FALSE,LOW,normal,1
04:44:00,4,1,7,night,644,GRD003,Grader,OP1056,1561.7,36.7,Rainy,2.95,965,85.8,46.9,44.6,12.01,3.26,8.11,0.51,4,15.9,Fastened,FALSE,LOW,normal,1
04:46:00,4,1,7,night,646,GRD003,Grader,OP1056,1561.7,36.7,Rainy,5.78,658,84.6,46.8,38,11.66,2.71,8.26,0.99,4,17.8,Fastened,FALSE,LOW,normal,1
04:48:00,4,1,7,night,648,GRD003,Grader,OP1056,1561.7,36.7,Rainy,3.49,1682,80.8,46.6,31.3,13.91,4.94,11.1,0.55,0,21,Fastened,FALSE,LOW,normal,1
04:50:00,4,1,7,night,650,GRD003,Grader,OP1056,1561.7,36.7,Rainy,2.13,1215,82.4,46.5,53.6,14.53,3,8.35,1.33,3,13.5,Fastened,FALSE,LOW,normal,1
04:52:00,4,1,7,night,652,GRD003,Grader,OP1056,1561.8,36.7,Rainy,4.49,1636,91.1,46.5,51.9,10.08,2.77,6.29,0.61,4,17.4,Fastened,FALSE,LOW,normal,1
04:54:00,4,1,7,night,654,GRD003,Grader,OP1056,1561.8,36.7,Rainy,2.92,1528,83.8,46.3,42.1,13.75,2.57,9.04,0.61,4,27,Fastened,FALSE,LOW,normal,1
04:56:00,4,1,7,night,656,GRD003,Grader,OP1056,1561.8,36.7,Rainy,4.9,1607,87.2,46.2,35.8,13.62,3.35,9.94,0.91,2,21.4,Fastened,FALSE,LOW,normal,1
04:58:00,4,1,7,night,658,GRD003,Grader,OP1056,1561.8,36.7,Rainy,3.67,1557,85.8,46.1,53.3,14.25,3.53,8.54,0.67,0,10.8,Fastened,FALSE,LOW,normal,1
05:00:00,5,1,7,night,660,GRD003,Grader,OP1056,1561.8,36.7,Rainy,2.06,1509,89.5,46,46.2,8.64,3.5,6.27,0.42,0,24.2,Fastened,FALSE,LOW,normal,1
05:02:00,5,1,7,night,662,GRD003,Grader,OP1056,1561.8,36.7,Rainy,6.54,1010,89.7,46,34.1,10.13,3.11,7.74,0.29,1,10,Fastened,FALSE,LOW,normal,1
05:04:00,5,1,7,night,664,GRD003,Grader,OP1056,1561.8,36.7,Rainy,4.36,1641,85.3,45.9,55.6,9.09,3.76,6.13,0.48,1,22.3,Fastened,FALSE,LOW,normal,1
05:06:00,5,1,7,night,666,GRD003,Grader,OP1056,1561.8,36.7,Rainy,3.46,1239,84.2,45.8,40,12.94,3,8.96,0.85,2,22.3,Fastened,FALSE,LOW,normal,1
05:08:00,5,1,7,night,668,GRD003,Grader,OP1056,1561.8,36.7,Rainy,5.23,1340,89,45.6,36.1,15.13,3.58,10.96,0.64,4,23,Fastened,FALSE,LOW,normal,1
05:10:00,5,1,7,night,670,GRD003,Grader,OP1056,1561.8,36.7,Rainy,1.84,1371,85.2,45.6,40.5,10.31,3.08,7.38,1.11,1,33.4,Fastened,FALSE,LOW,normal,1
05:12:00,5,1,7,night,672,GRD003,Grader,OP1056,1561.9,36.7,Rainy,3.98,810,89.5,45.5,42.7,10.51,2.68,7.17,0.62,0,15.8,Fastened,FALSE,LOW,normal,1
05:14:00,5,1,7,night,674,GRD003,Grader,OP1056,1561.9,36.7,Rainy,2.79,1675,89.3,45.4,51.2,12.91,2.9,7.78,1.29,2,5.5,Fastened,FALSE,MEDIUM,normal,1
05:16:00,5,1,7,night,676,GRD003,Grader,OP1056,1561.9,36.7,Rainy,3.05,1270,87,45.3,60,13.39,3.12,7.23,1.1,2,19,Fastened,FALSE,LOW,normal,1
05:18:00,5,1,7,night,678,GRD003,Grader,OP1056,1561.9,36.7,Rainy,5.5,1792,85.5,45.2,52.8,11.82,3.33,7.34,0.37,3,37.1,Fastened,FALSE,LOW,normal,1
05:20:00,5,1,7,night,680,GRD003,Grader,OP1056,1561.9,36.7,Rainy,4.21,1266,89.6,45.1,36.2,14.87,2.94,10.55,0.38,3,20.9,Unfastened,TRUE,LOW,normal,1
05:22:00,5,1,7,night,682,GRD003,Grader,OP1056,1561.9,36.7,Rainy,3,1884,83.5,45,46.9,15.67,2.68,9.58,0.79,0,22.7,Fastened,FALSE,LOW,normal,1
05:24:00,5,1,7,night,684,GRD003,Grader,OP1056,1561.9,36.7,Rainy,5.78,1961,83.2,44.9,46.5,11.3,2.66,7.28,0.96,0,10.4,Fastened,FALSE,LOW,normal,1
05:26:00,5,1,7,night,686,GRD003,Grader,OP1056,1561.9,36.7,Rainy,5.8,1522,86.9,44.8,38.6,10.34,2.92,7.48,0.12,3,18.3,Fastened,FALSE,LOW,normal,1
05:28:00,5,1,7,night,688,GRD003,Grader,OP1056,1561.9,36.7,Rainy,4.04,1680,89,44.7,39.9,10.64,3.25,7.69,0.87,0,11.8,Fastened,FALSE,LOW,normal,1
05:30:00,5,1,7,night,690,GRD003,Grader,OP1056,1561.9,36.7,Rainy,4.3,1203,87.8,44.6,50.5,13.52,2.81,8.11,0.81,1,9.8,Fastened,FALSE,LOW,normal,1
05:32:00,5,1,7,night,692,GRD003,Grader,OP1056,1562,36.7,Rainy,4.98,1427,86.8,44.5,36.8,12.28,3.13,8.91,0.57,4,7.9,Unfastened,TRUE,MEDIUM,normal,1
05:34:00,5,1,7,night,694,GRD003,Grader,OP1056,1562,36.7,Rainy,7.04,1394,84.8,44.4,45.3,12.41,3.12,8.2,0.61,3,27.9,Fastened,FALSE,LOW,normal,1
05:36:00,5,1,7,night,696,GRD003,Grader,OP1056,1562,36.7,Rainy,2.35,1225,89.4,44.3,30.5,13.22,2.83,10.05,0.29,4,28.6,Fastened,FALSE,LOW,normal,1
05:38:00,5,1,7,night,698,GRD003,Grader,OP1056,1562,36.7,Rainy,3.43,1792,87.5,44.2,47.6,12.39,3.23,8.03,0.73,0,16.9,Fastened,FALSE,LOW,normal,1
05:40:00,5,1,7,night,700,GRD003,Grader,OP1056,1562,36.7,Rainy,4.23,1530,93.9,44.1,53.2,13.7,3.18,8.1,0.8,0,3.2,Fastened,FALSE,MEDIUM,normal,1
05:42:00,5,1,7,night,702,GRD003,Grader,OP1056,1562,36.7,Rainy,3.63,1679,88,44,37.4,11.82,2.94,8.5,0.63,2,28.8,Fastened,FALSE,LOW,normal,1
05:44:00,5,1,7,night,704,GRD003,Grader,OP1056,1562,36.7,Rainy,3.56,833,91,43.9,43.1,13.16,3.76,9.11,0.75,3,14.4,Fastened,FALSE,LOW,normal,1
05:46:00,5,1,7,night,706,GRD003,Grader,OP1056,1562,36.7,Rainy,2.39,1356,88.9,43.8,36.2,8.78,2.7,6.58,0.44,3,8,Fastened,FALSE,LOW,normal,1
05:48:00,5,1,7,night,708,GRD003,Grader,OP1056,1562,36.7,Rainy,5.21,1147,91.8,43.7,40.1,8.52,2.84,6.24,1.18,1,15.2,Fastened,FALSE,LOW,normal,1
05:50:00,5,1,7,night,710,GRD003,Grader,OP1056,1562,36.7,Rainy,5.67,1165,91.2,43.6,35,11.6,1.75,8.15,0.95,4,35,Fastened,FALSE,LOW,normal,1
05:52:00,5,1,7,night,712,GRD003,Grader,OP1056,1562.1,36.7,Rainy,3.78,999,84.4,43.5,42.4,11.7,3.25,8.12,0.39,2,35,Fastened,FALSE,LOW,normal,1
05:54:00,5,1,7,night,714,GRD003,Grader,OP1056,1562.1,36.7,Rainy,6.31,1173,87.9,43.4,38.9,11.08,3.24,8.03,0.77,1,13.8,Fastened,FALSE,LOW,normal,1
05:56:00,5,1,7,night,716,GRD003,Grader,OP1056,1562.1,36.7,Rainy,4.13,1643,93.4,43.3,36.3,12.91,2.83,9.25,0.61,2,24.1,Fastened,FALSE,LOW,normal,1
05:58:00,5,1,7,night,718,GRD003,Grader,OP1056,1562.1,36.7,Rainy,4.19,1163,85.5,43.2,45.8,12.04,2.37,7.61,0.85,3,24.9,Fastened,FALSE,LOW,normal,1
06:00:00,6,3,11,day,0,EXC002,Excavator,OP1029,2513.9,18.7,Sunny,8.34,1406,18.7,87.8,37.4,10.34,2.65,7.46,0.41,3,16.4,Fastened,FALSE,LOW,normal,1
06:02:00,6,3,11,day,2,EXC002,Excavator,OP1029,2513.9,18.7,Sunny,2.54,1769,24.2,87.7,27.1,9.57,3.57,7.94,1.08,3,22.3,Fastened,FALSE,LOW,normal,1
06:04:00,6,3,11,day,4,EXC002,Excavator,OP1029,2513.9,18.7,Sunny,6.86,1426,29.7,87.7,35.7,11.1,3.72,8.47,1.14,0,9.5,Fastened,FALSE,LOW,normal,1
06:06:00,6,3,11,day,6,EXC002,Excavator,OP1029,2513.9,18.7,Sunny,6.93,1279,35.1,87.6,44.6,10.76,3.43,7.49,1.11,2,16.8,Fastened,FALSE,LOW,normal,1
06:08:00,6,3,11,day,8,EXC002,Excavator,OP1029,2513.9,18.7,Sunny,2.21,1284,40.6,87.5,37.7,13.29,3.74,9.69,1.36,2,14.9,Fastened,FALSE,LOW,normal,1
06:10:00,6,3,11,day,10,EXC002,Excavator,OP1029,2514,18.7,Sunny,3.85,1266,46,87.4,42.8,12.14,3.88,8.6,0.71,2,6.8,Fastened,FALSE,MEDIUM,normal,1
06:12:00,6,3,11,day,12,EXC002,Excavator,OP1029,2514,18.7,Sunny,5.18,1027,51.5,87.4,44.4,9.11,2.95,6.37,1.08,1,12.5,Fastened,FALSE,LOW,normal,1
06:14:00,6,3,11,day,14,EXC002,Excavator,OP1029,2514,18.7,Sunny,6.37,1077,57,87.3,40.1,14.52,3.05,9.92,1.13,2,4.5,Fastened,FALSE,MEDIUM,normal,1
06:16:00,6,3,11,day,16,EXC002,Excavator,OP1029,2514,18.7,Sunny,4.5,1709,62.4,87.2,32.3,9.84,3.31,7.73,0.73,3,14.1,Fastened,FALSE,LOW,normal,1
06:18:00,6,3,11,day,18,EXC002,Excavator,OP1029,2514,18.7,Sunny,5.75,1477,67.9,87.2,48,10.58,2.61,6.75,0.53,2,12.9,Fastened,FALSE,LOW,normal,1
06:20:00,6,3,11,day,20,EXC002,Excavator,OP1029,2514,18.7,Sunny,5.94,1540,73.3,87.1,31,12.67,3.9,9.95,1.25,1,26.7,Fastened,FALSE,LOW,normal,1
06:22:00,6,3,11,day,22,EXC002,Excavator,OP1029,2514,18.7,Sunny,2.56,1157,78.8,87,44.8,12.8,3.51,8.64,0.69,2,7,Fastened,FALSE,MEDIUM,normal,1
06:24:00,6,3,11,day,24,EXC002,Excavator,OP1029,2514,18.7,Sunny,5.51,1322,84.3,87,44.8,13.38,2.89,8.68,0.67,3,14.8,Fastened,FALSE,LOW,normal,1
06:26:00,6,3,11,day,26,EXC002,Excavator,OP1029,2514,18.7,Sunny,6.34,912,82.8,86.9,21.9,11.02,2.88,9.24,0.22,4,13.5,Fastened,FALSE,LOW,normal,1
06:28:00,6,3,11,day,28,EXC002,Excavator,OP1029,2514,18.7,Sunny,7.02,1558,86.6,86.8,38.5,13.59,2.49,9.32,1.01,0,27.7,Fastened,FALSE,LOW,normal,1
06:30:00,6,3,11,day,30,EXC002,Excavator,OP1029,2514.1,18.7,Sunny,4.98,1681,84.2,86.7,33.9,13.22,2.99,9.75,0.74,2,27,Fastened,FALSE,LOW,normal,1
06:32:00,6,3,11,day,32,EXC002,Excavator,OP1029,2514.1,18.7,Sunny,4.2,1266,88.1,86.6,28,13.1,4.1,10.58,0.69,4,24.1,Fastened,FALSE,LOW,normal,1
06:34:00,6,3,11,day,34,EXC002,Excavator,OP1029,2514.1,18.7,Sunny,4.08,1797,85.9,86.6,31.7,12.38,3.01,9.41,0.19,0,15.7,Fastened,FALSE,LOW,normal,1
06:36:00,6,3,11,day,36,EXC002,Excavator,OP1029,2514.1,18.7,Sunny,5.57,1533,91,86.5,30.8,12.99,2.77,9.84,0,4,6.6,Fastened,FALSE,MEDIUM,normal,1
06:38:00,6,3,11,day,38,EXC002,Excavator,OP1029,2514.1,18.7,Sunny,4.46,1793,94.7,86.4,32.7,13.39,3.26,10.08,0.89,4,33.1,Fastened,FALSE,LOW,normal,1
06:40:00,6,3,11,day,40,EXC002,Excavator,OP1029,2514.1,18.7,Sunny,7.43,1711,91.2,86.3,31.7,10.72,2.54,8.13,0.83,1,20.7,Fastened,FALSE,LOW,normal,1
06:42:00,6,3,11,day,42,EXC002,Excavator,OP1029,2514.1,18.7,Sunny,3.26,1298,86.2,86.3,55.5,10.62,2.8,6.28,1.03,2,12.3,Fastened,FALSE,LOW,normal,1
06:44:00,6,3,11,day,44,EXC002,Excavator,OP1029,2514.1,18.7,Sunny,2.34,1242,86.1,86.2,38.9,11.49,3.2,8.27,0.9,2,22.2,Fastened,FALSE,LOW,normal,1
06:46:00,6,3,11,day,46,EXC002,Excavator,OP1029,2514.1,18.7,Sunny,7.58,1356,88.3,86.1,37.6,10.52,2.55,7.52,0.76,3,22.2,Fastened,FALSE,LOW,normal,1
06:48:00,6,3,11,day,48,EXC002,Excavator,OP1029,2514.1,18.7,Sunny,2.82,1677,88.6,86.1,42,10.33,2.84,7.18,0.43,1,29.3,Unfastened,TRUE,LOW,normal,1
06:50:00,6,3,11,day,50,EXC002,Excavator,OP1029,2514.2,18.7,Sunny,3.63,1455,94.7,86,40.1,10.94,3.13,7.81,0.62,0,16.7,Fastened,FALSE,LOW,normal,1
06:52:00,6,3,11,day,52,EXC002,Excavator,OP1029,2514.2,18.7,Sunny,5.39,1552,87.8,85.9,45,15.73,3.36,10.16,0.83,1,5.3,Fastened,FALSE,MEDIUM,normal,1
06:54:00,6,3,11,day,54,EXC002,Excavator,OP1029,2514.2,18.7,Sunny,2.81,1075,86.6,85.9,48.6,14.31,3.31,8.96,1.18,4,22.4,Fastened,FALSE,LOW,normal,1
06:56:00,6,3,11,day,56,EXC002,Excavator,OP1029,2514.2,18.7,Sunny,7.11,1490,82.2,85.8,36,12.22,3.12,8.94,0.54,2,16.8,Fastened,FALSE,LOW,normal,1
06:58:00,6,3,11,day,58,EXC002,Excavator,OP1029,2514.2,18.7,Sunny,5,1347,88.2,85.7,37,13,2.34,9.06,0.72,2,15.8,Fastened,FALSE,LOW,normal,1
07:00:00,7,3,11,day,60,EXC002,Excavator,OP1029,2514.2,18.7,Sunny,2.16,1324,86.4,85.6,37.2,9.85,2.87,7.25,0.44,4,17.2,Fastened,FALSE,LOW,normal,1
07:02:00,7,3,11,day,62,EXC002,Excavator,OP1029,2514.2,18.7,Sunny,6.57,1497,90.7,85.6,33.9,11.06,2.47,8.15,0.86,3,26.2,Fastened,FALSE,LOW,normal,1
07:04:00,7,3,11,day,64,EXC002,Excavator,OP1029,2514.2,18.7,Sunny,4.41,1470,85.2,85.5,45.6,9.35,2.17,6.08,0.56,0,8,Fastened,FALSE,LOW,normal,1
07:06:00,7,3,11,day,66,EXC002,Excavator,OP1029,2514.2,18.7,Sunny,5.39,1219,85.1,85.4,38.4,13.63,3.62,9.79,0.46,4,23,Fastened,FALSE,LOW,normal,1
07:08:00,7,3,11,day,68,EXC002,Excavator,OP1029,2514.2,18.7,Sunny,6.07,1972,86.5,85.4,35.5,11.03,3.95,8.52,0.29,4,14.9,Fastened,FALSE,LOW,normal,1
07:10:00,7,3,11,day,70,EXC002,Excavator,OP1029,2514.3,18.7,Sunny,4.21,1316,84.7,85.3,42,12.58,3.69,8.85,1.7,1,29.1,Fastened,FALSE,LOW,normal,1
07:12:00,7,3,11,day,72,EXC002,Excavator,OP1029,2514.3,18.7,Sunny,2.02,1425,88.6,85.2,54.4,12.79,2.48,7.18,0.86,3,5.4,Fastened,FALSE,MEDIUM,normal,1
07:14:00,7,3,11,day,74,EXC002,Excavator,OP1029,2514.3,18.7,Sunny,2.09,1123,84.3,85.2,25.3,11.65,1.62,9.11,0.9,3,8.5,Fastened,FALSE,LOW,normal,1
07:16:00,7,3,11,day,76,EXC002,Excavator,OP1029,2514.3,18.7,Sunny,6.28,1530,88.8,85.1,27.9,11.28,3.11,9,0.82,3,27.6,Fastened,FALSE,LOW,normal,1
07:18:00,7,3,11,day,78,EXC002,Excavator,OP1029,2514.3,18.7,Sunny,4.72,1089,83.8,85,36.1,10.49,1.97,7.41,0.77,1,12.2,Fastened,FALSE,LOW,normal,1
07:20:00,7,3,11,day,80,EXC002,Excavator,OP1029,2514.3,18.7,Sunny,3.25,1833,83.1,85,28.3,10.71,3.2,8.58,0.88,3,27,Fastened,FALSE,LOW,normal,1
07:22:00,7,3,11,day,82,EXC002,Excavator,OP1029,2514.3,18.7,Sunny,2.11,1243,93.4,84.9,30.2,10.75,2.87,8.37,1.19,0,24.4,Fastened,FALSE,LOW,normal,1
07:24:00,7,3,11,day,84,EXC002,Excavator,OP1029,2514.3,18.7,Sunny,6.12,1393,92.3,84.8,29.7,11.97,3.18,9.36,0.5,1,25.4,Fastened,FALSE,LOW,normal,1
07:26:00,7,3,11,day,86,EXC002,Excavator,OP1029,2514.3,18.7,Sunny,5.92,1068,84.1,84.7,36.8,14.29,2.31,9.88,0.95,3,8.8,Fastened,FALSE,LOW,normal,1
07:28:00,7,3,11,day,88,EXC002,Excavator,OP1029,2514.3,18.7,Sunny,5.39,1280,90.6,84.7,36.9,11.38,3.68,8.54,0.37,0,4.1,Fastened,FALSE,MEDIUM,normal,1
07:30:00,7,3,11,day,90,EXC002,Excavator,OP1029,2514.4,18.7,Sunny,6.41,1835,80.7,84.6,35.7,15.01,3.33,10.84,0.67,2,21,Fastened,FALSE,LOW,normal,1
07:32:00,7,3,11,day,92,EXC002,Excavator,OP1029,2514.4,18.7,Sunny,4.01,1343,86,84.5,45.6,12.45,2.73,8.02,0.94,4,28.9,Fastened,FALSE,LOW,normal,1
07:34:00,7,3,11,day,94,EXC002,Excavator,OP1029,2514.4,18.7,Sunny,7.5,1442,87.3,84.4,42.5,14.45,2.76,9.48,1.18,4,15.4,Fastened,FALSE,LOW,normal,1
07:36:00,7,3,11,day,96,EXC002,Excavator,OP1029,2514.4,18.7,Sunny,4.27,1487,91.8,84.4,40.9,9.78,3.75,7.31,0.63,3,24.7,Fastened,FALSE,LOW,normal,1
07:38:00,7,3,11,day,98,EXC002,Excavator,OP1029,2514.4,18.7,Sunny,5.1,1350,86.8,84.3,39.7,11.8,3.56,8.53,0.64,3,26.9,Fastened,FALSE,LOW,normal,1
07:40:00,7,3,11,day,100,EXC002,Excavator,OP1029,2514.4,18.7,Sunny,4.45,1424,83.2,84.2,40.8,11.59,3.22,8.18,0.43,2,13.9,Fastened,FALSE,LOW,normal,1
07:42:00,7,3,11,day,102,EXC002,Excavator,OP1029,2514.4,18.7,Sunny,1.65,1460,87.3,84.2,31,9.64,3.57,7.76,1.08,2,20.6,Fastened,FALSE,LOW,normal,1
07:44:00,7,3,11,day,104,EXC002,Excavator,OP1029,2514.4,18.7,Sunny,5.47,1277,82,84.1,32.7,11.18,2.63,8.38,0.75,3,15.9,Fastened,FALSE,LOW,normal,1
07:46:00,7,3,11,day,106,EXC002,Excavator,OP1029,2514.4,18.7,Sunny,5.38,1260,84.9,84,35.3,11.93,2.48,8.59,1,1,24.2,Fastened,FALSE,LOW,normal,1
07:48:00,7,3,11,day,108,EXC002,Excavator,OP1029,2514.4,18.7,Sunny,5.99,1412,82.8,83.9,45.1,14.93,2.52,9.33,0.51,3,23.5,Fastened,FALSE,LOW,normal,1
07:50:00,7,3,11,day,110,EXC002,Excavator,OP1029,2514.5,18.7,Sunny,7.67,1526,91.3,83.9,42,9.74,2.73,6.8,0.5,3,15.5,Fastened,FALSE,LOW,normal,1
07:52:00,7,3,11,day,112,EXC002,Excavator,OP1029,2514.5,18.7,Sunny,7.26,1030,83.5,83.8,29.1,10.57,3.4,8.48,0.59,0,18.2,Unfastened,TRUE,LOW,normal,1
07:54:00,7,3,11,day,114,EXC002,Excavator,OP1029,2514.5,18.7,Sunny,6.81,1279,87.2,83.7,37.4,9.11,3.45,6.99,0.66,1,33.4,Fastened,FALSE,LOW,normal,1
07:56:00,7,3,11,day,116,EXC002,Excavator,OP1029,2514.5,18.7,Sunny,5.31,1245,84.4,83.7,44,10.93,2.79,7.35,0.66,2,15.7,Fastened,FALSE,LOW,normal,1
07:58:00,7,3,11,day,118,EXC002,Excavator,OP1029,2514.5,18.7,Sunny,3.69,1480,85.4,83.6,34.8,10.95,2.65,8.06,1.26,4,31.1,Fastened,FALSE,LOW,normal,1
08:00:00,8,3,11,day,120,EXC002,Excavator,OP1029,2514.5,18.7,Sunny,5.25,1854,87.4,83.5,44,14.01,3.11,9.21,0.25,3,21.1,Fastened,FALSE,LOW,normal,1
08:02:00,8,3,11,day,122,EXC002,Excavator,OP1029,2514.5,18.7,Sunny,6.91,1838,85.7,83.5,32.4,11.15,3.15,8.56,1.05,3,23.7,Fastened,FALSE,LOW,normal,1
08:04:00,8,3,11,day,124,EXC002,Excavator,OP1029,2514.5,18.7,Sunny,0.93,1618,84.4,83.4,35.2,15.89,3.25,11.44,0.99,3,10.3,Fastened,FALSE,LOW,normal,1
08:06:00,8,3,11,day,126,EXC002,Excavator,OP1029,2514.5,18.7,Sunny,7.43,1382,83.4,83.3,32.3,12.16,2.87,9.16,0.42,0,14.9,Fastened,FALSE,LOW,normal,1
08:08:00,8,3,11,day,128,EXC002,Excavator,OP1029,2514.5,18.7,Sunny,4.17,1304,86,83.2,33.5,13.2,2.31,9.55,0.88,3,8.9,Fastened,FALSE,LOW,normal,1
08:10:00,8,3,11,day,130,EXC002,Excavator,OP1029,2514.6,18.7,Sunny,6.71,1683,86.1,83.1,38.1,14.83,2.65,10.19,0.93,1,6.1,Fastened,FALSE,MEDIUM,normal,1
08:12:00,8,3,11,day,132,EXC002,Excavator,OP1029,2514.6,18.7,Sunny,5.94,2036,88.1,83.1,33.4,12.85,3.19,9.62,0.53,0,15.2,Fastened,FALSE,LOW,normal,1
08:14:00,8,3,11,day,134,EXC002,Excavator,OP1029,2514.6,18.7,Sunny,3.7,1190,86,83,35,10.76,2.9,8.01,0.5,3,15.1,Unfastened,TRUE,LOW,normal,1
08:16:00,8,3,11,day,136,EXC002,Excavator,OP1029,2514.6,18.7,Sunny,6.97,1872,87.5,82.9,31.5,9.96,2.85,7.72,0.46,0,26,Fastened,FALSE,LOW,normal,1
08:18:00,8,3,11,day,138,EXC002,Excavator,OP1029,2514.6,18.7,Sunny,1.54,1453,88.9,82.8,36.4,15.3,3.69,11.07,0.66,3,11,Fastened,FALSE,LOW,normal,1
08:20:00,8,3,11,day,140,EXC002,Excavator,OP1029,2514.6,18.7,Sunny,5.86,755,84.1,82.8,37.3,9.22,2.46,6.7,0.73,2,20,Fastened,FALSE,LOW,normal,1
08:22:00,8,3,11,day,142,EXC002,Excavator,OP1029,2514.6,18.7,Sunny,4.9,1298,86.1,82.7,50.9,13.02,3.47,8.16,0.51,3,34,Fastened,FALSE,LOW,normal,1
08:24:00,8,3,11,day,144,EXC002,Excavator,OP1029,2514.6,18.7,Sunny,3.25,1703,87,82.6,42,12.08,2.31,7.98,1.05,2,9.5,Fastened,FALSE,LOW,normal,1
08:26:00,8,3,11,day,146,EXC002,Excavator,OP1029,2514.6,18.7,Sunny,8.25,1709,85.7,82.6,41.5,12.89,2.34,8.51,0.53,4,16.6,Fastened,FALSE,LOW,normal,1
08:28:00,8,3,11,day,148,EXC002,Excavator,OP1029,2514.7,18.7,Sunny,2.51,1586,85.2,82.5,40.2,12.36,3.57,8.83,0.56,4,17.7,Fastened,FALSE,LOW,normal,1
08:30:00,8,3,11,day,150,EXC002,Excavator,OP1029,2514.7,18.7,Sunny,3.89,1359,91.5,82.4,43.1,11.86,3.34,8.19,0.98,1,19.4,Fastened,FALSE,LOW,normal,1
08:32:00,8,3,11,day,152,EXC002,Excavator,OP1029,2514.7,18.7,Sunny,3.9,1134,81.8,82.3,35.8,12.78,3.34,9.4,0.39,4,13.6,Fastened,FALSE,LOW,normal,1
08:34:00,8,3,11,day,154,EXC002,Excavator,OP1029,2514.7,18.7,Sunny,3.98,1851,83.7,82.3,27.5,11.37,3.02,9.07,0.7,4,5.4,Fastened,FALSE,MEDIUM,normal,1
08:36:00,8,3,11,day,156,EXC002,Excavator,OP1029,2514.7,18.7,Sunny,7.17,836,87.9,82.2,29.4,10.92,2.43,8.42,1.5,4,22.1,Fastened,FALSE,LOW,normal,1
08:38:00,8,3,11,day,158,EXC002,Excavator,OP1029,2514.7,18.7,Sunny,8.53,1293,87,82.1,41.4,9.24,2.73,6.54,0.1,1,19.3,Fastened,FALSE,LOW,normal,1
08:40:00,8,3,11,day,160,EXC002,Excavator,OP1029,2514.7,18.7,Sunny,6.21,1161,88.6,82,25.5,14.99,3.34,12.02,0,0,11.7,Fastened,FALSE,LOW,normal,1
08:42:00,8,3,11,day,162,EXC002,Excavator,OP1029,2514.7,18.7,Sunny,13.5,2311,86.1,82,41.1,14.12,3.09,9.59,2.37,2,20.1,Fastened,FALSE,LOW,overspeed,-1
08:44:00,8,3,11,day,164,EXC002,Excavator,OP1029,2514.7,18.7,Sunny,15.39,2335,84.9,81.9,36.6,10.99,3.2,8.14,2.45,4,19.2,Fastened,FALSE,LOW,overspeed,-1
08:46:00,8,3,11,day,166,EXC002,Excavator,OP1029,2514.7,18.7,Sunny,12.8,2330,88.9,81.8,38.4,14.84,2.98,10.29,3.12,1,2,Fastened,TRUE,HIGH,overspeed,-1
08:48:00,8,3,11,day,168,EXC002,Excavator,OP1029,2514.8,18.7,Sunny,11.61,2379,78.9,81.7,32,11.98,3.63,9.31,2.51,2,21.3,Fastened,FALSE,LOW,overspeed,-1
08:50:00,8,3,11,day,170,EXC002,Excavator,OP1029,2514.8,18.7,Sunny,13.16,2161,84.5,81.7,38.6,13.86,2.34,9.41,2.12,1,16.8,Fastened,FALSE,LOW,overspeed,-1
08:52:00,8,3,11,day,172,EXC002,Excavator,OP1029,2514.8,18.7,Sunny,11.47,2254,89.6,81.6,32.8,13.81,2.75,10.18,2.78,1,17.6,Fastened,FALSE,LOW,overspeed,-1
08:54:00,8,3,11,day,174,EXC002,Excavator,OP1029,2514.8,18.7,Sunny,11.06,2265,83.9,81.5,29.2,10.62,1.79,8.04,3.04,2,24.7,Fastened,FALSE,LOW,overspeed,-1
08:56:00,8,3,11,day,176,EXC002,Excavator,OP1029,2514.8,18.7,Sunny,15.63,2529,85.3,81.4,31.7,13.46,2.55,10,2.33,2,14,Fastened,FALSE,LOW,overspeed,-1
08:58:00,8,3,11,day,178,EXC002,Excavator,OP1029,2514.8,18.7,Sunny,14.78,2277,90.3,81.4,48.1,13.96,2.78,8.58,2.76,0,32.4,Fastened,FALSE,LOW,overspeed,-1
09:00:00,9,3,11,day,180,EXC002,Excavator,OP1029,2514.8,18.7,Sunny,3.63,1413,79.4,81.3,25.5,14.26,3.3,11.47,0.75,0,18.8,Fastened,FALSE,LOW,normal,1
09:02:00,9,3,11,day,182,EXC002,Excavator,OP1029,2514.8,18.7,Sunny,4.2,1389,87.1,81.2,46.8,12.46,3.48,8.26,1.05,4,16,Fastened,FALSE,LOW,normal,1
09:04:00,9,3,11,day,184,EXC002,Excavator,OP1029,2514.8,18.7,Sunny,6.3,1327,86,81.1,41.8,13.22,1.89,8.48,0.71,0,16.7,Fastened,FALSE,LOW,normal,1
09:06:00,9,3,11,day,186,EXC002,Excavator,OP1029,2514.8,18.7,Sunny,6.58,1879,84.4,81,41.7,12.68,2.56,8.46,0.61,3,20.5,Fastened,FALSE,LOW,normal,1
09:08:00,9,3,11,day,188,EXC002,Excavator,OP1029,2514.9,18.7,Sunny,3.8,1968,86.2,81,36.3,11.36,2.18,8.03,0.47,2,14.2,Fastened,FALSE,LOW,normal,1
09:10:00,9,3,11,day,190,EXC002,Excavator,OP1029,2514.9,18.7,Sunny,6.43,1032,87.5,80.9,43.9,10.51,3.43,7.4,0.82,4,8,Fastened,FALSE,LOW,normal,1
09:12:00,9,3,11,day,192,EXC002,Excavator,OP1029,2514.9,18.7,Sunny,6.02,1405,80.9,80.9,45.2,12.56,2.64,8.08,0.71,3,17,Fastened,FALSE,LOW,normal,1
09:14:00,9,3,11,day,194,EXC002,Excavator,OP1029,2514.9,18.7,Sunny,2.96,1882,88.4,80.8,29.3,14.98,2.77,11.4,0.74,1,15.7,Fastened,FALSE,LOW,normal,1
09:16:00,9,3,11,day,196,EXC002,Excavator,OP1029,2514.9,18.7,Sunny,5.3,1548,83,80.7,45.3,13.59,4.53,9.49,0.28,1,18.5,Fastened,FALSE,LOW,normal,1
09:18:00,9,3,11,day,198,EXC002,Excavator,OP1029,2514.9,18.7,Sunny,6.57,992,88.8,80.6,30.4,11.24,2.88,8.7,0.62,2,18.9,Fastened,FALSE,LOW,normal,1
09:20:00,9,3,11,day,200,EXC002,Excavator,OP1029,2514.9,18.7,Sunny,6.86,1357,86,80.5,26.3,14.67,2.86,11.56,0.83,3,12.6,Fastened,FALSE,LOW,normal,1
09:22:00,9,3,11,day,202,EXC002,Excavator,OP1029,2514.9,18.7,Sunny,4.56,1278,88.7,80.4,37.1,14.47,2.52,10.04,1.05,2,17.5,Fastened,FALSE,LOW,normal,1
09:24:00,9,3,11,day,204,EXC002,Excavator,OP1029,2514.9,18.7,Sunny,7.59,1460,86.9,80.3,38.5,12.97,2.33,8.87,0,1,17.4,Fastened,FALSE,LOW,normal,1
09:26:00,9,3,11,day,206,EXC002,Excavator,OP1029,2514.9,18.7,Sunny,7.65,1245,89,80.3,41.7,12.96,3.44,8.99,0.11,0,17.7,Fastened,FALSE,LOW,normal,1
09:28:00,9,3,11,day,208,EXC002,Excavator,OP1029,2515,18.7,Sunny,2.63,1773,87.4,80.2,39.5,12.2,3.14,8.62,0.41,2,15.2,Fastened,FALSE,LOW,normal,1
09:30:00,9,3,11,day,210,EXC002,Excavator,OP1029,2515,18.7,Sunny,6.93,1484,88.9,80.1,42.7,12.91,2.94,8.65,0.82,3,12.9,Fastened,FALSE,LOW,normal,1
09:32:00,9,3,11,day,212,EXC002,Excavator,OP1029,2515,18.7,Sunny,4.57,1291,84.4,80.1,40.5,12.29,3.32,8.66,1.16,1,32.7,Fastened,FALSE,LOW,normal,1
09:34:00,9,3,11,day,214,EXC002,Excavator,OP1029,2515,18.7,Sunny,4.79,1821,85.1,80,40.5,13.87,3.61,9.71,0.82,3,25.4,Unfastened,TRUE,LOW,normal,1
09:36:00,9,3,11,day,216,EXC002,Excavator,OP1029,2515,18.7,Sunny,5.5,1771,81.8,79.9,43.2,11.91,1.88,7.58,0.81,3,15.2,Unfastened,TRUE,LOW,normal,1
09:38:00,9,3,11,day,218,EXC002,Excavator,OP1029,2515,18.7,Sunny,4.88,1982,87.1,79.8,43.9,13.86,4.07,9.56,0.15,3,20.5,Unfastened,TRUE,LOW,normal,1
09:40:00,9,3,11,day,220,EXC002,Excavator,OP1029,2515,18.7,Sunny,7.32,1367,85.4,79.8,36.4,11.85,2.98,8.62,0.4,1,16.7,Fastened,FALSE,LOW,normal,1
09:42:00,9,3,11,day,222,EXC002,Excavator,OP1029,2515,18.7,Sunny,3.65,1480,86.6,79.7,39,12.33,2.63,8.55,0.81,3,26.6,Unfastened,TRUE,LOW,normal,1
09:44:00,9,3,11,day,224,EXC002,Excavator,OP1029,2515,18.7,Sunny,4.41,1322,90,79.6,40.1,11.64,3.1,8.22,0.77,4,18.9,Unfastened,TRUE,LOW,normal,1
09:46:00,9,3,11,day,226,EXC002,Excavator,OP1029,2515,18.7,Sunny,6.79,1198,89.5,79.5,36.4,15.76,2.98,11.11,1.36,0,16.2,Fastened,FALSE,LOW,normal,1
09:48:00,9,3,11,day,228,EXC002,Excavator,OP1029,2515.1,18.7,Sunny,5.53,1817,89.1,79.5,46.7,10.5,2.8,6.9,1.19,0,20.5,Fastened,FALSE,LOW,normal,1
09:50:00,9,3,11,day,230,EXC002,Excavator,OP1029,2515.1,18.7,Sunny,5.94,1326,89.2,79.4,38.9,12.81,2.71,8.88,1.22,2,19.5,Fastened,FALSE,LOW,normal,1
09:52:00,9,3,11,day,232,EXC002,Excavator,OP1029,2515.1,18.7,Sunny,8.4,1671,86.9,79.3,27.1,13.29,2.81,10.45,0.89,4,29,Unfastened,TRUE,LOW,normal,1
09:54:00,9,3,11,day,234,EXC002,Excavator,OP1029,2515.1,18.7,Sunny,7.68,1646,85.4,79.2,38.3,12.7,3.25,9.08,0.9,4,9.9,Fastened,FALSE,LOW,normal,1
09:56:00,9,3,11,day,236,EXC002,Excavator,OP1029,2515.1,18.7,Sunny,8.83,1355,92.1,79.2,29.1,12.53,2.98,9.75,0.62,0,5.4,Fastened,FALSE,MEDIUM,normal,1
09:58:00,9,3,11,day,238,EXC002,Excavator,OP1029,2515.1,18.7,Sunny,5.3,1586,87.3,79.1,47.1,13.1,3.22,8.45,0.01,4,20.8,Fastened,FALSE,LOW,normal,1
10:00:00,10,3,11,day,240,EXC002,Excavator,OP1029,2515.1,18.7,Sunny,3.89,1315,89.5,79,34.3,11.43,2.92,8.51,0.04,3,29.6,Fastened,FALSE,LOW,normal,1
10:02:00,10,3,11,day,242,EXC002,Excavator,OP1029,2515.1,18.7,Sunny,3.73,1411,89.7,78.9,43.3,13.5,2.74,8.84,1.22,4,10.1,Fastened,FALSE,LOW,normal,1
10:04:00,10,3,11,day,244,EXC002,Excavator,OP1029,2515.1,18.7,Sunny,5.29,1646,80.7,78.8,30.3,14.47,3.32,11.09,0.73,0,17.2,Fastened,FALSE,LOW,normal,1
10:06:00,10,3,11,day,246,EXC002,Excavator,OP1029,2515.1,18.7,Sunny,8.13,815,90.3,78.8,42.5,13,3.24,8.85,0.59,1,23.1,Fastened,FALSE,LOW,normal,1
10:08:00,10,3,11,day,248,EXC002,Excavator,OP1029,2515.2,18.7,Sunny,5.56,1647,90.9,78.7,44.8,12.17,4.05,8.53,1.13,4,35,Fastened,FALSE,LOW,normal,1
10:10:00,10,3,11,day,250,EXC002,Excavator,OP1029,2515.2,18.7,Sunny,5.6,1443,88.5,78.6,43.3,12.37,2.97,8.3,0.77,1,23.2,Fastened,FALSE,LOW,normal,1
10:12:00,10,3,11,day,252,EXC002,Excavator,OP1029,2515.2,18.7,Sunny,2.39,1547,83.7,78.6,38,11.19,2.81,8.01,0.63,3,5.6,Unfastened,TRUE,MEDIUM,normal,1
10:14:00,10,3,11,day,254,EXC002,Excavator,OP1029,2515.2,18.7,Sunny,7.1,1334,85.5,78.5,27,12.63,3.31,10.11,0.32,2,25.7,Fastened,FALSE,LOW,normal,1
10:16:00,10,3,11,day,256,EXC002,Excavator,OP1029,2515.2,18.7,Sunny,3.98,1132,87,78.4,46.9,14.87,3,9.3,0.9,1,14.1,Fastened,FALSE,LOW,normal,1
10:18:00,10,3,11,day,258,EXC002,Excavator,OP1029,2515.2,18.7,Sunny,6.97,1829,84.9,78.3,31.8,8.1,4.28,6.89,1.18,3,16.3,Fastened,FALSE,LOW,normal,1
10:20:00,10,3,11,day,260,EXC002,Excavator,OP1029,2515.2,18.7,Sunny,5.43,1183,90.3,78.3,52.1,14,2.94,8.24,0.56,4,21.1,Fastened,FALSE,LOW,normal,1
10:22:00,10,3,11,day,262,EXC002,Excavator,OP1029,2515.2,18.7,Sunny,5.52,1059,81.3,78.2,38.4,9.91,3.24,7.35,0.65,3,27.4,Fastened,FALSE,LOW,normal,1
10:24:00,10,3,11,day,264,EXC002,Excavator,OP1029,2515.2,18.7,Sunny,5.21,1771,88.3,78.1,32.9,12.43,3.55,9.51,0.83,0,30.1,Fastened,FALSE,LOW,normal,1
10:26:00,10,3,11,day,266,EXC002,Excavator,OP1029,2515.2,18.7,Sunny,4.24,1685,86.9,78.1,26.6,13.16,3.04,10.47,1.18,1,20.3,Fastened,FALSE,LOW,normal,1
10:28:00,10,3,11,day,268,EXC002,Excavator,OP1029,2515.3,18.7,Sunny,4.8,1598,85.6,78,31.5,10.78,3.03,8.34,0.56,0,8.9,Fastened,FALSE,LOW,normal,1
10:30:00,10,3,11,day,270,EXC002,Excavator,OP1029,2515.3,18.7,Sunny,7.1,1268,87.2,77.9,42.6,13.17,2.22,8.51,0.37,0,11.5,Fastened,FALSE,LOW,normal,1
10:32:00,10,3,11,day,272,EXC002,Excavator,OP1029,2515.3,18.7,Sunny,1.82,1499,90.8,77.8,43.2,11.29,2.44,7.47,1.12,2,28.9,Fastened,FALSE,LOW,normal,1
10:34:00,10,3,11,day,274,EXC002,Excavator,OP1029,2515.3,18.7,Sunny,6.88,1201,80.6,77.8,31.1,15.09,1.63,10.9,0.62,3,8.5,Fastened,FALSE,LOW,normal,1
10:36:00,10,3,11,day,276,EXC002,Excavator,OP1029,2515.3,18.7,Sunny,6.53,1668,89.6,77.7,38.8,10.99,3.84,8.22,0.45,1,17.9,Fastened,FALSE,LOW,normal,1
10:38:00,10,3,11,day,278,EXC002,Excavator,OP1029,2515.3,18.7,Sunny,6.27,1124,83.9,77.6,42.6,13.35,3.08,8.97,0.61,0,24.2,Fastened,FALSE,LOW,normal,1
10:40:00,10,3,11,day,280,EXC002,Excavator,OP1029,2515.3,18.7,Sunny,5.69,1088,90.1,77.5,31.4,12.77,2.77,9.63,0.45,0,7.9,Unfastened,TRUE,MEDIUM,normal,1
10:42:00,10,3,11,day,282,EXC002,Excavator,OP1029,2515.3,18.7,Sunny,5.05,1586,87,77.5,39.9,11.63,2.76,8.09,0.88,2,15,Fastened,FALSE,LOW,normal,1
10:44:00,10,3,11,day,284,EXC002,Excavator,OP1029,2515.3,18.7,Sunny,1.74,1569,87.1,77.4,24,12.79,3.11,10.47,0.29,0,11.1,Fastened,FALSE,LOW,normal,1
10:46:00,10,3,11,day,286,EXC002,Excavator,OP1029,2515.3,18.7,Sunny,8.22,1345,84.2,77.3,30.3,12.72,3.12,9.81,0.91,4,26,Unfastened,TRUE,LOW,normal,1
10:48:00,10,3,11,day,288,EXC002,Excavator,OP1029,2515.4,18.7,Sunny,2.51,1584,86.9,77.2,40.1,11.44,2.1,7.69,0.54,4,22.9,Fastened,FALSE,LOW,normal,1
10:50:00,10,3,11,day,290,EXC002,Excavator,OP1029,2515.4,18.7,Sunny,3.75,1267,83.7,77.2,40.4,12.01,2.47,8.16,0.95,4,22.7,Fastened,FALSE,LOW,normal,1
10:52:00,10,3,11,day,292,EXC002,Excavator,OP1029,2515.4,18.7,Sunny,7.08,1025,89.6,77.1,33.9,9.11,1.82,6.64,0.58,0,17.4,Fastened,FALSE,LOW,normal,1
10:54:00,10,3,11,day,294,EXC002,Excavator,OP1029,2515.4,18.7,Sunny,9.44,1438,87.2,77,48.6,13.79,2.77,8.43,0.86,1,16.2,Fastened,FALSE,LOW,normal,1
10:56:00,10,3,11,day,296,EXC002,Excavator,OP1029,2515.4,18.7,Sunny,5.1,1491,83.8,77,36.5,13.69,2.03,9.43,0.15,0,9.5,Unfastened,TRUE,LOW,normal,1
10:58:00,10,3,11,day,298,EXC002,Excavator,OP1029,2515.4,18.7,Sunny,6.59,1544,89.8,76.9,45.5,11.32,1.99,7.07,1.11,4,22.1,Fastened,FALSE,LOW,normal,1
11:00:00,11,3,11,day,300,EXC002,Excavator,OP1029,2515.4,18.7,Sunny,4.07,1638,88.1,76.8,42.2,14.31,3.11,9.58,0.97,1,10.2,Unfastened,TRUE,LOW,normal,1
11:02:00,11,3,11,day,302,EXC002,Excavator,OP1029,2515.4,18.7,Sunny,4.79,891,84.5,76.8,42.1,10.62,2.81,7.33,0.76,1,23.2,Fastened,FALSE,LOW,normal,1
11:04:00,11,3,11,day,304,EXC002,Excavator,OP1029,2515.4,18.7,Sunny,5.76,1155,83,76.7,37.1,12.21,3.17,8.86,0.19,4,29.7,Fastened,FALSE,LOW,normal,1
11:06:00,11,3,11,day,306,EXC002,Excavator,OP1029,2515.5,18.7,Sunny,7.78,1411,83.7,76.6,30.7,11.64,2.53,8.84,0.51,3,15.3,Fastened,FALSE,LOW,normal,1
11:08:00,11,3,11,day,308,EXC002,Excavator,OP1029,2515.5,18.7,Sunny,6.51,1767,88.2,76.5,40.5,12.11,2.44,8.19,0.99,2,17.1,Fastened,FALSE,LOW,normal,1
11:10:00,11,3,11,day,310,EXC002,Excavator,OP1029,2515.5,18.7,Sunny,4.04,1074,84.5,76.5,40.4,12.73,3.8,9.12,0.82,2,15.5,Fastened,FALSE,LOW,normal,1
11:12:00,11,3,11,day,312,EXC002,Excavator,OP1029,2515.5,18.7,Sunny,4.93,1159,90.7,76.4,32.8,13.67,2.42,9.98,0.66,0,10.9,Fastened,FALSE,LOW,normal,1
11:14:00,11,3,11,day,314,EXC002,Excavator,OP1029,2515.5,18.7,Sunny,9.54,1289,91.5,76.3,35.7,12.27,3.13,9.01,0.57,2,18.8,Fastened,FALSE,LOW,normal,1
11:16:00,11,3,11,day,316,EXC002,Excavator,OP1029,2515.5,18.7,Sunny,5.46,1235,86.9,76.2,17.8,14.9,2.57,12.71,0.2,1,20.5,Fastened,FALSE,LOW,normal,1
11:18:00,11,3,11,day,318,EXC002,Excavator,OP1029,2515.5,18.7,Sunny,5.9,1202,90.1,76.1,31.9,13.57,3.66,10.41,1.07,3,25,Fastened,FALSE,LOW,normal,1
11:20:00,11,3,11,day,320,EXC002,Excavator,OP1029,2515.5,18.7,Sunny,6.16,1563,85.6,76.1,38.9,9.83,1.77,6.69,0.13,4,12.1,Fastened,FALSE,LOW,normal,1
11:22:00,11,3,11,day,322,EXC002,Excavator,OP1029,2515.5,18.7,Sunny,6.26,1318,84.6,76,28.5,9.19,2.9,7.4,0.85,1,19.1,Fastened,FALSE,LOW,normal,1
11:24:00,11,3,11,day,324,EXC002,Excavator,OP1029,2515.5,18.7,Sunny,3.17,1577,90.4,75.9,36.6,12.04,3.31,8.84,0.98,3,12.6,Fastened,FALSE,LOW,normal,1
11:26:00,11,3,11,day,326,EXC002,Excavator,OP1029,2515.6,18.7,Sunny,6.43,1663,89.9,75.8,24.6,12.99,2.93,10.52,0.58,2,22.5,Fastened,FALSE,LOW,normal,1
11:28:00,11,3,11,day,328,EXC002,Excavator,OP1029,2515.6,18.7,Sunny,3.91,1416,85.5,75.8,36.5,11.62,2.92,8.44,0.52,2,16.7,Fastened,FALSE,LOW,normal,1
11:30:00,11,3,11,day,330,EXC002,Excavator,OP1029,2515.6,18.7,Sunny,6.02,1819,86.9,75.7,25,12.45,3.82,10.29,0.73,1,25.5,Fastened,FALSE,LOW,normal,1
11:32:00,11,3,11,day,332,EXC002,Excavator,OP1029,2515.6,18.7,Sunny,6.97,1108,89.5,75.6,28.4,14.48,3.59,11.39,0.96,0,5.8,Unfastened,TRUE,MEDIUM,normal,1
11:34:00,11,3,11,day,334,EXC002,Excavator,OP1029,2515.6,18.7,Sunny,3.69,1774,89,75.5,32.3,12.56,3.31,9.57,1.04,3,20,Fastened,FALSE,LOW,normal,1
11:36:00,11,3,11,day,336,EXC002,Excavator,OP1029,2515.6,18.7,Sunny,6.72,1520,81.4,75.4,27,12.4,3.42,9.98,0.54,4,17.2,Fastened,FALSE,LOW,normal,1
11:38:00,11,3,11,day,338,EXC002,Excavator,OP1029,2515.6,18.7,Sunny,4.52,1446,84.8,75.4,31.7,11.94,2.55,8.96,0.87,4,16.2,Fastened,FALSE,LOW,normal,1
11:40:00,11,3,11,day,340,EXC002,Excavator,OP1029,2515.6,18.7,Sunny,7.52,1247,88.7,75.3,48.1,12.94,3.4,8.35,0.69,4,26.4,Fastened,FALSE,LOW,normal,1
11:42:00,11,3,11,day,342,EXC002,Excavator,OP1029,2515.6,18.7,Sunny,4.78,1603,87.3,75.2,27,13.05,3.51,10.47,0.76,3,20.9,Fastened,FALSE,LOW,normal,1
11:44:00,11,3,11,day,344,EXC002,Excavator,OP1029,2515.6,18.7,Sunny,10.53,648,89.1,75.1,38.7,12.22,3.39,8.8,1.13,3,12.2,Fastened,FALSE,LOW,normal,1
11:46:00,11,3,11,day,346,EXC002,Excavator,OP1029,2515.7,18.7,Sunny,8.03,1104,86.5,75,32.4,11.71,3.26,8.97,0.88,2,11.2,Fastened,FALSE,LOW,normal,1
11:48:00,11,3,11,day,348,EXC002,Excavator,OP1029,2515.7,18.7,Sunny,4.6,1163,85.9,75,44.1,12.58,3.96,8.78,0.86,2,20.6,Fastened,FALSE,LOW,normal,1
11:50:00,11,3,11,day,350,EXC002,Excavator,OP1029,2515.7,18.7,Sunny,6.34,1624,86.8,74.9,39.7,13.13,3.06,9.13,0.52,0,7.7,Unfastened,TRUE,MEDIUM,normal,1
11:52:00,11,3,11,day,352,EXC002,Excavator,OP1029,2515.7,18.7,Sunny,5.2,1365,83.6,74.8,53.1,12.2,2.9,7.26,0.86,2,15,Fastened,FALSE,LOW,normal,1
11:54:00,11,3,11,day,354,EXC002,Excavator,OP1029,2515.7,18.7,Sunny,0.66,1218,89,74.8,40.6,12.83,3,8.84,0.68,4,25.9,Fastened,FALSE,LOW,normal,1
11:56:00,11,3,11,day,356,EXC002,Excavator,OP1029,2515.7,18.7,Sunny,6.15,1415,89.3,74.7,40.2,14.39,3.45,9.99,0.64,0,33,Fastened,FALSE,LOW,normal,1
11:58:00,11,3,11,day,358,EXC002,Excavator,OP1029,2515.7,18.7,Sunny,4.03,1721,89.8,74.6,41.4,10.68,2.97,7.49,0.91,0,13.2,Fastened,FALSE,LOW,normal,1
12:00:00,12,3,11,day,360,EXC002,Excavator,OP1029,2515.7,18.7,Sunny,6.1,1207,85.9,74.5,34.1,13.02,2.3,9.36,0.52,4,11.5,Fastened,FALSE,LOW,normal,1
12:02:00,12,3,11,day,362,EXC002,Excavator,OP1029,2515.7,18.7,Sunny,5.49,1380,88.9,74.5,51.2,9.84,3.02,6.35,0.94,1,13.7,Fastened,FALSE,LOW,normal,1
12:04:00,12,3,11,day,364,EXC002,Excavator,OP1029,2515.7,18.7,Sunny,5.87,1531,90.3,74.4,27.5,11.99,2.69,9.43,1.23,2,19,Unfastened,TRUE,LOW,normal,1
12:06:00,12,3,11,day,366,EXC002,Excavator,OP1029,2515.8,18.7,Sunny,6.66,1433,80.7,74.3,34.8,12.55,3.7,9.47,0.98,1,26.2,Fastened,FALSE,LOW,normal,1
12:08:00,12,3,11,day,368,EXC002,Excavator,OP1029,2515.8,18.7,Sunny,4.16,1290,86.5,74.3,33.1,12.01,3.8,9.29,0.81,1,25.7,Unfastened,TRUE,LOW,normal,1
12:10:00,12,3,11,day,370,EXC002,Excavator,OP1029,2515.8,18.7,Sunny,5.05,1750,91.9,74.2,41.3,11.68,2.86,8.04,0.55,3,14.1,Fastened,FALSE,LOW,normal,1
12:12:00,12,3,11,day,372,EXC002,Excavator,OP1029,2515.8,18.7,Sunny,6.95,1548,86.8,74.1,38.2,13.35,4.36,9.92,1.07,3,12.2,Fastened,FALSE,LOW,normal,1
12:14:00,12,3,11,day,374,EXC002,Excavator,OP1029,2515.8,18.7,Sunny,5.3,1828,83.8,74,27.2,10,2.89,8.07,0.17,1,14.8,Fastened,FALSE,LOW,normal,1
12:16:00,12,3,11,day,376,EXC002,Excavator,OP1029,2515.8,18.7,Sunny,4.57,1268,86.3,73.9,22.1,12.32,3.64,10.4,1.11,3,13.7,Fastened,FALSE,LOW,normal,1
12:18:00,12,3,11,day,378,EXC002,Excavator,OP1029,2515.8,18.7,Sunny,5.86,1726,90.6,73.9,43.5,12.61,2.99,8.43,0.83,3,17.7,Fastened,FALSE,LOW,normal,1
12:20:00,12,3,11,day,380,EXC002,Excavator,OP1029,2515.8,18.7,Sunny,3.19,1407,90.2,73.8,31.1,11.18,3.37,8.75,0.6,1,15.5,Fastened,FALSE,LOW,normal,1
12:22:00,12,3,11,day,382,EXC002,Excavator,OP1029,2515.8,18.7,Sunny,5.61,1610,87.1,73.7,39.5,10.25,2.42,7.16,0.65,1,24.4,Fastened,FALSE,LOW,normal,1
12:24:00,12,3,11,day,384,EXC002,Excavator,OP1029,2515.8,18.7,Sunny,3.28,1130,91.1,73.7,36.6,13.64,2.17,9.44,0.72,3,5.1,Fastened,FALSE,MEDIUM,normal,1
12:26:00,12,3,11,day,386,EXC002,Excavator,OP1029,2515.9,18.7,Sunny,4.47,1619,85.2,73.6,35.7,12.88,2.49,9.17,0.78,2,19.7,Fastened,FALSE,LOW,normal,1
12:28:00,12,3,11,day,388,EXC002,Excavator,OP1029,2515.9,18.7,Sunny,4.97,1550,84.2,73.5,40.4,10.92,3.5,7.92,0.93,4,21.2,Fastened,FALSE,LOW,normal,1
12:30:00,12,3,11,day,390,EXC002,Excavator,OP1029,2515.9,18.7,Sunny,10.29,1304,78.5,73.5,35.4,10.04,3.33,7.66,1.04,0,19.9,Fastened,FALSE,LOW,normal,1
12:32:00,12,3,11,day,392,EXC002,Excavator,OP1029,2515.9,18.7,Sunny,7.36,1079,89.1,73.4,40,11.31,3.28,8.1,0.33,1,17.2,Fastened,FALSE,LOW,normal,1
12:34:00,12,3,11,day,394,EXC002,Excavator,OP1029,2515.9,18.7,Sunny,6.31,856,86,73.3,43.2,14.24,3.98,9.81,0,2,27,Fastened,FALSE,LOW,normal,1
12:36:00,12,3,11,day,396,EXC002,Excavator,OP1029,2515.9,18.7,Sunny,6.95,1588,87.8,73.2,40.1,14.06,3.07,9.65,0.26,2,4.7,Fastened,FALSE,MEDIUM,normal,1
12:38:00,12,3,11,day,398,EXC002,Excavator,OP1029,2515.9,18.7,Sunny,4.42,1692,84.1,73.1,37.5,13.68,3.44,9.84,0.72,1,18,Fastened,FALSE,LOW,normal,1
12:40:00,12,3,11,day,400,EXC002,Excavator,OP1029,2515.9,18.7,Sunny,6.08,1298,89.7,73.1,27.5,11.44,4.38,9.5,0.69,3,10.7,Fastened,FALSE,LOW,normal,1
12:42:00,12,3,11,day,402,EXC002,Excavator,OP1029,2515.9,18.7,Sunny,3.94,1573,90.6,73,37.8,12.06,2.61,8.49,0.26,1,9.3,Fastened,FALSE,LOW,normal,1
12:44:00,12,3,11,day,404,EXC002,Excavator,OP1029,2515.9,18.7,Sunny,5.68,1863,83.6,72.9,21,13.46,2.75,11.21,0.77,4,22.4,Fastened,FALSE,LOW,normal,1
12:46:00,12,3,11,day,406,EXC002,Excavator,OP1029,2516,18.7,Sunny,7.3,1328,87.2,72.8,32.4,9.28,3.52,7.41,0.4,4,18.3,Fastened,FALSE,LOW,normal,1
12:48:00,12,3,11,day,408,EXC002,Excavator,OP1029,2516,18.7,Sunny,7.24,1570,84.3,72.8,23.7,10.32,2.75,8.53,0.96,1,21.1,Fastened,FALSE,LOW,normal,1
12:50:00,12,3,11,day,410,EXC002,Excavator,OP1029,2516,18.7,Sunny,7.42,1360,86,72.7,28.7,12.79,2.73,9.9,0.51,4,12.4,Fastened,FALSE,LOW,normal,1
12:52:00,12,3,11,day,412,EXC002,Excavator,OP1029,2516,18.7,Sunny,3.03,1753,86,72.6,31.1,10.81,3,8.38,1.14,2,8.2,Fastened,FALSE,LOW,normal,1
12:54:00,12,3,11,day,414,EXC002,Excavator,OP1029,2516,18.7,Sunny,2.29,1978,89,72.6,47.6,13.09,2.91,8.24,0.77,0,30.5,Unfastened,TRUE,LOW,normal,1
12:56:00,12,3,11,day,416,EXC002,Excavator,OP1029,2516,18.7,Sunny,8.67,1575,85.6,72.5,31.5,15.3,2.85,11.38,0.76,1,18.6,Fastened,FALSE,LOW,normal,1
12:58:00,12,3,11,day,418,EXC002,Excavator,OP1029,2516,18.7,Sunny,2.33,1328,88.6,72.4,32,11.02,3.33,8.56,0.21,2,16.3,Fastened,FALSE,LOW,normal,1
13:00:00,13,3,11,day,420,EXC002,Excavator,OP1029,2516,18.7,Sunny,6.67,1603,88.2,72.3,37.5,9.98,3.22,7.45,0.81,1,11.8,Fastened,FALSE,LOW,normal,1
13:02:00,13,3,11,day,422,EXC002,Excavator,OP1029,2516,18.7,Sunny,5.86,1490,89.9,72.2,32,12.87,3.31,9.81,0.47,4,11.6,Fastened,FALSE,LOW,normal,1
13:04:00,13,3,11,day,424,EXC002,Excavator,OP1029,2516,18.7,Sunny,7.98,1839,90.1,72.2,39.1,11.86,3.66,8.65,0.59,1,15.3,Unfastened,TRUE,LOW,normal,1
13:06:00,13,3,11,day,426,EXC002,Excavator,OP1029,2516.1,18.7,Sunny,4.01,998,84.5,72.1,48.3,11.4,2.14,6.93,0.48,2,26.6,Fastened,FALSE,LOW,normal,1
13:08:00,13,3,11,day,428,EXC002,Excavator,OP1029,2516.1,18.7,Sunny,6.46,2173,83.9,72,31.8,11.68,3.12,8.96,0.6,3,23.3,Fastened,FALSE,LOW,normal,1
13:10:00,13,3,11,day,430,EXC002,Excavator,OP1029,2516.1,18.7,Sunny,5.26,1769,91.2,72,25.5,9.56,2.64,7.8,0.14,4,18.8,Fastened,FALSE,LOW,normal,1
13:12:00,13,3,11,day,432,EXC002,Excavator,OP1029,2516.1,18.7,Sunny,6.97,943,85.6,71.9,38,11.87,3.94,8.86,0.97,1,40,Fastened,FALSE,LOW,normal,1
13:14:00,13,3,11,day,434,EXC002,Excavator,OP1029,2516.1,18.7,Sunny,6.4,2160,79,71.8,40.7,10.78,3.56,7.84,0.29,3,11,Unfastened,TRUE,LOW,normal,1
13:16:00,13,3,11,day,436,EXC002,Excavator,OP1029,2516.1,18.7,Sunny,4.29,1458,88.7,71.7,26.3,12.94,3.43,10.44,1.04,0,13,Fastened,FALSE,LOW,normal,1
13:18:00,13,3,11,day,438,EXC002,Excavator,OP1029,2516.1,18.7,Sunny,7.36,957,83.6,71.7,31.1,12.25,2.76,9.3,0.85,0,12.1,Fastened,FALSE,LOW,normal,1
13:20:00,13,3,11,day,440,EXC002,Excavator,OP1029,2516.1,18.7,Sunny,6.32,2057,85.6,71.6,19,13.04,3.03,11.14,0.45,0,36,Fastened,FALSE,LOW,normal,1
13:22:00,13,3,11,day,442,EXC002,Excavator,OP1029,2516.1,18.7,Sunny,1.82,1507,88.8,71.5,45.4,10.3,3.03,7,0.4,2,18.7,Fastened,FALSE,LOW,normal,1
13:24:00,13,3,11,day,444,EXC002,Excavator,OP1029,2516.2,18.7,Sunny,10.2,1411,87.6,71.4,29.3,11.28,3.34,8.95,0.57,0,21.6,Fastened,FALSE,LOW,normal,1
13:26:00,13,3,11,day,446,EXC002,Excavator,OP1029,2516.2,18.7,Sunny,4.14,1735,87.1,71.4,34,10.45,2.41,7.72,0.58,3,16.1,Fastened,FALSE,LOW,normal,1
13:28:00,13,3,11,day,448,EXC002,Excavator,OP1029,2516.2,18.7,Sunny,2.65,1557,88.5,71.3,30.6,10.35,3.29,8.19,1.15,3,17.1,Unfastened,TRUE,LOW,normal,1
13:30:00,13,3,11,day,450,EXC002,Excavator,OP1029,2516.2,18.7,Sunny,5.99,1149,87.9,71.3,51.2,11.34,2.8,6.97,0.55,2,16.9,Fastened,FALSE,LOW,normal,1
13:32:00,13,3,11,day,452,EXC002,Excavator,OP1029,2516.2,18.7,Sunny,7.58,1596,82.2,71.2,26.6,12.92,3.04,10.29,0.98,4,3.8,Fastened,FALSE,MEDIUM,normal,1
13:34:00,13,3,11,day,454,EXC002,Excavator,OP1029,2516.2,18.7,Sunny,8.51,1447,85.9,71.1,29.9,11.99,2.6,9.18,0.26,2,26.1,Fastened,FALSE,LOW,normal,1
13:36:00,13,3,11,day,456,EXC002,Excavator,OP1029,2516.2,18.7,Sunny,1.82,1614,85,71,45.8,10.82,2.48,7,0.53,3,12.3,Fastened,FALSE,LOW,normal,1
13:38:00,13,3,11,day,458,EXC002,Excavator,OP1029,2516.2,18.7,Sunny,2.84,1540,83.1,71,35.6,11.52,3.3,8.59,1.09,0,45.9,Fastened,FALSE,LOW,normal,1
13:40:00,13,3,11,day,460,EXC002,Excavator,OP1029,2516.2,18.7,Sunny,8.34,1643,81,70.9,27.5,12.55,3.25,9.99,0.78,1,11.5,Fastened,FALSE,LOW,normal,1
13:42:00,13,3,11,day,462,EXC002,Excavator,OP1029,2516.2,18.7,Sunny,6.44,1124,87.1,70.8,26.1,9.1,2.97,7.5,0.71,1,16.7,Fastened,FALSE,LOW,normal,1
13:44:00,13,3,11,day,464,EXC002,Excavator,OP1029,2516.3,18.7,Sunny,5.24,1585,87.4,70.7,32,11.29,2.65,8.53,1.08,0,19.8,Fastened,FALSE,LOW,normal,1
13:46:00,13,3,11,day,466,EXC002,Excavator,OP1029,2516.3,18.7,Sunny,4.36,1252,82,70.7,36.8,14.6,2.69,10.22,0.83,2,26.7,Fastened,FALSE,LOW,normal,1
13:48:00,13,3,11,day,468,EXC002,Excavator,OP1029,2516.3,18.7,Sunny,6.1,1187,89.3,70.6,41.9,9.62,3.28,6.96,0.42,4,7.7,Fastened,FALSE,MEDIUM,normal,1
13:50:00,13,3,11,day,470,EXC002,Excavator,OP1029,2516.3,18.7,Sunny,5.93,1836,85.9,70.5,33,12.4,3.33,9.41,1.16,4,0.5,Fastened,TRUE,HIGH,normal,1
13:52:00,13,3,11,day,472,EXC002,Excavator,OP1029,2516.3,18.7,Sunny,4.66,1367,83.2,70.5,42.2,10.96,3.46,7.79,0.67,1,24.3,Unfastened,TRUE,LOW,normal,1
13:54:00,13,3,11,day,474,EXC002,Excavator,OP1029,2516.3,18.7,Sunny,6.28,1084,84.5,70.4,32.8,13.53,2.74,9.99,0.47,0,17.4,Fastened,FALSE,LOW,normal,1
13:56:00,13,3,11,day,476,EXC002,Excavator,OP1029,2516.3,18.7,Sunny,5.32,1599,91.1,70.3,36.9,15.4,2.54,10.65,0.54,2,30.7,Fastened,FALSE,LOW,normal,1
13:58:00,13,3,11,day,478,EXC002,Excavator,OP1029,2516.3,18.7,Sunny,9.3,1447,85.8,70.2,45.6,11.72,3.95,8.18,0.53,0,27.2,Fastened,FALSE,LOW,normal,1
14:00:00,14,3,11,day,480,EXC002,Excavator,OP1029,2516.3,18.7,Sunny,8.49,1361,83.3,70.1,40,12.15,3.67,8.76,1.07,0,34.8,Fastened,FALSE,LOW,normal,1
14:02:00,14,3,11,day,482,EXC002,Excavator,OP1029,2516.3,18.7,Sunny,6.62,1072,84.3,70.1,31.7,12.28,3.55,9.51,0.71,2,10,Fastened,FALSE,LOW,normal,1
14:04:00,14,3,11,day,484,EXC002,Excavator,OP1029,2516.4,18.7,Sunny,8.43,2291,83.3,70,28.5,14.07,2.96,10.9,0.71,1,8.5,Fastened,FALSE,LOW,normal,1
14:06:00,14,3,11,day,486,EXC002,Excavator,OP1029,2516.4,18.7,Sunny,4.96,1565,88.6,69.9,25.1,12.47,3.58,10.24,1.09,1,18.6,Fastened,FALSE,LOW,normal,1
14:08:00,14,3,11,day,488,EXC002,Excavator,OP1029,2516.4,18.7,Sunny,4.29,1568,84.5,69.8,16.2,13.11,2.94,11.46,0.95,0,27.8,Fastened,FALSE,LOW,normal,1
14:10:00,14,3,11,day,490,EXC002,Excavator,OP1029,2516.4,18.7,Sunny,7.55,1733,85.2,69.7,31.6,10.5,3.01,8.13,1.03,4,8.9,Fastened,FALSE,LOW,normal,1
14:12:00,14,3,11,day,492,EXC002,Excavator,OP1029,2516.4,18.7,Sunny,0.71,2240,84.1,69.6,32.6,14.26,3.09,10.62,1.05,1,21.7,Fastened,FALSE,LOW,normal,1
14:14:00,14,3,11,day,494,EXC002,Excavator,OP1029,2516.4,18.7,Sunny,3.69,1095,84.6,69.6,36.1,13.48,3.2,9.77,1.08,4,25.2,Fastened,FALSE,LOW,normal,1
14:16:00,14,3,11,day,496,EXC002,Excavator,OP1029,2516.4,18.7,Sunny,7.67,1071,91,69.5,31.5,11.7,2.88,8.92,0.38,1,18,Fastened,FALSE,LOW,normal,1
14:18:00,14,3,11,day,498,EXC002,Excavator,OP1029,2516.4,18.7,Sunny,7.77,1637,86.8,69.4,31.1,11.52,3.18,8.93,0.77,2,28.8,Fastened,FALSE,LOW,normal,1
14:20:00,14,3,11,day,500,EXC002,Excavator,OP1029,2516.4,18.7,Sunny,5.06,1726,87.1,69.3,27.3,10.5,2.62,8.35,0.59,4,25.4,Fastened,FALSE,LOW,normal,1
14:22:00,14,3,11,day,502,EXC002,Excavator,OP1029,2516.4,18.7,Sunny,4.11,1663,87.9,69.3,33.6,9.99,3.68,7.87,0.68,1,6.2,Fastened,FALSE,MEDIUM,normal,1
14:24:00,14,3,11,day,504,EXC002,Excavator,OP1029,2516.5,18.7,Sunny,7.12,1632,92,69.2,39.9,8.78,3.07,6.5,0.57,1,12.2,Unfastened,TRUE,LOW,normal,1
14:26:00,14,3,11,day,506,EXC002,Excavator,OP1029,2516.5,18.7,Sunny,6.71,1287,88.6,69.1,40.7,12.05,3.65,8.63,0.19,3,1.9,Fastened,TRUE,HIGH,normal,1
14:28:00,14,3,11,day,508,EXC002,Excavator,OP1029,2516.5,18.7,Sunny,8.52,1797,82.7,69.1,45.6,11.55,2.1,7.24,1.04,0,17.7,Fastened,FALSE,LOW,normal,1
14:30:00,14,3,11,day,510,EXC002,Excavator,OP1029,2516.5,18.7,Sunny,7.06,1973,88.5,69,31.4,10.24,3.45,8.11,0.87,0,18.9,Fastened,FALSE,LOW,normal,1
14:32:00,14,3,11,day,512,EXC002,Excavator,OP1029,2516.5,18.7,Sunny,5.02,1653,87.2,69,47.4,12.02,3.07,7.78,0.74,2,30.6,Fastened,FALSE,LOW,normal,1
14:34:00,14,3,11,day,514,EXC002,Excavator,OP1029,2516.5,18.7,Sunny,5.85,1468,87.1,68.9,42.3,14.4,3.81,9.92,1.24,4,14.8,Fastened,FALSE,LOW,normal,1
14:36:00,14,3,11,day,516,EXC002,Excavator,OP1029,2516.5,18.7,Sunny,5.47,1529,85,68.8,43.5,11.6,3.63,8.13,0.86,4,11.2,Fastened,FALSE,LOW,normal,1
14:38:00,14,3,11,day,518,EXC002,Excavator,OP1029,2516.5,18.7,Sunny,5.84,1046,89.7,68.7,44.2,14.38,3.31,9.49,0.42,3,14.6,Fastened,FALSE,LOW,normal,1
14:40:00,14,3,11,day,520,EXC002,Excavator,OP1029,2516.5,18.7,Sunny,5.22,1783,87.3,68.6,39,13.47,3.03,9.4,0.76,3,12.9,Fastened,FALSE,LOW,normal,1
14:42:00,14,3,11,day,522,EXC002,Excavator,OP1029,2516.5,18.7,Sunny,2.07,1966,85.4,68.6,45.1,14.27,3.08,9.22,1.2,4,14.4,Fastened,FALSE,LOW,normal,1
14:44:00,14,3,11,day,524,EXC002,Excavator,OP1029,2516.6,18.7,Sunny,9.55,1016,89,68.5,27,13.68,2.52,10.67,1.17,1,0.3,Fastened,TRUE,HIGH,proximity_breach,-1
14:46:00,14,3,11,day,526,EXC002,Excavator,OP1029,2516.6,18.7,Sunny,8.75,711,83.1,68.4,32.9,11.86,3.58,9.14,0.99,0,2.3,Fastened,TRUE,HIGH,proximity_breach,-1
14:48:00,14,3,11,day,528,EXC002,Excavator,OP1029,2516.6,18.7,Sunny,6.98,1247,83.7,68.3,32.5,12.22,3.14,9.27,0.77,1,2.6,Fastened,TRUE,HIGH,proximity_breach,-1
14:50:00,14,3,11,day,530,EXC002,Excavator,OP1029,2516.6,18.7,Sunny,7.31,1186,82.4,68.3,28.1,10.31,2.64,8.15,1.13,3,0.5,Fastened,TRUE,HIGH,proximity_breach,-1
14:52:00,14,3,11,day,532,EXC002,Excavator,OP1029,2516.6,18.7,Sunny,4,1109,84.5,68.2,41.9,12.29,3.19,8.48,0.45,2,2,Fastened,FALSE,MEDIUM,proximity_breach,-1
14:54:00,14,3,11,day,534,EXC002,Excavator,OP1029,2516.6,18.7,Sunny,5.91,1863,83.9,68.1,41.7,9.93,3.25,7.14,0.43,2,2.2,Fastened,TRUE,HIGH,proximity_breach,-1
14:56:00,14,3,11,day,536,EXC002,Excavator,OP1029,2516.6,18.7,Sunny,6.84,1784,83.5,68.1,44.7,14.07,2.31,8.81,0.41,1,2.5,Fastened,TRUE,HIGH,proximity_breach,-1
14:58:00,14,3,11,day,538,EXC002,Excavator,OP1029,2516.6,18.7,Sunny,6.29,946,91.1,68,31.3,11.67,2.82,8.9,0.25,0,2.3,Fastened,TRUE,HIGH,proximity_breach,-1
15:00:00,15,3,11,day,540,EXC002,Excavator,OP1029,2516.6,18.7,Sunny,8.91,1611,85.4,67.9,53.6,14.99,2.77,8.44,0.49,3,1.3,Fastened,TRUE,HIGH,proximity_breach,-1
15:02:00,15,3,11,day,542,EXC002,Excavator,OP1029,2516.6,18.7,Sunny,7.97,1350,84,67.8,30.6,10.64,2.76,8.23,1.36,0,0.8,Fastened,TRUE,HIGH,proximity_breach,-1
15:04:00,15,3,11,day,544,EXC002,Excavator,OP1029,2516.7,18.7,Sunny,8.93,1017,87.9,67.8,20.8,9.92,2.56,8.39,0.72,4,1.9,Fastened,TRUE,HIGH,proximity_breach,-1
15:06:00,15,3,11,day,546,EXC002,Excavator,OP1029,2516.7,18.7,Sunny,7.69,1267,86.2,67.7,32.8,14.7,3.22,10.93,0.41,2,2.1,Fastened,TRUE,HIGH,proximity_breach,-1
15:08:00,15,3,11,day,548,EXC002,Excavator,OP1029,2516.7,18.7,Sunny,9.54,1511,87.7,67.6,41.6,12.71,2.33,8.39,1,3,1.3,Fastened,TRUE,HIGH,proximity_breach,-1
15:10:00,15,3,11,day,550,EXC002,Excavator,OP1029,2516.7,18.7,Sunny,7.44,1501,89.5,67.5,34.2,10.45,3.72,8.15,0.42,4,1.7,Fastened,TRUE,HIGH,proximity_breach,-1
15:12:00,15,3,11,day,552,EXC002,Excavator,OP1029,2516.7,18.7,Sunny,5.81,921,90.9,67.5,33.1,14.43,3.56,10.83,0.46,3,0.6,Unfastened,TRUE,HIGH,proximity_breach,-1
15:14:00,15,3,11,day,554,EXC002,Excavator,OP1029,2516.7,18.7,Sunny,5.69,1280,83.4,67.4,35.3,12.26,2.47,8.8,0.88,1,1.8,Fastened,TRUE,HIGH,proximity_breach,-1
15:16:00,15,3,11,day,556,EXC002,Excavator,OP1029,2516.7,18.7,Sunny,3.03,1402,90.5,67.3,34.9,18.62,3.01,18.62,0.79,0,28.3,Fastened,FALSE,LOW,high_fuel,-1
15:18:00,15,3,11,day,558,EXC002,Excavator,OP1029,2516.7,18.7,Sunny,6.91,1742,93.6,67.2,37.3,21.29,2.66,21.29,1.09,0,18.4,Unfastened,TRUE,LOW,high_fuel,-1
15:20:00,15,3,11,day,560,EXC002,Excavator,OP1029,2516.7,18.7,Sunny,6.2,841,83.6,67.2,42.3,28.6,1.96,28.6,1.07,4,15.1,Fastened,FALSE,LOW,high_fuel,-1
15:22:00,15,3,11,day,562,EXC002,Excavator,OP1029,2516.7,18.7,Sunny,6,2033,88.3,67.1,39.1,26.49,3.69,26.49,0.92,1,7.7,Fastened,FALSE,MEDIUM,high_fuel,-1
15:24:00,15,3,11,day,564,EXC002,Excavator,OP1029,2516.8,18.7,Sunny,4.47,1487,85.4,67,39.4,21.43,3.45,21.43,0.48,2,19.1,Fastened,FALSE,LOW,high_fuel,-1
15:26:00,15,3,11,day,566,EXC002,Excavator,OP1029,2516.8,18.7,Sunny,3.69,919,91.4,67,41.9,22.1,2.9,22.1,1.56,2,20.7,Fastened,FALSE,LOW,high_fuel,-1
15:28:00,15,3,11,day,568,EXC002,Excavator,OP1029,2516.8,18.7,Sunny,6.02,822,81.1,66.9,24.4,21.93,2.48,21.93,0.37,1,22,Fastened,FALSE,LOW,high_fuel,-1
15:30:00,15,3,11,day,570,EXC002,Excavator,OP1029,2516.8,18.7,Sunny,5.6,1616,88.3,66.8,27.7,28.38,3.16,28.38,0.81,0,12.2,Unfastened,TRUE,LOW,high_fuel,-1
15:32:00,15,3,11,day,572,EXC002,Excavator,OP1029,2516.8,18.7,Sunny,4.29,1314,85.8,66.7,30.1,23.95,3.9,23.95,1.16,0,19.7,Fastened,FALSE,LOW,high_fuel,-1
15:34:00,15,3,11,day,574,EXC002,Excavator,OP1029,2516.8,18.7,Sunny,7.05,1474,85.6,66.7,53.4,23.22,2.39,23.22,0.42,4,0.5,Fastened,TRUE,HIGH,high_fuel,-1
15:36:00,15,3,11,day,576,EXC002,Excavator,OP1029,2516.8,18.7,Sunny,3.44,1503,91.8,66.6,43.2,20.5,3.42,20.5,0.96,1,26.1,Unfastened,TRUE,LOW,high_fuel,-1
15:38:00,15,3,11,day,578,EXC002,Excavator,OP1029,2516.8,18.7,Sunny,9.73,780,83.9,66.5,35.8,19.6,3.35,19.6,0.65,3,27.1,Fastened,FALSE,LOW,high_fuel,-1
15:40:00,15,3,11,day,580,EXC002,Excavator,OP1029,2516.8,18.7,Sunny,5.44,1885,84.2,66.5,30.8,26.19,2.44,26.19,0.55,0,16.2,Fastened,FALSE,LOW,high_fuel,-1
15:42:00,15,3,11,day,582,EXC002,Excavator,OP1029,2516.9,18.7,Sunny,4.94,974,85.1,66.4,40.9,29.3,2.73,29.3,0.62,0,7.2,Fastened,FALSE,MEDIUM,high_fuel,-1
15:44:00,15,3,11,day,584,EXC002,Excavator,OP1029,2516.9,18.7,Sunny,5.36,1450,88.3,66.3,36.7,24.03,4.03,24.03,1.01,4,29.6,Fastened,FALSE,LOW,high_fuel,-1
15:46:00,15,3,11,day,586,EXC002,Excavator,OP1029,2516.9,18.7,Sunny,5.85,924,91.1,66.2,39.3,20.82,3.07,20.82,0.57,4,18.8,Fastened,FALSE,LOW,high_fuel,-1
15:48:00,15,3,11,day,588,EXC002,Excavator,OP1029,2516.9,18.7,Sunny,5.12,1527,88.6,66.2,35.5,24.8,3.18,24.8,0.3,0,27.9,Unfastened,TRUE,LOW,high_fuel,-1
15:50:00,15,3,11,day,590,EXC002,Excavator,OP1029,2516.9,18.7,Sunny,4.78,1321,86.6,66.1,36.9,25.24,2.85,25.24,0.63,4,3.8,Fastened,FALSE,MEDIUM,high_fuel,-1
15:52:00,15,3,11,day,592,EXC002,Excavator,OP1029,2516.9,18.7,Sunny,4.43,1498,83.9,66,38.5,24.86,3.47,24.86,0.8,0,5.6,Fastened,FALSE,MEDIUM,high_fuel,-1
15:54:00,15,3,11,day,594,EXC002,Excavator,OP1029,2516.9,18.7,Sunny,4.12,1573,86.8,65.9,37.5,22.95,3.07,22.95,0.24,2,21.3,Fastened,FALSE,LOW,high_fuel,-1
15:56:00,15,3,11,day,596,EXC002,Excavator,OP1029,2516.9,18.7,Sunny,0.12,1379,84.8,65.9,45.5,12.5,2.54,2.67,0.98,3,22.1,Fastened,FALSE,LOW,excessive_idle,-1
15:58:00,15,3,11,day,598,EXC002,Excavator,OP1029,2516.9,18.7,Sunny,0.05,1493,87.4,65.8,58.8,13.57,2.44,2.56,0.61,4,16.3,Fastened,FALSE,LOW,excessive_idle,-1
16:00:00,16,3,11,day,600,EXC002,Excavator,OP1029,2516.9,18.7,Sunny,0.66,1528,82.8,65.7,52.3,10.72,2.84,2.98,1.03,0,16.6,Fastened,FALSE,LOW,excessive_idle,-1
16:02:00,16,3,11,day,602,EXC002,Excavator,OP1029,2517,18.7,Sunny,0,1440,83.2,65.6,50.4,12.84,2.92,3.07,0.77,2,22.6,Fastened,FALSE,LOW,excessive_idle,-1
16:04:00,16,3,11,day,604,EXC002,Excavator,OP1029,2517,18.7,Sunny,0.58,1499,88.1,65.6,54.1,13.86,3.26,3.42,0.47,0,19.8,Fastened,FALSE,LOW,excessive_idle,-1
16:06:00,16,3,11,day,606,EXC002,Excavator,OP1029,2517,18.7,Sunny,0.55,1349,89.8,65.5,57.4,11.94,2.31,2.43,0.4,3,32.1,Fastened,FALSE,LOW,excessive_idle,-1
16:08:00,16,3,11,day,608,EXC002,Excavator,OP1029,2517,18.7,Sunny,6.44,1003,89,65.4,28.5,9.53,3.25,7.74,0.16,2,16.1,Unfastened,TRUE,LOW,normal,1
16:10:00,16,3,11,day,610,EXC002,Excavator,OP1029,2517,18.7,Sunny,4.33,1521,84.6,65.3,29.4,12.26,2.51,9.39,0.78,0,13.7,Fastened,FALSE,LOW,normal,1
16:12:00,16,3,11,day,612,EXC002,Excavator,OP1029,2517,18.7,Sunny,4.61,1155,86.4,65.3,38.6,8.96,2.29,6.39,1.03,1,27.5,Unfastened,TRUE,LOW,normal,1
16:14:00,16,3,11,day,614,EXC002,Excavator,OP1029,2517,18.7,Sunny,6.02,1595,88.4,65.2,26.1,9.7,3.33,8.04,0.87,3,20.3,Fastened,FALSE,LOW,normal,1
16:16:00,16,3,11,day,616,EXC002,Excavator,OP1029,2517,18.7,Sunny,8.26,1401,85.3,65.2,32.7,10.53,3.55,8.25,0.38,2,3.2,Fastened,FALSE,MEDIUM,normal,1
16:18:00,16,3,11,day,618,EXC002,Excavator,OP1029,2517,18.7,Sunny,6.13,1805,89.2,65.1,33.5,11.53,3.7,8.91,1.01,0,21.4,Fastened,FALSE,LOW,normal,1
16:20:00,16,3,11,day,620,EXC002,Excavator,OP1029,2517,18.7,Sunny,3.9,1220,91.7,65,30.9,11.54,2.36,8.7,0.57,1,9.2,Fastened,FALSE,LOW,normal,1
16:22:00,16,3,11,day,622,EXC002,Excavator,OP1029,2517.1,18.7,Sunny,4.66,1665,86.4,64.9,37.2,13.91,2.62,9.71,0.53,2,10.9,Fastened,FALSE,LOW,normal,1
16:24:00,16,3,11,day,624,EXC002,Excavator,OP1029,2517.1,18.7,Sunny,7.1,1459,86.2,64.9,38.5,8.43,3.35,6.47,0.93,3,17.3,Fastened,FALSE,LOW,normal,1
16:26:00,16,3,11,day,626,EXC002,Excavator,OP1029,2517.1,18.7,Sunny,4.94,1095,85.8,64.8,33.1,12.76,2.84,9.48,0.16,2,15.5,Fastened,FALSE,LOW,normal,1
16:28:00,16,3,11,day,628,EXC002,Excavator,OP1029,2517.1,18.7,Sunny,4.74,1097,88.4,64.7,43,8.65,2.85,6.16,0.9,1,28.6,Fastened,FALSE,LOW,normal,1
16:30:00,16,3,11,day,630,EXC002,Excavator,OP1029,2517.1,18.7,Sunny,5.16,1546,86.1,64.7,35.1,11.68,3.51,8.81,0.82,0,32.7,Fastened,FALSE,LOW,normal,1
16:32:00,16,3,11,day,632,EXC002,Excavator,OP1029,2517.1,18.7,Sunny,3.75,1259,88.7,64.6,38,12.87,2.64,8.98,0.61,1,18.4,Fastened,FALSE,LOW,normal,1
16:34:00,16,3,11,day,634,EXC002,Excavator,OP1029,2517.1,18.7,Sunny,3.4,1232,88,64.5,27.1,11.37,2.84,9.06,0.47,2,24.6,Fastened,FALSE,LOW,normal,1
16:36:00,16,3,11,day,636,EXC002,Excavator,OP1029,2517.1,18.7,Sunny,5.02,1493,84.7,64.5,51.3,11.53,3.65,7.49,0.42,3,25.8,Fastened,FALSE,LOW,normal,1
16:38:00,16,3,11,day,638,EXC002,Excavator,OP1029,2517.1,18.7,Sunny,3.18,1601,88,64.4,34.9,11.02,2.79,8.15,0.47,4,10.5,Fastened,FALSE,LOW,normal,1
16:40:00,16,3,11,day,640,EXC002,Excavator,OP1029,2517.1,18.7,Sunny,5.96,1818,86.3,64.3,38.6,10.65,2.85,7.64,0.84,4,10,Fastened,FALSE,LOW,normal,1
16:42:00,16,3,11,day,642,EXC002,Excavator,OP1029,2517.2,18.7,Sunny,6.14,1638,87,64.3,43.5,11.66,3.52,8.12,0.98,4,12.3,Fastened,FALSE,LOW,normal,1
16:44:00,16,3,11,day,644,EXC002,Excavator,OP1029,2517.2,18.7,Sunny,5.88,1730,86,64.2,24.1,13.57,4.17,11.3,0.72,0,22.1,Fastened,FALSE,LOW,normal,1
16:46:00,16,3,11,day,646,EXC002,Excavator,OP1029,2517.2,18.7,Sunny,6.27,1072,90.6,64.1,37.5,12.25,3.35,8.91,0.58,1,18.4,Fastened,FALSE,LOW,normal,1
16:48:00,16,3,11,day,648,EXC002,Excavator,OP1029,2517.2,18.7,Sunny,5.41,2150,87.9,64,43.6,10.71,3.28,7.47,1.11,3,28,Fastened,FALSE,LOW,normal,1
16:50:00,16,3,11,day,650,EXC002,Excavator,OP1029,2517.2,18.7,Sunny,4.46,1446,90.9,63.9,32.1,13.84,2.21,10.11,0.74,4,29.6,Fastened,FALSE,LOW,normal,1
16:52:00,16,3,11,day,652,EXC002,Excavator,OP1029,2517.2,18.7,Sunny,4.18,1090,82.5,63.9,50.5,11.05,2.53,6.75,0.93,2,8.7,Fastened,FALSE,LOW,normal,1
16:54:00,16,3,11,day,654,EXC002,Excavator,OP1029,2517.2,18.7,Sunny,4.57,1152,83.8,63.8,31.2,10.77,2.72,8.26,0.77,2,12.1,Fastened,FALSE,LOW,normal,1
16:56:00,16,3,11,day,656,EXC002,Excavator,OP1029,2517.2,18.7,Sunny,8.16,1725,86.7,63.8,45.3,11.01,3.09,7.42,0.88,3,18.9,Fastened,FALSE,LOW,normal,1
16:58:00,16,3,11,day,658,EXC002,Excavator,OP1029,2517.2,18.7,Sunny,8.25,1633,86,63.7,32.5,14.61,3.29,10.93,0.99,3,19,Fastened,FALSE,LOW,normal,1
17:00:00,17,3,11,day,660,EXC002,Excavator,OP1029,2517.2,18.7,Sunny,2.13,1494,93.8,63.6,32.2,11.42,2.65,8.6,0.81,1,11.6,Fastened,FALSE,LOW,normal,1
17:02:00,17,3,11,day,662,EXC002,Excavator,OP1029,2517.3,18.7,Sunny,4.06,1399,89.2,63.5,33.1,11.65,3.51,8.96,0.95,2,22.5,Fastened,FALSE,LOW,normal,1
17:04:00,17,3,11,day,664,EXC002,Excavator,OP1029,2517.3,18.7,Sunny,5.08,1135,92.3,63.4,38.1,11.98,2.64,8.42,0.28,3,17.1,Fastened,FALSE,LOW,normal,1
17:06:00,17,3,11,day,666,EXC002,Excavator,OP1029,2517.3,18.7,Sunny,8.16,1550,89,63.4,50.5,14.4,2.01,8.14,0.73,0,12.9,Fastened,FALSE,LOW,normal,1
17:08:00,17,3,11,day,668,EXC002,Excavator,OP1029,2517.3,18.7,Sunny,3.6,1631,87.2,63.3,36.8,14.45,2.99,10.23,1.07,1,20.5,Fastened,FALSE,LOW,normal,1
17:10:00,17,3,11,day,670,EXC002,Excavator,OP1029,2517.3,18.7,Sunny,6.24,1076,89,63.2,26.1,13.93,3.4,11.18,0.27,3,17,Fastened,FALSE,LOW,normal,1
17:12:00,17,3,11,day,672,EXC002,Excavator,OP1029,2517.3,18.7,Sunny,3.65,1290,83.4,63.1,35.4,10.85,3.35,8.2,0.68,2,28.1,Fastened,FALSE,LOW,normal,1
17:14:00,17,3,11,day,674,EXC002,Excavator,OP1029,2517.3,18.7,Sunny,5.33,1447,81.3,63.1,36.3,11.8,2.26,8.34,0.76,4,7.2,Fastened,FALSE,MEDIUM,normal,1
17:16:00,17,3,11,day,676,EXC002,Excavator,OP1029,2517.3,18.7,Sunny,7.45,1757,83.3,63,54.3,11.03,3.15,6.75,0.52,2,17.5,Unfastened,TRUE,LOW,normal,1
17:18:00,17,3,11,day,678,EXC002,Excavator,OP1029,2517.3,18.7,Sunny,5.52,1649,85.3,62.9,23.1,9.7,3.46,8.26,0.27,2,19.4,Fastened,FALSE,LOW,normal,1
17:20:00,17,3,11,day,680,EXC002,Excavator,OP1029,2517.3,18.7,Sunny,4.8,1318,91.5,62.9,46.7,11.29,2.35,7.12,0.37,1,14,Fastened,FALSE,LOW,normal,1
17:22:00,17,3,11,day,682,EXC002,Excavator,OP1029,2517.4,18.7,Sunny,7.22,1091,84.6,62.8,33.9,10.3,3.81,8.1,1.12,2,37.1,Fastened,FALSE,LOW,normal,1
17:24:00,17,3,11,day,684,EXC002,Excavator,OP1029,2517.4,18.7,Sunny,7.07,1486,86.2,62.7,23.7,11.04,2.96,9.13,1.04,0,19.6,Fastened,FALSE,LOW,normal,1
17:26:00,17,3,11,day,686,EXC002,Excavator,OP1029,2517.4,18.7,Sunny,4.47,1829,85.6,62.7,42.9,13.72,2.42,8.87,1.27,3,13.7,Fastened,FALSE,LOW,normal,1
17:28:00,17,3,11,day,688,EXC002,Excavator,OP1029,2517.4,18.7,Sunny,3.43,1289,92.6,62.6,45.5,9.31,2.61,6.26,0.44,2,17.7,Fastened,FALSE,LOW,normal,1
17:30:00,17,3,11,day,690,EXC002,Excavator,OP1029,2517.4,18.7,Sunny,5.12,961,87.7,62.5,36.1,11.2,2.95,8.22,0.2,3,35.2,Unfastened,TRUE,LOW,normal,1
17:32:00,17,3,11,day,692,EXC002,Excavator,OP1029,2517.4,18.7,Sunny,3.43,1544,87.8,62.5,27.3,11.29,2.91,9,0.48,4,17.5,Fastened,FALSE,LOW,normal,1
17:34:00,17,3,11,day,694,EXC002,Excavator,OP1029,2517.4,18.7,Sunny,2.39,1546,83.6,62.4,27.8,14.18,2.54,10.94,0.23,1,19.3,Fastened,FALSE,LOW,normal,1
17:36:00,17,3,11,day,696,EXC002,Excavator,OP1029,2517.4,18.7,Sunny,5.01,1323,87.2,62.3,32.2,12.45,2.64,9.29,0.51,3,10.8,Fastened,FALSE,LOW,normal,1
17:38:00,17,3,11,day,698,EXC002,Excavator,OP1029,2517.4,18.7,Sunny,5.25,985,84.1,62.2,38.3,12.94,2.93,9.11,0.67,1,24.8,Fastened,FALSE,LOW,normal,1
17:40:00,17,3,11,day,700,EXC002,Excavator,OP1029,2517.4,18.7,Sunny,5.73,1706,90.7,62.1,30.7,11.23,2.71,8.61,0.51,4,16.4,Fastened,FALSE,LOW,normal,1
17:42:00,17,3,11,day,702,EXC002,Excavator,OP1029,2517.5,18.7,Sunny,3.02,1165,85.7,62.1,29.6,9.22,3.02,7.38,1.36,0,23.1,Fastened,FALSE,LOW,normal,1
17:44:00,17,3,11,day,704,EXC002,Excavator,OP1029,2517.5,18.7,Sunny,8.07,1489,85,62,28.6,15.75,2.67,12.01,1.04,3,21.9,Fastened,FALSE,LOW,normal,1
17:46:00,17,3,11,day,706,EXC002,Excavator,OP1029,2517.5,18.7,Sunny,7.48,1016,83.8,61.9,34.4,12.91,2.87,9.46,0.37,2,20.8,Fastened,FALSE,LOW,normal,1
17:48:00,17,3,11,day,708,EXC002,Excavator,OP1029,2517.5,18.7,Sunny,3.59,1188,90.2,61.8,41.2,14.78,3.58,10.17,0.37,1,19.7,Fastened,FALSE,LOW,normal,1
17:50:00,17,3,11,day,710,EXC002,Excavator,OP1029,2517.5,18.7,Sunny,6.05,1322,90.6,61.8,39.1,10.56,2.83,7.54,0.53,2,13.9,Fastened,FALSE,LOW,normal,1
17:52:00,17,3,11,day,712,EXC002,Excavator,OP1029,2517.5,18.7,Sunny,6.94,1295,82.9,61.7,50.4,14.44,3.42,8.89,1.11,0,19.2,Fastened,FALSE,LOW,normal,1
17:54:00,17,3,11,day,714,EXC002,Excavator,OP1029,2517.5,18.7,Sunny,4.04,1301,88.7,61.6,29.5,14.09,4.32,11.21,0.68,4,26.6,Unfastened,TRUE,LOW,normal,1
17:56:00,17,3,11,day,716,EXC002,Excavator,OP1029,2517.5,18.7,Sunny,6.65,1259,87.8,61.5,36.6,12.67,3.64,9.37,0.58,2,17.8,Fastened,FALSE,LOW,normal,1
17:58:00,17,3,11,day,718,EXC002,Excavator,OP1029,2517.5,18.7,Sunny,5.55,1704,80.9,61.4,34.6,12.55,2.83,9.19,0.87,0,31.7,Fastened,FALSE,LOW,normal,1
06:00:00,6,1,8,day,0,GRD002,Grader,OP1027,7343.5,28,Sunny,5.81,1154,28,91.8,30.5,12.68,2.1,9.45,0.81,0,3.5,Fastened,FALSE,MEDIUM,normal,1
06:02:00,6,1,8,day,2,GRD002,Grader,OP1027,7343.5,28,Sunny,6.23,1708,32.7,91.7,37.5,14.23,2.92,9.99,0.22,4,15.5,Fastened,FALSE,LOW,normal,1
06:04:00,6,1,8,day,4,GRD002,Grader,OP1027,7343.5,28,Sunny,1.87,1611,37.5,91.6,22.7,8.27,3.77,7.25,0.43,0,18.2,Fastened,FALSE,LOW,normal,1
06:06:00,6,1,8,day,6,GRD002,Grader,OP1027,7343.5,28,Sunny,7.92,1692,42.2,91.5,33.9,13.37,2.48,9.68,0.89,1,28.6,Fastened,FALSE,LOW,normal,1
06:08:00,6,1,8,day,8,GRD002,Grader,OP1027,7343.5,28,Sunny,4.49,1656,46.9,91.4,23.7,10.58,1.92,8.53,0.47,1,22.5,Fastened,FALSE,LOW,normal,1
06:10:00,6,1,8,day,10,GRD002,Grader,OP1027,7343.6,28,Sunny,4.5,1372,51.6,91.2,23.4,11.23,3.82,9.5,0.82,0,21,Fastened,FALSE,LOW,normal,1
06:12:00,6,1,8,day,12,GRD002,Grader,OP1027,7343.6,28,Sunny,4.35,1401,56.3,91.1,26.9,10.42,2.57,8.31,0.99,3,24.8,Fastened,FALSE,LOW,normal,1
06:14:00,6,1,8,day,14,GRD002,Grader,OP1027,7343.6,28,Sunny,6.62,1228,61,91,33.4,10.69,3.42,8.26,0.77,3,0.5,Fastened,TRUE,HIGH,normal,1
06:16:00,6,1,8,day,16,GRD002,Grader,OP1027,7343.6,28,Sunny,1.82,1701,65.8,90.9,22.9,12.45,3.21,10.33,0.79,4,28.7,Fastened,FALSE,LOW,normal,1
06:18:00,6,1,8,day,18,GRD002,Grader,OP1027,7343.6,28,Sunny,6.24,1296,70.5,90.8,39.7,11.69,3.11,8.28,0,4,20.1,Fastened,FALSE,LOW,normal,1
06:20:00,6,1,8,day,20,GRD002,Grader,OP1027,7343.6,28,Sunny,4.84,1244,75.2,90.7,22.4,9.71,1.89,7.96,1,1,13.5,Fastened,FALSE,LOW,normal,1
06:22:00,6,1,8,day,22,GRD002,Grader,OP1027,7343.6,28,Sunny,5.79,1108,79.9,90.6,32.4,12.22,3.13,9.27,0.88,1,6.5,Fastened,FALSE,MEDIUM,normal,1
06:24:00,6,1,8,day,24,GRD002,Grader,OP1027,7343.6,28,Sunny,2.36,2079,84.6,90.5,18.5,12.96,3.28,11.17,0.86,0,15.5,Fastened,FALSE,LOW,normal,1
06:26:00,6,1,8,day,26,GRD002,Grader,OP1027,7343.6,28,Sunny,4.27,1484,85.1,90.4,26,9.38,3.26,7.79,0.54,0,8.4,Unfastened,TRUE,LOW,normal,1
06:28:00,6,1,8,day,28,GRD002,Grader,OP1027,7343.6,28,Sunny,5.24,1230,86.9,90.3,30.6,13.85,3.18,10.58,0.72,4,13.5,Fastened,FALSE,LOW,normal,1
06:30:00,6,1,8,day,30,GRD002,Grader,OP1027,7343.7,28,Sunny,3.87,1550,85,90.2,30.4,10.29,4.17,8.43,1.07,0,15.7,Unfastened,TRUE,LOW,normal,1
06:32:00,6,1,8,day,32,GRD002,Grader,OP1027,7343.7,28,Sunny,5.2,1006,88.3,90.1,36.5,9.92,2.56,7.23,0.59,3,17.5,Fastened,FALSE,LOW,normal,1
06:34:00,6,1,8,day,34,GRD002,Grader,OP1027,7343.7,28,Sunny,7.09,1161,85.4,90,22.1,10.5,3.27,8.9,0.97,4,14.4,Fastened,FALSE,LOW,normal,1
06:36:00,6,1,8,day,36,GRD002,Grader,OP1027,7343.7,28,Sunny,4.2,1055,82,89.9,34,13.7,3.25,10.15,0.62,1,14.8,Fastened,FALSE,LOW,normal,1
06:38:00,6,1,8,day,38,GRD002,Grader,OP1027,7343.7,28,Sunny,7.68,1438,91.8,89.7,22,11.68,1.97,9.54,0.36,3,5.2,Unfastened,TRUE,MEDIUM,normal,1
06:40:00,6,1,8,day,40,GRD002,Grader,OP1027,7343.7,28,Sunny,2.72,1345,84.1,89.6,26.2,16.07,2.61,12.54,0.9,2,6.8,Fastened,FALSE,MEDIUM,normal,1
06:42:00,6,1,8,day,42,GRD002,Grader,OP1027,7343.7,28,Sunny,4.88,1768,89.5,89.5,28.3,13.5,3.1,10.56,0.42,1,23.9,Fastened,FALSE,LOW,normal,1
06:44:00,6,1,8,day,44,GRD002,Grader,OP1027,7343.7,28,Sunny,8.09,1602,87,89.4,31.5,12.39,2.26,9.2,0.83,4,26.2,Unfastened,TRUE,LOW,normal,1
06:46:00,6,1,8,day,46,GRD002,Grader,OP1027,7343.7,28,Sunny,6.58,1356,87.7,89.2,29.4,12.38,3.19,9.68,0.58,4,15.9,Fastened,FALSE,LOW,normal,1
06:48:00,6,1,8,day,48,GRD002,Grader,OP1027,7343.7,28,Sunny,4.68,1386,93.1,89.1,5,13.72,2.57,13.16,0.81,4,20,Fastened,FALSE,LOW,normal,1
06:50:00,6,1,8,day,50,GRD002,Grader,OP1027,7343.8,28,Sunny,5.63,1480,85.9,89,27.8,11.72,2.88,9.26,0.47,1,19.5,Unfastened,TRUE,LOW,normal,1
06:52:00,6,1,8,day,52,GRD002,Grader,OP1027,7343.8,28,Sunny,5.95,1436,87.5,88.9,34.4,10.04,2.69,7.51,0.48,3,20.8,Fastened,FALSE,LOW,normal,1
06:54:00,6,1,8,day,54,GRD002,Grader,OP1027,7343.8,28,Sunny,5.62,1092,84.3,88.7,16.3,13.76,2.84,11.98,0.74,3,22.1,Fastened,FALSE,LOW,normal,1
06:56:00,6,1,8,day,56,GRD002,Grader,OP1027,7343.8,28,Sunny,2.52,1609,84.6,88.6,18.5,11.57,3.27,10.03,0.26,4,17.7,Fastened,FALSE,LOW,normal,1
06:58:00,6,1,8,day,58,GRD002,Grader,OP1027,7343.8,28,Sunny,2.15,647,87,88.5,41.6,12.13,2.53,8.14,0.65,3,14.6,Fastened,FALSE,LOW,normal,1
07:00:00,7,1,8,day,60,GRD002,Grader,OP1027,7343.8,28,Sunny,3,1353,87.7,88.4,30,8,2.2,6.26,0.56,3,24.7,Fastened,FALSE,LOW,normal,1
07:02:00,7,1,8,day,62,GRD002,Grader,OP1027,7343.8,28,Sunny,6.83,1362,88.5,88.3,30.1,11.42,2.8,8.83,0.88,0,13.5,Fastened,FALSE,LOW,normal,1
07:04:00,7,1,8,day,64,GRD002,Grader,OP1027,7343.8,28,Sunny,5.03,1388,90.1,88.2,32.1,15.26,2.61,11.2,0.82,2,26.5,Fastened,FALSE,LOW,normal,1
07:06:00,7,1,8,day,66,GRD002,Grader,OP1027,7343.8,28,Sunny,10.17,1395,84.8,88.1,23.7,10.29,3.19,8.61,0.85,0,28.6,Fastened,FALSE,LOW,normal,1
07:08:00,7,1,8,day,68,GRD002,Grader,OP1027,7343.8,28,Sunny,5.68,1725,81.5,88,28.7,11.8,2.42,9.11,1.34,0,20.6,Fastened,FALSE,LOW,normal,1
07:10:00,7,1,8,day,70,GRD002,Grader,OP1027,7343.9,28,Sunny,8.53,1186,91.1,87.9,33.2,11.21,1.88,8.11,0.94,4,16.7,Fastened,FALSE,LOW,normal,1
07:12:00,7,1,8,day,72,GRD002,Grader,OP1027,7343.9,28,Sunny,3.89,1668,82.9,87.8,39.3,10.52,2.91,7.53,0.54,3,4,Fastened,FALSE,MEDIUM,normal,1
07:14:00,7,1,8,day,74,GRD002,Grader,OP1027,7343.9,28,Sunny,1.71,1809,85.8,87.7,19.9,14.78,2.82,12.4,0.99,1,20.1,Unfastened,FALSE,LOW,normal,1
07:16:00,7,1,8,day,76,GRD002,Grader,OP1027,7343.9,28,Sunny,4.96,1419,88.3,87.6,49.3,11.37,3.51,7.5,1.06,0,17.6,Fastened,FALSE,LOW,normal,1
07:18:00,7,1,8,day,78,GRD002,Grader,OP1027,7343.9,28,Sunny,7.06,1254,94.6,87.5,27.3,9.56,3.06,7.79,0.83,3,16.6,Fastened,FALSE,LOW,normal,1
07:20:00,7,1,8,day,80,GRD002,Grader,OP1027,7343.9,28,Sunny,5.23,1437,85.5,87.4,36.4,13.97,2.98,9.97,0.93,1,20.3,Fastened,FALSE,LOW,normal,1
07:22:00,7,1,8,day,82,GRD002,Grader,OP1027,7343.9,28,Sunny,4.72,1712,86.5,87.3,34.4,10.75,3.12,8.13,0.27,4,15.1,Fastened,FALSE,LOW,normal,1
07:24:00,7,1,8,day,84,GRD002,Grader,OP1027,7343.9,28,Sunny,8.49,1383,91.1,87.2,29.8,11.12,2.78,8.63,0.7,3,26.8,Fastened,FALSE,LOW,normal,1
07:26:00,7,1,8,day,86,GRD002,Grader,OP1027,7343.9,28,Sunny,8.52,1689,84.7,87,30.2,12.92,3,9.92,1.33,1,20.3,Fastened,FALSE,LOW,normal,1
07:28:00,7,1,8,day,88,GRD002,Grader,OP1027,7343.9,28,Sunny,3.9,951,91.3,86.9,26.3,11.14,2.95,8.99,0.91,1,32,Unfastened,TRUE,LOW,normal,1
07:30:00,7,1,8,day,90,GRD002,Grader,OP1027,7344,28,Sunny,5.32,1831,86.3,86.8,44,17,4.64,11.56,0.67,1,13,Fastened,FALSE,LOW,normal,1
07:32:00,7,1,8,day,92,GRD002,Grader,OP1027,7344,28,Sunny,7.39,1509,88.2,86.7,17.2,10.65,2.88,9.31,0.67,1,33.2,Fastened,FALSE,LOW,normal,1
07:34:00,7,1,8,day,94,GRD002,Grader,OP1027,7344,28,Sunny,1.9,1269,87.5,86.6,33.9,14.77,3.78,11.04,0.7,1,5.6,Fastened,FALSE,MEDIUM,normal,1
07:36:00,7,1,8,day,96,GRD002,Grader,OP1027,7344,28,Sunny,5.56,704,88.9,86.4,19.9,14.86,4,12.7,1.48,2,18,Fastened,FALSE,LOW,normal,1
07:38:00,7,1,8,day,98,GRD002,Grader,OP1027,7344,28,Sunny,3.86,1300,83.1,86.3,33.2,14.47,3.51,10.83,0.23,4,29.6,Fastened,FALSE,LOW,normal,1
07:40:00,7,1,8,day,100,GRD002,Grader,OP1027,7344,28,Sunny,5.2,1828,91.9,86.2,20,11.23,2.42,9.47,0.29,2,24.3,Fastened,FALSE,LOW,normal,1
07:42:00,7,1,8,day,102,GRD002,Grader,OP1027,7344,28,Sunny,4.39,1186,90.2,86.1,34.2,10.07,2.92,7.62,0.43,2,15.2,Fastened,FALSE,LOW,normal,1
07:44:00,7,1,8,day,104,GRD002,Grader,OP1027,7344,28,Sunny,6.76,1727,84.1,85.9,7.1,12.06,3.05,11.42,0.71,1,14.5,Fastened,FALSE,LOW,normal,1
07:46:00,7,1,8,day,106,GRD002,Grader,OP1027,7344,28,Sunny,5.46,1442,84.2,85.8,23.9,14.17,3.69,11.67,0.76,1,16.8,Unfastened,TRUE,LOW,normal,1
07:48:00,7,1,8,day,108,GRD002,Grader,OP1027,7344,28,Sunny,5.54,1606,89.5,85.7,11.8,8.64,3.47,8.03,0.95,1,7.9,Fastened,FALSE,MEDIUM,normal,1
07:50:00,7,1,8,day,110,GRD002,Grader,OP1027,7344.1,28,Sunny,6.09,1260,84.8,85.6,23.7,12.24,3.16,10.09,1.26,3,20.8,Fastened,FALSE,LOW,normal,1
07:52:00,7,1,8,day,112,GRD002,Grader,OP1027,7344.1,28,Sunny,4.7,1344,88.9,85.5,30.9,11.22,3.52,8.84,0.81,3,19.7,Fastened,FALSE,LOW,normal,1
07:54:00,7,1,8,day,114,GRD002,Grader,OP1027,7344.1,28,Sunny,6.08,1777,88.1,85.4,32.6,11.76,2.95,8.89,0.23,1,32.4,Fastened,FALSE,LOW,normal,1
07:56:00,7,1,8,day,116,GRD002,Grader,OP1027,7344.1,28,Sunny,4.55,1375,83.7,85.3,37,11.74,3.48,8.68,0.83,3,25.9,Fastened,FALSE,LOW,normal,1
07:58:00,7,1,8,day,118,GRD002,Grader,OP1027,7344.1,28,Sunny,2.91,1341,88.6,85.1,27,16.05,3.22,12.59,0.72,1,9.9,Unfastened,TRUE,LOW,normal,1
08:00:00,8,1,8,day,120,GRD002,Grader,OP1027,7344.1,28,Sunny,4.9,1085,88.5,85.1,45.3,8.07,2.8,5.68,0.6,3,37.2,Fastened,FALSE,LOW,normal,1
08:02:00,8,1,8,day,122,GRD002,Grader,OP1027,7344.1,28,Sunny,2.02,1256,90.7,84.9,19.2,13.99,2.67,11.82,0.89,3,7.3,Fastened,FALSE,MEDIUM,normal,1
08:04:00,8,1,8,day,124,GRD002,Grader,OP1027,7344.1,28,Sunny,4.97,1476,91.7,84.8,22.9,11.54,2.58,9.49,0.53,3,18.3,Fastened,FALSE,LOW,normal,1
08:06:00,8,1,8,day,126,GRD002,Grader,OP1027,7344.1,28,Sunny,3.15,1617,87.5,84.7,40.3,11.84,3.07,8.31,0.65,4,18.3,Fastened,FALSE,LOW,normal,1
08:08:00,8,1,8,day,128,GRD002,Grader,OP1027,7344.1,28,Sunny,7.31,1082,84.8,84.6,35.9,8.78,2.98,6.7,0.75,1,22.4,Fastened,FALSE,LOW,normal,1
08:10:00,8,1,8,day,130,GRD002,Grader,OP1027,7344.2,28,Sunny,3.14,1443,84.8,84.5,27.4,14.49,3.11,11.37,1.54,1,32,Fastened,FALSE,LOW,normal,1
08:12:00,8,1,8,day,132,GRD002,Grader,OP1027,7344.2,28,Sunny,8.92,1527,84.7,84.3,22.6,13.94,3.01,11.47,0.37,0,15.5,Fastened,FALSE,LOW,normal,1
08:14:00,8,1,8,day,134,GRD002,Grader,OP1027,7344.2,28,Sunny,6.32,1540,84.6,84.2,35,11.51,3.85,8.83,0.78,4,26,Fastened,FALSE,LOW,normal,1
08:16:00,8,1,8,day,136,GRD002,Grader,OP1027,7344.2,28,Sunny,4.84,1470,86.6,84.1,35.7,15.19,3.09,10.87,0.65,3,7.2,Unfastened,TRUE,MEDIUM,normal,1
08:18:00,8,1,8,day,138,GRD002,Grader,OP1027,7344.2,28,Sunny,4.39,1481,84.4,84,23.6,12.31,2.84,10.08,0.78,0,13.3,Fastened,FALSE,LOW,normal,1
08:20:00,8,1,8,day,140,GRD002,Grader,OP1027,7344.2,28,Sunny,6.35,1251,84.3,83.9,21.2,11.08,2.38,9.24,0.47,1,17,Unfastened,TRUE,LOW,normal,1
08:22:00,8,1,8,day,142,GRD002,Grader,OP1027,7344.2,28,Sunny,3.86,1410,79.2,83.8,40.2,10.53,3,7.5,0.69,4,39.3,Fastened,FALSE,LOW,normal,1
08:24:00,8,1,8,day,144,GRD002,Grader,OP1027,7344.2,28,Sunny,4.68,1320,85.1,83.7,24.5,8.52,3.27,7.23,1,1,23.7,Fastened,FALSE,LOW,normal,1
08:26:00,8,1,8,day,146,GRD002,Grader,OP1027,7344.2,28,Sunny,7.06,1138,87.8,83.6,36.3,14.44,3.29,10.39,0.27,0,11.4,Fastened,FALSE,LOW,normal,1
08:28:00,8,1,8,day,148,GRD002,Grader,OP1027,7344.3,28,Sunny,5.98,1808,91.4,83.5,19.7,11.17,3.19,9.6,0.54,2,13,Fastened,FALSE,LOW,normal,1
08:30:00,8,1,8,day,150,GRD002,Grader,OP1027,7344.3,28,Sunny,3.19,1236,90.1,83.4,30.7,10.4,2.89,8.09,0.58,0,33.9,Fastened,FALSE,LOW,normal,1
08:32:00,8,1,8,day,152,GRD002,Grader,OP1027,7344.3,28,Sunny,6.85,1188,89.6,83.3,31.6,13.34,3.26,10.15,1.34,0,11,Fastened,FALSE,LOW,normal,1
08:34:00,8,1,8,day,154,GRD002,Grader,OP1027,7344.3,28,Sunny,3.41,1312,87.5,83.1,19.1,12.41,2.87,10.59,0.2,2,14.2,Fastened,FALSE,LOW,normal,1
08:36:00,8,1,8,day,156,GRD002,Grader,OP1027,7344.3,28,Sunny,4.17,1253,87.7,83,20.6,8.14,2.99,7.08,0.48,2,19.2,Fastened,FALSE,LOW,normal,1
08:38:00,8,1,8,day,158,GRD002,Grader,OP1027,7344.3,28,Sunny,3.48,1765,82.5,82.9,28,12.07,2.98,9.52,1.13,4,0.7,Fastened,FALSE,MEDIUM,normal,1
08:40:00,8,1,8,day,160,GRD002,Grader,OP1027,7344.3,28,Sunny,5.36,1465,85.8,82.8,34.2,11.96,3.74,9.15,0.37,2,17.4,Fastened,FALSE,LOW,normal,1
08:42:00,8,1,8,day,162,GRD002,Grader,OP1027,7344.3,28,Sunny,5.37,1557,86,82.7,32.2,16.16,3.19,11.98,0.88,2,12.7,Fastened,FALSE,LOW,normal,1
08:44:00,8,1,8,day,164,GRD002,Grader,OP1027,7344.3,28,Sunny,5.01,1532,86,82.6,40.4,14.02,3.21,9.65,0.76,2,24.6,Fastened,FALSE,LOW,normal,1
08:46:00,8,1,8,day,166,GRD002,Grader,OP1027,7344.3,28,Sunny,5.78,1534,92.1,82.4,30.8,12.92,2.43,9.69,0.86,1,0.5,Fastened,TRUE,HIGH,normal,1
08:48:00,8,1,8,day,168,GRD002,Grader,OP1027,7344.4,28,Sunny,7.21,1421,92.3,82.3,24.2,12.95,2.27,10.37,0.84,2,10.6,Fastened,FALSE,LOW,normal,1
08:50:00,8,1,8,day,170,GRD002,Grader,OP1027,7344.4,28,Sunny,4.1,1463,86.7,82.2,30,13.24,3.26,10.25,1.1,0,18.2,Fastened,FALSE,LOW,normal,1
08:52:00,8,1,8,day,172,GRD002,Grader,OP1027,7344.4,28,Sunny,6.78,1549,93.3,82.1,23.8,9.96,2.56,8.2,1.03,0,23.7,Fastened,FALSE,LOW,normal,1
08:54:00,8,1,8,day,174,GRD002,Grader,OP1027,7344.4,28,Sunny,5.47,652,88.1,82,29.9,10.13,3.97,8.29,0.06,3,30.9,Fastened,FALSE,LOW,normal,1
08:56:00,8,1,8,day,176,GRD002,Grader,OP1027,7344.4,28,Sunny,5.8,1278,90.9,81.9,32.9,12.78,2.89,9.53,0.15,2,17.1,Fastened,FALSE,LOW,normal,1
08:58:00,8,1,8,day,178,GRD002,Grader,OP1027,7344.4,28,Sunny,7.32,1349,86.4,81.8,33,14.95,4.38,11.46,0.25,3,16.6,Fastened,FALSE,LOW,normal,1
09:00:00,9,1,8,day,180,GRD002,Grader,OP1027,7344.4,28,Sunny,7.08,1539,87.4,81.6,18.8,11.89,3.4,10.29,0.4,0,14.1,Fastened,FALSE,LOW,normal,1
09:02:00,9,1,8,day,182,GRD002,Grader,OP1027,7344.4,28,Sunny,3.39,1257,91.4,81.5,39.7,11.19,2.18,7.61,1.05,0,13.9,Fastened,FALSE,LOW,normal,1
09:04:00,9,1,8,day,184,GRD002,Grader,OP1027,7344.4,28,Sunny,4.04,1431,85.5,81.4,30.4,12.66,3.03,9.73,1.25,0,13.3,Fastened,FALSE,LOW,normal,1
09:06:00,9,1,8,day,186,GRD002,Grader,OP1027,7344.4,28,Sunny,3.28,1185,89.6,81.3,36.9,13.39,2.64,9.42,1.26,2,18.2,Fastened,FALSE,LOW,normal,1
09:08:00,9,1,8,day,188,GRD002,Grader,OP1027,7344.5,28,Sunny,4.03,1722,85.5,81.2,18.3,11.38,3.39,9.92,0.65,4,26.2,Fastened,FALSE,LOW,normal,1
09:10:00,9,1,8,day,190,GRD002,Grader,OP1027,7344.5,28,Sunny,6.73,1563,87.2,81.1,29.3,10.52,2.89,8.28,0.51,3,5.3,Fastened,FALSE,MEDIUM,normal,1
09:12:00,9,1,8,day,192,GRD002,Grader,OP1027,7344.5,28,Sunny,7.01,1595,86.2,81,32,12.72,3.15,9.66,0.95,2,30.3,Fastened,FALSE,LOW,normal,1
09:14:00,9,1,8,day,194,GRD002,Grader,OP1027,7344.5,28,Sunny,6.45,1841,83.2,80.9,25.6,12.22,3.26,9.93,0.61,0,24.5,Fastened,FALSE,LOW,normal,1
09:16:00,9,1,8,day,196,GRD002,Grader,OP1027,7344.5,28,Sunny,4.01,1777,86.2,80.8,34.1,9.06,3.39,7.13,0.19,1,16.3,Fastened,FALSE,LOW,normal,1
09:18:00,9,1,8,day,198,GRD002,Grader,OP1027,7344.5,28,Sunny,4.59,1678,88.4,80.7,21,10.44,1.92,8.65,0.68,4,9.9,Fastened,FALSE,LOW,normal,1
09:20:00,9,1,8,day,200,GRD002,Grader,OP1027,7344.5,28,Sunny,5.46,1609,85.3,80.6,22.2,12,3.34,10.08,0.65,3,18.9,Fastened,FALSE,LOW,normal,1
09:22:00,9,1,8,day,202,GRD002,Grader,OP1027,7344.5,28,Sunny,4.47,1376,88.7,80.5,29.8,10.45,2.74,8.15,0.5,4,11.6,Fastened,FALSE,LOW,normal,1
09:24:00,9,1,8,day,204,GRD002,Grader,OP1027,7344.5,28,Sunny,5.92,1423,93.5,80.4,38.6,11.8,3.86,8.74,0.72,1,2.7,Fastened,TRUE,HIGH,normal,1
09:26:00,9,1,8,day,206,GRD002,Grader,OP1027,7344.5,28,Sunny,6.25,1126,87.1,80.2,26.6,11.56,1.84,8.97,0.6,2,14.3,Fastened,FALSE,LOW,normal,1
09:28:00,9,1,8,day,208,GRD002,Grader,OP1027,7344.6,28,Sunny,3.06,1327,87.3,80.1,29.5,12.71,3.33,9.94,0.87,3,20.2,Fastened,FALSE,LOW,normal,1
09:30:00,9,1,8,day,210,GRD002,Grader,OP1027,7344.6,28,Sunny,7.04,858,88.1,80,24.7,8.13,3.61,7.01,0.56,4,6.9,Unfastened,TRUE,MEDIUM,normal,1
09:32:00,9,1,8,day,212,GRD002,Grader,OP1027,7344.6,28,Sunny,3.59,1539,84.4,79.9,18.3,13.85,3.11,11.88,0.63,0,17.4,Fastened,FALSE,LOW,normal,1
09:34:00,9,1,8,day,214,GRD002,Grader,OP1027,7344.6,28,Sunny,3.05,1652,89.7,79.8,17.5,13.89,3.18,12.02,0.7,3,13.4,Fastened,FALSE,LOW,normal,1
09:36:00,9,1,8,day,216,GRD002,Grader,OP1027,7344.6,28,Sunny,4.82,1363,89.7,79.7,25,10.29,3.78,8.66,0.63,1,20.3,Fastened,FALSE,LOW,normal,1
09:38:00,9,1,8,day,218,GRD002,Grader,OP1027,7344.6,28,Sunny,3.94,1811,87,79.5,34,14.53,3.28,10.7,0.58,3,7.6,Fastened,FALSE,MEDIUM,normal,1
09:40:00,9,1,8,day,220,GRD002,Grader,OP1027,7344.6,28,Sunny,6.23,1785,91.5,79.4,33,13.21,2.8,9.77,0.57,0,7.8,Fastened,FALSE,MEDIUM,normal,1
09:42:00,9,1,8,day,222,GRD002,Grader,OP1027,7344.6,28,Sunny,7.45,1514,84.4,79.3,25,13.92,2.42,11.04,0.13,1,17.6,Fastened,FALSE,LOW,normal,1
09:44:00,9,1,8,day,224,GRD002,Grader,OP1027,7344.6,28,Sunny,7.32,1969,87.2,79.1,19.8,14.44,2.29,12.03,1.08,2,0.6,Fastened,TRUE,HIGH,normal,1
09:46:00,9,1,8,day,226,GRD002,Grader,OP1027,7344.6,28,Sunny,5.98,931,90,79,26,12.25,2.28,9.66,0.37,3,17.2,Fastened,FALSE,LOW,normal,1
09:48:00,9,1,8,day,228,GRD002,Grader,OP1027,7344.7,28,Sunny,4.6,1494,82.6,78.9,20.2,9.44,3.58,8.26,0.8,1,24.4,Fastened,FALSE,LOW,normal,1
09:50:00,9,1,8,day,230,GRD002,Grader,OP1027,7344.7,28,Sunny,4.39,1292,86.3,78.8,31.8,11.61,3.17,8.93,1.04,2,1.6,Fastened,FALSE,MEDIUM,normal,1
09:52:00,9,1,8,day,232,GRD002,Grader,OP1027,7344.7,28,Sunny,4.15,1824,87.4,78.7,36,13.01,2.88,9.36,0.78,3,17.2,Fastened,FALSE,LOW,normal,1
09:54:00,9,1,8,day,234,GRD002,Grader,OP1027,7344.7,28,Sunny,7.49,1396,80.4,78.6,39.2,11.27,3.71,8.31,0.61,4,21.1,Fastened,FALSE,LOW,normal,1
09:56:00,9,1,8,day,236,GRD002,Grader,OP1027,7344.7,28,Sunny,7.19,1340,86.5,78.5,24.4,9.02,2.8,7.5,0.73,1,7.6,Fastened,FALSE,MEDIUM,normal,1
09:58:00,9,1,8,day,238,GRD002,Grader,OP1027,7344.7,28,Sunny,4.4,1684,87,78.4,38.5,11.29,2.09,7.75,0.37,0,0.5,Fastened,FALSE,MEDIUM,normal,1
10:00:00,10,1,8,day,240,GRD002,Grader,OP1027,7344.7,28,Sunny,7.34,1494,88.9,78.3,31.3,10.76,3.1,8.36,0.88,3,15.6,Fastened,FALSE,LOW,normal,1
10:02:00,10,1,8,day,242,GRD002,Grader,OP1027,7344.7,28,Sunny,6.16,1448,90.1,78.2,20.6,11.51,2.76,9.71,0.69,4,11.4,Fastened,FALSE,LOW,normal,1
10:04:00,10,1,8,day,244,GRD002,Grader,OP1027,7344.7,28,Sunny,5.45,810,78.5,78.1,21.4,11.82,2.86,9.9,0.75,1,16.9,Fastened,FALSE,LOW,normal,1
10:06:00,10,1,8,day,246,GRD002,Grader,OP1027,7344.7,28,Sunny,5.96,1467,89,78,30.3,13.23,3.78,10.37,1.04,4,13.1,Fastened,FALSE,LOW,normal,1
10:08:00,10,1,8,day,248,GRD002,Grader,OP1027,7344.8,28,Sunny,9.58,1732,89.6,77.9,21.6,11.62,3.02,9.76,0,2,26.9,Fastened,FALSE,LOW,normal,1
10:10:00,10,1,8,day,250,GRD002,Grader,OP1027,7344.8,28,Sunny,2.47,1030,83.6,77.7,25.7,12.07,3.43,9.85,0.68,0,13.9,Fastened,FALSE,LOW,normal,1
10:12:00,10,1,8,day,252,GRD002,Grader,OP1027,7344.8,28,Sunny,3.56,1543,83.2,77.6,39.8,14.82,3.35,10.25,0.97,0,35.1,Fastened,FALSE,LOW,normal,1
10:14:00,10,1,8,day,254,GRD002,Grader,OP1027,7344.8,28,Sunny,3.87,2024,83.1,77.5,20.3,15.05,3.26,12.66,0.42,0,19.2,Fastened,FALSE,LOW,normal,1
10:16:00,10,1,8,day,256,GRD002,Grader,OP1027,7344.8,28,Sunny,4.56,1463,90.7,77.3,26.7,13.45,3.32,10.75,0.7,0,11.5,Fastened,FALSE,LOW,normal,1
10:18:00,10,1,8,day,258,GRD002,Grader,OP1027,7344.8,28,Sunny,4.49,785,88.2,77.2,24.4,13.65,3.55,11.19,1.02,1,20.8,Fastened,FALSE,LOW,normal,1
10:20:00,10,1,8,day,260,GRD002,Grader,OP1027,7344.8,28,Sunny,5.13,1320,83.6,77.1,21.1,12.47,3.28,10.53,0.7,1,24.2,Fastened,FALSE,LOW,normal,1
10:22:00,10,1,8,day,262,GRD002,Grader,OP1027,7344.8,28,Sunny,8.37,1606,91.4,77,31.7,9.32,2.57,7.18,0.6,4,23.1,Fastened,FALSE,LOW,normal,1
10:24:00,10,1,8,day,264,GRD002,Grader,OP1027,7344.8,28,Sunny,7.34,798,90.1,76.9,26.8,11.42,3.59,9.32,0.92,2,18.6,Fastened,FALSE,LOW,normal,1
10:26:00,10,1,8,day,266,GRD002,Grader,OP1027,7344.8,28,Sunny,6.52,1631,85.5,76.8,17.4,10.28,3.21,9.05,1.32,0,17.9,Fastened,FALSE,LOW,normal,1
10:28:00,10,1,8,day,268,GRD002,Grader,OP1027,7344.9,28,Sunny,5.38,1881,96.1,76.7,33.3,13.83,2.02,9.9,0.36,1,8.2,Fastened,FALSE,LOW,normal,1
10:30:00,10,1,8,day,270,GRD002,Grader,OP1027,7344.9,28,Sunny,3.72,1449,89.5,76.6,21,9.6,4.02,8.43,0.75,4,6.2,Fastened,FALSE,MEDIUM,normal,1
10:32:00,10,1,8,day,272,GRD002,Grader,OP1027,7344.9,28,Sunny,7.89,839,80.7,76.5,33.6,9.14,3.89,7.38,1.05,0,18.7,Fastened,FALSE,LOW,normal,1
10:34:00,10,1,8,day,274,GRD002,Grader,OP1027,7344.9,28,Sunny,5.85,1551,82.4,76.4,39.5,13.79,2.38,9.28,0.95,2,38.2,Fastened,FALSE,LOW,normal,1
10:36:00,10,1,8,day,276,GRD002,Grader,OP1027,7344.9,28,Sunny,4.76,1630,87.9,76.2,27.3,14.3,3.56,11.37,0.68,1,23.6,Fastened,FALSE,LOW,normal,1
10:38:00,10,1,8,day,278,GRD002,Grader,OP1027,7344.9,28,Sunny,4.74,1301,87.2,76.1,35.6,11.34,2.42,8.16,1.06,4,25.2,Unfastened,TRUE,LOW,normal,1
10:40:00,10,1,8,day,280,GRD002,Grader,OP1027,7344.9,28,Sunny,4.19,1444,88.8,76,28.8,13.32,3.06,10.37,0.23,1,17,Unfastened,TRUE,LOW,normal,1
10:42:00,10,1,8,day,282,GRD002,Grader,OP1027,7344.9,28,Sunny,5.17,1265,88.4,75.9,25.1,11.4,2.65,9.2,0.63,1,17.2,Fastened,FALSE,LOW,normal,1
10:44:00,10,1,8,day,284,GRD002,Grader,OP1027,7344.9,28,Sunny,7.48,1395,86.1,75.8,42.2,16.56,3.01,10.84,0.47,4,21.6,Fastened,FALSE,LOW,normal,1
10:46:00,10,1,8,day,286,GRD002,Grader,OP1027,7344.9,28,Sunny,7.72,1565,86.8,75.7,26,11.14,3.01,9.03,0.43,1,19.2,Fastened,FALSE,LOW,normal,1
10:48:00,10,1,8,day,288,GRD002,Grader,OP1027,7345,28,Sunny,6.79,1728,93.3,75.6,31,9.58,2.65,7.43,0.84,2,19.2,Fastened,FALSE,LOW,normal,1
10:50:00,10,1,8,day,290,GRD002,Grader,OP1027,7345,28,Sunny,1.44,1251,89.7,75.5,33.5,10,4.37,8.11,1.05,3,31.9,Fastened,FALSE,LOW,normal,1
10:52:00,10,1,8,day,292,GRD002,Grader,OP1027,7345,28,Sunny,9.5,1380,85,75.4,27.5,13.1,2.86,10.28,0.66,2,24.2,Unfastened,TRUE,LOW,normal,1
10:54:00,10,1,8,day,294,GRD002,Grader,OP1027,7345,28,Sunny,7.58,1667,86.2,75.2,27.4,12.94,2.84,10.17,0.67,0,6.6,Fastened,FALSE,MEDIUM,normal,1
10:56:00,10,1,8,day,296,GRD002,Grader,OP1027,7345,28,Sunny,3.9,1071,86.5,75.1,26.2,13.35,3.52,10.77,0.52,3,4.8,Fastened,FALSE,MEDIUM,normal,1
10:58:00,10,1,8,day,298,GRD002,Grader,OP1027,7345,28,Sunny,5.65,1804,95.3,75,19.4,13.33,3.22,11.37,1,1,18.7,Unfastened,TRUE,LOW,normal,1
11:00:00,11,1,8,day,300,GRD002,Grader,OP1027,7345,28,Sunny,4.12,1468,83.3,74.9,27.3,10.99,3,8.81,0.68,0,1.2,Fastened,FALSE,MEDIUM,normal,1
11:02:00,11,1,8,day,302,GRD002,Grader,OP1027,7345,28,Sunny,4.19,1197,87.7,74.8,27.1,11.24,2.43,8.85,0.72,4,5.6,Unfastened,TRUE,MEDIUM,normal,1
11:04:00,11,1,8,day,304,GRD002,Grader,OP1027,7345,28,Sunny,6.25,1959,90.9,74.7,19.8,10.15,3.68,8.87,1.13,0,15.1,Fastened,FALSE,LOW,normal,1
11:06:00,11,1,8,day,306,GRD002,Grader,OP1027,7345.1,28,Sunny,6.75,1386,84.6,74.5,23.6,11.01,2.55,9.01,0.63,3,18,Fastened,FALSE,LOW,normal,1
11:08:00,11,1,8,day,308,GRD002,Grader,OP1027,7345.1,28,Sunny,10.42,1533,89.6,74.4,29.3,13.08,3.28,10.21,0.82,2,20.8,Unfastened,TRUE,LOW,normal,1
11:10:00,11,1,8,day,310,GRD002,Grader,OP1027,7345.1,28,Sunny,7.92,828,87.3,74.3,24.8,13.05,4.25,10.87,0.49,3,12.1,Unfastened,TRUE,LOW,normal,1
11:12:00,11,1,8,day,312,GRD002,Grader,OP1027,7345.1,28,Sunny,5.84,1560,85.9,74.2,36.3,13.19,3.05,9.51,0.44,2,24.5,Fastened,FALSE,LOW,normal,1
11:14:00,11,1,8,day,314,GRD002,Grader,OP1027,7345.1,28,Sunny,5.11,1673,87.8,74.1,40.2,9.52,2.17,6.57,0.55,0,32.7,Fastened,FALSE,LOW,normal,1
11:16:00,11,1,8,day,316,GRD002,Grader,OP1027,7345.1,28,Sunny,3.45,1930,85.8,74,27.6,11.68,3.32,9.37,0.43,3,10.9,Fastened,FALSE,LOW,normal,1
11:18:00,11,1,8,day,318,GRD002,Grader,OP1027,7345.1,28,Sunny,6.26,1027,82.2,73.9,26.6,10.39,3.16,8.47,0.64,4,11.9,Fastened,FALSE,LOW,normal,1
11:20:00,11,1,8,day,320,GRD002,Grader,OP1027,7345.1,28,Sunny,1.19,1414,88.8,73.7,28.8,15.9,3.54,12.34,1.09,1,14.5,Fastened,FALSE,LOW,normal,1
11:22:00,11,1,8,day,322,GRD002,Grader,OP1027,7345.1,28,Sunny,5.44,1748,86.3,73.6,24.4,10.34,3.21,8.6,0.65,0,20.5,Fastened,FALSE,LOW,normal,1
11:24:00,11,1,8,day,324,GRD002,Grader,OP1027,7345.1,28,Sunny,5.24,1714,84.5,73.5,35.8,13.97,2.99,10.04,0.72,1,13.2,Fastened,FALSE,LOW,normal,1
11:26:00,11,1,8,day,326,GRD002,Grader,OP1027,7345.2,28,Sunny,6.03,1851,89.8,73.4,25.5,14.5,2.8,11.52,1.12,0,21.6,Fastened,FALSE,LOW,normal,1
11:28:00,11,1,8,day,328,GRD002,Grader,OP1027,7345.2,28,Sunny,3.48,1382,88.9,73.3,23.5,10.73,2.64,8.83,0.77,3,23.6,Fastened,FALSE,LOW,normal,1
11:30:00,11,1,8,day,330,GRD002,Grader,OP1027,7345.2,28,Sunny,2.79,882,86.2,73.2,21.9,10.13,3.54,8.69,0.43,2,25.4,Fastened,FALSE,LOW,normal,1
11:32:00,11,1,8,day,332,GRD002,Grader,OP1027,7345.2,28,Sunny,5.22,1787,86.1,73.1,38.5,11.11,3.06,8.01,0.66,1,6,Fastened,FALSE,MEDIUM,normal,1
11:34:00,11,1,8,day,334,GRD002,Grader,OP1027,7345.2,28,Sunny,5.15,1484,87.7,73,21.8,10.71,3.51,9.14,0.7,2,19.9,Fastened,FALSE,LOW,normal,1
11:36:00,11,1,8,day,336,GRD002,Grader,OP1027,7345.2,28,Sunny,5.07,1624,86.9,72.9,40.6,11.05,2.35,7.52,0.66,0,28,Fastened,FALSE,LOW,normal,1
11:38:00,11,1,8,day,338,GRD002,Grader,OP1027,7345.2,28,Sunny,3.96,1210,94.4,72.7,24,14.32,3.52,11.73,0.56,1,5,Fastened,FALSE,MEDIUM,normal,1
11:40:00,11,1,8,day,340,GRD002,Grader,OP1027,7345.2,28,Sunny,10.1,2057,83,72.6,27.3,11.39,4.08,9.39,1.02,4,9.5,Fastened,FALSE,LOW,normal,1
11:42:00,11,1,8,day,342,GRD002,Grader,OP1027,7345.2,28,Sunny,5.86,1216,84.8,72.5,31.1,13.25,3.23,10.13,0.78,3,27.1,Fastened,FALSE,LOW,normal,1
11:44:00,11,1,8,day,344,GRD002,Grader,OP1027,7345.2,28,Sunny,2.41,1376,85,72.4,30.2,13.74,3.32,10.59,0.91,4,0.5,Fastened,FALSE,MEDIUM,normal,1
11:46:00,11,1,8,day,346,GRD002,Grader,OP1027,7345.3,28,Sunny,6.36,1579,87,72.3,25.8,13.57,2.35,10.68,0.72,4,6.1,Fastened,FALSE,MEDIUM,normal,1
11:48:00,11,1,8,day,348,GRD002,Grader,OP1027,7345.3,28,Sunny,5.57,1253,84.8,72.1,15.3,12.17,3.24,10.8,0.83,0,19.7,Fastened,FALSE,LOW,normal,1
11:50:00,11,1,8,day,350,GRD002,Grader,OP1027,7345.3,28,Sunny,3.12,1419,84.1,72,24,11.08,3.53,9.27,1.09,3,17.8,Fastened,FALSE,LOW,normal,1
11:52:00,11,1,8,day,352,GRD002,Grader,OP1027,7345.3,28,Sunny,7.38,1858,89.1,71.9,25.9,12.98,2.81,10.35,0.63,3,15,Fastened,FALSE,LOW,normal,1
11:54:00,11,1,8,day,354,GRD002,Grader,OP1027,7345.3,28,Sunny,4.52,1467,86.6,71.7,20.8,14.22,3.79,12.05,0.71,0,6.1,Fastened,FALSE,MEDIUM,normal,1
11:56:00,11,1,8,day,356,GRD002,Grader,OP1027,7345.3,28,Sunny,7.35,846,82.3,71.7,20.4,9.4,3.75,8.25,0.62,4,25.9,Fastened,FALSE,LOW,normal,1
11:58:00,11,1,8,day,358,GRD002,Grader,OP1027,7345.3,28,Sunny,6.65,1786,87.5,71.5,28.7,14.82,3.83,11.67,0.76,2,22.7,Fastened,FALSE,LOW,normal,1
12:00:00,12,1,8,day,360,GRD002,Grader,OP1027,7345.3,28,Sunny,5.69,1715,88.7,71.4,32.4,11.12,2.75,8.41,0.9,3,19.7,Fastened,FALSE,LOW,normal,1
12:02:00,12,1,8,day,362,GRD002,Grader,OP1027,7345.3,28,Sunny,6.48,1869,93,71.3,24.1,10.15,2.14,8.22,0.51,4,23.2,Fastened,FALSE,LOW,normal,1
12:04:00,12,1,8,day,364,GRD002,Grader,OP1027,7345.3,28,Sunny,5.71,1241,94.8,71.2,31.4,12.39,3.03,9.45,1.06,0,12.4,Fastened,FALSE,LOW,normal,1
12:06:00,12,1,8,day,366,GRD002,Grader,OP1027,7345.4,28,Sunny,5.26,1863,83.9,71.1,28.3,12.27,2.79,9.59,0.33,1,22.2,Fastened,FALSE,LOW,normal,1
12:08:00,12,1,8,day,368,GRD002,Grader,OP1027,7345.4,28,Sunny,6.46,1712,85.3,70.9,25.8,15.92,2.57,12.48,0.28,0,10.1,Fastened,FALSE,LOW,normal,1
12:10:00,12,1,8,day,370,GRD002,Grader,OP1027,7345.4,28,Sunny,8.8,1453,88.4,70.8,27.6,13.65,2.85,10.67,0.55,1,10.2,Fastened,FALSE,LOW,normal,1
12:12:00,12,1,8,day,372,GRD002,Grader,OP1027,7345.4,28,Sunny,4.46,2115,85.8,70.7,22.7,9.44,3.66,8.13,0.44,3,2.5,Fastened,FALSE,MEDIUM,normal,1
12:14:00,12,1,8,day,374,GRD002,Grader,OP1027,7345.4,28,Sunny,4.87,1500,88.9,70.6,17.2,11.07,3.93,9.84,0.99,4,17.1,Fastened,FALSE,LOW,normal,1
12:16:00,12,1,8,day,376,GRD002,Grader,OP1027,7345.4,28,Sunny,5.55,1844,85.2,70.5,14.6,11.74,3.6,10.55,0.49,4,17.8,Fastened,FALSE,LOW,normal,1
12:18:00,12,1,8,day,378,GRD002,Grader,OP1027,7345.4,28,Sunny,2.78,1093,90.9,70.3,18.3,12.43,2.69,10.65,0.29,1,2.2,Fastened,FALSE,MEDIUM,normal,1
12:20:00,12,1,8,day,380,GRD002,Grader,OP1027,7345.4,28,Sunny,4.39,1178,82.1,70.2,36.5,14.28,2.93,10.14,0.63,2,13.3,Fastened,FALSE,LOW,normal,1
12:22:00,12,1,8,day,382,GRD002,Grader,OP1027,7345.4,28,Sunny,6.64,1129,85.9,70.1,16,9.22,1.9,8.05,0.8,0,20.9,Fastened,FALSE,LOW,normal,1
12:24:00,12,1,8,day,384,GRD002,Grader,OP1027,7345.4,28,Sunny,5.76,2062,85.5,70,25.4,11.94,3.47,9.79,1.07,0,29,Fastened,FALSE,LOW,normal,1
12:26:00,12,1,8,day,386,GRD002,Grader,OP1027,7345.5,28,Sunny,3.91,1515,85.9,69.9,33.1,13.02,2.15,9.42,0.79,1,0.9,Fastened,FALSE,MEDIUM,normal,1
12:28:00,12,1,8,day,388,GRD002,Grader,OP1027,7345.5,28,Sunny,6.36,1499,86,69.8,30.5,11.42,3.27,8.93,0.24,1,0.5,Fastened,TRUE,HIGH,normal,1
12:30:00,12,1,8,day,390,GRD002,Grader,OP1027,7345.5,28,Sunny,5.06,999,82.7,69.7,29.8,11.17,2.84,8.69,0.91,2,24.7,Fastened,FALSE,LOW,normal,1
12:32:00,12,1,8,day,392,GRD002,Grader,OP1027,7345.5,28,Sunny,3.92,1036,89.8,69.6,27,9.78,2.79,7.89,0.48,0,20.1,Fastened,FALSE,LOW,normal,1
12:34:00,12,1,8,day,394,GRD002,Grader,OP1027,7345.5,28,Sunny,5.34,1294,81.6,69.5,22.8,13.3,2.2,10.77,0.83,3,25.1,Fastened,FALSE,LOW,normal,1
12:36:00,12,1,8,day,396,GRD002,Grader,OP1027,7345.5,28,Sunny,4.76,1169,87.5,69.4,35.9,11.52,3.3,8.57,0.67,0,33.7,Fastened,FALSE,LOW,normal,1
12:38:00,12,1,8,day,398,GRD002,Grader,OP1027,7345.5,28,Sunny,6.66,1555,88.8,69.3,22.8,10.28,2.95,8.61,0.84,1,6.5,Unfastened,TRUE,MEDIUM,normal,1
12:40:00,12,1,8,day,400,GRD002,Grader,OP1027,7345.5,28,Sunny,4.04,1167,87.4,69.2,32,11.65,3.08,8.91,0.19,4,23.2,Fastened,FALSE,LOW,normal,1
12:42:00,12,1,8,day,402,GRD002,Grader,OP1027,7345.5,28,Sunny,6.43,1473,87.7,69,25.1,11.46,2.92,9.32,0.23,4,41.5,Unfastened,TRUE,LOW,normal,1
12:44:00,12,1,8,day,404,GRD002,Grader,OP1027,7345.5,28,Sunny,5.68,1685,81,68.9,22.2,13,2.65,10.7,0.94,2,13.2,Fastened,FALSE,LOW,normal,1
12:46:00,12,1,8,day,406,GRD002,Grader,OP1027,7345.6,28,Sunny,7.1,1221,86.8,68.8,26.3,10.34,2.7,8.33,0.73,1,15.3,Fastened,FALSE,LOW,normal,1
12:48:00,12,1,8,day,408,GRD002,Grader,OP1027,7345.6,28,Sunny,4.88,978,87.5,68.7,22.2,12.22,3.12,10.2,0.68,1,14.2,Fastened,FALSE,LOW,normal,1
12:50:00,12,1,8,day,410,GRD002,Grader,OP1027,7345.6,28,Sunny,4.96,1311,84.8,68.6,33.5,13.22,2.72,9.7,0.6,1,14.9,Fastened,FALSE,LOW,normal,1
12:52:00,12,1,8,day,412,GRD002,Grader,OP1027,7345.6,28,Sunny,2.25,970,87.7,68.5,35.7,11.96,3.09,8.79,0.3,3,20.9,Fastened,FALSE,LOW,normal,1
12:54:00,12,1,8,day,414,GRD002,Grader,OP1027,7345.6,28,Sunny,5.23,1699,89,68.4,32.8,10.56,3.55,8.26,1.01,2,18.8,Fastened,FALSE,LOW,normal,1
12:56:00,12,1,8,day,416,GRD002,Grader,OP1027,7345.6,28,Sunny,4.72,1613,85.7,68.3,37,13.5,3.62,9.84,0.31,2,13.5,Fastened,FALSE,LOW,normal,1
12:58:00,12,1,8,day,418,GRD002,Grader,OP1027,7345.6,28,Sunny,6.18,1238,88.5,68.1,24.8,15.79,3.37,12.71,0.69,0,26.2,Fastened,FALSE,LOW,normal,1
13:00:00,13,1,8,day,420,GRD002,Grader,OP1027,7345.6,28,Sunny,2.24,1834,86,68,36,12.49,2.97,9.06,0.93,4,22.4,Fastened,FALSE,LOW,normal,1
13:02:00,13,1,8,day,422,GRD002,Grader,OP1027,7345.6,28,Sunny,3.28,1252,87.6,67.9,39.1,9.34,3.82,7.18,0.85,1,20.9,Fastened,FALSE,LOW,normal,1
13:04:00,13,1,8,day,424,GRD002,Grader,OP1027,7345.6,28,Sunny,6.76,1731,83.6,67.8,26.8,10.21,3.41,8.39,1.44,0,21.5,Fastened,FALSE,LOW,normal,1
13:06:00,13,1,8,day,426,GRD002,Grader,OP1027,7345.7,28,Sunny,6.46,820,87.1,67.7,28.8,12.08,3.41,9.58,0.72,1,16.2,Fastened,FALSE,LOW,normal,1
13:08:00,13,1,8,day,428,GRD002,Grader,OP1027,7345.7,28,Sunny,7.28,1810,88.8,67.6,35.7,11.3,2.74,8.24,0.68,1,14.3,Fastened,FALSE,LOW,normal,1
13:10:00,13,1,8,day,430,GRD002,Grader,OP1027,7345.7,28,Sunny,2.36,1833,86.6,67.5,37.6,13.73,2.93,9.67,0.47,0,23.9,Fastened,FALSE,LOW,normal,1
13:12:00,13,1,8,day,432,GRD002,Grader,OP1027,7345.7,28,Sunny,3.89,1618,92.9,67.4,35.4,12.34,3.61,9.25,0.82,0,20.8,Fastened,FALSE,LOW,normal,1
13:14:00,13,1,8,day,434,GRD002,Grader,OP1027,7345.7,28,Sunny,7.47,1927,93.2,67.3,30.4,11.89,3.09,9.21,0.94,2,23.6,Unfastened,TRUE,LOW,normal,1
13:16:00,13,1,8,day,436,GRD002,Grader,OP1027,7345.7,28,Sunny,6.24,1586,88.7,67.2,23,11.71,3.6,9.84,0.76,4,17.6,Unfastened,TRUE,LOW,normal,1
13:18:00,13,1,8,day,438,GRD002,Grader,OP1027,7345.7,28,Sunny,4.7,1260,82.9,67.1,42,11.71,2.92,8.02,0.48,0,8.5,Fastened,FALSE,LOW,normal,1
13:20:00,13,1,8,day,440,GRD002,Grader,OP1027,7345.7,28,Sunny,6.7,1245,83.7,66.9,22.4,11.47,3.32,9.64,0.58,3,9.7,Fastened,FALSE,LOW,normal,1
13:22:00,13,1,8,day,442,GRD002,Grader,OP1027,7345.7,28,Sunny,6.34,1318,89.9,66.8,22.3,10.11,2.82,8.48,0.95,1,19.9,Fastened,FALSE,LOW,normal,1
13:24:00,13,1,8,day,444,GRD002,Grader,OP1027,7345.8,28,Sunny,4.79,1546,85.9,66.8,38.9,10.75,3.04,7.75,0.45,2,5.5,Fastened,FALSE,MEDIUM,normal,1
13:26:00,13,1,8,day,446,GRD002,Grader,OP1027,7345.8,28,Sunny,4.08,1649,84.6,66.6,16.2,12.63,2.54,11,0.67,3,10.1,Fastened,FALSE,LOW,normal,1
13:28:00,13,1,8,day,448,GRD002,Grader,OP1027,7345.8,28,Sunny,4.55,1245,89.9,66.5,29.6,14.09,3.08,10.83,0.79,4,18.6,Fastened,FALSE,LOW,normal,1
13:30:00,13,1,8,day,450,GRD002,Grader,OP1027,7345.8,28,Sunny,3.73,1275,86.4,66.4,26.4,8.34,3.04,6.94,0.6,3,2.9,Fastened,FALSE,MEDIUM,normal,1
13:32:00,13,1,8,day,452,GRD002,Grader,OP1027,7345.8,28,Sunny,6.08,893,82.7,66.3,28,13.67,3.09,10.71,0.76,1,8.5,Fastened,FALSE,LOW,normal,1
13:34:00,13,1,8,day,454,GRD002,Grader,OP1027,7345.8,28,Sunny,5.94,1786,88.7,66.1,27.3,14.95,3.1,11.71,0.9,1,31,Fastened,FALSE,LOW,normal,1
13:36:00,13,1,8,day,456,GRD002,Grader,OP1027,7345.8,28,Sunny,5.8,1773,87.1,66,33.5,12.33,3.06,9.22,0.43,0,23,Fastened,FALSE,LOW,normal,1
13:38:00,13,1,8,day,458,GRD002,Grader,OP1027,7345.8,28,Sunny,3.97,799,85.7,65.9,22.4,13.75,2.71,11.28,0.77,3,27.7,Fastened,FALSE,LOW,normal,1
13:40:00,13,1,8,day,460,GRD002,Grader,OP1027,7345.8,28,Sunny,3.92,1228,87,65.8,24.2,12.38,2.78,10.06,0.5,1,28.7,Fastened,FALSE,LOW,normal,1
13:42:00,13,1,8,day,462,GRD002,Grader,OP1027,7345.8,28,Sunny,6.82,1006,80.9,65.7,36.5,12.48,2.21,8.73,0.91,0,26.4,Fastened,FALSE,LOW,normal,1
13:44:00,13,1,8,day,464,GRD002,Grader,OP1027,7345.9,28,Sunny,4.95,1497,88.5,65.6,37.8,9.95,2.36,7.08,0.64,0,19.5,Fastened,FALSE,LOW,normal,1
13:46:00,13,1,8,day,466,GRD002,Grader,OP1027,7345.9,28,Sunny,4.47,1236,90.3,65.4,25.1,14.82,3.13,11.89,0.67,3,20.8,Fastened,FALSE,LOW,normal,1
13:48:00,13,1,8,day,468,GRD002,Grader,OP1027,7345.9,28,Sunny,3.73,1598,82.9,65.3,35.1,11.91,1.97,8.42,0.21,4,9.9,Fastened,FALSE,LOW,normal,1
13:50:00,13,1,8,day,470,GRD002,Grader,OP1027,7345.9,28,Sunny,9.65,1291,88.1,65.2,32.9,12.04,3.65,9.28,0.76,0,27.1,Fastened,FALSE,LOW,normal,1
13:52:00,13,1,8,day,472,GRD002,Grader,OP1027,7345.9,28,Sunny,3.68,1645,86.1,65.1,23.2,11.94,4.3,10.17,0.51,0,19.7,Fastened,FALSE,LOW,normal,1
13:54:00,13,1,8,day,474,GRD002,Grader,OP1027,7345.9,28,Sunny,7.09,1139,86.5,65,40,13.89,4.14,9.99,0.39,4,8.3,Fastened,FALSE,LOW,normal,1
13:56:00,13,1,8,day,476,GRD002,Grader,OP1027,7345.9,28,Sunny,4.24,1888,88.4,64.9,32.3,14.16,2.73,10.47,0.33,0,11.9,Fastened,FALSE,LOW,normal,1
13:58:00,13,1,8,day,478,GRD002,Grader,OP1027,7345.9,28,Sunny,7.04,1567,84.3,64.8,24.1,11.72,2.91,9.6,0.79,4,8.3,Fastened,FALSE,LOW,normal,1
14:00:00,14,1,8,day,480,GRD002,Grader,OP1027,7345.9,28,Sunny,4.79,1521,85.4,64.6,26.6,13.95,4.2,11.36,0.57,0,14.6,Fastened,FALSE,LOW,normal,1
14:02:00,14,1,8,day,482,GRD002,Grader,OP1027,7345.9,28,Sunny,3.52,1921,82.4,64.5,32.2,11.16,2.96,8.52,0.11,1,20.7,Fastened,FALSE,LOW,normal,1
14:04:00,14,1,8,day,484,GRD002,Grader,OP1027,7346,28,Sunny,5.21,720,88.3,64.4,32.5,15.22,2.71,11.15,0.51,4,21,Fastened,FALSE,LOW,normal,1
14:06:00,14,1,8,day,486,GRD002,Grader,OP1027,7346,28,Sunny,5.27,1303,82.9,64.3,33.1,11.08,2.23,8.15,3.41,12,20.5,Fastened,FALSE,LOW,erratic_accel,-1
14:08:00,14,1,8,day,488,GRD002,Grader,OP1027,7346,28,Sunny,5.19,1403,85.3,64.2,28.5,12,3.01,9.44,4.57,12,26.3,Fastened,FALSE,LOW,erratic_accel,-1
14:10:00,14,1,8,day,490,GRD002,Grader,OP1027,7346,28,Sunny,4.47,1744,88.2,64.1,36.5,12.41,3.16,9.03,5,15,13.6,Unfastened,TRUE,LOW,erratic_accel,-1
14:12:00,14,1,8,day,492,GRD002,Grader,OP1027,7346,28,Sunny,6.01,1226,83.5,63.9,22.6,15,2.86,12.26,3.07,19,15.7,Fastened,FALSE,LOW,erratic_accel,-1
14:14:00,14,1,8,day,494,GRD002,Grader,OP1027,7346,28,Sunny,7.07,1218,86.3,63.8,33.1,9.35,4.05,7.6,3.27,11,20.5,Fastened,FALSE,LOW,erratic_accel,-1
14:16:00,14,1,8,day,496,GRD002,Grader,OP1027,7346,28,Sunny,2.75,1628,79.8,63.7,35.3,10.12,2.82,7.54,4.06,22,12.1,Fastened,FALSE,LOW,erratic_accel,-1
14:18:00,14,1,8,day,498,GRD002,Grader,OP1027,7346,28,Sunny,7.05,1727,85.8,63.6,27.9,11.07,2.91,8.79,0.81,2,7.6,Fastened,FALSE,MEDIUM,normal,1
14:20:00,14,1,8,day,500,GRD002,Grader,OP1027,7346,28,Sunny,8.58,1670,87,63.5,28.3,10.03,3.21,8.1,0.94,2,23.1,Fastened,FALSE,LOW,normal,1
14:22:00,14,1,8,day,502,GRD002,Grader,OP1027,7346,28,Sunny,6.29,2027,88.4,63.4,24.5,10.16,3.26,8.47,0.5,2,15.9,Fastened,FALSE,LOW,normal,1
14:24:00,14,1,8,day,504,GRD002,Grader,OP1027,7346.1,28,Sunny,7.76,1317,85.8,63.3,34.8,13.35,2.76,9.66,0.53,3,21.2,Fastened,FALSE,LOW,normal,1
14:26:00,14,1,8,day,506,GRD002,Grader,OP1027,7346.1,28,Sunny,1.67,1755,89.2,63.2,33,11.73,2.37,8.64,0.45,3,13,Fastened,FALSE,LOW,normal,1
14:28:00,14,1,8,day,508,GRD002,Grader,OP1027,7346.1,28,Sunny,5.33,1510,84.2,63.1,23.3,11.41,3.19,9.49,0.57,0,11.4,Fastened,FALSE,LOW,normal,1
14:30:00,14,1,8,day,510,GRD002,Grader,OP1027,7346.1,28,Sunny,4.98,1314,87.3,63,42.9,11.68,3.49,8.17,0.63,4,14.1,Unfastened,TRUE,LOW,normal,1
14:32:00,14,1,8,day,512,GRD002,Grader,OP1027,7346.1,28,Sunny,5.31,1351,88.3,62.9,24.3,10.67,2.8,8.76,0.46,0,15.7,Fastened,FALSE,LOW,normal,1
14:34:00,14,1,8,day,514,GRD002,Grader,OP1027,7346.1,28,Sunny,5.95,1008,87.2,62.8,27.5,10.43,2.48,8.24,0.54,2,22.1,Fastened,FALSE,LOW,normal,1
14:36:00,14,1,8,day,516,GRD002,Grader,OP1027,7346.1,28,Sunny,4.41,1600,86.6,62.7,31.5,11.32,3.28,8.79,0.78,0,3.4,Unfastened,TRUE,MEDIUM,normal,1
14:38:00,14,1,8,day,518,GRD002,Grader,OP1027,7346.1,28,Sunny,7.39,1135,86.8,62.6,23.2,13.1,2.98,10.75,0,1,9.7,Fastened,FALSE,LOW,normal,1
14:40:00,14,1,8,day,520,GRD002,Grader,OP1027,7346.1,28,Sunny,8.08,1443,85.6,62.5,32.7,11.88,2.41,8.78,0.63,3,15.7,Fastened,FALSE,LOW,normal,1
14:42:00,14,1,8,day,522,GRD002,Grader,OP1027,7346.1,28,Sunny,3.25,2195,82.4,62.4,38.9,11.1,2.55,7.77,0.98,2,15.1,Fastened,FALSE,LOW,normal,1
14:44:00,14,1,8,day,524,GRD002,Grader,OP1027,7346.2,28,Sunny,3.42,1358,87.5,62.2,16.9,15.12,2.7,13.02,0.6,3,12.3,Fastened,FALSE,LOW,normal,1
14:46:00,14,1,8,day,526,GRD002,Grader,OP1027,7346.2,28,Sunny,5.33,1676,85.5,62.1,32.9,9.94,2.99,7.65,0.8,2,15.9,Fastened,FALSE,LOW,normal,1
14:48:00,14,1,8,day,528,GRD002,Grader,OP1027,7346.2,28,Sunny,7.64,1807,88.2,62,28.8,11.56,2.79,9.03,0.4,4,5.9,Fastened,FALSE,MEDIUM,normal,1
14:50:00,14,1,8,day,530,GRD002,Grader,OP1027,7346.2,28,Sunny,4.49,1414,80.6,61.9,29.6,10.01,3.22,8,0.45,4,20.6,Fastened,FALSE,LOW,normal,1
14:52:00,14,1,8,day,532,GRD002,Grader,OP1027,7346.2,28,Sunny,6.26,1205,82,61.8,32.9,11.56,2.79,8.67,0.58,2,11.9,Fastened,FALSE,LOW,normal,1
14:54:00,14,1,8,day,534,GRD002,Grader,OP1027,7346.2,28,Sunny,6.36,1486,83.1,61.7,33.4,8.89,2.99,6.92,0.54,1,12.5,Fastened,FALSE,LOW,normal,1
14:56:00,14,1,8,day,536,GRD002,Grader,OP1027,7346.2,28,Sunny,3.9,1333,86.8,61.6,20.3,10.35,2.21,8.7,0.77,4,7.8,Fastened,FALSE,MEDIUM,normal,1
14:58:00,14,1,8,day,538,GRD002,Grader,OP1027,7346.2,28,Sunny,6.06,1506,86.2,61.5,16.9,11.51,2.83,10.04,0.77,3,12.8,Fastened,FALSE,LOW,normal,1
15:00:00,15,1,8,day,540,GRD002,Grader,OP1027,7346.2,28,Sunny,5.63,1242,88.6,61.4,26.4,8,3.45,6.8,1.37,1,15.1,Fastened,FALSE,LOW,normal,1
15:02:00,15,1,8,day,542,GRD002,Grader,OP1027,7346.2,28,Sunny,6.05,1417,89,61.3,34.6,15.21,2.56,10.83,0.97,1,23.8,Fastened,FALSE,LOW,normal,1
15:04:00,15,1,8,day,544,GRD002,Grader,OP1027,7346.3,28,Sunny,4.36,1545,86.4,61.2,17.2,10.95,1.82,9.38,0.53,3,23.2,Fastened,FALSE,LOW,normal,1
15:06:00,15,1,8,day,546,GRD002,Grader,OP1027,7346.3,28,Sunny,4.45,1242,85.4,61.1,16.3,13.13,2.83,11.45,0.66,1,16,Fastened,FALSE,LOW,normal,1
15:08:00,15,1,8,day,548,GRD002,Grader,OP1027,7346.3,28,Sunny,7.59,1416,90.1,60.9,23.8,15.26,2.56,12.24,0.32,0,20.3,Fastened,FALSE,LOW,normal,1
15:10:00,15,1,8,day,550,GRD002,Grader,OP1027,7346.3,28,Sunny,5.07,1525,88.8,60.8,23.6,8.63,2.39,7.16,0.96,2,20.8,Fastened,FALSE,LOW,normal,1
15:12:00,15,1,8,day,552,GRD002,Grader,OP1027,7346.3,28,Sunny,3.69,1600,85.6,60.7,24.9,16.05,3.75,12.99,0.85,4,12.1,Fastened,FALSE,LOW,normal,1
15:14:00,15,1,8,day,554,GRD002,Grader,OP1027,7346.3,28,Sunny,9.83,1530,86.6,60.6,26.3,13.11,3.21,10.51,0.4,1,13.9,Fastened,FALSE,LOW,normal,1
15:16:00,15,1,8,day,556,GRD002,Grader,OP1027,7346.3,28,Sunny,3.15,1476,83.3,60.4,26.5,12.21,2.97,9.76,1.05,1,13.6,Fastened,FALSE,LOW,normal,1
15:18:00,15,1,8,day,558,GRD002,Grader,OP1027,7346.3,28,Sunny,6.22,1251,90.7,60.3,37.9,12.21,3.53,8.92,0.6,1,21.9,Fastened,FALSE,LOW,normal,1
15:20:00,15,1,8,day,560,GRD002,Grader,OP1027,7346.3,28,Sunny,7.75,1024,84.5,60.2,30.2,11.24,3.18,8.81,0.57,2,15.5,Unfastened,TRUE,LOW,normal,1
15:22:00,15,1,8,day,562,GRD002,Grader,OP1027,7346.3,28,Sunny,5.2,1546,87.2,60.1,21.3,11.9,2.35,9.87,0.93,0,2.2,Fastened,TRUE,HIGH,normal,1
15:24:00,15,1,8,day,564,GRD002,Grader,OP1027,7346.4,28,Sunny,6.54,1454,81.2,60,27.3,11.06,2.66,8.77,1.05,0,23.9,Fastened,FALSE,LOW,normal,1
15:26:00,15,1,8,day,566,GRD002,Grader,OP1027,7346.4,28,Sunny,6.52,1401,90.1,59.9,16.7,12.06,3.23,10.59,0.04,2,20.2,Unfastened,TRUE,LOW,normal,1
15:28:00,15,1,8,day,568,GRD002,Grader,OP1027,7346.4,28,Sunny,8.01,1328,82.9,59.8,27.2,13.86,2.62,10.8,0.73,4,16.5,Fastened,FALSE,LOW,normal,1
15:30:00,15,1,8,day,570,GRD002,Grader,OP1027,7346.4,28,Sunny,7.49,1452,80.9,59.6,27.5,12.71,1.91,9.74,1.01,4,39.4,Fastened,FALSE,LOW,normal,1
15:32:00,15,1,8,day,572,GRD002,Grader,OP1027,7346.4,28,Sunny,6.85,1472,85.7,59.5,21.5,8.73,3.38,7.58,0.5,1,16.2,Unfastened,TRUE,LOW,normal,1
15:34:00,15,1,8,day,574,GRD002,Grader,OP1027,7346.4,28,Sunny,8.12,1489,88.1,59.4,21.8,13.94,3.11,11.58,1.31,4,12.8,Fastened,FALSE,LOW,normal,1
15:36:00,15,1,8,day,576,GRD002,Grader,OP1027,7346.4,28,Sunny,5.78,1184,96.6,59.3,30.5,11.82,3.7,9.34,0.21,4,31.5,Fastened,FALSE,LOW,normal,1
15:38:00,15,1,8,day,578,GRD002,Grader,OP1027,7346.4,28,Sunny,4.04,1165,90.4,59.2,33.2,10.97,3.03,8.33,0.61,4,29.9,Fastened,FALSE,LOW,normal,1
15:40:00,15,1,8,day,580,GRD002,Grader,OP1027,7346.4,28,Sunny,8.82,1821,86.3,59.1,27.3,14.17,3.19,11.17,0.15,0,7.8,Fastened,FALSE,MEDIUM,normal,1
15:42:00,15,1,8,day,582,GRD002,Grader,OP1027,7346.5,28,Sunny,3.68,1412,92.7,59,40.6,9.94,3.21,7.21,1.13,0,15.4,Fastened,FALSE,LOW,normal,1
15:44:00,15,1,8,day,584,GRD002,Grader,OP1027,7346.5,28,Sunny,6.22,1510,89.5,58.9,29.9,9.7,3.4,7.82,0.9,1,11.9,Fastened,FALSE,LOW,normal,1
15:46:00,15,1,8,day,586,GRD002,Grader,OP1027,7346.5,28,Sunny,5.05,1498,88.9,58.8,35,10.97,3.67,8.42,0.44,0,36.6,Fastened,FALSE,LOW,normal,1
15:48:00,15,1,8,day,588,GRD002,Grader,OP1027,7346.5,28,Sunny,6.25,1354,79.3,58.7,32.8,11.81,2.64,8.8,0.55,2,31.2,Fastened,FALSE,LOW,normal,1
15:50:00,15,1,8,day,590,GRD002,Grader,OP1027,7346.5,28,Sunny,7.93,1270,91.7,58.6,17.5,11.69,3.04,10.18,0.84,3,21.6,Fastened,FALSE,LOW,normal,1
15:52:00,15,1,8,day,592,GRD002,Grader,OP1027,7346.5,28,Sunny,6.25,1611,87.6,58.5,21.4,10.44,2.14,8.66,0.75,0,14.9,Fastened,FALSE,LOW,normal,1
15:54:00,15,1,8,day,594,GRD002,Grader,OP1027,7346.5,28,Sunny,8.56,1272,88.4,58.3,30.4,14.49,3.13,11.04,0.58,2,26.3,Fastened,FALSE,LOW,normal,1
15:56:00,15,1,8,day,596,GRD002,Grader,OP1027,7346.5,28,Sunny,5.17,2032,87.7,58.2,29.2,11,2.61,8.55,1.24,4,21.8,Fastened,FALSE,LOW,normal,1
15:58:00,15,1,8,day,598,GRD002,Grader,OP1027,7346.5,28,Sunny,6.48,1631,83.8,58.1,22.3,11.91,2.57,9.83,0.77,3,18.4,Fastened,FALSE,LOW,normal,1
16:00:00,16,1,8,day,600,GRD002,Grader,OP1027,7346.5,28,Sunny,3.25,1775,91.3,58,23.3,10.07,2.73,8.36,0.31,2,0.5,Fastened,FALSE,MEDIUM,normal,1
16:02:00,16,1,8,day,602,GRD002,Grader,OP1027,7346.6,28,Sunny,3.09,1099,89.4,57.9,30.2,13.68,2.8,10.39,0.57,2,18.1,Fastened,FALSE,LOW,normal,1
16:04:00,16,1,8,day,604,GRD002,Grader,OP1027,7346.6,28,Sunny,6.98,1050,91.5,57.8,33.7,11.29,2.76,8.42,0.96,2,28.4,Fastened,FALSE,LOW,normal,1
16:06:00,16,1,8,day,606,GRD002,Grader,OP1027,7346.6,28,Sunny,3.15,1508,83.3,57.7,32.7,12.43,2.94,9.33,0.58,4,6.8,Fastened,FALSE,MEDIUM,normal,1
16:08:00,16,1,8,day,608,GRD002,Grader,OP1027,7346.6,28,Sunny,2.22,1704,90.2,57.6,29.4,12.02,2.08,9.1,0.86,0,27.1,Fastened,FALSE,LOW,normal,1
16:10:00,16,1,8,day,610,GRD002,Grader,OP1027,7346.6,28,Sunny,6.05,1608,83.5,57.4,23.4,12.66,3.22,10.45,0.54,1,24.8,Fastened,FALSE,LOW,normal,1
16:12:00,16,1,8,day,612,GRD002,Grader,OP1027,7346.6,28,Sunny,5.6,1502,81.6,57.3,20.5,12.01,3.14,10.19,0.84,0,20.7,Fastened,FALSE,LOW,normal,1
16:14:00,16,1,8,day,614,GRD002,Grader,OP1027,7346.6,28,Sunny,7.99,1558,88.9,57.2,45.4,12.3,2.85,8.01,0.24,4,22.8,Fastened,FALSE,LOW,normal,1
16:16:00,16,1,8,day,616,GRD002,Grader,OP1027,7346.6,28,Sunny,6.34,1381,90.8,57.1,32.8,8.99,3.65,7.24,0.64,1,17.2,Fastened,FALSE,LOW,normal,1
16:18:00,16,1,8,day,618,GRD002,Grader,OP1027,7346.6,28,Sunny,5.97,1779,86.5,57,27.9,11.37,2.76,8.97,0.75,0,15.9,Fastened,FALSE,LOW,normal,1
16:20:00,16,1,8,day,620,GRD002,Grader,OP1027,7346.6,28,Sunny,7.06,1503,86,57,32.8,8.81,2.75,6.82,0.89,1,24.3,Fastened,FALSE,LOW,normal,1
16:22:00,16,1,8,day,622,GRD002,Grader,OP1027,7346.7,28,Sunny,8.11,1262,86.4,56.9,32.9,10.55,3.24,8.15,0.55,1,22.9,Fastened,FALSE,LOW,normal,1
16:24:00,16,1,8,day,624,GRD002,Grader,OP1027,7346.7,28,Sunny,4.78,1217,86.8,56.7,33.2,14.16,2.72,10.36,0.68,0,7.9,Fastened,FALSE,MEDIUM,normal,1
16:26:00,16,1,8,day,626,GRD002,Grader,OP1027,7346.7,28,Sunny,8,1512,87.5,56.6,20.4,10.97,2.52,9.25,0.97,0,35.5,Fastened,FALSE,LOW,normal,1
16:28:00,16,1,8,day,628,GRD002,Grader,OP1027,7346.7,28,Sunny,2.86,1888,84.4,56.5,28.7,13.02,3.48,10.28,0.92,4,18.3,Fastened,FALSE,LOW,normal,1
16:30:00,16,1,8,day,630,GRD002,Grader,OP1027,7346.7,28,Sunny,5.91,1697,92.2,56.4,39.2,12.34,3.09,8.71,4.36,12,19.6,Fastened,FALSE,LOW,erratic_accel,-1
16:32:00,16,1,8,day,632,GRD002,Grader,OP1027,7346.7,28,Sunny,7.11,1243,84.8,56.3,44.4,9.91,3.21,6.94,3.93,23,20.8,Fastened,FALSE,LOW,erratic_accel,-1
16:34:00,16,1,8,day,634,GRD002,Grader,OP1027,7346.7,28,Sunny,3.41,2040,87.6,56.2,39.8,14.03,3.42,9.81,3.27,25,14.9,Fastened,FALSE,LOW,erratic_accel,-1
16:36:00,16,1,8,day,636,GRD002,Grader,OP1027,7346.7,28,Sunny,3.12,1766,88.7,56,10.8,15.76,3.9,14.48,4.27,15,37.8,Fastened,FALSE,LOW,erratic_accel,-1
16:38:00,16,1,8,day,638,GRD002,Grader,OP1027,7346.7,28,Sunny,4.26,944,91.7,55.9,33.2,11.15,3.82,8.72,3.56,24,5.5,Fastened,FALSE,MEDIUM,erratic_accel,-1
16:40:00,16,1,8,day,640,GRD002,Grader,OP1027,7346.7,28,Sunny,4.06,1316,85.1,55.8,29.6,11.98,3.02,9.33,3.06,25,19.4,Fastened,FALSE,LOW,erratic_accel,-1
16:42:00,16,1,8,day,642,GRD002,Grader,OP1027,7346.8,28,Sunny,6.37,1425,92.5,55.7,38.1,11.77,1.89,8.01,4.62,17,19.7,Fastened,FALSE,LOW,erratic_accel,-1
16:44:00,16,1,8,day,644,GRD002,Grader,OP1027,7346.8,28,Sunny,7.77,1876,90.7,55.6,22.6,14.59,3.57,12.1,4.04,15,27.5,Fastened,FALSE,LOW,erratic_accel,-1
16:46:00,16,1,8,day,646,GRD002,Grader,OP1027,7346.8,28,Sunny,5.39,1454,89.5,55.5,26.6,8.53,2.26,6.86,3.71,10,17.8,Unfastened,TRUE,LOW,erratic_accel,-1
16:48:00,16,1,8,day,648,GRD002,Grader,OP1027,7346.8,28,Sunny,6.64,1037,84.3,55.4,26,12.43,2.21,9.77,4.49,24,8,Fastened,FALSE,LOW,erratic_accel,-1
16:50:00,16,1,8,day,650,GRD002,Grader,OP1027,7346.8,28,Sunny,6.4,1339,86.8,55.3,38.5,10.82,3.02,7.82,3.87,12,20.2,Fastened,FALSE,LOW,erratic_accel,-1
16:52:00,16,1,8,day,652,GRD002,Grader,OP1027,7346.8,28,Sunny,5.84,2465,86.5,55.2,24.6,12.61,3.34,10.33,3.94,10,31.1,Fastened,FALSE,LOW,erratic_accel,-1
16:54:00,16,1,8,day,654,GRD002,Grader,OP1027,7346.8,28,Sunny,5.18,1485,87.1,55,32.7,13.44,2.22,9.77,3.97,10,14.1,Unfastened,TRUE,LOW,erratic_accel,-1
16:56:00,16,1,8,day,656,GRD002,Grader,OP1027,7346.8,28,Sunny,7.66,1251,78.9,54.9,22.1,13.75,2.43,11.25,4.38,18,17.2,Fastened,FALSE,LOW,erratic_accel,-1
16:58:00,16,1,8,day,658,GRD002,Grader,OP1027,7346.8,28,Sunny,6.82,1598,85.8,54.8,30.4,11.6,2.23,8.75,3.88,16,19.2,Fastened,FALSE,LOW,erratic_accel,-1
17:00:00,17,1,8,day,660,GRD002,Grader,OP1027,7346.8,28,Sunny,4.65,1720,82.2,54.7,33.8,8.62,2.73,6.63,3.81,22,24.2,Fastened,FALSE,LOW,erratic_accel,-1
17:02:00,17,1,8,day,662,GRD002,Grader,OP1027,7346.9,28,Sunny,6.02,1685,86,54.6,20.8,10.18,2.12,8.5,3.02,15,23.4,Fastened,FALSE,LOW,erratic_accel,-1
17:04:00,17,1,8,day,664,GRD002,Grader,OP1027,7346.9,28,Sunny,0.71,1207,83.7,54.5,28.8,13.03,3.57,10.31,4.14,11,17.2,Fastened,FALSE,LOW,erratic_accel,-1
17:06:00,17,1,8,day,666,GRD002,Grader,OP1027,7346.9,28,Sunny,7.55,1290,86.3,54.4,23.6,12.21,2.56,9.93,3.16,13,13.3,Fastened,FALSE,LOW,erratic_accel,-1
17:08:00,17,1,8,day,668,GRD002,Grader,OP1027,7346.9,28,Sunny,4.37,1239,86.3,54.3,27.2,11.33,3,9.06,3.39,11,26.8,Fastened,FALSE,LOW,erratic_accel,-1
17:10:00,17,1,8,day,670,GRD002,Grader,OP1027,7346.9,28,Sunny,8.88,1270,89.6,54.1,37.4,14.49,3.31,10.31,2.9,11,7.5,Fastened,FALSE,MEDIUM,erratic_accel,-1
17:12:00,17,1,8,day,672,GRD002,Grader,OP1027,7346.9,28,Sunny,5.49,1760,88.9,54,24.4,14.77,3.29,11.97,2.62,14,23.6,Fastened,FALSE,LOW,erratic_accel,-1
17:14:00,17,1,8,day,674,GRD002,Grader,OP1027,7346.9,28,Sunny,5.63,1516,87,53.9,19.5,12.48,3.28,10.69,0.91,1,16.3,Fastened,FALSE,LOW,normal,1
17:16:00,17,1,8,day,676,GRD002,Grader,OP1027,7346.9,28,Sunny,2.24,1345,93.7,53.8,34.3,12.73,3.7,9.63,0.68,0,17.7,Fastened,FALSE,LOW,normal,1
17:18:00,17,1,8,day,678,GRD002,Grader,OP1027,7346.9,28,Sunny,6.76,1677,86.1,53.7,27.7,9.17,2.94,7.44,0.48,0,25.2,Fastened,FALSE,LOW,normal,1
17:20:00,17,1,8,day,680,GRD002,Grader,OP1027,7346.9,28,Sunny,5.88,1436,80.2,53.6,36.2,14.52,2.84,10.29,1.07,0,14.7,Fastened,FALSE,LOW,normal,1
17:22:00,17,1,8,day,682,GRD002,Grader,OP1027,7347,28,Sunny,5.09,1241,92.3,53.4,21.6,11.17,2.68,9.34,0.68,2,19.1,Fastened,FALSE,LOW,normal,1
17:24:00,17,1,8,day,684,GRD002,Grader,OP1027,7347,28,Sunny,7.58,1988,85.9,53.3,28,11.01,2.74,8.69,0.93,2,14.2,Fastened,FALSE,LOW,normal,1
17:26:00,17,1,8,day,686,GRD002,Grader,OP1027,7347,28,Sunny,6.81,1518,85.7,53.2,36.7,10.5,2.57,7.59,0.7,1,30.1,Fastened,FALSE,LOW,normal,1
17:28:00,17,1,8,day,688,GRD002,Grader,OP1027,7347,28,Sunny,2.82,1616,87.1,53.1,36,12.23,2.09,8.58,0.59,2,9.7,Fastened,FALSE,LOW,normal,1
17:30:00,17,1,8,day,690,GRD002,Grader,OP1027,7347,28,Sunny,7.77,1700,86.2,53,31.5,10.51,3.06,8.16,0.56,1,8.1,Fastened,FALSE,LOW,normal,1
17:32:00,17,1,8,day,692,GRD002,Grader,OP1027,7347,28,Sunny,5.33,1682,91.8,52.9,26.4,13.92,2.83,10.99,0.89,2,28.5,Fastened,FALSE,LOW,normal,1
17:34:00,17,1,8,day,694,GRD002,Grader,OP1027,7347,28,Sunny,5.58,1680,87.1,52.8,24,9.86,2.27,8.04,0.65,1,14.7,Fastened,FALSE,LOW,normal,1
17:36:00,17,1,8,day,696,GRD002,Grader,OP1027,7347,28,Sunny,4.41,1448,84.8,52.7,34.5,15.16,3.1,11,1.26,4,25.7,Fastened,FALSE,LOW,normal,1
17:38:00,17,1,8,day,698,GRD002,Grader,OP1027,7347,28,Sunny,4.53,1318,91.6,52.5,22.7,15.26,3.54,12.6,0.58,1,19.1,Fastened,FALSE,LOW,normal,1
17:40:00,17,1,8,day,700,GRD002,Grader,OP1027,7347,28,Sunny,5.19,1790,83.5,52.5,34.4,9.39,3.86,7.49,0.16,4,20.4,Fastened,FALSE,LOW,normal,1
17:42:00,17,1,8,day,702,GRD002,Grader,OP1027,7347.1,28,Sunny,5.53,946,82,52.3,25.1,12.69,3.45,10.37,0.74,2,18.8,Fastened,FALSE,LOW,normal,1
17:44:00,17,1,8,day,704,GRD002,Grader,OP1027,7347.1,28,Sunny,6.36,1253,80.7,52.2,29.6,14.49,2.68,10.99,0,2,27.7,Fastened,FALSE,LOW,normal,1
17:46:00,17,1,8,day,706,GRD002,Grader,OP1027,7347.1,28,Sunny,6.38,1832,86.2,52.1,32.4,8.38,3.3,6.73,1.1,2,10.2,Fastened,FALSE,LOW,normal,1
17:48:00,17,1,8,day,708,GRD002,Grader,OP1027,7347.1,28,Sunny,4.42,875,82,52,16.2,12.97,4.29,11.56,0.82,4,8.9,Fastened,FALSE,LOW,normal,1
17:50:00,17,1,8,day,710,GRD002,Grader,OP1027,7347.1,28,Sunny,2.52,1025,90.8,51.9,28,13.51,2.73,10.49,0.61,1,21.1,Fastened,FALSE,LOW,normal,1
17:52:00,17,1,8,day,712,GRD002,Grader,OP1027,7347.1,28,Sunny,1.35,1087,87.1,51.7,13.1,11.66,3.65,10.61,0.6,0,17,Fastened,FALSE,LOW,normal,1
17:54:00,17,1,8,day,714,GRD002,Grader,OP1027,7347.1,28,Sunny,4.87,1673,88.6,51.6,46.2,12.8,2.43,8.01,0.56,1,27.7,Fastened,FALSE,LOW,normal,1
17:56:00,17,1,8,day,716,GRD002,Grader,OP1027,7347.1,28,Sunny,0.85,1473,84.4,51.5,32.4,9.72,2.47,7.37,1.17,2,10.6,Fastened,FALSE,LOW,normal,1
17:58:00,17,1,8,day,718,GRD002,Grader,OP1027,7347.1,28,Sunny,4.93,1472,81.1,51.4,25.4,12.13,2.33,9.64,1.2,4,3.6,Unfastened,TRUE,MEDIUM,normal,1
06:00:00,6,0,9,day,0,LDR001,Loader,OP1034,6106.8,34,Windy,8.67,1510,34,81.6,25.8,13.25,2.7,10.53,0.77,1,30.3,Fastened,FALSE,LOW,normal,1
06:02:00,6,0,9,day,2,LDR001,Loader,OP1034,6106.8,34,Windy,5.84,1586,38.3,81.5,12.6,10.11,2.32,9.13,0.84,1,17.5,Fastened,FALSE,LOW,normal,1
06:04:00,6,0,9,day,4,LDR001,Loader,OP1034,6106.8,34,Windy,3.97,1328,42.5,81.4,11.7,13.83,2.88,12.55,1.09,3,15.6,Fastened,FALSE,LOW,normal,1
06:06:00,6,0,9,day,6,LDR001,Loader,OP1034,6106.8,34,Windy,5.35,1537,46.7,81.3,9.7,13.26,3.03,12.27,0.6,4,11.5,Fastened,FALSE,LOW,normal,1
06:08:00,6,0,9,day,8,LDR001,Loader,OP1034,6106.8,34,Windy,5.39,1294,51,81.2,7.8,11.01,2.81,10.37,0.66,1,21.5,Fastened,FALSE,LOW,normal,1
06:10:00,6,0,9,day,10,LDR001,Loader,OP1034,6106.9,34,Windy,8.66,1517,55.2,81,21.5,12.89,3.07,10.78,1.56,3,14.5,Fastened,FALSE,LOW,normal,1
06:12:00,6,0,9,day,12,LDR001,Loader,OP1034,6106.9,34,Windy,7.03,1323,59.4,80.9,13,11.2,3.18,10.16,0.91,3,20.6,Fastened,FALSE,LOW,normal,1
06:14:00,6,0,9,day,14,LDR001,Loader,OP1034,6106.9,34,Windy,4.61,1710,63.7,80.8,10.7,10.58,2.56,9.72,1.11,4,11.7,Fastened,FALSE,LOW,normal,1
06:16:00,6,0,9,day,16,LDR001,Loader,OP1034,6106.9,34,Windy,7.75,1220,67.9,80.8,27.5,9.47,3.24,7.76,0.63,4,4,Fastened,FALSE,MEDIUM,normal,1
06:18:00,6,0,9,day,18,LDR001,Loader,OP1034,6106.9,34,Windy,4.92,1603,72.2,80.6,12.1,14.16,3.05,12.82,1.19,0,17.3,Fastened,FALSE,LOW,normal,1
06:20:00,6,0,9,day,20,LDR001,Loader,OP1034,6106.9,34,Windy,5.46,1473,76.4,80.5,26,12.71,2.59,10.08,0.44,1,21.4,Fastened,FALSE,LOW,normal,1
06:22:00,6,0,9,day,22,LDR001,Loader,OP1034,6106.9,34,Windy,6.08,1225,80.6,80.4,24.6,13.34,2.86,10.76,0.62,2,20.1,Fastened,FALSE,LOW,normal,1
06:24:00,6,0,9,day,24,LDR001,Loader,OP1034,6106.9,34,Windy,5.51,1199,84.9,80.3,6.9,13.43,4.06,12.78,1.22,0,20.7,Fastened,FALSE,LOW,normal,1
06:26:00,6,0,9,day,26,LDR001,Loader,OP1034,6106.9,34,Windy,3.34,1506,94.1,80.2,11,8.65,2.86,8.01,0.64,3,23.2,Fastened,FALSE,LOW,normal,1
06:28:00,6,0,9,day,28,LDR001,Loader,OP1034,6106.9,34,Windy,6.6,1433,89.1,80.1,16.6,13.3,2.73,11.55,0.76,4,20.1,Fastened,FALSE,LOW,normal,1
06:30:00,6,0,9,day,30,LDR001,Loader,OP1034,6107,34,Windy,5.55,906,84.8,80,22.6,10.64,2.08,8.71,1.16,3,16.2,Fastened,FALSE,LOW,normal,1
06:32:00,6,0,9,day,32,LDR001,Loader,OP1034,6107,34,Windy,5.73,1381,86,79.9,15.6,12.96,2.73,11.36,0.52,1,9.9,Fastened,FALSE,LOW,normal,1
06:34:00,6,0,9,day,34,LDR001,Loader,OP1034,6107,34,Windy,2.23,1084,87.6,79.8,15.7,10.09,3.58,9.07,0.47,3,19.6,Unfastened,TRUE,LOW,normal,1
06:36:00,6,0,9,day,36,LDR001,Loader,OP1034,6107,34,Windy,6.84,1680,93.3,79.7,22.5,13.9,2.66,11.37,0.59,0,1.9,Fastened,TRUE,HIGH,normal,1
06:38:00,6,0,9,day,38,LDR001,Loader,OP1034,6107,34,Windy,2.21,999,83.8,79.6,9.2,11.78,2.71,10.95,0.39,1,8.1,Fastened,FALSE,LOW,normal,1
06:40:00,6,0,9,day,40,LDR001,Loader,OP1034,6107,34,Windy,6.57,992,82.1,79.5,8.8,13.4,2.34,12.43,1.03,3,7.7,Fastened,FALSE,MEDIUM,normal,1
06:42:00,6,0,9,day,42,LDR001,Loader,OP1034,6107,34,Windy,2.6,1706,90.7,79.3,8.1,14.15,2.91,13.24,0.43,2,23.3,Fastened,FALSE,LOW,normal,1
06:44:00,6,0,9,day,44,LDR001,Loader,OP1034,6107,34,Windy,7.81,672,89,79.2,8.6,11.48,2.5,10.71,0.64,1,6.6,Fastened,FALSE,MEDIUM,normal,1
06:46:00,6,0,9,day,46,LDR001,Loader,OP1034,6107,34,Windy,4.13,1190,88.9,79.1,20.2,10.81,2.52,9.14,0.6,4,14.2,Fastened,FALSE,LOW,normal,1
06:48:00,6,0,9,day,48,LDR001,Loader,OP1034,6107,34,Windy,4.8,903,84.9,79,9,13.56,3.72,12.67,0.93,0,16,Fastened,FALSE,LOW,normal,1
06:50:00,6,0,9,day,50,LDR001,Loader,OP1034,6107.1,34,Windy,4.73,1317,87.1,78.9,10.9,11.42,3.73,10.58,0.71,2,15.8,Fastened,FALSE,LOW,normal,1
06:52:00,6,0,9,day,52,LDR001,Loader,OP1034,6107.1,34,Windy,4.54,1357,88.7,78.8,5.8,11.1,2.21,10.58,0.71,2,16.8,Fastened,FALSE,LOW,normal,1
06:54:00,6,0,9,day,54,LDR001,Loader,OP1034,6107.1,34,Windy,4.29,1555,90.3,78.7,23.3,13.15,3.15,10.82,0.59,1,6.8,Fastened,FALSE,MEDIUM,normal,1
06:56:00,6,0,9,day,56,LDR001,Loader,OP1034,6107.1,34,Windy,5.69,1002,88.3,78.6,22.6,9.67,3.99,8.39,0.52,3,12.9,Fastened,FALSE,LOW,normal,1
06:58:00,6,0,9,day,58,LDR001,Loader,OP1034,6107.1,34,Windy,6.23,1326,85.9,78.5,17,13.34,2.76,11.54,0.28,4,15.4,Fastened,FALSE,LOW,normal,1
07:00:00,7,0,9,day,60,LDR001,Loader,OP1034,6107.1,34,Windy,4.19,1089,93.1,78.4,23.7,11.48,2.07,9.25,0.64,1,22.7,Fastened,FALSE,LOW,normal,1
07:02:00,7,0,9,day,62,LDR001,Loader,OP1034,6107.1,34,Windy,7.67,1490,84.9,78.3,5,12.41,3.33,11.96,0.59,4,7.6,Fastened,FALSE,MEDIUM,normal,1
07:04:00,7,0,9,day,64,LDR001,Loader,OP1034,6107.1,34,Windy,6.6,1999,85.1,78.1,10.3,11.2,3.27,10.38,0.41,1,8.9,Fastened,FALSE,LOW,normal,1
07:06:00,7,0,9,day,66,LDR001,Loader,OP1034,6107.1,34,Windy,5.81,1091,84.7,78.1,12.8,9.16,2.31,8.28,0.88,3,23.3,Unfastened,TRUE,LOW,normal,1
07:08:00,7,0,9,day,68,LDR001,Loader,OP1034,6107.1,34,Windy,7.36,1834,86.2,78,18.8,11.31,3.22,9.79,0.67,1,26.4,Fastened,FALSE,LOW,normal,1
07:10:00,7,0,9,day,70,LDR001,Loader,OP1034,6107.2,34,Windy,5.35,1149,91.3,77.9,24,12.34,3.01,10.1,0.96,2,23.7,Fastened,FALSE,LOW,normal,1
07:12:00,7,0,9,day,72,LDR001,Loader,OP1034,6107.2,34,Windy,6.56,1209,90.8,77.8,10.6,11.16,1.99,10.19,1.29,4,11.9,Unfastened,TRUE,LOW,normal,1
07:14:00,7,0,9,day,74,LDR001,Loader,OP1034,6107.2,34,Windy,6.85,1246,90.1,77.7,19.7,9.32,3.03,8.08,1.15,1,8.6,Unfastened,TRUE,LOW,normal,1
07:16:00,7,0,9,day,76,LDR001,Loader,OP1034,6107.2,34,Windy,7.6,2118,86.6,77.6,22.7,14.57,2.59,11.85,0.14,1,24.3,Fastened,FALSE,LOW,normal,1
07:18:00,7,0,9,day,78,LDR001,Loader,OP1034,6107.2,34,Windy,2.25,1328,83,77.4,23,13.68,3.15,11.26,0.18,4,3.1,Fastened,FALSE,MEDIUM,normal,1
07:20:00,7,0,9,day,80,LDR001,Loader,OP1034,6107.2,34,Windy,5.27,1067,83.7,77.4,22.8,10.06,2.55,8.35,0.89,1,18,Fastened,FALSE,LOW,normal,1
07:22:00,7,0,9,day,82,LDR001,Loader,OP1034,6107.2,34,Windy,7.28,1178,90.8,77.3,16,9.7,3.54,8.71,1.01,0,28,Fastened,FALSE,LOW,normal,1
07:24:00,7,0,9,day,84,LDR001,Loader,OP1034,6107.2,34,Windy,5.42,1548,85.8,77.1,29.7,16.38,2.77,12.34,0.52,1,32.1,Fastened,FALSE,LOW,normal,1
07:26:00,7,0,9,day,86,LDR001,Loader,OP1034,6107.2,34,Windy,4.98,2020,89.9,77,12.3,14.54,4.15,13.26,0.66,3,21.5,Fastened,FALSE,LOW,normal,1
07:28:00,7,0,9,day,88,LDR001,Loader,OP1034,6107.2,34,Windy,4.97,1532,85.9,76.9,5.6,12.71,2.46,12.14,1.01,1,17.8,Fastened,FALSE,LOW,normal,1
07:30:00,7,0,9,day,90,LDR001,Loader,OP1034,6107.3,34,Windy,2.58,1783,88.5,76.8,13.4,10.49,3.03,9.49,0.69,3,11.9,Fastened,FALSE,LOW,normal,1
07:32:00,7,0,9,day,92,LDR001,Loader,OP1034,6107.3,34,Windy,3.27,1026,89.9,76.7,15,12.25,3.09,10.88,0.21,4,19.1,Fastened,FALSE,LOW,normal,1
07:34:00,7,0,9,day,94,LDR001,Loader,OP1034,6107.3,34,Windy,8.96,853,93.2,76.6,19.1,10.43,3.25,9.06,0.81,1,12.5,Fastened,FALSE,LOW,normal,1
07:36:00,7,0,9,day,96,LDR001,Loader,OP1034,6107.3,34,Windy,4.45,1426,88.2,76.5,15.4,10.69,3.13,9.53,0.22,2,13.9,Fastened,FALSE,LOW,normal,1
07:38:00,7,0,9,day,98,LDR001,Loader,OP1034,6107.3,34,Windy,6.32,1384,88.5,76.4,24.1,12.5,3.74,10.39,0.92,1,9.3,Fastened,FALSE,LOW,normal,1
07:40:00,7,0,9,day,100,LDR001,Loader,OP1034,6107.3,34,Windy,0.47,1654,89.5,76.3,11.7,12.94,3.08,11.79,0.14,2,15.8,Fastened,FALSE,LOW,normal,1
07:42:00,7,0,9,day,102,LDR001,Loader,OP1034,6107.3,34,Windy,5.8,914,89.3,76.2,8,11.1,3.17,10.47,0.67,2,8.8,Fastened,FALSE,LOW,normal,1
07:44:00,7,0,9,day,104,LDR001,Loader,OP1034,6107.3,34,Windy,3.31,1371,87.2,76,5,13.18,2.93,12.67,0.59,1,32.8,Fastened,FALSE,LOW,normal,1
07:46:00,7,0,9,day,106,LDR001,Loader,OP1034,6107.3,34,Windy,7.16,1485,82.2,76,5,9.11,2.28,8.77,1.31,0,14.5,Unfastened,TRUE,LOW,normal,1
07:48:00,7,0,9,day,108,LDR001,Loader,OP1034,6107.3,34,Windy,4.27,1490,91.3,75.9,11.7,9.97,2.62,9.11,0.11,1,10.9,Fastened,FALSE,LOW,normal,1
07:50:00,7,0,9,day,110,LDR001,Loader,OP1034,6107.4,34,Windy,7.31,1383,89.8,75.7,11.2,12.36,2.94,11.3,0.62,2,26.6,Fastened,FALSE,LOW,normal,1
07:52:00,7,0,9,day,112,LDR001,Loader,OP1034,6107.4,34,Windy,3.93,1798,82.3,75.6,23.9,13.91,3.25,11.36,0.95,0,11.6,Fastened,FALSE,LOW,normal,1
07:54:00,7,0,9,day,114,LDR001,Loader,OP1034,6107.4,34,Windy,8.26,1718,88.2,75.5,25.6,12.14,3.48,9.92,0.42,1,26.5,Fastened,FALSE,LOW,normal,1
07:56:00,7,0,9,day,116,LDR001,Loader,OP1034,6107.4,34,Windy,4.24,1532,84,75.4,24.5,11.35,1.82,9.02,0.07,4,8,Fastened,FALSE,LOW,normal,1
07:58:00,7,0,9,day,118,LDR001,Loader,OP1034,6107.4,34,Windy,4.61,1233,85.5,75.3,13.9,11.45,2.94,10.27,0.79,3,21.4,Fastened,FALSE,LOW,normal,1
08:00:00,8,0,9,day,120,LDR001,Loader,OP1034,6107.4,34,Windy,3.31,822,87.1,75.2,21.6,11.13,2.26,9.21,0.84,3,26.5,Unfastened,TRUE,LOW,normal,1
08:02:00,8,0,9,day,122,LDR001,Loader,OP1034,6107.4,34,Windy,5.37,1771,87.9,75.1,9.8,11.4,2.77,10.55,0.71,3,20,Fastened,FALSE,LOW,normal,1
08:04:00,8,0,9,day,124,LDR001,Loader,OP1034,6107.4,34,Windy,7.53,1044,90.6,75,23.1,11.47,3.28,9.58,0.41,4,16,Fastened,FALSE,LOW,normal,1
08:06:00,8,0,9,day,126,LDR001,Loader,OP1034,6107.4,34,Windy,5.07,1417,88.4,74.9,12.4,10.78,2.86,9.8,0.79,0,12.8,Fastened,FALSE,LOW,normal,1
08:08:00,8,0,9,day,128,LDR001,Loader,OP1034,6107.4,34,Windy,5.03,1295,84,74.8,6.9,10.31,3.51,9.84,0.43,1,15.5,Fastened,FALSE,LOW,normal,1
08:10:00,8,0,9,day,130,LDR001,Loader,OP1034,6107.5,34,Windy,3.29,1098,91.2,74.7,8,9.57,2.69,9.02,0.69,4,27.1,Fastened,FALSE,LOW,normal,1
08:12:00,8,0,9,day,132,LDR001,Loader,OP1034,6107.5,34,Windy,6.89,1585,88.4,74.6,9.5,11.12,2.14,10.27,1.2,2,1.8,Fastened,TRUE,HIGH,normal,1
08:14:00,8,0,9,day,134,LDR001,Loader,OP1034,6107.5,34,Windy,4.47,1512,88.5,74.5,13,11.73,3.83,10.7,1.09,0,11.2,Fastened,FALSE,LOW,normal,1
08:16:00,8,0,9,day,136,LDR001,Loader,OP1034,6107.5,34,Windy,6.36,1721,89.7,74.4,18.9,13.46,3.77,11.63,0,0,17,Fastened,FALSE,LOW,normal,1
08:18:00,8,0,9,day,138,LDR001,Loader,OP1034,6107.5,34,Windy,4.11,1716,87.5,74.3,30.1,14.7,3.44,11.31,1.02,3,27.5,Fastened,FALSE,LOW,normal,1
08:20:00,8,0,9,day,140,LDR001,Loader,OP1034,6107.5,34,Windy,2.53,1400,88.3,74.2,23.8,14.1,2.62,11.37,0.33,1,0.5,Fastened,FALSE,MEDIUM,normal,1
08:22:00,8,0,9,day,142,LDR001,Loader,OP1034,6107.5,34,Windy,3.59,1245,83.7,74.1,7.7,8,3.01,7.62,0.24,4,27.4,Fastened,FALSE,LOW,normal,1
08:24:00,8,0,9,day,144,LDR001,Loader,OP1034,6107.5,34,Windy,6.59,1522,88.1,74.1,40,8,3.73,6.29,0.55,0,18.6,Fastened,FALSE,LOW,normal,1
08:26:00,8,0,9,day,146,LDR001,Loader,OP1034,6107.5,34,Windy,5.22,1835,83.9,73.9,17.1,13.06,3.48,11.42,0.22,1,8.5,Fastened,FALSE,LOW,normal,1
08:28:00,8,0,9,day,148,LDR001,Loader,OP1034,6107.6,34,Windy,6.18,1262,87.4,73.8,19.5,13.62,3.92,11.73,0.77,1,6.6,Fastened,FALSE,MEDIUM,normal,1
08:30:00,8,0,9,day,150,LDR001,Loader,OP1034,6107.6,34,Windy,7.15,1299,87.9,73.7,5,12.97,2.95,12.47,0.51,2,14.9,Fastened,FALSE,LOW,normal,1
08:32:00,8,0,9,day,152,LDR001,Loader,OP1034,6107.6,34,Windy,8.45,1642,86.2,73.6,8.8,10.24,3.2,9.62,0.96,1,22.3,Fastened,FALSE,LOW,normal,1
08:34:00,8,0,9,day,154,LDR001,Loader,OP1034,6107.6,34,Windy,5.29,1397,87,73.5,22.3,12.71,3.71,10.7,0.67,3,44.9,Unfastened,TRUE,LOW,normal,1
08:36:00,8,0,9,day,156,LDR001,Loader,OP1034,6107.6,34,Windy,6.72,1232,85,73.4,12,12.2,3.04,11.1,0.54,0,10.7,Fastened,FALSE,LOW,normal,1
08:38:00,8,0,9,day,158,LDR001,Loader,OP1034,6107.6,34,Windy,4,1797,88.6,73.3,18.6,8,3.09,7.09,0.48,1,22.3,Fastened,FALSE,LOW,normal,1
08:40:00,8,0,9,day,160,LDR001,Loader,OP1034,6107.6,34,Windy,5.89,1670,87.9,73.2,6.7,13.99,3.37,13.28,1.29,0,28.6,Fastened,FALSE,LOW,normal,1
08:42:00,8,0,9,day,162,LDR001,Loader,OP1034,6107.6,34,Windy,3.03,1277,86.8,73.1,27.5,10.37,3.8,8.56,0.67,3,16.3,Fastened,FALSE,LOW,normal,1
08:44:00,8,0,9,day,164,LDR001,Loader,OP1034,6107.6,34,Windy,6.09,1586,83,73,9.7,12.79,2.79,11.82,0.12,1,11.5,Fastened,FALSE,LOW,normal,1
08:46:00,8,0,9,day,166,LDR001,Loader,OP1034,6107.6,34,Windy,5.71,1194,83.5,72.9,5,11.05,3.31,10.66,0.62,1,18.8,Fastened,FALSE,LOW,normal,1
08:48:00,8,0,9,day,168,LDR001,Loader,OP1034,6107.7,34,Windy,4.58,1451,82,72.7,13.6,13.33,3.13,11.94,0.45,0,10.2,Fastened,FALSE,LOW,normal,1
08:50:00,8,0,9,day,170,LDR001,Loader,OP1034,6107.7,34,Windy,7.71,1293,83.1,72.7,13.1,8.58,2.44,7.78,0.77,4,0.5,Fastened,TRUE,HIGH,normal,1
08:52:00,8,0,9,day,172,LDR001,Loader,OP1034,6107.7,34,Windy,3.61,1540,84.8,72.5,12.8,12.08,3.16,10.94,0.88,2,19,Fastened,FALSE,LOW,normal,1
08:54:00,8,0,9,day,174,LDR001,Loader,OP1034,6107.7,34,Windy,5.19,1539,89.4,72.4,5,10.42,2.92,10.04,1.06,3,37,Fastened,FALSE,LOW,normal,1
08:56:00,8,0,9,day,176,LDR001,Loader,OP1034,6107.7,34,Windy,5.71,1506,86.4,72.3,27.4,11.76,2.78,9.3,0.43,4,20.5,Fastened,FALSE,LOW,normal,1
08:58:00,8,0,9,day,178,LDR001,Loader,OP1034,6107.7,34,Windy,4.94,1289,84.9,72.2,22.1,13.66,2.27,11.14,1.14,4,19.8,Fastened,FALSE,LOW,normal,1
09:00:00,9,0,9,day,180,LDR001,Loader,OP1034,6107.7,34,Windy,5.17,1388,90.3,72.1,19.2,12.46,3.66,10.77,0.63,0,10.5,Fastened,FALSE,LOW,normal,1
09:02:00,9,0,9,day,182,LDR001,Loader,OP1034,6107.7,34,Windy,6.74,1343,82.4,72,21,12.43,3.08,10.47,0.45,1,30.8,Fastened,FALSE,LOW,normal,1
09:04:00,9,0,9,day,184,LDR001,Loader,OP1034,6107.7,34,Windy,7.11,1569,88.6,71.9,23.7,16.43,3.41,13.34,0.74,2,10.4,Fastened,FALSE,LOW,normal,1
09:06:00,9,0,9,day,186,LDR001,Loader,OP1034,6107.7,34,Windy,4.05,1563,84.4,71.8,19.8,13.17,2.75,11.11,0.91,3,9.9,Fastened,FALSE,LOW,normal,1
09:08:00,9,0,9,day,188,LDR001,Loader,OP1034,6107.8,34,Windy,5.08,1280,78.7,71.7,11.2,9.12,2.99,8.43,0.56,4,6.7,Fastened,FALSE,MEDIUM,normal,1
09:10:00,9,0,9,day,190,LDR001,Loader,OP1034,6107.8,34,Windy,5.86,1984,83.4,71.6,20.5,12.26,3.71,10.51,1.19,1,14.3,Unfastened,TRUE,LOW,normal,1
09:12:00,9,0,9,day,192,LDR001,Loader,OP1034,6107.8,34,Windy,5.07,1718,87.1,71.5,8.1,10.46,3.62,9.91,0.72,1,20.4,Fastened,FALSE,LOW,normal,1
09:14:00,9,0,9,day,194,LDR001,Loader,OP1034,6107.8,34,Windy,7.34,1498,89,71.4,21.6,12.46,3.38,10.5,1.05,0,34.8,Fastened,FALSE,LOW,normal,1
09:16:00,9,0,9,day,196,LDR001,Loader,OP1034,6107.8,34,Windy,4.11,1371,88,71.3,19.8,10.88,3.24,9.37,1.06,4,23.7,Fastened,FALSE,LOW,normal,1
09:18:00,9,0,9,day,198,LDR001,Loader,OP1034,6107.8,34,Windy,6.39,1390,83.8,71.2,27.6,15.74,3.36,12.32,0.64,1,6.6,Unfastened,TRUE,MEDIUM,normal,1
09:20:00,9,0,9,day,200,LDR001,Loader,OP1034,6107.8,34,Windy,6.2,1509,87.9,71.1,13.4,11.42,2.8,10.26,1.02,1,9.8,Fastened,FALSE,LOW,normal,1
09:22:00,9,0,9,day,202,LDR001,Loader,OP1034,6107.8,34,Windy,6,1513,83.7,71,24.7,12.12,2.87,9.84,0.34,0,19.1,Fastened,FALSE,LOW,normal,1
09:24:00,9,0,9,day,204,LDR001,Loader,OP1034,6107.8,34,Windy,8.29,1512,86.4,70.8,19.6,13.34,2.92,11.3,0.29,4,28.6,Fastened,FALSE,LOW,normal,1
09:26:00,9,0,9,day,206,LDR001,Loader,OP1034,6107.8,34,Windy,7.21,1732,90,70.7,12.2,14.52,2.62,13.07,0.81,1,12,Fastened,FALSE,LOW,normal,1
09:28:00,9,0,9,day,208,LDR001,Loader,OP1034,6107.9,34,Windy,3.32,1682,87.1,70.6,10.3,11.94,3.07,11.03,0.46,4,4.7,Fastened,FALSE,MEDIUM,normal,1
09:30:00,9,0,9,day,210,LDR001,Loader,OP1034,6107.9,34,Windy,2.67,1541,90.1,70.5,17.7,10.07,2.34,8.7,0.8,1,6.3,Fastened,FALSE,MEDIUM,normal,1
09:32:00,9,0,9,day,212,LDR001,Loader,OP1034,6107.9,34,Windy,5.47,969,86.2,70.4,15,9.29,3.16,8.37,1,4,20.2,Unfastened,TRUE,LOW,normal,1
09:34:00,9,0,9,day,214,LDR001,Loader,OP1034,6107.9,34,Windy,6.2,1162,85.6,70.3,28.4,14.35,3.47,11.26,1.18,1,28.5,Fastened,FALSE,LOW,normal,1
09:36:00,9,0,9,day,216,LDR001,Loader,OP1034,6107.9,34,Windy,4.33,888,87.4,70.2,27.8,8,3.41,6.72,0.3,2,0.5,Fastened,FALSE,MEDIUM,normal,1
09:38:00,9,0,9,day,218,LDR001,Loader,OP1034,6107.9,34,Windy,5.29,1885,84.6,70.1,25.7,11.97,1.79,9.35,1.02,0,6,Fastened,FALSE,MEDIUM,normal,1
09:40:00,9,0,9,day,220,LDR001,Loader,OP1034,6107.9,34,Windy,6.57,1141,88.2,70.1,8.7,9.53,1.7,8.85,0.07,1,18.2,Fastened,FALSE,LOW,normal,1
09:42:00,9,0,9,day,222,LDR001,Loader,OP1034,6107.9,34,Windy,7.75,1620,86.6,70,17.7,10.9,3.67,9.62,0.64,3,13.2,Fastened,FALSE,LOW,normal,1
09:44:00,9,0,9,day,224,LDR001,Loader,OP1034,6107.9,34,Windy,5.81,1633,83.4,69.9,15.3,10.04,3.82,9.09,1.21,0,14.5,Fastened,FALSE,LOW,normal,1
09:46:00,9,0,9,day,226,LDR001,Loader,OP1034,6107.9,34,Windy,5.23,1232,91.3,69.8,21.9,12.69,2.78,10.52,0.94,2,27.1,Fastened,FALSE,LOW,normal,1
09:48:00,9,0,9,day,228,LDR001,Loader,OP1034,6108,34,Windy,4.51,1236,83.3,69.7,10.4,10.91,3.8,10.17,0.25,4,19.6,Fastened,FALSE,LOW,normal,1
09:50:00,9,0,9,day,230,LDR001,Loader,OP1034,6108,34,Windy,9.54,1331,85.5,69.6,23.4,12.68,4.17,10.69,1.24,3,22.8,Fastened,FALSE,LOW,normal,1
09:52:00,9,0,9,day,232,LDR001,Loader,OP1034,6108,34,Windy,5.36,1288,87.2,69.5,29.7,11.43,3.12,8.96,0.98,1,22.1,Unfastened,TRUE,LOW,normal,1
09:54:00,9,0,9,day,234,LDR001,Loader,OP1034,6108,34,Windy,5.89,1476,91.7,69.4,8,9.43,3.65,8.97,0.92,2,30.9,Fastened,FALSE,LOW,normal,1
09:56:00,9,0,9,day,236,LDR001,Loader,OP1034,6108,34,Windy,7.84,1573,86,69.3,10.8,8.9,2.53,8.21,0.5,1,22.7,Fastened,FALSE,LOW,normal,1
09:58:00,9,0,9,day,238,LDR001,Loader,OP1034,6108,34,Windy,5.41,1155,87,69.2,15.1,10.31,2.32,9.1,0.78,1,13.9,Fastened,FALSE,LOW,normal,1
10:00:00,10,0,9,day,240,LDR001,Loader,OP1034,6108,34,Windy,4.9,823,86.8,69.1,20.9,9.63,3,8.24,0.47,3,26.3,Fastened,FALSE,LOW,normal,1
10:02:00,10,0,9,day,242,LDR001,Loader,OP1034,6108,34,Windy,5.67,1565,88.6,69,14.7,13.56,2.54,11.94,0.84,0,22.2,Fastened,FALSE,LOW,normal,1
10:04:00,10,0,9,day,244,LDR001,Loader,OP1034,6108,34,Windy,5.04,1565,85.9,68.9,11,12.22,2.6,11.16,0.44,4,3.1,Fastened,FALSE,MEDIUM,normal,1
10:06:00,10,0,9,day,246,LDR001,Loader,OP1034,6108,34,Windy,6.77,1363,85.6,68.8,16.3,9.68,2.81,8.56,1.18,3,2.6,Fastened,TRUE,HIGH,normal,1
10:08:00,10,0,9,day,248,LDR001,Loader,OP1034,6108.1,34,Windy,5.94,1201,88.4,68.7,11.9,12.35,3.11,11.25,1.04,2,16.3,Fastened,FALSE,LOW,normal,1
10:10:00,10,0,9,day,250,LDR001,Loader,OP1034,6108.1,34,Windy,4.14,1617,84.4,68.6,7.9,12.13,2.48,11.37,0.97,0,18.9,Fastened,FALSE,LOW,normal,1
10:12:00,10,0,9,day,252,LDR001,Loader,OP1034,6108.1,34,Windy,7.13,1998,84,68.5,15.9,12.41,2.38,10.82,0.93,1,24.9,Fastened,FALSE,LOW,normal,1
10:14:00,10,0,9,day,254,LDR001,Loader,OP1034,6108.1,34,Windy,4.11,1669,89,68.4,17,10.6,3.28,9.36,0.38,4,11.5,Fastened,FALSE,LOW,normal,1
10:16:00,10,0,9,day,256,LDR001,Loader,OP1034,6108.1,34,Windy,6.08,1592,94.3,68.3,6.4,10.97,2.85,10.45,1,1,22.7,Fastened,FALSE,LOW,normal,1
10:18:00,10,0,9,day,258,LDR001,Loader,OP1034,6108.1,34,Windy,3.46,1514,89.5,68.2,12.8,11.46,2.91,10.37,0.97,3,15.6,Fastened,FALSE,LOW,normal,1
10:20:00,10,0,9,day,260,LDR001,Loader,OP1034,6108.1,34,Windy,6.48,1697,86.6,68.1,5,10.24,2.2,9.84,0.23,1,15.9,Fastened,FALSE,LOW,normal,1
10:22:00,10,0,9,day,262,LDR001,Loader,OP1034,6108.1,34,Windy,11.69,2710,87.6,67.9,13.3,14.07,2.84,12.58,2.87,4,6.2,Fastened,FALSE,MEDIUM,overspeed,-1
10:24:00,10,0,9,day,264,LDR001,Loader,OP1034,6108.1,34,Windy,12.19,2293,86.4,67.8,17.1,8.98,2.58,7.89,2.11,1,29.6,Fastened,FALSE,LOW,overspeed,-1
10:26:00,10,0,9,day,266,LDR001,Loader,OP1034,6108.1,34,Windy,14.62,2737,87.1,67.7,15,12.69,2.87,11.22,2.54,0,8.9,Fastened,FALSE,LOW,overspeed,-1
10:28:00,10,0,9,day,268,LDR001,Loader,OP1034,6108.2,34,Windy,13.85,2482,85.4,67.6,7.2,12.69,2.85,11.98,2.64,0,17.1,Fastened,FALSE,LOW,overspeed,-1
10:30:00,10,0,9,day,270,LDR001,Loader,OP1034,6108.2,34,Windy,11.75,2385,84.2,67.5,10.4,8.68,2.8,8.07,2.57,2,19.8,Fastened,FALSE,LOW,overspeed,-1
10:32:00,10,0,9,day,272,LDR001,Loader,OP1034,6108.2,34,Windy,13.92,2698,87.4,67.4,10.8,9.22,3.63,8.62,2.94,1,26.1,Fastened,FALSE,LOW,overspeed,-1
10:34:00,10,0,9,day,274,LDR001,Loader,OP1034,6108.2,34,Windy,13.04,2526,84.5,67.4,11.2,9.73,2.94,8.97,2.53,4,5.6,Fastened,FALSE,MEDIUM,overspeed,-1
10:36:00,10,0,9,day,276,LDR001,Loader,OP1034,6108.2,34,Windy,12.12,2471,88.6,67.3,21.3,10.79,3.9,9.32,2.81,1,13,Fastened,FALSE,LOW,overspeed,-1
10:38:00,10,0,9,day,278,LDR001,Loader,OP1034,6108.2,34,Windy,13.97,2643,87.3,67.1,21.6,14.67,2.75,12.1,3.24,4,29.2,Fastened,FALSE,LOW,overspeed,-1
10:40:00,10,0,9,day,280,LDR001,Loader,OP1034,6108.2,34,Windy,16.13,2305,85.8,67,27.2,12.12,2.59,9.53,2.19,1,21,Unfastened,TRUE,LOW,overspeed,-1
10:42:00,10,0,9,day,282,LDR001,Loader,OP1034,6108.2,34,Windy,10.35,2563,83.7,66.9,5,16.09,1.63,15.37,2.34,3,14.4,Unfastened,TRUE,LOW,overspeed,-1
10:44:00,10,0,9,day,284,LDR001,Loader,OP1034,6108.2,34,Windy,13.13,2378,88.5,66.8,15.1,12.09,2.85,10.69,2.67,2,9.6,Fastened,FALSE,LOW,overspeed,-1
10:46:00,10,0,9,day,286,LDR001,Loader,OP1034,6108.2,34,Windy,12.82,2320,84.6,66.6,8.4,15.84,3.49,14.8,3.51,4,26.8,Fastened,FALSE,LOW,overspeed,-1
10:48:00,10,0,9,day,288,LDR001,Loader,OP1034,6108.3,34,Windy,14.85,2258,85.9,66.5,9.5,10.95,3.01,10.2,2.9,1,31.7,Fastened,FALSE,LOW,overspeed,-1
10:50:00,10,0,9,day,290,LDR001,Loader,OP1034,6108.3,34,Windy,13.53,2672,85.7,66.4,10.2,12.28,3.31,11.37,3.27,3,28.4,Fastened,FALSE,LOW,overspeed,-1
10:52:00,10,0,9,day,292,LDR001,Loader,OP1034,6108.3,34,Windy,15.61,2470,91.9,66.3,9.6,13.91,2.82,12.85,2.44,2,13.8,Fastened,FALSE,LOW,overspeed,-1
10:54:00,10,0,9,day,294,LDR001,Loader,OP1034,6108.3,34,Windy,14.76,2426,88.1,66.2,32.1,13.92,2.61,10.29,2.9,4,22.1,Fastened,FALSE,LOW,overspeed,-1
10:56:00,10,0,9,day,296,LDR001,Loader,OP1034,6108.3,34,Windy,13.78,2679,89.4,66,13.4,15.1,3.29,13.52,3.07,3,9.9,Fastened,FALSE,LOW,overspeed,-1
10:58:00,10,0,9,day,298,LDR001,Loader,OP1034,6108.3,34,Windy,11.38,2700,81.5,65.9,6,13.15,3.07,12.55,2.7,4,20.1,Fastened,FALSE,LOW,overspeed,-1
11:00:00,11,0,9,day,300,LDR001,Loader,OP1034,6108.3,34,Windy,12.29,2590,82.1,65.8,16.5,11.07,2.5,9.66,2.43,0,15.8,Fastened,FALSE,LOW,overspeed,-1
11:02:00,11,0,9,day,302,LDR001,Loader,OP1034,6108.3,34,Windy,6.34,1325,88.1,65.7,8.8,11.34,3.3,10.63,0.86,4,16.4,Fastened,FALSE,LOW,normal,1
11:04:00,11,0,9,day,304,LDR001,Loader,OP1034,6108.3,34,Windy,6.09,1417,84.2,65.6,14.3,14.95,2.81,13.21,0.18,2,21.9,Fastened,FALSE,LOW,normal,1
11:06:00,11,0,9,day,306,LDR001,Loader,OP1034,6108.4,34,Windy,8.54,1719,89,65.4,7,16.54,2.89,15.58,0.13,4,23.3,Fastened,FALSE,LOW,normal,1
11:08:00,11,0,9,day,308,LDR001,Loader,OP1034,6108.4,34,Windy,4.6,1113,85.1,65.3,10.6,10.55,2.26,9.67,0.53,1,22.5,Fastened,FALSE,LOW,normal,1
11:10:00,11,0,9,day,310,LDR001,Loader,OP1034,6108.4,34,Windy,6.31,1611,87.3,65.2,9.2,11.29,3.48,10.57,0.44,1,23.7,Fastened,FALSE,LOW,normal,1
11:12:00,11,0,9,day,312,LDR001,Loader,OP1034,6108.4,34,Windy,3.17,1687,89.6,65.1,18.9,8.22,2.51,7.14,0.68,4,14.6,Fastened,FALSE,LOW,normal,1
11:14:00,11,0,9,day,314,LDR001,Loader,OP1034,6108.4,34,Windy,5.26,1749,84.6,65,10.9,13.22,2.19,12.02,0,3,29.4,Fastened,FALSE,LOW,normal,1
11:16:00,11,0,9,day,316,LDR001,Loader,OP1034,6108.4,34,Windy,6.28,804,85.9,64.9,14.2,11.87,2.89,10.59,0.94,0,27.1,Fastened,FALSE,LOW,normal,1
11:18:00,11,0,9,day,318,LDR001,Loader,OP1034,6108.4,34,Windy,3.83,1496,84,64.8,22.4,8,3.19,6.92,0.83,4,26.6,Unfastened,TRUE,LOW,normal,1
11:20:00,11,0,9,day,320,LDR001,Loader,OP1034,6108.4,34,Windy,8.02,1362,85.1,64.7,9.7,11.8,2.28,10.88,0.86,2,13.8,Unfastened,TRUE,LOW,normal,1
11:22:00,11,0,9,day,322,LDR001,Loader,OP1034,6108.4,34,Windy,3.81,1494,83.2,64.6,5,11.87,4.22,11.49,0.54,3,22.7,Unfastened,TRUE,LOW,normal,1
11:24:00,11,0,9,day,324,LDR001,Loader,OP1034,6108.4,34,Windy,1.95,981,90,64.5,12.6,12.76,2.5,11.47,0.84,4,12,Fastened,FALSE,LOW,normal,1
11:26:00,11,0,9,day,326,LDR001,Loader,OP1034,6108.5,34,Windy,2.84,1703,87.9,64.4,17.1,9.57,4.17,8.65,0.44,3,24.7,Fastened,FALSE,LOW,normal,1
11:28:00,11,0,9,day,328,LDR001,Loader,OP1034,6108.5,34,Windy,4.98,1311,85.4,64.3,19.8,13.12,3.07,11.13,0.89,3,8.9,Fastened,FALSE,LOW,normal,1
11:30:00,11,0,9,day,330,LDR001,Loader,OP1034,6108.5,34,Windy,5.93,1711,85.6,64.2,8.4,13.88,2.94,12.96,0.87,0,13.4,Fastened,FALSE,LOW,normal,1
11:32:00,11,0,9,day,332,LDR001,Loader,OP1034,6108.5,34,Windy,6.85,2177,91.6,64,11.6,13.13,3.67,12.03,0.59,0,9.5,Fastened,FALSE,LOW,normal,1
11:34:00,11,0,9,day,334,LDR001,Loader,OP1034,6108.5,34,Windy,1.84,1866,87.4,63.9,10.5,13.07,3.04,12.02,0.4,4,10,Fastened,FALSE,LOW,normal,1
11:36:00,11,0,9,day,336,LDR001,Loader,OP1034,6108.5,34,Windy,0.4,1432,88.8,63.8,57,12.03,3.87,4.06,0.72,3,6,Fastened,FALSE,MEDIUM,excessive_idle,-1
11:38:00,11,0,9,day,338,LDR001,Loader,OP1034,6108.5,34,Windy,0.87,1382,89.2,63.7,58.6,9.04,1.92,2.02,1.21,0,16.3,Fastened,FALSE,LOW,excessive_idle,-1
11:40:00,11,0,9,day,340,LDR001,Loader,OP1034,6108.5,34,Windy,0.09,1704,84.4,63.6,56.3,11.45,3.23,3.39,0.49,3,24.2,Unfastened,FALSE,LOW,excessive_idle,-1
11:42:00,11,0,9,day,342,LDR001,Loader,OP1034,6108.5,34,Windy,0.05,1719,88.5,63.5,53.6,12.09,3.24,3.4,0.54,3,9.6,Fastened,FALSE,LOW,excessive_idle,-1
11:44:00,11,0,9,day,344,LDR001,Loader,OP1034,6108.5,34,Windy,0,912,90.7,63.4,55.7,11.94,3.42,3.59,0.85,4,25.5,Fastened,FALSE,LOW,excessive_idle,-1
11:46:00,11,0,9,day,346,LDR001,Loader,OP1034,6108.6,34,Windy,0.1,1819,89.8,63.3,53.9,12.19,3.52,3.7,0.66,1,14.4,Unfastened,FALSE,LOW,excessive_idle,-1
11:48:00,11,0,9,day,348,LDR001,Loader,OP1034,6108.6,34,Windy,0.53,1185,90.9,63.2,49.7,13.05,4.25,4.46,0.32,1,13.7,Unfastened,FALSE,LOW,excessive_idle,-1
11:50:00,11,0,9,day,350,LDR001,Loader,OP1034,6108.6,34,Windy,0.35,1437,82.6,63,57.1,14.76,3.17,3.33,1.19,1,15.9,Fastened,FALSE,LOW,excessive_idle,-1
11:52:00,11,0,9,day,352,LDR001,Loader,OP1034,6108.6,34,Windy,0,1736,90.5,62.9,50.6,12.97,3.5,3.68,0.79,1,16.9,Fastened,FALSE,LOW,excessive_idle,-1
11:54:00,11,0,9,day,354,LDR001,Loader,OP1034,6108.6,34,Windy,0.21,1327,88.8,62.8,58.4,11.22,2.86,3,0.81,0,6.5,Fastened,FALSE,MEDIUM,excessive_idle,-1
11:56:00,11,0,9,day,356,LDR001,Loader,OP1034,6108.6,34,Windy,0.13,1351,88.2,62.8,53.9,8,3.18,3.34,0.74,4,25.1,Fastened,FALSE,LOW,excessive_idle,-1
11:58:00,11,0,9,day,358,LDR001,Loader,OP1034,6108.6,34,Windy,0.44,2035,87.4,62.7,45.1,10.33,2.82,2.96,0.5,2,14.8,Fastened,FALSE,LOW,excessive_idle,-1
12:00:00,12,0,9,day,360,LDR001,Loader,OP1034,6108.6,34,Windy,0.36,1900,86.7,62.6,65.3,12.26,3.21,3.37,0.5,0,6.1,Fastened,FALSE,MEDIUM,excessive_idle,-1
12:02:00,12,0,9,day,362,LDR001,Loader,OP1034,6108.6,34,Windy,0.11,1379,88.6,62.5,53.7,10.46,3.01,3.16,0.13,2,4,Fastened,FALSE,MEDIUM,excessive_idle,-1
12:04:00,12,0,9,day,364,LDR001,Loader,OP1034,6108.6,34,Windy,4.64,1699,86.7,62.3,9,14.69,2.83,13.62,0.75,2,8.9,Unfastened,TRUE,LOW,normal,1
12:06:00,12,0,9,day,366,LDR001,Loader,OP1034,6108.7,34,Windy,6.5,1578,88.3,62.3,21.5,9.17,3.21,7.89,0.92,0,24.2,Fastened,FALSE,LOW,normal,1
12:08:00,12,0,9,day,368,LDR001,Loader,OP1034,6108.7,34,Windy,7.44,991,88.5,62.2,12.2,11.02,2.52,9.98,0.3,0,28.9,Fastened,FALSE,LOW,normal,1
12:10:00,12,0,9,day,370,LDR001,Loader,OP1034,6108.7,34,Windy,6.43,1700,77.7,62.1,14.9,11.64,3.13,10.37,0.78,2,4.9,Fastened,FALSE,MEDIUM,normal,1
12:12:00,12,0,9,day,372,LDR001,Loader,OP1034,6108.7,34,Windy,4.72,1619,88.6,62,15.3,10.44,2.86,9.28,1.15,4,20.9,Fastened,FALSE,LOW,normal,1
12:14:00,12,0,9,day,374,LDR001,Loader,OP1034,6108.7,34,Windy,5.46,1182,81.5,61.9,18.2,11.77,3.38,10.24,1.14,2,13.5,Fastened,FALSE,LOW,normal,1
12:16:00,12,0,9,day,376,LDR001,Loader,OP1034,6108.7,34,Windy,8.75,1515,81.6,61.7,23.6,13.91,3.12,11.36,0.87,1,16.6,Fastened,FALSE,LOW,normal,1
12:18:00,12,0,9,day,378,LDR001,Loader,OP1034,6108.7,34,Windy,2.44,1200,83.9,61.6,14.9,14.53,3.7,12.92,0.37,1,13.3,Fastened,FALSE,LOW,normal,1
12:20:00,12,0,9,day,380,LDR001,Loader,OP1034,6108.7,34,Windy,5.64,1498,86.6,61.5,12.6,12.46,3.53,11.33,0,2,6.4,Fastened,FALSE,MEDIUM,normal,1
12:22:00,12,0,9,day,382,LDR001,Loader,OP1034,6108.7,34,Windy,7.65,1475,87.1,61.4,15.5,14.02,2.82,12.28,0.54,2,11.9,Fastened,FALSE,LOW,normal,1
12:24:00,12,0,9,day,384,LDR001,Loader,OP1034,6108.7,34,Windy,6.37,1182,86,61.3,30.4,13.8,3.9,10.79,0.15,1,17.8,Fastened,FALSE,LOW,normal,1
12:26:00,12,0,9,day,386,LDR001,Loader,OP1034,6108.8,34,Windy,3.86,1296,87.3,61.2,13.5,10.99,3.27,9.95,0.84,0,11.5,Fastened,FALSE,LOW,normal,1
12:28:00,12,0,9,day,388,LDR001,Loader,OP1034,6108.8,34,Windy,7.89,1330,86,61,21.8,14.03,3.37,11.71,0.54,1,1.1,Fastened,TRUE,HIGH,normal,1
12:30:00,12,0,9,day,390,LDR001,Loader,OP1034,6108.8,34,Windy,5.21,1696,90.4,60.9,12.8,12.61,3.3,11.42,0.71,4,23.5,Fastened,FALSE,LOW,normal,1
12:32:00,12,0,9,day,392,LDR001,Loader,OP1034,6108.8,34,Windy,5.65,1026,89.4,60.8,5,10.96,2.6,10.54,0.65,2,31.4,Fastened,FALSE,LOW,normal,1
12:34:00,12,0,9,day,394,LDR001,Loader,OP1034,6108.8,34,Windy,4.9,1169,87,60.7,10.5,11.93,2.83,10.97,0.65,4,7.3,Fastened,FALSE,MEDIUM,normal,1
12:36:00,12,0,9,day,396,LDR001,Loader,OP1034,6108.8,34,Windy,6.39,1472,90.2,60.6,15.7,15.94,3.38,13.97,1.05,1,28.2,Fastened,FALSE,LOW,normal,1
12:38:00,12,0,9,day,398,LDR001,Loader,OP1034,6108.8,34,Windy,6.46,1350,90.1,60.5,18.5,12.61,3.19,10.87,0.94,1,18.9,Fastened,FALSE,LOW,normal,1
12:40:00,12,0,9,day,400,LDR001,Loader,OP1034,6108.8,34,Windy,6.79,985,86.2,60.4,12.2,8.81,2.99,8.1,0.88,0,18,Fastened,FALSE,LOW,normal,1
12:42:00,12,0,9,day,402,LDR001,Loader,OP1034,6108.8,34,Windy,3.58,1463,91.2,60.3,16.7,11.19,3.31,9.87,1.22,4,16.3,Fastened,FALSE,LOW,normal,1
12:44:00,12,0,9,day,404,LDR001,Loader,OP1034,6108.8,34,Windy,5.03,1269,87,60.2,24.2,9.19,2.24,7.51,0.58,0,23.4,Fastened,FALSE,LOW,normal,1
12:46:00,12,0,9,day,406,LDR001,Loader,OP1034,6108.9,34,Windy,4.71,1253,81.4,60.1,5.7,10.28,3.47,9.89,0.19,4,27.7,Fastened,FALSE,LOW,normal,1
12:48:00,12,0,9,day,408,LDR001,Loader,OP1034,6108.9,34,Windy,5.22,1486,90.1,60,11.1,11.81,2.61,10.79,0.57,0,31.6,Fastened,FALSE,LOW,normal,1
12:50:00,12,0,9,day,410,LDR001,Loader,OP1034,6108.9,34,Windy,2.66,1970,84.4,59.9,34.2,10.4,2.67,7.76,0.72,1,14.6,Fastened,FALSE,LOW,normal,1
12:52:00,12,0,9,day,412,LDR001,Loader,OP1034,6108.9,34,Windy,0.13,1464,83.3,59.8,23.9,10.43,3.47,8.77,0.86,0,17.8,Fastened,FALSE,LOW,normal,1
12:54:00,12,0,9,day,414,LDR001,Loader,OP1034,6108.9,34,Windy,3,1260,81.9,59.7,19.4,12.11,3.6,10.46,0.6,2,7.1,Unfastened,TRUE,MEDIUM,normal,1
12:56:00,12,0,9,day,416,LDR001,Loader,OP1034,6108.9,34,Windy,7.3,1375,87,59.6,15.3,8.75,2.85,7.85,0.79,3,15.2,Fastened,FALSE,LOW,normal,1
12:58:00,12,0,9,day,418,LDR001,Loader,OP1034,6108.9,34,Windy,4.94,1661,85.5,59.5,19.3,11.58,3.46,10.01,0.82,0,20.4,Fastened,FALSE,LOW,normal,1
13:00:00,13,0,9,day,420,LDR001,Loader,OP1034,6108.9,34,Windy,3.92,1597,87.9,59.5,5.4,9.42,2.56,9.05,0.55,2,20.4,Fastened,FALSE,LOW,normal,1
13:02:00,13,0,9,day,422,LDR001,Loader,OP1034,6108.9,34,Windy,4.6,1396,87.7,59.3,7.1,12.5,3.95,11.89,0.89,4,29.4,Fastened,FALSE,LOW,normal,1
13:04:00,13,0,9,day,424,LDR001,Loader,OP1034,6108.9,34,Windy,4.94,1558,85.3,59.2,11.4,9.87,2.83,9.07,0.73,0,19.2,Fastened,FALSE,LOW,normal,1
13:06:00,13,0,9,day,426,LDR001,Loader,OP1034,6109,34,Windy,3.8,1508,88.8,59.2,18.8,9.18,3.01,8.02,1.05,0,21.2,Fastened,FALSE,LOW,normal,1
13:08:00,13,0,9,day,428,LDR001,Loader,OP1034,6109,34,Windy,6.77,1509,90.1,59,12.5,14.19,3.31,12.83,0,1,6,Fastened,FALSE,MEDIUM,normal,1
13:10:00,13,0,9,day,430,LDR001,Loader,OP1034,6109,34,Windy,3.95,1323,94.3,58.9,25.1,13.53,2.85,10.85,0.71,2,17,Fastened,FALSE,LOW,normal,1
13:12:00,13,0,9,day,432,LDR001,Loader,OP1034,6109,34,Windy,6.73,1535,83.1,58.8,6.6,10.45,3.18,9.97,0.99,2,29.2,Fastened,FALSE,LOW,normal,1
13:14:00,13,0,9,day,434,LDR001,Loader,OP1034,6109,34,Windy,7.25,1096,86.4,58.7,15,11.24,2.98,10,0.56,0,13.1,Fastened,FALSE,LOW,normal,1
13:16:00,13,0,9,day,436,LDR001,Loader,OP1034,6109,34,Windy,8.76,1509,90.9,58.6,20.4,11.97,2.36,10.01,0.9,2,18.3,Fastened,FALSE,LOW,normal,1
13:18:00,13,0,9,day,438,LDR001,Loader,OP1034,6109,34,Windy,4.84,1549,91.5,58.5,14.2,11.96,2.64,10.64,0.83,2,30,Fastened,FALSE,LOW,normal,1
13:20:00,13,0,9,day,440,LDR001,Loader,OP1034,6109,34,Windy,7.15,1491,87.5,58.4,22.9,14.16,2.86,11.57,0.88,0,22.9,Unfastened,TRUE,LOW,normal,1
13:22:00,13,0,9,day,442,LDR001,Loader,OP1034,6109,34,Windy,6.89,999,86.6,58.3,9.4,10.73,3.89,10.09,0.83,1,19.4,Fastened,FALSE,LOW,normal,1
13:24:00,13,0,9,day,444,LDR001,Loader,OP1034,6109.1,34,Windy,3.69,1048,80.6,58.2,11.2,11.46,2.37,10.44,0.78,2,20.2,Unfastened,TRUE,LOW,normal,1
13:26:00,13,0,9,day,446,LDR001,Loader,OP1034,6109.1,34,Windy,5.55,1468,87.7,58.1,14.1,11.21,3.24,10.09,0.67,0,11.3,Fastened,FALSE,LOW,normal,1
13:28:00,13,0,9,day,448,LDR001,Loader,OP1034,6109.1,34,Windy,7.21,1792,91,58,10,13.99,3.06,12.9,0.31,3,20.6,Fastened,FALSE,LOW,normal,1
13:30:00,13,0,9,day,450,LDR001,Loader,OP1034,6109.1,34,Windy,10.27,1819,80.4,57.9,14,8.67,3.43,7.94,0.53,3,17.6,Fastened,FALSE,LOW,normal,1
13:32:00,13,0,9,day,452,LDR001,Loader,OP1034,6109.1,34,Windy,6.08,1791,88.1,57.8,28.3,9.67,3.42,7.9,0.9,3,20.9,Fastened,FALSE,LOW,normal,1
13:34:00,13,0,9,day,454,LDR001,Loader,OP1034,6109.1,34,Windy,6.75,1880,82,57.7,15.3,9.36,2.97,8.38,0.51,0,16.9,Fastened,FALSE,LOW,normal,1
13:36:00,13,0,9,day,456,LDR001,Loader,OP1034,6109.1,34,Windy,2.66,1471,83.1,57.6,15.6,10.87,3.36,9.7,1.09,1,9.6,Fastened,FALSE,LOW,normal,1
13:38:00,13,0,9,day,458,LDR001,Loader,OP1034,6109.1,34,Windy,5.44,1392,92.6,57.5,18.5,11.85,3.4,10.29,0.52,1,10,Fastened,FALSE,LOW,normal,1
13:40:00,13,0,9,day,460,LDR001,Loader,OP1034,6109.1,34,Windy,5.47,1253,89.3,57.4,26.7,13.17,3.18,10.5,0.43,1,17.6,Fastened,FALSE,LOW,normal,1
13:42:00,13,0,9,day,462,LDR001,Loader,OP1034,6109.1,34,Windy,5.89,1654,88,57.3,6.9,8.85,3.08,8.45,0.98,0,16.4,Fastened,FALSE,LOW,normal,1
13:44:00,13,0,9,day,464,LDR001,Loader,OP1034,6109.2,34,Windy,5.46,1360,84.8,57.2,17.1,11.06,3.07,9.69,0.87,4,6.6,Fastened,FALSE,MEDIUM,normal,1
13:46:00,13,0,9,day,466,LDR001,Loader,OP1034,6109.2,34,Windy,6.55,1758,90.5,57.1,17.6,11.86,2.41,10.2,0.35,2,6.1,Fastened,FALSE,MEDIUM,normal,1
13:48:00,13,0,9,day,468,LDR001,Loader,OP1034,6109.2,34,Windy,8.13,1708,90.9,57,13.4,12.41,2.29,11.05,1.19,1,13.6,Fastened,FALSE,LOW,normal,1
13:50:00,13,0,9,day,470,LDR001,Loader,OP1034,6109.2,34,Windy,3.6,1545,87.5,56.9,8.4,12.97,3.18,12.15,0.44,4,33.3,Fastened,FALSE,LOW,normal,1
13:52:00,13,0,9,day,472,LDR001,Loader,OP1034,6109.2,34,Windy,5.37,1652,80.8,56.7,9.7,16.08,3.48,14.86,1.36,4,17.2,Fastened,FALSE,LOW,normal,1
13:54:00,13,0,9,day,474,LDR001,Loader,OP1034,6109.2,34,Windy,3.14,1562,92.1,56.6,19.7,12.98,2.74,10.96,0.62,4,27.2,Fastened,FALSE,LOW,normal,1
13:56:00,13,0,9,day,476,LDR001,Loader,OP1034,6109.2,34,Windy,0.17,995,84.5,56.5,17.4,10.09,1.59,8.61,0.82,3,24.5,Fastened,FALSE,LOW,normal,1
13:58:00,13,0,9,day,478,LDR001,Loader,OP1034,6109.2,34,Windy,6.93,1435,88.1,56.4,16.5,12.22,2.87,10.68,0.19,4,27.1,Fastened,FALSE,LOW,normal,1
14:00:00,14,0,9,day,480,LDR001,Loader,OP1034,6109.2,34,Windy,3.75,1410,85.7,56.3,5,12.73,2.99,12.24,0.94,2,19.2,Fastened,FALSE,LOW,normal,1
14:02:00,14,0,9,day,482,LDR001,Loader,OP1034,6109.2,34,Windy,6.01,1567,87.7,56.2,5,8.71,3.66,8.46,0.65,1,32.7,Fastened,FALSE,LOW,normal,1
14:04:00,14,0,9,day,484,LDR001,Loader,OP1034,6109.3,34,Windy,4.94,1106,81.3,56.1,17.6,12.09,3.13,10.51,0.76,0,14.3,Fastened,FALSE,LOW,normal,1
14:06:00,14,0,9,day,486,LDR001,Loader,OP1034,6109.3,34,Windy,6.18,1595,85.9,56,21.4,13.34,2.93,11.11,0.41,1,4.3,Fastened,FALSE,MEDIUM,normal,1
14:08:00,14,0,9,day,488,LDR001,Loader,OP1034,6109.3,34,Windy,4.44,973,86.5,55.9,18.7,13.83,3.02,11.81,0.54,4,22,Fastened,FALSE,LOW,normal,1
14:10:00,14,0,9,day,490,LDR001,Loader,OP1034,6109.3,34,Windy,6.4,1256,87.4,55.8,27,10.54,3.05,8.52,0.84,1,15.7,Fastened,FALSE,LOW,normal,1
14:12:00,14,0,9,day,492,LDR001,Loader,OP1034,6109.3,34,Windy,5.09,1452,89.4,55.7,17.4,12.16,3.18,10.6,0.68,3,18.5,Fastened,FALSE,LOW,normal,1
14:14:00,14,0,9,day,494,LDR001,Loader,OP1034,6109.3,34,Windy,7.58,1036,89.2,55.6,23.3,11.69,3.82,9.86,1.01,3,4.8,Fastened,FALSE,MEDIUM,normal,1
14:16:00,14,0,9,day,496,LDR001,Loader,OP1034,6109.3,34,Windy,5.69,951,84.5,55.5,21.9,11.84,3.66,10.05,0.55,1,14.9,Fastened,FALSE,LOW,normal,1
14:18:00,14,0,9,day,498,LDR001,Loader,OP1034,6109.3,34,Windy,5.74,1586,85.3,55.4,21.6,10.23,3.27,8.73,0.86,4,19.4,Fastened,FALSE,LOW,normal,1
14:20:00,14,0,9,day,500,LDR001,Loader,OP1034,6109.3,34,Windy,6.17,1251,84.7,55.3,5,12.65,2.37,12.14,0.46,2,23.2,Fastened,FALSE,LOW,normal,1
14:22:00,14,0,9,day,502,LDR001,Loader,OP1034,6109.3,34,Windy,4.16,1726,83.5,55.2,23.9,12.62,3.01,10.32,0.26,3,25.9,Fastened,FALSE,LOW,normal,1
14:24:00,14,0,9,day,504,LDR001,Loader,OP1034,6109.4,34,Windy,6.45,1515,86.7,55.1,10.5,11.65,2.98,10.74,1.28,0,1.3,Fastened,TRUE,HIGH,normal,1
14:26:00,14,0,9,day,506,LDR001,Loader,OP1034,6109.4,34,Windy,4.73,1539,87.1,55,23,10.57,3.6,8.97,1.04,4,19.6,Fastened,FALSE,LOW,normal,1
14:28:00,14,0,9,day,508,LDR001,Loader,OP1034,6109.4,34,Windy,5.47,1125,86.3,54.9,21.8,14.03,3.61,11.76,0.26,3,11.2,Fastened,FALSE,LOW,normal,1
14:30:00,14,0,9,day,510,LDR001,Loader,OP1034,6109.4,34,Windy,3.44,1135,86.3,54.7,22.1,13.6,3.28,11.32,1.16,0,9.9,Fastened,FALSE,LOW,normal,1
14:32:00,14,0,9,day,512,LDR001,Loader,OP1034,6109.4,34,Windy,6.13,1563,90.1,54.6,25,13.79,2.6,10.99,0.14,3,16.5,Fastened,FALSE,LOW,normal,1
14:34:00,14,0,9,day,514,LDR001,Loader,OP1034,6109.4,34,Windy,7.9,1148,84.3,54.5,18.3,12.28,3.26,10.63,0.47,1,5.9,Fastened,FALSE,MEDIUM,normal,1
14:36:00,14,0,9,day,516,LDR001,Loader,OP1034,6109.4,34,Windy,2.93,1466,88,54.4,18.8,9.8,3.73,8.66,0.48,2,14.4,Fastened,FALSE,LOW,normal,1
14:38:00,14,0,9,day,518,LDR001,Loader,OP1034,6109.4,34,Windy,1.52,1313,82.4,54.3,11.2,9.87,3.07,9.11,0.57,0,13.7,Fastened,FALSE,LOW,normal,1
14:40:00,14,0,9,day,520,LDR001,Loader,OP1034,6109.4,34,Windy,5.44,1872,85.7,54.2,18.8,12.11,3.5,10.49,0.64,0,25.3,Fastened,FALSE,LOW,normal,1
14:42:00,14,0,9,day,522,LDR001,Loader,OP1034,6109.4,34,Windy,2.77,1228,90.8,54.1,16.3,15.01,2.89,13.03,0.29,1,16.5,Fastened,FALSE,LOW,normal,1
14:44:00,14,0,9,day,524,LDR001,Loader,OP1034,6109.5,34,Windy,6.4,1358,88.4,54,22.3,13.41,2.13,10.89,0.14,2,14.3,Fastened,FALSE,LOW,normal,1
14:46:00,14,0,9,day,526,LDR001,Loader,OP1034,6109.5,34,Windy,6.06,1029,86.6,53.9,6.3,10.11,2.96,9.66,0.26,3,9.7,Fastened,FALSE,LOW,normal,1
14:48:00,14,0,9,day,528,LDR001,Loader,OP1034,6109.5,34,Windy,6.63,1793,80,53.8,20,16.42,2.3,13.6,1.14,2,16.4,Fastened,FALSE,LOW,normal,1
14:50:00,14,0,9,day,530,LDR001,Loader,OP1034,6109.5,34,Windy,7.23,1304,91.7,53.6,5,12.4,3.68,11.96,0.71,3,29,Fastened,FALSE,LOW,normal,1
14:52:00,14,0,9,day,532,LDR001,Loader,OP1034,6109.5,34,Windy,7.02,1217,87.8,53.5,7.4,10.17,2.92,9.63,0.79,1,17.5,Fastened,FALSE,LOW,normal,1
14:54:00,14,0,9,day,534,LDR001,Loader,OP1034,6109.5,34,Windy,6.06,1463,88.6,53.5,19.6,9.87,1.95,8.32,0.82,0,26.6,Fastened,FALSE,LOW,normal,1
14:56:00,14,0,9,day,536,LDR001,Loader,OP1034,6109.5,34,Windy,4.04,949,89.4,53.4,16.1,11.27,2.68,9.89,0.71,3,13.3,Fastened,FALSE,LOW,normal,1
14:58:00,14,0,9,day,538,LDR001,Loader,OP1034,6109.5,34,Windy,4.86,1695,83.3,53.2,27.7,13.86,2.97,10.84,0.97,2,12.8,Fastened,FALSE,LOW,normal,1
15:00:00,15,0,9,day,540,LDR001,Loader,OP1034,6109.5,34,Windy,9.75,1404,85.4,53.1,15.2,12.44,2.79,10.97,1.08,3,18.4,Fastened,FALSE,LOW,normal,1
15:02:00,15,0,9,day,542,LDR001,Loader,OP1034,6109.5,34,Windy,2.46,1349,79.8,53,16,9.88,3.69,8.89,0.69,0,4.5,Fastened,FALSE,MEDIUM,normal,1
15:04:00,15,0,9,day,544,LDR001,Loader,OP1034,6109.6,34,Windy,6.48,1673,86,52.9,11.1,12.06,3.61,11.12,0.61,1,7,Fastened,FALSE,MEDIUM,normal,1
15:06:00,15,0,9,day,546,LDR001,Loader,OP1034,6109.6,34,Windy,6.39,1167,86.7,52.8,18.8,13.78,3.12,11.78,0.54,4,21.5,Fastened,FALSE,LOW,normal,1
15:08:00,15,0,9,day,548,LDR001,Loader,OP1034,6109.6,34,Windy,6.6,1259,86.4,52.7,21.2,13.76,3.26,11.53,0.33,4,32.7,Fastened,FALSE,LOW,normal,1
15:10:00,15,0,9,day,550,LDR001,Loader,OP1034,6109.6,34,Windy,7.87,1608,91.4,52.6,17,9.62,3.23,8.53,0.81,4,1.5,Unfastened,TRUE,HIGH,normal,1
15:12:00,15,0,9,day,552,LDR001,Loader,OP1034,6109.6,34,Windy,5.04,1665,86.3,52.5,13.5,14.24,3.16,12.74,0.31,4,10.1,Fastened,FALSE,LOW,normal,1
15:14:00,15,0,9,day,554,LDR001,Loader,OP1034,6109.6,34,Windy,4.54,1231,89.4,52.4,15.9,10.11,2.85,8.96,0.65,4,11.9,Fastened,FALSE,LOW,normal,1
15:16:00,15,0,9,day,556,LDR001,Loader,OP1034,6109.6,34,Windy,3.13,1148,89.6,52.3,7.1,12.81,3.27,12.13,1.27,1,22.2,Fastened,FALSE,LOW,normal,1
15:18:00,15,0,9,day,558,LDR001,Loader,OP1034,6109.6,34,Windy,3.64,1293,91.2,52.1,7.2,13.05,3.25,12.34,0.81,2,15.5,Fastened,FALSE,LOW,normal,1
15:20:00,15,0,9,day,560,LDR001,Loader,OP1034,6109.6,34,Windy,5.99,808,90.2,52,5,14.01,1.84,13.4,0.22,1,24.3,Fastened,FALSE,LOW,normal,1
15:22:00,15,0,9,day,562,LDR001,Loader,OP1034,6109.6,34,Windy,3.82,2083,88.6,51.9,14.2,10.92,3.14,9.82,0.3,1,12.5,Fastened,FALSE,LOW,normal,1
15:24:00,15,0,9,day,564,LDR001,Loader,OP1034,6109.7,34,Windy,6.92,1232,91.3,51.8,11.2,11.38,3.9,10.54,0.24,3,7.1,Fastened,FALSE,MEDIUM,normal,1
15:26:00,15,0,9,day,566,LDR001,Loader,OP1034,6109.7,34,Windy,3.29,1600,88.2,51.7,21.4,10.14,3.43,8.7,0,1,11.5,Fastened,FALSE,LOW,normal,1
15:28:00,15,0,9,day,568,LDR001,Loader,OP1034,6109.7,34,Windy,7.07,1966,90.9,51.6,20.2,9.76,3.38,8.47,0.74,4,20.8,Fastened,FALSE,LOW,normal,1
15:30:00,15,0,9,day,570,LDR001,Loader,OP1034,6109.7,34,Windy,3.9,1607,92.5,51.5,12.6,13.15,3.55,11.94,0.28,1,30.9,Fastened,FALSE,LOW,normal,1
15:32:00,15,0,9,day,572,LDR001,Loader,OP1034,6109.7,34,Windy,5.74,2109,90.7,51.4,12.1,11.42,2.97,10.4,0.83,4,31.6,Fastened,FALSE,LOW,normal,1
15:34:00,15,0,9,day,574,LDR001,Loader,OP1034,6109.7,34,Windy,6.28,1193,89.5,51.3,11.3,11.47,2.96,10.51,0.71,0,13.8,Fastened,FALSE,LOW,normal,1
15:36:00,15,0,9,day,576,LDR001,Loader,OP1034,6109.7,34,Windy,8.62,1368,85.5,51.2,15.8,12.95,3.77,11.5,0.51,0,34.5,Unfastened,TRUE,LOW,normal,1
15:38:00,15,0,9,day,578,LDR001,Loader,OP1034,6109.7,34,Windy,6.78,1815,86.8,51.1,23.6,13.74,3.09,11.23,1.13,4,8.1,Fastened,FALSE,LOW,normal,1
15:40:00,15,0,9,day,580,LDR001,Loader,OP1034,6109.7,34,Windy,5.89,1216,83.1,51,27,12.03,2.9,9.56,0.25,3,38.9,Fastened,FALSE,LOW,normal,1
15:42:00,15,0,9,day,582,LDR001,Loader,OP1034,6109.8,34,Windy,5.03,1085,86.2,50.9,21.9,10.83,2.69,9.05,0.33,3,10.9,Fastened,FALSE,LOW,normal,1
15:44:00,15,0,9,day,584,LDR001,Loader,OP1034,6109.8,34,Windy,3.55,1933,81.7,50.7,5.9,15,3.07,14.3,0.48,1,14.9,Fastened,FALSE,LOW,normal,1
15:46:00,15,0,9,day,586,LDR001,Loader,OP1034,6109.8,34,Windy,8.84,1406,81.8,50.6,20.5,13.51,1.83,11.12,1.6,4,19.8,Fastened,FALSE,LOW,normal,1
15:48:00,15,0,9,day,588,LDR001,Loader,OP1034,6109.8,34,Windy,12.38,1311,87.8,50.5,18.9,10.39,2.95,8.98,0.34,4,22.1,Fastened,FALSE,LOW,normal,1
15:50:00,15,0,9,day,590,LDR001,Loader,OP1034,6109.8,34,Windy,6.76,1437,89.8,50.4,21.7,12.78,2.89,10.63,1.15,1,17.7,Fastened,FALSE,LOW,normal,1
15:52:00,15,0,9,day,592,LDR001,Loader,OP1034,6109.8,34,Windy,3.85,1544,89.2,50.3,11.7,9.69,3.23,8.93,0.95,4,5.8,Fastened,FALSE,MEDIUM,normal,1
15:54:00,15,0,9,day,594,LDR001,Loader,OP1034,6109.8,34,Windy,5.83,1344,85.3,50.2,6.8,12.53,3.65,11.93,0.93,3,24.5,Fastened,FALSE,LOW,normal,1
15:56:00,15,0,9,day,596,LDR001,Loader,OP1034,6109.8,34,Windy,6.73,1636,81.7,50.1,13.6,12.33,2.46,10.99,0.99,0,15,Unfastened,TRUE,LOW,normal,1
15:58:00,15,0,9,day,598,LDR001,Loader,OP1034,6109.8,34,Windy,3.54,1453,88,50,21,11.07,3.69,9.52,0.86,1,25.4,Fastened,FALSE,LOW,normal,1
16:00:00,16,0,9,day,600,LDR001,Loader,OP1034,6109.8,34,Windy,4.46,1582,86.9,49.9,17.4,11.36,2.63,9.84,0.8,0,27.7,Fastened,FALSE,LOW,normal,1
16:02:00,16,0,9,day,602,LDR001,Loader,OP1034,6109.9,34,Windy,7.67,1013,90,49.8,16.8,11.43,2.74,9.97,0.46,4,11.2,Fastened,FALSE,LOW,normal,1
16:04:00,16,0,9,day,604,LDR001,Loader,OP1034,6109.9,34,Windy,0.87,1322,85.3,49.7,13.2,10.52,3.68,9.62,0.42,3,17.7,Fastened,FALSE,LOW,normal,1
16:06:00,16,0,9,day,606,LDR001,Loader,OP1034,6109.9,34,Windy,9.73,1183,88.2,49.6,17.9,13.53,2.9,11.63,0.7,3,5.7,Fastened,FALSE,MEDIUM,normal,1
16:08:00,16,0,9,day,608,LDR001,Loader,OP1034,6109.9,34,Windy,5.77,1205,90.5,49.5,9.8,10.8,3.44,10.08,0.07,0,37.8,Fastened,FALSE,LOW,normal,1
16:10:00,16,0,9,day,610,LDR001,Loader,OP1034,6109.9,34,Windy,3.48,1461,89.7,49.4,12.2,13.09,2.41,11.79,0.75,1,12.5,Fastened,FALSE,LOW,normal,1
16:12:00,16,0,9,day,612,LDR001,Loader,OP1034,6109.9,34,Windy,2.59,1479,87.1,49.2,6.7,13.65,2.43,12.9,0.02,0,17.1,Fastened,FALSE,LOW,normal,1
16:14:00,16,0,9,day,614,LDR001,Loader,OP1034,6109.9,34,Windy,4.92,1063,87,49.1,23.2,11.12,2.88,9.21,1.07,0,17.5,Unfastened,TRUE,LOW,normal,1
16:16:00,16,0,9,day,616,LDR001,Loader,OP1034,6109.9,34,Windy,7.05,1148,89.8,49.1,21.7,11.25,1.82,9.2,0.85,1,17.4,Fastened,FALSE,LOW,normal,1
16:18:00,16,0,9,day,618,LDR001,Loader,OP1034,6109.9,34,Windy,5.08,1439,83,49,16.5,8.84,3.21,7.91,0.99,4,20.2,Fastened,FALSE,LOW,normal,1
16:20:00,16,0,9,day,620,LDR001,Loader,OP1034,6109.9,34,Windy,4.49,1487,86.7,48.8,9.4,13.96,2.98,12.93,0.89,4,20.6,Fastened,FALSE,LOW,normal,1
16:22:00,16,0,9,day,622,LDR001,Loader,OP1034,6110,34,Windy,6.66,1672,92.4,48.7,19.3,11.52,3.11,9.9,0.71,2,22,Fastened,FALSE,LOW,normal,1
16:24:00,16,0,9,day,624,LDR001,Loader,OP1034,6110,34,Windy,5.24,1522,83.4,48.7,7.5,9.9,3.46,9.42,0.33,0,28.1,Fastened,FALSE,LOW,normal,1
16:26:00,16,0,9,day,626,LDR001,Loader,OP1034,6110,34,Windy,7.24,1389,87,48.5,7.2,13.83,4.05,13.13,1.18,0,29.7,Fastened,FALSE,LOW,normal,1
16:28:00,16,0,9,day,628,LDR001,Loader,OP1034,6110,34,Windy,5.56,1704,90.5,48.4,16.3,11.05,2.49,9.65,1.1,2,13.1,Unfastened,TRUE,LOW,normal,1
16:30:00,16,0,9,day,630,LDR001,Loader,OP1034,6110,34,Windy,3.49,911,87.6,48.3,6.7,13.82,2.66,13.07,0.81,1,21,Fastened,FALSE,LOW,normal,1
16:32:00,16,0,9,day,632,LDR001,Loader,OP1034,6110,34,Windy,4.99,1188,89.6,48.2,11.5,9.94,2.77,9.12,0.79,2,23.7,Fastened,FALSE,LOW,normal,1
16:34:00,16,0,9,day,634,LDR001,Loader,OP1034,6110,34,Windy,5.01,1502,90.9,48.1,5.1,12.59,2.76,12.09,0.67,1,5,Unfastened,TRUE,MEDIUM,normal,1
16:36:00,16,0,9,day,636,LDR001,Loader,OP1034,6110,34,Windy,5.01,1845,84.1,48,13.6,10.47,3.8,9.56,1.19,1,16.2,Fastened,FALSE,LOW,normal,1
16:38:00,16,0,9,day,638,LDR001,Loader,OP1034,6110,34,Windy,8.8,1352,84.8,47.9,25.1,10.73,2.64,8.7,0.49,2,22.9,Fastened,FALSE,LOW,normal,1
16:40:00,16,0,9,day,640,LDR001,Loader,OP1034,6110,34,Windy,7.16,1402,83,47.8,15.9,11.48,2.94,10.12,0.66,4,24.4,Fastened,FALSE,LOW,normal,1
16:42:00,16,0,9,day,642,LDR001,Loader,OP1034,6110.1,34,Windy,7.33,1349,86.5,47.7,19.8,14.58,2.82,12.25,0.86,0,31.3,Fastened,FALSE,LOW,normal,1
16:44:00,16,0,9,day,644,LDR001,Loader,OP1034,6110.1,34,Windy,3.35,1969,84.9,47.6,5,11.48,2.64,11.04,0.43,4,23.7,Fastened,FALSE,LOW,normal,1
16:46:00,16,0,9,day,646,LDR001,Loader,OP1034,6110.1,34,Windy,7.04,1523,88,47.4,13.2,12.54,3.21,11.31,0.37,3,17.1,Fastened,FALSE,LOW,normal,1
16:48:00,16,0,9,day,648,LDR001,Loader,OP1034,6110.1,34,Windy,3.39,1388,88.9,47.3,14.5,12.44,2.78,11.04,0.94,1,13.2,Fastened,FALSE,LOW,normal,1
16:50:00,16,0,9,day,650,LDR001,Loader,OP1034,6110.1,34,Windy,7.06,1408,89.3,47.2,15.5,13.77,2.69,12.05,0.74,3,26.3,Fastened,FALSE,LOW,normal,1
16:52:00,16,0,9,day,652,LDR001,Loader,OP1034,6110.1,34,Windy,3.29,893,86.6,47.1,13.5,8,2.96,7.32,1.12,4,12.1,Fastened,FALSE,LOW,normal,1
16:54:00,16,0,9,day,654,LDR001,Loader,OP1034,6110.1,34,Windy,7.28,1382,86.2,47,19,15.25,2.96,12.91,1.07,1,41.9,Fastened,FALSE,LOW,normal,1
16:56:00,16,0,9,day,656,LDR001,Loader,OP1034,6110.1,34,Windy,5.06,1927,88.6,46.9,10.5,12.78,1.95,11.64,0.61,1,21.9,Unfastened,TRUE,LOW,normal,1
16:58:00,16,0,9,day,658,LDR001,Loader,OP1034,6110.1,34,Windy,4.38,2035,86.8,46.8,12.9,8,2.37,7.27,0.77,1,0.5,Fastened,FALSE,MEDIUM,normal,1
17:00:00,17,0,9,day,660,LDR001,Loader,OP1034,6110.1,34,Windy,5.62,1022,90.3,46.7,13,12.09,3.28,10.94,0.62,3,25.4,Fastened,FALSE,LOW,normal,1
17:02:00,17,0,9,day,662,LDR001,Loader,OP1034,6110.2,34,Windy,7.36,1757,87.3,46.6,24.8,10.68,2.16,8.57,0.62,1,19.6,Fastened,FALSE,LOW,normal,1
17:04:00,17,0,9,day,664,LDR001,Loader,OP1034,6110.2,34,Windy,5.17,1580,86.7,46.5,9.3,13.24,3.17,12.3,0.71,2,7.3,Fastened,FALSE,MEDIUM,normal,1
17:06:00,17,0,9,day,666,LDR001,Loader,OP1034,6110.2,34,Windy,5.58,2041,85.4,46.4,5,10.84,2.88,10.44,0,0,14.1,Fastened,FALSE,LOW,normal,1
17:08:00,17,0,9,day,668,LDR001,Loader,OP1034,6110.2,34,Windy,4.48,1385,88.3,46.3,22.4,10.92,3.32,9.22,0.69,4,20,Fastened,FALSE,LOW,normal,1
17:10:00,17,0,9,day,670,LDR001,Loader,OP1034,6110.2,34,Windy,4.2,1363,90.2,46.2,17.6,10.54,3.06,9.22,0.72,4,21.4,Fastened,FALSE,LOW,normal,1
17:12:00,17,0,9,day,672,LDR001,Loader,OP1034,6110.2,34,Windy,2.41,1367,89.2,46,10.1,15.76,3.43,14.51,0.93,2,15.3,Fastened,FALSE,LOW,normal,1
17:14:00,17,0,9,day,674,LDR001,Loader,OP1034,6110.2,34,Windy,5.81,1287,80.7,45.9,9.9,11.98,2.81,11.07,0.94,0,20.9,Fastened,FALSE,LOW,normal,1
17:16:00,17,0,9,day,676,LDR001,Loader,OP1034,6110.2,34,Windy,4.46,1705,85.8,45.8,7.7,12.76,2.88,12,0.73,3,17.1,Fastened,FALSE,LOW,normal,1
17:18:00,17,0,9,day,678,LDR001,Loader,OP1034,6110.2,34,Windy,6.76,1279,89.1,45.7,13.9,14.77,2.73,13.1,0.73,4,21.2,Fastened,FALSE,LOW,normal,1
17:20:00,17,0,9,day,680,LDR001,Loader,OP1034,6110.2,34,Windy,9.15,1301,85,45.6,17.1,13.18,2.42,11.34,1.24,0,20.9,Unfastened,TRUE,LOW,normal,1
17:22:00,17,0,9,day,682,LDR001,Loader,OP1034,6110.3,34,Windy,2.64,1822,87.9,45.5,6.9,11.92,2.59,11.28,0.62,1,32.1,Fastened,FALSE,LOW,normal,1
17:24:00,17,0,9,day,684,LDR001,Loader,OP1034,6110.3,34,Windy,6.34,1772,89.6,45.4,17.4,9.48,3.39,8.42,0.76,0,23,Fastened,FALSE,LOW,normal,1
17:26:00,17,0,9,day,686,LDR001,Loader,OP1034,6110.3,34,Windy,7.22,785,86.5,45.3,13.2,12.87,3.1,11.58,0.37,1,3.2,Fastened,FALSE,MEDIUM,normal,1
17:28:00,17,0,9,day,688,LDR001,Loader,OP1034,6110.3,34,Windy,3.74,1684,88.4,45.1,11.9,15.88,2.71,14.31,1.23,0,17.9,Fastened,FALSE,LOW,normal,1
17:30:00,17,0,9,day,690,LDR001,Loader,OP1034,6110.3,34,Windy,6.99,1052,86.1,45,21.7,12.54,2.76,10.42,0.59,3,8,Fastened,FALSE,LOW,normal,1
17:32:00,17,0,9,day,692,LDR001,Loader,OP1034,6110.3,34,Windy,8.12,1778,91.9,44.9,12.9,15.26,4.21,13.83,1.16,0,15.3,Fastened,FALSE,LOW,normal,1
17:34:00,17,0,9,day,694,LDR001,Loader,OP1034,6110.3,34,Windy,6,1105,91.8,44.7,25.2,14.28,3.91,11.67,0.61,1,28.3,Fastened,FALSE,LOW,normal,1
17:36:00,17,0,9,day,696,LDR001,Loader,OP1034,6110.3,34,Windy,8.38,972,90.5,44.6,20.8,14.89,2.81,12.38,0.78,2,20.6,Fastened,FALSE,LOW,normal,1
17:38:00,17,0,9,day,698,LDR001,Loader,OP1034,6110.3,34,Windy,5.47,1416,88.6,44.5,5,10.29,2.74,9.91,0.75,0,13.6,Fastened,FALSE,LOW,normal,1
17:40:00,17,0,9,day,700,LDR001,Loader,OP1034,6110.3,34,Windy,8.84,1286,90,44.4,10.9,10.45,2.31,9.56,0.67,1,21.5,Fastened,FALSE,LOW,normal,1
17:42:00,17,0,9,day,702,LDR001,Loader,OP1034,6110.4,34,Windy,8.29,1665,89.5,44.3,27.2,10.94,3.65,8.96,0.59,2,13.4,Fastened,FALSE,LOW,normal,1
17:44:00,17,0,9,day,704,LDR001,Loader,OP1034,6110.4,34,Windy,5.68,1797,88.6,44.2,19.8,10.49,2.66,8.94,0.6,2,22.3,Unfastened,TRUE,LOW,normal,1
17:46:00,17,0,9,day,706,LDR001,Loader,OP1034,6110.4,34,Windy,4.12,1347,83.4,44.1,22.8,14.26,3.28,11.76,0.04,2,6.6,Fastened,FALSE,MEDIUM,normal,1
17:48:00,17,0,9,day,708,LDR001,Loader,OP1034,6110.4,34,Windy,4.83,1408,86.9,44,12.8,10.07,3.19,9.19,1.12,1,37,Fastened,FALSE,LOW,normal,1
17:50:00,17,0,9,day,710,LDR001,Loader,OP1034,6110.4,34,Windy,6.57,1338,85.8,44,18.6,9.17,3.11,8.04,0.53,1,5.8,Fastened,FALSE,MEDIUM,normal,1
17:52:00,17,0,9,day,712,LDR001,Loader,OP1034,6110.4,34,Windy,6.37,1567,91.9,43.9,19.7,10.07,2.74,8.63,0.46,4,16.2,Fastened,FALSE,LOW,normal,1
17:54:00,17,0,9,day,714,LDR001,Loader,OP1034,6110.4,34,Windy,5.9,1559,88,43.8,17.3,11.07,3.07,9.69,0.86,2,15,Fastened,FALSE,LOW,normal,1
17:56:00,17,0,9,day,716,LDR001,Loader,OP1034,6110.4,34,Windy,2.94,1130,86.3,43.7,17.4,9.57,3.11,8.45,0.28,2,23.3,Fastened,FALSE,LOW,normal,1
17:58:00,17,0,9,day,718,LDR001,Loader,OP1034,6110.4,34,Windy,5.75,1533,84.2,43.6,17.8,11.52,3.46,10.09,0.91,0,16.2,Unfastened,TRUE,LOW,normal,1
18:00:00,18,0,1,night,0,EXC007,Excavator,OP1003,3558,22.8,Sunny,6.69,1275,22.8,89.1,5,12.1,3.2,11.65,0.43,0,24.7,Fastened,FALSE,LOW,normal,1
18:02:00,18,0,1,night,2,EXC007,Excavator,OP1003,3558.1,22.8,Sunny,2.96,1393,27.9,89,5,9.41,1.94,9.04,0.82,1,17.1,Fastened,FALSE,LOW,normal,1
18:04:00,18,0,1,night,4,EXC007,Excavator,OP1003,3558.1,22.8,Sunny,4.71,1543,33,88.9,6.5,11.05,3.3,10.55,0.84,2,20.2,Fastened,FALSE,LOW,normal,1
18:06:00,18,0,1,night,6,EXC007,Excavator,OP1003,3558.1,22.8,Sunny,5.82,1562,38.2,88.8,6.7,14.86,2.81,14.05,0.51,3,19.6,Fastened,FALSE,LOW,normal,1
18:08:00,18,0,1,night,8,EXC007,Excavator,OP1003,3558.1,22.8,Sunny,8.69,1611,43.3,88.7,5,9.25,3.62,8.97,0.44,2,10.1,Fastened,FALSE,LOW,normal,1
18:10:00,18,0,1,night,10,EXC007,Excavator,OP1003,3558.1,22.8,Sunny,5.99,1771,48.5,88.6,5.2,12.5,3.51,12.03,0.62,1,1.9,Fastened,TRUE,HIGH,normal,1
18:12:00,18,0,1,night,12,EXC007,Excavator,OP1003,3558.1,22.8,Sunny,5.11,1406,53.6,88.5,6.9,9.48,2.34,8.99,0.99,1,12.3,Fastened,FALSE,LOW,normal,1
18:14:00,18,0,1,night,14,EXC007,Excavator,OP1003,3558.1,22.8,Sunny,2.55,1919,58.7,88.4,5,12.39,3.01,11.92,0.5,1,18.7,Fastened,FALSE,LOW,normal,1
18:16:00,18,0,1,night,16,EXC007,Excavator,OP1003,3558.1,22.8,Sunny,3.63,979,63.9,88.3,5,13.4,2.35,12.85,0.54,0,30.3,Fastened,FALSE,LOW,normal,1
18:18:00,18,0,1,night,18,EXC007,Excavator,OP1003,3558.1,22.8,Sunny,5.83,1692,69,88.2,10.7,10.79,3.36,9.99,0.52,0,16.9,Fastened,FALSE,LOW,normal,1
18:20:00,18,0,1,night,20,EXC007,Excavator,OP1003,3558.2,22.8,Sunny,11.07,1041,74.2,88.2,14,11.41,3.92,10.36,0.99,2,14.2,Fastened,FALSE,LOW,normal,1
18:22:00,18,0,1,night,22,EXC007,Excavator,OP1003,3558.2,22.8,Sunny,5.23,1876,79.3,88.1,5,9.78,2.85,9.43,0.76,1,26,Fastened,FALSE,LOW,normal,1
18:24:00,18,0,1,night,24,EXC007,Excavator,OP1003,3558.2,22.8,Sunny,8.19,1173,84.4,88,5,11.89,3.34,11.46,0.57,4,18.5,Fastened,FALSE,LOW,normal,1
18:26:00,18,0,1,night,26,EXC007,Excavator,OP1003,3558.2,22.8,Sunny,7.49,1230,88.6,87.9,15.5,13.24,2.81,11.62,0.54,0,9.2,Fastened,FALSE,LOW,normal,1
18:28:00,18,0,1,night,28,EXC007,Excavator,OP1003,3558.2,22.8,Sunny,5.35,1512,89,87.8,6.6,8.72,3.23,8.36,0.62,2,13.9,Fastened,FALSE,LOW,normal,1
18:30:00,18,0,1,night,30,EXC007,Excavator,OP1003,3558.2,22.8,Sunny,5.33,1193,90.3,87.7,16.5,14.95,3.09,12.99,0.7,1,24.3,Fastened,FALSE,LOW,normal,1
18:32:00,18,0,1,night,32,EXC007,Excavator,OP1003,3558.2,22.8,Sunny,4.56,1453,88.6,87.6,7,12.65,3.83,12.03,0.33,3,6.9,Fastened,FALSE,MEDIUM,normal,1
18:34:00,18,0,1,night,34,EXC007,Excavator,OP1003,3558.2,22.8,Sunny,2.64,1594,81.1,87.5,14.6,13.8,1.57,12.01,0.62,4,15,Fastened,FALSE,LOW,normal,1
18:36:00,18,0,1,night,36,EXC007,Excavator,OP1003,3558.2,22.8,Sunny,4.85,1104,86.6,87.4,7.6,14.69,3.17,13.81,0.87,3,18.7,Fastened,FALSE,LOW,normal,1
18:38:00,18,0,1,night,38,EXC007,Excavator,OP1003,3558.2,22.8,Sunny,2.19,1542,87.3,87.3,13.4,10.5,3.39,9.55,0.42,4,21.7,Fastened,FALSE,LOW,normal,1
18:40:00,18,0,1,night,40,EXC007,Excavator,OP1003,3558.3,22.8,Sunny,6.38,1108,83.6,87.2,5,11.25,3.05,10.84,0.93,2,18.6,Fastened,FALSE,LOW,normal,1
18:42:00,18,0,1,night,42,EXC007,Excavator,OP1003,3558.3,22.8,Sunny,5.15,1735,89.6,87.1,5,10.12,3.13,9.77,0,0,1,Fastened,TRUE,HIGH,normal,1
18:44:00,18,0,1,night,44,EXC007,Excavator,OP1003,3558.3,22.8,Sunny,4.09,2600,78.3,87.1,5,10.21,3.14,9.86,0.43,3,0.6,Fastened,FALSE,MEDIUM,normal,1
18:46:00,18,0,1,night,46,EXC007,Excavator,OP1003,3558.3,22.8,Sunny,7.4,1200,85,86.9,5,13.45,2.9,12.92,0.54,0,23.3,Fastened,FALSE,LOW,normal,1
18:48:00,18,0,1,night,48,EXC007,Excavator,OP1003,3558.3,22.8,Sunny,8.04,1593,84.9,86.8,5,12.95,2.98,12.45,0.72,1,14.1,Fastened,FALSE,LOW,normal,1
18:50:00,18,0,1,night,50,EXC007,Excavator,OP1003,3558.3,22.8,Sunny,5.23,1415,87.4,86.8,5,11.11,3.23,10.72,0.64,2,23.8,Fastened,FALSE,LOW,normal,1
18:52:00,18,0,1,night,52,EXC007,Excavator,OP1003,3558.3,22.8,Sunny,4.89,1788,88,86.7,7.9,10.81,3.05,10.2,1.04,0,15.3,Fastened,FALSE,LOW,normal,1
18:54:00,18,0,1,night,54,EXC007,Excavator,OP1003,3558.3,22.8,Sunny,3.98,1215,85.4,86.6,5,8.87,3.19,8.59,0.82,0,19.3,Fastened,FALSE,LOW,normal,1
18:56:00,18,0,1,night,56,EXC007,Excavator,OP1003,3558.3,22.8,Sunny,3.73,1535,83.5,86.5,5,13.89,3.93,13.39,0.81,0,26.3,Fastened,FALSE,LOW,normal,1
18:58:00,18,0,1,night,58,EXC007,Excavator,OP1003,3558.3,22.8,Sunny,5.74,1702,86.7,86.4,5,12.49,2.78,12,0.39,1,34.9,Fastened,FALSE,LOW,normal,1
19:00:00,19,0,1,night,60,EXC007,Excavator,OP1003,3558.4,22.8,Sunny,3.21,1695,88.9,86.3,10.3,10.08,2.71,9.32,0.79,2,13.3,Fastened,FALSE,LOW,normal,1
19:02:00,19,0,1,night,62,EXC007,Excavator,OP1003,3558.4,22.8,Sunny,6.9,1344,86.7,86.2,10.7,9.05,3.95,8.5,0.67,1,19.9,Fastened,FALSE,LOW,normal,1
19:04:00,19,0,1,night,64,EXC007,Excavator,OP1003,3558.4,22.8,Sunny,4.84,1620,89.6,86.2,14,9.62,3.53,8.77,0.98,1,20.9,Fastened,FALSE,LOW,normal,1
19:06:00,19,0,1,night,66,EXC007,Excavator,OP1003,3558.4,22.8,Sunny,5.18,1455,83.7,86.1,5,11.77,2.32,11.3,1.19,0,20.5,Fastened,FALSE,LOW,normal,1
19:08:00,19,0,1,night,68,EXC007,Excavator,OP1003,3558.4,22.8,Sunny,5.74,1579,88.9,86,5,9.1,3.25,8.81,0.98,4,23.5,Fastened,FALSE,LOW,normal,1
19:10:00,19,0,1,night,70,EXC007,Excavator,OP1003,3558.4,22.8,Sunny,7.07,1486,87.2,85.9,5,11.31,3.15,10.9,0.63,0,29.5,Fastened,FALSE,LOW,normal,1
19:12:00,19,0,1,night,72,EXC007,Excavator,OP1003,3558.4,22.8,Sunny,5,1042,85.5,85.8,5,12.24,2.54,11.76,0.82,4,10.4,Fastened,FALSE,LOW,normal,1
19:14:00,19,0,1,night,74,EXC007,Excavator,OP1003,3558.4,22.8,Sunny,3.88,1146,87.3,85.7,5.7,10.78,2.88,10.33,0.62,4,5.5,Fastened,FALSE,MEDIUM,normal,1
19:16:00,19,0,1,night,76,EXC007,Excavator,OP1003,3558.4,22.8,Sunny,5.17,1217,87.1,85.6,5,12.08,3.36,11.64,0.83,0,7.2,Fastened,FALSE,MEDIUM,normal,1
19:18:00,19,0,1,night,78,EXC007,Excavator,OP1003,3558.4,22.8,Sunny,4.25,1219,84.6,85.5,5,10.28,2.8,9.91,0.35,3,19.8,Fastened,FALSE,LOW,normal,1
19:20:00,19,0,1,night,80,EXC007,Excavator,OP1003,3558.5,22.8,Sunny,4.51,1225,88,85.4,5,12.52,4.05,12.1,0.29,2,20.5,Fastened,FALSE,LOW,normal,1
19:22:00,19,0,1,night,82,EXC007,Excavator,OP1003,3558.5,22.8,Sunny,5.41,1495,82.7,85.4,5,10.01,3.53,9.69,0.78,0,20.7,Unfastened,TRUE,LOW,normal,1
19:24:00,19,0,1,night,84,EXC007,Excavator,OP1003,3558.5,22.8,Sunny,7.84,949,85.3,85.3,5,14.01,3.02,13.46,0.79,4,24,Unfastened,TRUE,LOW,normal,1
19:26:00,19,0,1,night,86,EXC007,Excavator,OP1003,3558.5,22.8,Sunny,2.7,1394,85.2,85.1,5,13.3,3.31,12.8,0.22,3,9.8,Fastened,FALSE,LOW,normal,1
19:28:00,19,0,1,night,88,EXC007,Excavator,OP1003,3558.5,22.8,Sunny,5.53,1577,90.4,85.1,8.2,10.27,3.46,9.71,0.95,3,23.2,Unfastened,TRUE,LOW,normal,1
19:30:00,19,0,1,night,90,EXC007,Excavator,OP1003,3558.5,22.8,Sunny,5.56,1529,84.6,84.9,5,17,2.88,16.29,0.4,0,12.7,Fastened,FALSE,LOW,normal,1
19:32:00,19,0,1,night,92,EXC007,Excavator,OP1003,3558.5,22.8,Sunny,5.06,1734,87,84.8,8.6,10.88,2.84,10.19,0.35,3,27.6,Fastened,FALSE,LOW,normal,1
19:34:00,19,0,1,night,94,EXC007,Excavator,OP1003,3558.5,22.8,Sunny,5.81,1383,85.8,84.7,5,12.56,2.87,12.08,0.98,0,20.9,Fastened,FALSE,LOW,normal,1
19:36:00,19,0,1,night,96,EXC007,Excavator,OP1003,3558.5,22.8,Sunny,7.97,1130,80.6,84.6,5,13.18,3.08,12.67,0.91,0,26.1,Fastened,FALSE,LOW,normal,1
19:38:00,19,0,1,night,98,EXC007,Excavator,OP1003,3558.5,22.8,Sunny,3.91,1683,85.7,84.6,14,8.79,3,7.98,0.66,4,12.8,Fastened,FALSE,LOW,normal,1
19:40:00,19,0,1,night,100,EXC007,Excavator,OP1003,3558.6,22.8,Sunny,4.13,1548,91.3,84.5,5,10.59,4.08,10.26,1.02,3,19.2,Unfastened,TRUE,LOW,normal,1
19:42:00,19,0,1,night,102,EXC007,Excavator,OP1003,3558.6,22.8,Sunny,6.54,1750,90.5,84.4,8.5,10.21,2.19,9.53,0.49,1,20.5,Fastened,FALSE,LOW,normal,1
19:44:00,19,0,1,night,104,EXC007,Excavator,OP1003,3558.6,22.8,Sunny,8.91,1555,88.3,84.3,8.4,11.73,2.43,10.95,1,4,21.2,Fastened,FALSE,LOW,normal,1
19:46:00,19,0,1,night,106,EXC007,Excavator,OP1003,3558.6,22.8,Sunny,5.45,1087,85.6,84.2,5,13.44,3.33,12.93,0.97,2,13.7,Fastened,FALSE,LOW,normal,1
19:48:00,19,0,1,night,108,EXC007,Excavator,OP1003,3558.6,22.8,Sunny,4.46,1504,94.1,84.1,5,11.46,3.81,11.08,0.4,2,9.4,Fastened,FALSE,LOW,normal,1
19:50:00,19,0,1,night,110,EXC007,Excavator,OP1003,3558.6,22.8,Sunny,3.68,1525,87.7,84,5,14.53,3.06,13.96,0.72,1,26.9,Fastened,FALSE,LOW,normal,1
19:52:00,19,0,1,night,112,EXC007,Excavator,OP1003,3558.6,22.8,Sunny,5.81,1033,86.5,83.9,14.1,13.43,2.65,11.91,0.89,0,22.9,Fastened,FALSE,LOW,normal,1
19:54:00,19,0,1,night,114,EXC007,Excavator,OP1003,3558.6,22.8,Sunny,5.66,2049,85.4,83.8,11.3,12.86,3.01,11.75,0.49,3,9.8,Fastened,FALSE,LOW,normal,1
19:56:00,19,0,1,night,116,EXC007,Excavator,OP1003,3558.6,22.8,Sunny,2.34,1742,84.5,83.7,5,9.83,3.17,9.5,0.81,4,17.7,Fastened,FALSE,LOW,normal,1
19:58:00,19,0,1,night,118,EXC007,Excavator,OP1003,3558.6,22.8,Sunny,5.82,1141,84.3,83.6,10.5,11.39,2.17,10.42,1.11,2,16.3,Fastened,FALSE,LOW,normal,1
20:00:00,20,0,1,night,120,EXC007,Excavator,OP1003,3558.7,22.8,Sunny,7.47,1369,84.8,83.5,7.6,14.89,2.59,13.96,1,1,20.9,Fastened,FALSE,LOW,normal,1
20:02:00,20,0,1,night,122,EXC007,Excavator,OP1003,3558.7,22.8,Sunny,7.36,945,87.3,83.4,5,12.24,3.08,11.78,0.69,2,16.2,Fastened,FALSE,LOW,normal,1
20:04:00,20,0,1,night,124,EXC007,Excavator,OP1003,3558.7,22.8,Sunny,7.02,1558,82.7,83.3,5.5,13.18,3.3,12.64,0.58,1,8.4,Fastened,FALSE,LOW,normal,1
20:06:00,20,0,1,night,126,EXC007,Excavator,OP1003,3558.7,22.8,Sunny,9.53,1214,84.3,83.2,7.8,10.32,3.62,9.8,0.48,3,14.1,Fastened,FALSE,LOW,normal,1
20:08:00,20,0,1,night,128,EXC007,Excavator,OP1003,3558.7,22.8,Sunny,5.76,1194,84.1,83.1,5,13.82,3.1,13.28,1.26,0,12.9,Fastened,FALSE,LOW,normal,1
20:10:00,20,0,1,night,130,EXC007,Excavator,OP1003,3558.7,22.8,Sunny,4.81,1260,86.1,83,5,10.5,3.74,10.16,0.09,1,31,Fastened,FALSE,LOW,normal,1
20:12:00,20,0,1,night,132,EXC007,Excavator,OP1003,3558.7,22.8,Sunny,6.84,1124,89.5,82.9,10.1,14.49,2.94,13.32,1.02,0,3,Unfastened,TRUE,MEDIUM,normal,1
20:14:00,20,0,1,night,134,EXC007,Excavator,OP1003,3558.7,22.8,Sunny,5.77,1028,89.8,82.8,11.7,12.5,2.24,11.3,0.5,0,17.8,Fastened,FALSE,LOW,normal,1
20:16:00,20,0,1,night,136,EXC007,Excavator,OP1003,3558.7,22.8,Sunny,7.73,1205,88.8,82.7,5,12.41,3.1,11.94,0.33,2,4.5,Fastened,FALSE,MEDIUM,normal,1
20:18:00,20,0,1,night,138,EXC007,Excavator,OP1003,3558.7,22.8,Sunny,8.69,2443,89,82.6,12.3,14.04,3.5,12.74,0.95,1,27.3,Fastened,FALSE,LOW,normal,1
20:20:00,20,0,1,night,140,EXC007,Excavator,OP1003,3558.8,22.8,Sunny,8.54,1201,83.5,82.5,5,10.86,2.29,10.43,0.82,3,11.5,Fastened,FALSE,LOW,normal,1
20:22:00,20,0,1,night,142,EXC007,Excavator,OP1003,3558.8,22.8,Sunny,7.58,1048,80.6,82.5,5,10.53,1.95,10.1,1.08,1,23.4,Fastened,FALSE,LOW,normal,1
20:24:00,20,0,1,night,144,EXC007,Excavator,OP1003,3558.8,22.8,Sunny,4.63,1367,84.5,82.4,5,12.27,3.22,11.82,0.63,0,15.9,Fastened,FALSE,LOW,normal,1
20:26:00,20,0,1,night,146,EXC007,Excavator,OP1003,3558.8,22.8,Sunny,4.03,1548,85.5,82.2,5,14.51,3.28,13.95,0.53,4,21.2,Unfastened,TRUE,LOW,normal,1
20:28:00,20,0,1,night,148,EXC007,Excavator,OP1003,3558.8,22.8,Sunny,5.25,1061,85.2,82.2,9.5,10.87,2.43,10.07,1.34,1,17.4,Fastened,FALSE,LOW,normal,1
20:30:00,20,0,1,night,150,EXC007,Excavator,OP1003,3558.8,22.8,Sunny,6.92,1767,87.2,82,5,13.46,2.77,12.93,0.54,3,29.4,Fastened,FALSE,LOW,normal,1
20:32:00,20,0,1,night,152,EXC007,Excavator,OP1003,3558.8,22.8,Sunny,5.66,1442,84.4,82,5,11.57,3.08,11.15,0.26,3,25,Fastened,FALSE,LOW,normal,1
20:34:00,20,0,1,night,154,EXC007,Excavator,OP1003,3558.8,22.8,Sunny,3.19,1581,90.2,81.8,5,14.61,3.86,14.07,0.84,2,6.3,Fastened,FALSE,MEDIUM,normal,1
20:36:00,20,0,1,night,156,EXC007,Excavator,OP1003,3558.8,22.8,Sunny,5.67,1434,85.2,81.7,5,12.39,3.04,11.92,0.57,3,5,Fastened,FALSE,MEDIUM,normal,1
20:38:00,20,0,1,night,158,EXC007,Excavator,OP1003,3558.9,22.8,Sunny,7.68,1779,90.6,81.6,5,12.79,2.75,12.29,0.58,0,21,Fastened,FALSE,LOW,normal,1
20:40:00,20,0,1,night,160,EXC007,Excavator,OP1003,3558.9,22.8,Sunny,4.83,1739,88.3,81.5,5,11.83,3.12,11.39,0.79,2,15.3,Unfastened,TRUE,LOW,normal,1
20:42:00,20,0,1,night,162,EXC007,Excavator,OP1003,3558.9,22.8,Sunny,6.73,1595,84.7,81.5,5,11.34,3.7,10.96,0.44,1,30.8,Fastened,FALSE,LOW,normal,1
20:44:00,20,0,1,night,164,EXC007,Excavator,OP1003,3558.9,22.8,Sunny,5.05,1363,83.4,81.4,16.8,11.55,3.25,10.16,0.82,0,1.5,Fastened,TRUE,HIGH,normal,1
20:46:00,20,0,1,night,166,EXC007,Excavator,OP1003,3558.9,22.8,Sunny,5.35,1566,89.1,81.3,5,9.57,3.54,9.27,0.53,2,19.4,Fastened,FALSE,LOW,normal,1
20:48:00,20,0,1,night,168,EXC007,Excavator,OP1003,3558.9,22.8,Sunny,5.53,1359,93,81.2,16.8,12.1,2.51,10.49,0.7,0,21.7,Fastened,FALSE,LOW,normal,1
20:50:00,20,0,1,night,170,EXC007,Excavator,OP1003,3558.9,22.8,Sunny,5.85,1477,85.3,81.1,5,12.15,2.65,11.68,0.68,4,35.3,Fastened,FALSE,LOW,normal,1
20:52:00,20,0,1,night,172,EXC007,Excavator,OP1003,3558.9,22.8,Sunny,5.08,1465,85,81,14.8,13.8,2.97,12.2,0.79,2,17.2,Fastened,FALSE,LOW,normal,1
20:54:00,20,0,1,night,174,EXC007,Excavator,OP1003,3558.9,22.8,Sunny,6.08,1096,91,80.9,6.5,14.19,2.76,13.45,0.75,3,13.1,Fastened,FALSE,LOW,normal,1
20:56:00,20,0,1,night,176,EXC007,Excavator,OP1003,3558.9,22.8,Sunny,4.81,1583,90.7,80.8,17.3,13.97,3.86,12.22,0.63,2,1.9,Unfastened,TRUE,MEDIUM,normal,1
20:58:00,20,0,1,night,178,EXC007,Excavator,OP1003,3559,22.8,Sunny,7.61,1042,91.9,80.7,16.8,11.93,3.57,10.53,1.34,3,15.1,Fastened,FALSE,LOW,normal,1
21:00:00,21,0,1,night,180,EXC007,Excavator,OP1003,3559,22.8,Sunny,6.51,1280,89.3,80.6,9.3,13.54,3.76,12.63,0.69,0,6.2,Fastened,FALSE,MEDIUM,normal,1
21:02:00,21,0,1,night,182,EXC007,Excavator,OP1003,3559,22.8,Sunny,4.54,1375,82.5,80.5,5,13.46,2.88,12.93,0.8,3,28.2,Fastened,FALSE,LOW,normal,1
21:04:00,21,0,1,night,184,EXC007,Excavator,OP1003,3559,22.8,Sunny,3.78,1207,86.9,80.4,16.8,11.44,3.55,10.11,1.09,0,17.4,Fastened,FALSE,LOW,normal,1
21:06:00,21,0,1,night,186,EXC007,Excavator,OP1003,3559,22.8,Sunny,5.41,993,83.6,80.3,8.9,8,2.63,7.52,0.58,3,33.5,Fastened,FALSE,LOW,normal,1
21:08:00,21,0,1,night,188,EXC007,Excavator,OP1003,3559,22.8,Sunny,3.93,1355,89.9,80.3,9.9,10.77,3.37,10.04,1.22,3,16.8,Fastened,FALSE,LOW,normal,1
21:10:00,21,0,1,night,190,EXC007,Excavator,OP1003,3559,22.8,Sunny,4.46,1237,85.4,80.2,5,10.65,2.99,10.27,1.02,3,32.2,Fastened,FALSE,LOW,normal,1
21:12:00,21,0,1,night,192,EXC007,Excavator,OP1003,3559,22.8,Sunny,6.13,1712,86.6,80.1,5,12.67,2.45,12.16,0.89,3,16.7,Fastened,FALSE,LOW,normal,1
21:14:00,21,0,1,night,194,EXC007,Excavator,OP1003,3559,22.8,Sunny,5.16,1620,87.7,80,5.7,11.75,2.93,11.25,0.92,2,11.8,Fastened,FALSE,LOW,normal,1
21:16:00,21,0,1,night,196,EXC007,Excavator,OP1003,3559,22.8,Sunny,5.55,1886,92.8,79.9,13,14.45,3.22,12.99,0.17,4,14.8,Fastened,FALSE,LOW,normal,1
21:18:00,21,0,1,night,198,EXC007,Excavator,OP1003,3559.1,22.8,Sunny,3.47,1249,85.9,79.8,7.4,14.55,2.72,13.67,0.48,1,19.3,Fastened,FALSE,LOW,normal,1
21:20:00,21,0,1,night,200,EXC007,Excavator,OP1003,3559.1,22.8,Sunny,5.86,861,89.8,79.7,13.3,12.2,2.65,10.93,0.77,3,12.3,Fastened,FALSE,LOW,normal,1
21:22:00,21,0,1,night,202,EXC007,Excavator,OP1003,3559.1,22.8,Sunny,4.86,1366,85.2,79.6,9.6,12.99,3.08,12.04,1.02,0,10.9,Fastened,FALSE,LOW,normal,1
21:24:00,21,0,1,night,204,EXC007,Excavator,OP1003,3559.1,22.8,Sunny,7.27,1241,89.7,79.4,5,14.27,2.73,13.69,0.29,3,26.2,Fastened,FALSE,LOW,normal,1
21:26:00,21,0,1,night,206,EXC007,Excavator,OP1003,3559.1,22.8,Sunny,6.97,1551,83.5,79.4,5,8.38,3.42,8.13,0.61,0,23.2,Fastened,FALSE,LOW,normal,1
21:28:00,21,0,1,night,208,EXC007,Excavator,OP1003,3559.1,22.8,Sunny,2.5,1318,87,79.3,5,12,3.56,11.58,0.65,4,9.1,Fastened,FALSE,LOW,normal,1
21:30:00,21,0,1,night,210,EXC007,Excavator,OP1003,3559.1,22.8,Sunny,4.68,1084,92,79.2,5.1,15.12,2.65,14.48,0.55,4,24.8,Fastened,FALSE,LOW,normal,1
21:32:00,21,0,1,night,212,EXC007,Excavator,OP1003,3559.1,22.8,Sunny,3.48,1775,88.6,79.1,5,12.84,2.82,12.34,0.52,0,29.4,Fastened,FALSE,LOW,normal,1
21:34:00,21,0,1,night,214,EXC007,Excavator,OP1003,3559.1,22.8,Sunny,6.24,1974,83.5,79,5,13.32,2.81,12.79,1.49,4,20.4,Fastened,FALSE,LOW,normal,1
21:36:00,21,0,1,night,216,EXC007,Excavator,OP1003,3559.1,22.8,Sunny,2.63,1197,87.7,78.9,5,11.64,3.24,11.22,0.98,4,18.8,Fastened,FALSE,LOW,normal,1
21:38:00,21,0,1,night,218,EXC007,Excavator,OP1003,3559.2,22.8,Sunny,5.8,1572,90.7,78.8,5,8.64,4.01,8.41,0.54,3,18.5,Fastened,FALSE,LOW,normal,1
21:40:00,21,0,1,night,220,EXC007,Excavator,OP1003,3559.2,22.8,Sunny,9.04,1329,82,78.7,6.6,12.15,3.48,11.58,1.2,0,18.6,Fastened,FALSE,LOW,normal,1
21:42:00,21,0,1,night,222,EXC007,Excavator,OP1003,3559.2,22.8,Sunny,6.59,1413,90.9,78.6,10.8,12.16,3.15,11.19,0.67,3,20.4,Fastened,FALSE,LOW,normal,1
21:44:00,21,0,1,night,224,EXC007,Excavator,OP1003,3559.2,22.8,Sunny,5.22,1730,87.1,78.5,5,13.8,2.4,13.23,0.73,0,21,Fastened,FALSE,LOW,normal,1
21:46:00,21,0,1,night,226,EXC007,Excavator,OP1003,3559.2,22.8,Sunny,8.2,1636,86.7,78.4,5,13.77,2.94,13.23,0.7,1,29.2,Fastened,FALSE,LOW,normal,1
21:48:00,21,0,1,night,228,EXC007,Excavator,OP1003,3559.2,22.8,Sunny,5.46,1376,91.1,78.3,9.4,10.4,3.02,9.71,0.88,3,14.6,Fastened,FALSE,LOW,normal,1
21:50:00,21,0,1,night,230,EXC007,Excavator,OP1003,3559.2,22.8,Sunny,5.14,1623,87.2,78.2,14.4,12.61,2.85,11.2,0.56,2,24.7,Fastened,FALSE,LOW,normal,1
21:52:00,21,0,1,night,232,EXC007,Excavator,OP1003,3559.2,22.8,Sunny,2.09,1050,91.5,78.1,6.8,10.65,1.93,10.06,0.51,1,11.5,Fastened,FALSE,LOW,normal,1
21:54:00,21,0,1,night,234,EXC007,Excavator,OP1003,3559.2,22.8,Sunny,4.19,1599,92.8,78,5,10.33,2.38,9.93,0.31,3,14.4,Fastened,FALSE,LOW,normal,1
21:56:00,21,0,1,night,236,EXC007,Excavator,OP1003,3559.2,22.8,Sunny,4.39,1566,87.8,77.9,5,14.13,3.81,13.61,1.06,2,15.7,Fastened,FALSE,LOW,normal,1
21:58:00,21,0,1,night,238,EXC007,Excavator,OP1003,3559.3,22.8,Sunny,5.97,1425,85,77.8,5.5,13.88,2.85,13.27,1.01,3,20.1,Fastened,FALSE,LOW,normal,1
22:00:00,22,0,1,night,240,EXC007,Excavator,OP1003,3559.3,22.8,Sunny,2.54,1233,87.7,77.7,5,15.4,3.22,14.79,0.89,1,14.7,Fastened,FALSE,LOW,normal,1
22:02:00,22,0,1,night,242,EXC007,Excavator,OP1003,3559.3,22.8,Sunny,10.63,1724,84.5,77.6,9.6,8.2,2.71,7.67,1.02,3,1.2,Fastened,TRUE,HIGH,proximity_breach,-1
22:04:00,22,0,1,night,244,EXC007,Excavator,OP1003,3559.3,22.8,Sunny,7.92,1181,90.7,77.5,7.6,13.4,3.19,12.62,0.32,2,1.7,Fastened,TRUE,HIGH,proximity_breach,-1
22:06:00,22,0,1,night,246,EXC007,Excavator,OP1003,3559.3,22.8,Sunny,7.21,1357,87.7,77.4,6,13.55,3.5,12.95,0.62,1,0.8,Fastened,TRUE,HIGH,proximity_breach,-1
22:08:00,22,0,1,night,248,EXC007,Excavator,OP1003,3559.3,22.8,Sunny,6.61,1096,87.8,77.3,5.2,9.72,2.74,9.36,0.32,2,2.3,Fastened,TRUE,HIGH,proximity_breach,-1
22:10:00,22,0,1,night,250,EXC007,Excavator,OP1003,3559.3,22.8,Sunny,6.02,1464,88.7,77.2,5,14.72,2.9,14.13,0.51,4,2.1,Fastened,TRUE,HIGH,proximity_breach,-1
22:12:00,22,0,1,night,252,EXC007,Excavator,OP1003,3559.3,22.8,Sunny,6.91,1305,89.2,77.1,7.2,14.31,3.27,13.52,1.2,4,3.2,Fastened,FALSE,MEDIUM,proximity_breach,-1
22:14:00,22,0,1,night,254,EXC007,Excavator,OP1003,3559.3,22.8,Sunny,6.3,1319,85.3,77,6.3,12.31,3.09,11.73,0.24,2,1.6,Fastened,TRUE,HIGH,proximity_breach,-1
22:16:00,22,0,1,night,256,EXC007,Excavator,OP1003,3559.3,22.8,Sunny,6.12,1766,85.4,76.9,5,15.44,3.5,14.84,0.48,2,0.7,Unfastened,TRUE,HIGH,proximity_breach,-1
22:18:00,22,0,1,night,258,EXC007,Excavator,OP1003,3559.4,22.8,Sunny,8.98,1104,86.8,76.8,13.8,12.48,4.1,11.32,0.71,1,0.5,Fastened,TRUE,HIGH,proximity_breach,-1
22:20:00,22,0,1,night,260,EXC007,Excavator,OP1003,3559.4,22.8,Sunny,6.59,894,86.1,76.7,11.1,10.4,2.58,9.53,0.73,1,2.6,Fastened,TRUE,HIGH,proximity_breach,-1
22:22:00,22,0,1,night,262,EXC007,Excavator,OP1003,3559.4,22.8,Sunny,7.28,1541,91.3,76.6,14.1,13.2,2.87,11.74,0.96,3,1.7,Fastened,TRUE,HIGH,proximity_breach,-1
22:24:00,22,0,1,night,264,EXC007,Excavator,OP1003,3559.4,22.8,Sunny,5.48,1315,87.3,76.5,8.9,9.05,3.33,8.54,1.05,3,2.7,Fastened,TRUE,HIGH,proximity_breach,-1
22:26:00,22,0,1,night,266,EXC007,Excavator,OP1003,3559.4,22.8,Sunny,5.39,1339,82.4,76.4,7.2,12.81,2.87,12.09,0.35,2,1.7,Fastened,TRUE,HIGH,proximity_breach,-1
22:28:00,22,0,1,night,268,EXC007,Excavator,OP1003,3559.4,22.8,Sunny,8.27,1603,85.8,76.3,16.3,12.67,2.84,11.07,0.58,2,3.2,Fastened,FALSE,MEDIUM,proximity_breach,-1
22:30:00,22,0,1,night,270,EXC007,Excavator,OP1003,3559.4,22.8,Sunny,8.24,1050,89.3,76.3,13.8,12.03,2.89,10.77,0.31,0,2.5,Fastened,TRUE,HIGH,proximity_breach,-1
22:32:00,22,0,1,night,272,EXC007,Excavator,OP1003,3559.4,22.8,Sunny,8.33,1572,83.2,76.2,5,13.31,3.36,12.81,1.05,2,10.6,Unfastened,TRUE,LOW,normal,1
22:34:00,22,0,1,night,274,EXC007,Excavator,OP1003,3559.4,22.8,Sunny,4.8,976,90.4,76.1,11,12.35,3.29,11.35,0.5,3,21.5,Fastened,FALSE,LOW,normal,1
22:36:00,22,0,1,night,276,EXC007,Excavator,OP1003,3559.4,22.8,Sunny,5.63,1278,87.6,76,9.6,10.49,2.45,9.72,0.06,1,15.2,Fastened,FALSE,LOW,normal,1
22:38:00,22,0,1,night,278,EXC007,Excavator,OP1003,3559.5,22.8,Sunny,4.85,1386,82.1,75.9,5,13.54,2.91,13.01,0.28,0,13,Unfastened,TRUE,LOW,normal,1
22:40:00,22,0,1,night,280,EXC007,Excavator,OP1003,3559.5,22.8,Sunny,4,1116,89.7,75.8,5,10.49,2.7,10.1,0.66,2,17.8,Fastened,FALSE,LOW,normal,1
22:42:00,22,0,1,night,282,EXC007,Excavator,OP1003,3559.5,22.8,Sunny,1.56,1478,85.1,75.7,5,13.3,2.34,12.75,0.75,3,21.6,Unfastened,FALSE,LOW,normal,1
22:44:00,22,0,1,night,284,EXC007,Excavator,OP1003,3559.5,22.8,Sunny,3.64,1792,84.2,75.6,5,9.99,3.6,9.67,1.06,4,1.7,Fastened,FALSE,MEDIUM,normal,1
22:46:00,22,0,1,night,286,EXC007,Excavator,OP1003,3559.5,22.8,Sunny,7.99,1425,93.8,75.5,10.2,12.67,2.35,11.62,0.94,2,13.8,Fastened,FALSE,LOW,normal,1
22:48:00,22,0,1,night,288,EXC007,Excavator,OP1003,3559.5,22.8,Sunny,4.96,1566,82.2,75.4,12.8,16.94,2.65,15.11,0.78,4,5.8,Fastened,FALSE,MEDIUM,normal,1
22:50:00,22,0,1,night,290,EXC007,Excavator,OP1003,3559.5,22.8,Sunny,5.5,1201,88.8,75.3,5,12.08,3.96,11.67,0.54,3,19.9,Fastened,FALSE,LOW,normal,1
22:52:00,22,0,1,night,292,EXC007,Excavator,OP1003,3559.5,22.8,Sunny,9.34,1241,87.3,75.2,6.9,12.83,3.04,12.15,0.54,2,7.1,Fastened,FALSE,MEDIUM,normal,1
22:54:00,22,0,1,night,294,EXC007,Excavator,OP1003,3559.5,22.8,Sunny,4.58,1967,86,75.1,8.5,9.96,4.15,9.47,0.58,1,9.1,Fastened,FALSE,LOW,normal,1
22:56:00,22,0,1,night,296,EXC007,Excavator,OP1003,3559.6,22.8,Sunny,7,2086,90.7,75,5,15.27,2.72,14.64,0.28,4,17,Fastened,FALSE,LOW,normal,1
22:58:00,22,0,1,night,298,EXC007,Excavator,OP1003,3559.6,22.8,Sunny,7.36,1080,84.3,74.9,13.5,13.96,3.15,12.5,0.46,1,22.4,Fastened,FALSE,LOW,normal,1
23:00:00,23,0,1,night,300,EXC007,Excavator,OP1003,3559.6,22.8,Sunny,5.48,938,86.5,74.8,15.6,11.28,3,9.99,0.94,0,34.4,Fastened,FALSE,LOW,normal,1
23:02:00,23,0,1,night,302,EXC007,Excavator,OP1003,3559.6,22.8,Sunny,4.15,1422,88,74.7,5,15.63,3.63,15.03,0.74,1,18.2,Fastened,FALSE,LOW,normal,1
23:04:00,23,0,1,night,304,EXC007,Excavator,OP1003,3559.6,22.8,Sunny,0.99,1257,85.5,74.5,5,14.45,2.5,13.85,0.75,1,27,Fastened,FALSE,LOW,normal,1
23:06:00,23,0,1,night,306,EXC007,Excavator,OP1003,3559.6,22.8,Sunny,9.06,1420,86.2,74.5,10.9,10.88,3.61,10.09,0.32,3,11.6,Fastened,FALSE,LOW,normal,1
23:08:00,23,0,1,night,308,EXC007,Excavator,OP1003,3559.6,22.8,Sunny,7.08,1502,89.6,74.4,5,10.98,3.16,10.59,0.67,1,10.9,Fastened,FALSE,LOW,normal,1
23:10:00,23,0,1,night,310,EXC007,Excavator,OP1003,3559.6,22.8,Sunny,6.74,971,88.4,74.3,10,13.95,2.66,12.82,0.81,3,9.3,Fastened,FALSE,LOW,normal,1
23:12:00,23,0,1,night,312,EXC007,Excavator,OP1003,3559.6,22.8,Sunny,5.18,1476,84,74.2,17.1,12.75,3.06,11.09,0.26,2,18.8,Fastened,FALSE,LOW,normal,1
23:14:00,23,0,1,night,314,EXC007,Excavator,OP1003,3559.6,22.8,Sunny,2.79,1857,81.5,74.1,5,10.47,2.54,10.07,0.59,0,15.5,Fastened,FALSE,LOW,normal,1
23:16:00,23,0,1,night,316,EXC007,Excavator,OP1003,3559.7,22.8,Sunny,6.07,1769,86.9,74,5,13.6,3,13.07,0.47,1,17.2,Unfastened,TRUE,LOW,normal,1
23:18:00,23,0,1,night,318,EXC007,Excavator,OP1003,3559.7,22.8,Sunny,6.34,786,84,73.9,13.5,11.91,2.61,10.65,0.76,1,19.5,Fastened,FALSE,LOW,normal,1
23:20:00,23,0,1,night,320,EXC007,Excavator,OP1003,3559.7,22.8,Sunny,5.48,1506,87.9,73.8,5,11.08,1.92,10.62,0.99,1,21.2,Fastened,FALSE,LOW,normal,1
23:22:00,23,0,1,night,322,EXC007,Excavator,OP1003,3559.7,22.8,Sunny,5.45,1329,91.7,73.7,11.7,14.32,3.47,13.05,0.58,2,21.1,Fastened,FALSE,LOW,normal,1
23:24:00,23,0,1,night,324,EXC007,Excavator,OP1003,3559.7,22.8,Sunny,4.39,1390,92.6,73.6,5,12.87,3.19,12.39,0.93,3,10.1,Fastened,FALSE,LOW,normal,1
23:26:00,23,0,1,night,326,EXC007,Excavator,OP1003,3559.7,22.8,Sunny,3.91,1251,86.5,73.5,5,12.4,3.2,11.94,0.8,0,9.4,Fastened,FALSE,LOW,normal,1
23:28:00,23,0,1,night,328,EXC007,Excavator,OP1003,3559.7,22.8,Sunny,8.2,1222,86.8,73.4,5,12.25,3.41,11.81,0.98,4,16.3,Fastened,FALSE,LOW,normal,1
23:30:00,23,0,1,night,330,EXC007,Excavator,OP1003,3559.7,22.8,Sunny,6.02,1532,86.5,73.3,5,12.21,3.12,11.76,0.63,1,20,Fastened,FALSE,LOW,normal,1
23:32:00,23,0,1,night,332,EXC007,Excavator,OP1003,3559.7,22.8,Sunny,4.41,1788,82.1,73.2,5,12.84,3.23,12.36,0.67,2,30.7,Fastened,FALSE,LOW,normal,1
23:34:00,23,0,1,night,334,EXC007,Excavator,OP1003,3559.7,22.8,Sunny,6.73,1353,88.6,73.1,10.4,11.78,2.08,10.77,0.75,1,16.8,Fastened,FALSE,LOW,normal,1
23:36:00,23,0,1,night,336,EXC007,Excavator,OP1003,3559.8,22.8,Sunny,7.23,1821,85.9,73,6,16.11,3.57,15.36,0.69,0,17.5,Unfastened,TRUE,LOW,normal,1
23:38:00,23,0,1,night,338,EXC007,Excavator,OP1003,3559.8,22.8,Sunny,5.72,1105,84.4,72.9,5,11.4,2.89,10.97,0.24,3,13.7,Fastened,FALSE,LOW,normal,1
23:40:00,23,0,1,night,340,EXC007,Excavator,OP1003,3559.8,22.8,Sunny,4.18,1291,86,72.8,5,12.24,2.86,11.77,0.7,1,1.5,Fastened,FALSE,MEDIUM,normal,1
23:42:00,23,0,1,night,342,EXC007,Excavator,OP1003,3559.8,22.8,Sunny,1.48,1470,85.8,72.7,5,10.84,3.22,10.46,1.08,4,22.7,Fastened,FALSE,LOW,normal,1
23:44:00,23,0,1,night,344,EXC007,Excavator,OP1003,3559.8,22.8,Sunny,2.31,1684,86.6,72.6,5.1,11.76,2.45,11.29,0.26,2,6.1,Fastened,FALSE,MEDIUM,normal,1
23:46:00,23,0,1,night,346,EXC007,Excavator,OP1003,3559.8,22.8,Sunny,4.72,1529,90.4,72.5,5,13.08,2.55,12.55,0.96,4,12,Fastened,FALSE,LOW,normal,1
23:48:00,23,0,1,night,348,EXC007,Excavator,OP1003,3559.8,22.8,Sunny,4.81,1539,87.9,72.4,5,11.13,3.29,10.74,0.58,0,21.6,Fastened,FALSE,LOW,normal,1
23:50:00,23,0,1,night,350,EXC007,Excavator,OP1003,3559.8,22.8,Sunny,6.27,874,81.8,72.3,5,13.37,3.16,12.86,1.01,3,13.8,Fastened,FALSE,LOW,normal,1
23:52:00,23,0,1,night,352,EXC007,Excavator,OP1003,3559.8,22.8,Sunny,4.28,1253,87.3,72.2,7.4,13.78,2.38,12.94,0.43,4,15.2,Fastened,FALSE,LOW,normal,1
23:54:00,23,0,1,night,354,EXC007,Excavator,OP1003,3559.8,22.8,Sunny,3.91,1534,83.4,72.1,7.9,11.53,2.11,10.79,1.05,3,19.9,Fastened,FALSE,LOW,normal,1
23:56:00,23,0,1,night,356,EXC007,Excavator,OP1003,3559.9,22.8,Sunny,6.33,1243,85.5,72,12.2,9.57,2.74,8.74,0.41,0,24.7,Fastened,FALSE,LOW,normal,1
23:58:00,23,0,1,night,358,EXC007,Excavator,OP1003,3559.9,22.8,Sunny,5.49,1307,91.8,71.9,5,12.5,2.1,11.98,0.49,3,9.5,Fastened,FALSE,LOW,normal,1
00:00:00,0,1,1,night,360,EXC007,Excavator,OP1003,3559.9,22.8,Sunny,1.99,1204,86.4,71.8,6.1,12.64,2.61,12.03,0.75,3,23.3,Fastened,FALSE,LOW,normal,1
00:02:00,0,1,1,night,362,EXC007,Excavator,OP1003,3559.9,22.8,Sunny,3.24,1449,84.4,71.8,8.7,9.64,2.88,9.05,0.8,0,22.3,Fastened,FALSE,LOW,normal,1
00:04:00,0,1,1,night,364,EXC007,Excavator,OP1003,3559.9,22.8,Sunny,3.67,1681,85.9,71.7,5,11.56,3.1,11.14,0.31,3,24.4,Fastened,FALSE,LOW,normal,1
00:06:00,0,1,1,night,366,EXC007,Excavator,OP1003,3559.9,22.8,Sunny,3.97,1373,89.5,71.6,5,13.18,3.14,12.68,0.7,0,12.6,Unfastened,TRUE,LOW,normal,1
00:08:00,0,1,1,night,368,EXC007,Excavator,OP1003,3559.9,22.8,Sunny,5.68,2025,94.1,71.5,5.5,9.88,4.07,9.56,0.79,3,25.7,Fastened,FALSE,LOW,normal,1
00:10:00,0,1,1,night,370,EXC007,Excavator,OP1003,3559.9,22.8,Sunny,6.88,1177,86.6,71.4,7.4,13.18,2.94,12.42,0.09,4,18.1,Fastened,FALSE,LOW,normal,1
00:12:00,0,1,1,night,372,EXC007,Excavator,OP1003,3559.9,22.8,Sunny,4.45,1315,86.2,71.3,6.7,12.6,2.49,11.92,0.59,2,26.6,Unfastened,TRUE,LOW,normal,1
00:14:00,0,1,1,night,374,EXC007,Excavator,OP1003,3559.9,22.8,Sunny,5.02,1408,95.3,71.2,6.5,11.44,3.22,10.91,0.39,4,5.5,Fastened,FALSE,MEDIUM,normal,1
00:16:00,0,1,1,night,376,EXC007,Excavator,OP1003,3560,22.8,Sunny,6.79,1540,85.8,71.1,5,11.68,3.36,11.26,0.7,2,5.4,Fastened,FALSE,MEDIUM,normal,1
00:18:00,0,1,1,night,378,EXC007,Excavator,OP1003,3560,22.8,Sunny,4.93,1446,90,71,5,10.58,3.28,10.21,0.66,1,6.6,Fastened,FALSE,MEDIUM,normal,1
00:20:00,0,1,1,night,380,EXC007,Excavator,OP1003,3560,22.8,Sunny,6.17,1584,86.7,70.9,8,8.89,3.34,8.45,0.8,4,10.8,Fastened,FALSE,LOW,normal,1
00:22:00,0,1,1,night,382,EXC007,Excavator,OP1003,3560,22.8,Sunny,0.03,1204,89.3,70.9,62.9,10.25,3.27,3.43,0.68,1,34.9,Fastened,FALSE,LOW,excessive_idle,-1
00:24:00,0,1,1,night,384,EXC007,Excavator,OP1003,3560,22.8,Sunny,0.13,1860,91.1,70.8,55,10.73,4.21,4.42,0.88,2,27.9,Fastened,FALSE,LOW,excessive_idle,-1
00:26:00,0,1,1,night,386,EXC007,Excavator,OP1003,3560,22.8,Sunny,0.67,1487,87.4,70.7,58.6,12.28,2.72,2.86,0.42,1,15.4,Fastened,FALSE,LOW,excessive_idle,-1
00:28:00,0,1,1,night,388,EXC007,Excavator,OP1003,3560,22.8,Sunny,0.47,1762,88.6,70.6,54.8,8.83,1.97,2.07,0.82,1,10.3,Fastened,FALSE,LOW,excessive_idle,-1
00:30:00,0,1,1,night,390,EXC007,Excavator,OP1003,3560,22.8,Sunny,0,898,85.9,70.5,56.5,9.95,2.79,2.93,0.38,4,25.5,Fastened,FALSE,LOW,excessive_idle,-1
00:32:00,0,1,1,night,392,EXC007,Excavator,OP1003,3560,22.8,Sunny,0.73,1285,84.4,70.4,51.1,12.21,3.06,3.21,0.63,2,18.9,Fastened,FALSE,LOW,excessive_idle,-1
00:34:00,0,1,1,night,394,EXC007,Excavator,OP1003,3560,22.8,Sunny,0.93,1515,84.2,70.3,68.5,12.68,3.06,3.21,0.62,1,18.2,Fastened,FALSE,LOW,excessive_idle,-1
00:36:00,0,1,1,night,396,EXC007,Excavator,OP1003,3560.1,22.8,Sunny,0.12,1126,86.4,70.2,62.2,10.61,2.37,2.49,0.66,4,13.2,Fastened,FALSE,LOW,excessive_idle,-1
00:38:00,0,1,1,night,398,EXC007,Excavator,OP1003,3560.1,22.8,Sunny,0.67,1567,90.8,70.2,47.8,12.13,3.28,3.44,0.19,3,7.7,Fastened,FALSE,MEDIUM,excessive_idle,-1
00:40:00,0,1,1,night,400,EXC007,Excavator,OP1003,3560.1,22.8,Sunny,0.91,1789,88.7,70,65.2,15.87,3.08,3.23,0.15,4,28.6,Fastened,FALSE,LOW,excessive_idle,-1
00:42:00,0,1,1,night,402,EXC007,Excavator,OP1003,3560.1,22.8,Sunny,0.41,1540,83.7,69.9,49,10.86,3.32,3.49,0.06,4,7.1,Fastened,FALSE,MEDIUM,excessive_idle,-1
00:44:00,0,1,1,night,404,EXC007,Excavator,OP1003,3560.1,22.8,Sunny,0.85,1433,85,69.8,50.8,14.46,2.46,2.58,0.77,4,19.7,Unfastened,FALSE,LOW,excessive_idle,-1
00:46:00,0,1,1,night,406,EXC007,Excavator,OP1003,3560.1,22.8,Sunny,0.43,1150,86.8,69.7,49.6,12.04,3.73,3.92,1.1,3,17.8,Fastened,FALSE,LOW,excessive_idle,-1
00:48:00,0,1,1,night,408,EXC007,Excavator,OP1003,3560.1,22.8,Sunny,0.41,1876,88.7,69.6,48.8,14.44,2.57,2.7,0.66,0,13.3,Unfastened,FALSE,LOW,excessive_idle,-1
00:50:00,0,1,1,night,410,EXC007,Excavator,OP1003,3560.1,22.8,Sunny,0.1,1175,91.5,69.5,61.1,12.77,3.2,3.36,0.66,1,10.8,Fastened,FALSE,LOW,excessive_idle,-1
00:52:00,0,1,1,night,412,EXC007,Excavator,OP1003,3560.1,22.8,Sunny,0.6,1528,86.3,69.4,52.3,9.95,3.33,3.5,0.83,2,18.4,Fastened,FALSE,LOW,excessive_idle,-1
00:54:00,0,1,1,night,414,EXC007,Excavator,OP1003,3560.1,22.8,Sunny,0.55,1365,83.8,69.3,54.5,11.54,3.38,3.55,0.67,0,14.7,Fastened,FALSE,LOW,excessive_idle,-1
00:56:00,0,1,1,night,416,EXC007,Excavator,OP1003,3560.2,22.8,Sunny,0.37,984,84.9,69.3,54.1,10,2.71,2.85,0.69,2,14.8,Fastened,FALSE,LOW,excessive_idle,-1
00:58:00,0,1,1,night,418,EXC007,Excavator,OP1003,3560.2,22.8,Sunny,0.73,976,84.7,69.2,56.2,11.61,2.95,3.1,0.2,1,18,Fastened,FALSE,LOW,excessive_idle,-1
01:00:00,1,1,1,night,420,EXC007,Excavator,OP1003,3560.2,22.8,Sunny,0.21,1925,83.2,69.1,63.8,11.43,3.82,4.01,0.82,2,11.8,Fastened,FALSE,LOW,excessive_idle,-1
01:02:00,1,1,1,night,422,EXC007,Excavator,OP1003,3560.2,22.8,Sunny,0.27,1163,83.9,69,52.7,8.21,3.49,3.66,0.98,3,7.6,Fastened,FALSE,MEDIUM,excessive_idle,-1
01:04:00,1,1,1,night,424,EXC007,Excavator,OP1003,3560.2,22.8,Sunny,0,1519,84.9,68.9,54.8,14.44,2.91,3.06,0.69,4,26.4,Fastened,FALSE,LOW,excessive_idle,-1
01:06:00,1,1,1,night,426,EXC007,Excavator,OP1003,3560.2,22.8,Sunny,0.64,1305,79.7,68.8,56.3,13.21,3.82,4.01,0.49,0,25.2,Fastened,FALSE,LOW,excessive_idle,-1
01:08:00,1,1,1,night,428,EXC007,Excavator,OP1003,3560.2,22.8,Sunny,3.63,1331,86.5,68.7,5,11.34,3.75,10.96,0.35,2,3.9,Fastened,FALSE,MEDIUM,normal,1
01:10:00,1,1,1,night,430,EXC007,Excavator,OP1003,3560.2,22.8,Sunny,6.95,1442,89.7,68.6,5,10.51,3.15,10.14,1.04,2,12.7,Fastened,FALSE,LOW,normal,1
01:12:00,1,1,1,night,432,EXC007,Excavator,OP1003,3560.2,22.8,Sunny,7.8,1132,85.5,68.5,8.4,15.51,3.69,14.52,0.68,4,24.7,Fastened,FALSE,LOW,normal,1
01:14:00,1,1,1,night,434,EXC007,Excavator,OP1003,3560.3,22.8,Sunny,6.57,1538,81.8,68.4,9.1,11.99,3.08,11.18,0.72,1,31.1,Fastened,FALSE,LOW,normal,1
01:16:00,1,1,1,night,436,EXC007,Excavator,OP1003,3560.3,22.8,Sunny,6.77,870,84.3,68.3,5,12.88,2.75,12.37,0.81,2,42.3,Unfastened,TRUE,LOW,normal,1
01:18:00,1,1,1,night,438,EXC007,Excavator,OP1003,3560.3,22.8,Sunny,4.21,1171,82.7,68.2,5,14.53,3.75,13.99,0.61,2,25.2,Unfastened,TRUE,LOW,normal,1
01:20:00,1,1,1,night,440,EXC007,Excavator,OP1003,3560.3,22.8,Sunny,5.33,1101,87,68.1,8.3,13.8,3.29,12.93,0.82,1,10,Fastened,FALSE,LOW,normal,1
01:22:00,1,1,1,night,442,EXC007,Excavator,OP1003,3560.3,22.8,Sunny,2.65,1360,90.5,68,5,12.77,3.23,12.29,0.36,3,25.4,Fastened,FALSE,LOW,normal,1
01:24:00,1,1,1,night,444,EXC007,Excavator,OP1003,3560.3,22.8,Sunny,3.38,1490,88.8,67.9,5,11.49,3.72,11.1,1.23,1,39.1,Fastened,FALSE,LOW,normal,1
01:26:00,1,1,1,night,446,EXC007,Excavator,OP1003,3560.3,22.8,Sunny,5.25,951,87.6,67.8,14.7,13.72,2.83,12.12,1.06,0,22.2,Fastened,FALSE,LOW,normal,1
01:28:00,1,1,1,night,448,EXC007,Excavator,OP1003,3560.3,22.8,Sunny,5.53,1598,91.5,67.7,17.2,10.94,2.75,9.53,0.66,1,32.1,Fastened,FALSE,LOW,normal,1
01:30:00,1,1,1,night,450,EXC007,Excavator,OP1003,3560.3,22.8,Sunny,2.92,1675,89.2,67.6,9.9,12.15,2.9,11.23,0.85,0,12.1,Fastened,FALSE,LOW,normal,1
01:32:00,1,1,1,night,452,EXC007,Excavator,OP1003,3560.3,22.8,Sunny,1.73,1596,89.1,67.5,5,12.22,2.68,11.74,0.49,3,26.8,Fastened,FALSE,LOW,normal,1
01:34:00,1,1,1,night,454,EXC007,Excavator,OP1003,3560.4,22.8,Sunny,4.86,2095,81.7,67.4,5,11.11,3.01,10.7,0.83,3,8.1,Fastened,FALSE,LOW,normal,1
01:36:00,1,1,1,night,456,EXC007,Excavator,OP1003,3560.4,22.8,Sunny,5.6,1394,91.9,67.3,6.7,12.17,2.91,11.55,0.46,1,31.3,Unfastened,TRUE,LOW,normal,1
01:38:00,1,1,1,night,458,EXC007,Excavator,OP1003,3560.4,22.8,Sunny,9.5,1582,86.8,67.3,9.6,10.24,3.63,9.61,0.77,4,18.9,Fastened,FALSE,LOW,normal,1
01:40:00,1,1,1,night,460,EXC007,Excavator,OP1003,3560.4,22.8,Sunny,6.85,1676,83.3,67.2,5,11.92,2.46,11.45,0.65,4,13.5,Fastened,FALSE,LOW,normal,1
01:42:00,1,1,1,night,462,EXC007,Excavator,OP1003,3560.4,22.8,Sunny,6.8,1448,84.8,67.1,7.9,11.88,1.87,11.09,0.26,0,15.3,Fastened,FALSE,LOW,normal,1
01:44:00,1,1,1,night,464,EXC007,Excavator,OP1003,3560.4,22.8,Sunny,3.38,1788,83.6,67,5,9.73,3.06,9.4,0.86,3,9.4,Fastened,FALSE,LOW,normal,1
01:46:00,1,1,1,night,466,EXC007,Excavator,OP1003,3560.4,22.8,Sunny,7.92,1759,87,66.9,11.7,13.62,2.89,12.36,0.18,4,29.4,Fastened,FALSE,LOW,normal,1
01:48:00,1,1,1,night,468,EXC007,Excavator,OP1003,3560.4,22.8,Sunny,4.16,1399,81,66.8,5,12.99,3.27,12.5,0.85,4,9.9,Fastened,FALSE,LOW,normal,1
01:50:00,1,1,1,night,470,EXC007,Excavator,OP1003,3560.4,22.8,Sunny,5.69,1443,89,66.7,10.6,12.5,2.55,11.45,0.79,1,39.5,Fastened,FALSE,LOW,normal,1
01:52:00,1,1,1,night,472,EXC007,Excavator,OP1003,3560.4,22.8,Sunny,3.82,1718,80.2,66.6,5,12.79,1.53,12.23,0.88,4,0.6,Fastened,FALSE,MEDIUM,normal,1
01:54:00,1,1,1,night,474,EXC007,Excavator,OP1003,3560.5,22.8,Sunny,5.76,1182,87.5,66.5,7.7,12.48,2.35,11.7,0.49,2,14.9,Fastened,FALSE,LOW,normal,1
01:56:00,1,1,1,night,476,EXC007,Excavator,OP1003,3560.5,22.8,Sunny,4.21,1278,85.9,66.4,5.5,11.32,2,10.81,1.06,0,21.1,Unfastened,TRUE,LOW,normal,1
01:58:00,1,1,1,night,478,EXC007,Excavator,OP1003,3560.5,22.8,Sunny,2.8,1430,88.5,66.3,10.3,11.26,2.9,10.4,0.94,0,22.8,Fastened,FALSE,LOW,normal,1
02:00:00,2,1,1,night,480,EXC007,Excavator,OP1003,3560.5,22.8,Sunny,5.35,1356,82.6,66.2,7.6,11.94,3.65,11.31,0.52,4,32.8,Fastened,FALSE,LOW,normal,1
02:02:00,2,1,1,night,482,EXC007,Excavator,OP1003,3560.5,22.8,Sunny,4.52,1634,87.9,66.1,5,15.21,3.59,14.63,0.55,4,4.6,Fastened,FALSE,MEDIUM,normal,1
02:04:00,2,1,1,night,484,EXC007,Excavator,OP1003,3560.5,22.8,Sunny,6.07,1640,87.7,66,5.7,12.08,2.91,11.56,0.52,4,11,Fastened,FALSE,LOW,normal,1
02:06:00,2,1,1,night,486,EXC007,Excavator,OP1003,3560.5,22.8,Sunny,5.63,2050,83.5,65.9,5,10.68,2.51,10.27,0.16,3,31.7,Fastened,FALSE,LOW,normal,1
02:08:00,2,1,1,night,488,EXC007,Excavator,OP1003,3560.5,22.8,Sunny,7.63,1408,94.1,65.8,5,12.29,2.43,11.8,0.86,3,7.4,Fastened,FALSE,MEDIUM,normal,1
02:10:00,2,1,1,night,490,EXC007,Excavator,OP1003,3560.5,22.8,Sunny,4.5,901,83.1,65.7,5,12.06,2.94,11.6,0.66,3,15,Fastened,FALSE,LOW,normal,1
02:12:00,2,1,1,night,492,EXC007,Excavator,OP1003,3560.5,22.8,Sunny,4.14,1263,85.7,65.6,5,13,3.45,12.52,0.65,2,29.9,Fastened,FALSE,LOW,normal,1
02:14:00,2,1,1,night,494,EXC007,Excavator,OP1003,3560.6,22.8,Sunny,3.65,682,87.8,65.5,12.8,13.39,3.02,12.06,0.94,1,24.2,Fastened,FALSE,LOW,normal,1
02:16:00,2,1,1,night,496,EXC007,Excavator,OP1003,3560.6,22.8,Sunny,4.77,1891,87.5,65.4,16.8,11.75,2.48,10.19,0.91,1,19,Fastened,FALSE,LOW,normal,1
02:18:00,2,1,1,night,498,EXC007,Excavator,OP1003,3560.6,22.8,Sunny,4.67,1303,85.8,65.3,5,12.73,2.82,12.23,0.78,3,16.2,Unfastened,TRUE,LOW,normal,1
02:20:00,2,1,1,night,500,EXC007,Excavator,OP1003,3560.6,22.8,Sunny,7.76,1712,83.3,65.2,8.6,12.69,2.33,11.8,1.05,4,19.9,Fastened,FALSE,LOW,normal,1
02:22:00,2,1,1,night,502,EXC007,Excavator,OP1003,3560.6,22.8,Sunny,3.17,1039,87,65.1,8.8,10.04,2.17,9.35,0.5,4,14.7,Unfastened,TRUE,LOW,normal,1
02:24:00,2,1,1,night,504,EXC007,Excavator,OP1003,3560.6,22.8,Sunny,5.4,894,87.1,65.1,5,9.82,2.79,9.47,0.98,2,6.4,Unfastened,TRUE,MEDIUM,normal,1
02:26:00,2,1,1,night,506,EXC007,Excavator,OP1003,3560.6,22.8,Sunny,4.29,1072,85.9,65,15.1,13.13,2.86,11.58,0.69,3,12.9,Fastened,FALSE,LOW,normal,1
02:28:00,2,1,1,night,508,EXC007,Excavator,OP1003,3560.6,22.8,Sunny,2.76,1321,85.1,64.9,5,14.86,1.81,14.21,0.74,4,22.8,Fastened,FALSE,LOW,normal,1
02:30:00,2,1,1,night,510,EXC007,Excavator,OP1003,3560.6,22.8,Sunny,5.89,1723,86.3,64.8,11.3,12.07,3.52,11.1,0.35,2,12.1,Fastened,FALSE,LOW,normal,1
02:32:00,2,1,1,night,512,EXC007,Excavator,OP1003,3560.6,22.8,Sunny,6.7,1758,85.2,64.7,13.2,11.96,2.69,10.74,0.59,1,13.1,Fastened,FALSE,LOW,normal,1
02:34:00,2,1,1,night,514,EXC007,Excavator,OP1003,3560.7,22.8,Sunny,3.71,1629,85,64.6,5.7,13.33,3.63,12.78,0.43,0,16.2,Fastened,FALSE,LOW,normal,1
02:36:00,2,1,1,night,516,EXC007,Excavator,OP1003,3560.7,22.8,Sunny,6.5,2209,89.9,64.5,11.7,14.09,2.64,12.75,0.53,0,23.4,Fastened,FALSE,LOW,normal,1
02:38:00,2,1,1,night,518,EXC007,Excavator,OP1003,3560.7,22.8,Sunny,2.9,1126,86.3,64.4,5,11.01,3.29,10.62,0.83,1,26.4,Fastened,FALSE,LOW,normal,1
02:40:00,2,1,1,night,520,EXC007,Excavator,OP1003,3560.7,22.8,Sunny,6.9,1810,91.1,64.3,21.9,9.32,3.16,7.97,0.75,3,7.4,Fastened,FALSE,MEDIUM,normal,1
02:42:00,2,1,1,night,522,EXC007,Excavator,OP1003,3560.7,22.8,Sunny,6.26,916,94.3,64.2,15.5,11.94,2.46,10.47,0.83,1,10.8,Fastened,FALSE,LOW,normal,1
02:44:00,2,1,1,night,524,EXC007,Excavator,OP1003,3560.7,22.8,Sunny,5.59,1606,84.7,64.1,5,12.45,2.7,11.96,1.02,2,25.2,Fastened,FALSE,LOW,normal,1
02:46:00,2,1,1,night,526,EXC007,Excavator,OP1003,3560.7,22.8,Sunny,7.58,1234,90.3,64,14.3,9.1,3,8.23,1.03,1,21.5,Unfastened,TRUE,LOW,normal,1
02:48:00,2,1,1,night,528,EXC007,Excavator,OP1003,3560.7,22.8,Sunny,6.83,860,87.9,63.9,17.9,14.05,3.86,12.23,0.9,1,34.5,Fastened,FALSE,LOW,normal,1
02:50:00,2,1,1,night,530,EXC007,Excavator,OP1003,3560.7,22.8,Sunny,5.21,1147,86.2,63.8,5,13.75,2.87,13.21,0.75,0,34.4,Fastened,FALSE,LOW,normal,1
02:52:00,2,1,1,night,532,EXC007,Excavator,OP1003,3560.7,22.8,Sunny,6.1,1312,84.9,63.7,14.3,12.07,2.22,10.66,0.81,1,1.5,Fastened,TRUE,HIGH,normal,1
02:54:00,2,1,1,night,534,EXC007,Excavator,OP1003,3560.8,22.8,Sunny,7.39,1526,79.8,63.7,5,10.36,2.66,9.97,1,0,26.5,Fastened,FALSE,LOW,normal,1
02:56:00,2,1,1,night,536,EXC007,Excavator,OP1003,3560.8,22.8,Sunny,5.6,1414,84.9,63.5,7.1,14.54,2.72,13.7,1.14,0,2.3,Fastened,TRUE,HIGH,normal,1
02:58:00,2,1,1,night,538,EXC007,Excavator,OP1003,3560.8,22.8,Sunny,3.93,1706,87.3,63.4,5,12.67,2.43,12.16,0.99,3,25,Fastened,FALSE,LOW,normal,1
03:00:00,3,1,1,night,540,EXC007,Excavator,OP1003,3560.8,22.8,Sunny,4.69,1635,87.7,63.4,5,8.38,2.85,8.1,0.85,2,30.1,Fastened,FALSE,LOW,normal,1
03:02:00,3,1,1,night,542,EXC007,Excavator,OP1003,3560.8,22.8,Sunny,4.6,1338,88,63.3,5,13.48,2.84,12.95,1.29,3,22.5,Fastened,FALSE,LOW,normal,1
03:04:00,3,1,1,night,544,EXC007,Excavator,OP1003,3560.8,22.8,Sunny,6.17,1734,80.6,63.2,12.8,11.72,2.95,10.6,0.45,4,24.9,Fastened,FALSE,LOW,normal,1
03:06:00,3,1,1,night,546,EXC007,Excavator,OP1003,3560.8,22.8,Sunny,8.47,792,89.4,63.1,5,14.62,2.94,14.04,0.79,4,12.9,Unfastened,TRUE,LOW,normal,1
03:08:00,3,1,1,night,548,EXC007,Excavator,OP1003,3560.8,22.8,Sunny,7.14,1194,86.5,63,5,9.31,3.17,9,1.2,3,20.6,Fastened,FALSE,LOW,normal,1
03:10:00,3,1,1,night,550,EXC007,Excavator,OP1003,3560.8,22.8,Sunny,4.64,791,95.4,62.9,5,13.22,2.5,12.68,0.62,1,12.2,Fastened,FALSE,LOW,normal,1
03:12:00,3,1,1,night,552,EXC007,Excavator,OP1003,3560.8,22.8,Sunny,4.99,1336,86.8,62.8,8.4,15.17,2.7,14.12,0.71,0,17.2,Fastened,FALSE,LOW,normal,1
03:14:00,3,1,1,night,554,EXC007,Excavator,OP1003,3560.9,22.8,Sunny,4.6,1623,83.7,62.7,5,12.14,1.75,11.62,0.58,2,20.4,Fastened,FALSE,LOW,normal,1
03:16:00,3,1,1,night,556,EXC007,Excavator,OP1003,3560.9,22.8,Sunny,4.43,1084,81,62.6,15.4,10.49,3.21,9.37,0.52,2,13.5,Fastened,FALSE,LOW,normal,1
03:18:00,3,1,1,night,558,EXC007,Excavator,OP1003,3560.9,22.8,Sunny,5.54,1282,86.8,62.5,9.9,9.75,3.02,9.08,0.47,3,15.3,Fastened,FALSE,LOW,normal,1
03:20:00,3,1,1,night,560,EXC007,Excavator,OP1003,3560.9,22.8,Sunny,6.72,1532,84.9,62.4,5,11.3,3.11,10.89,1.1,3,20.5,Unfastened,TRUE,LOW,normal,1
03:22:00,3,1,1,night,562,EXC007,Excavator,OP1003,3560.9,22.8,Sunny,6.54,1419,84.3,62.3,8.1,12.71,2.84,11.91,0.23,3,9.2,Fastened,FALSE,LOW,normal,1
03:24:00,3,1,1,night,564,EXC007,Excavator,OP1003,3560.9,22.8,Sunny,4.1,1439,87.6,62.2,5,11.68,2.81,11.24,0.71,2,30.2,Fastened,FALSE,LOW,normal,1
03:26:00,3,1,1,night,566,EXC007,Excavator,OP1003,3560.9,22.8,Sunny,2.09,733,89.5,62.1,5,12.81,2.65,12.3,0.66,2,19.8,Unfastened,TRUE,LOW,normal,1
03:28:00,3,1,1,night,568,EXC007,Excavator,OP1003,3560.9,22.8,Sunny,4.27,2027,88.5,62,11.1,11.25,2.85,10.32,0.25,3,19,Fastened,FALSE,LOW,normal,1
03:30:00,3,1,1,night,570,EXC007,Excavator,OP1003,3560.9,22.8,Sunny,6.92,1703,86.2,61.9,5,14.06,3.32,13.52,0.37,1,30,Unfastened,TRUE,LOW,normal,1
03:32:00,3,1,1,night,572,EXC007,Excavator,OP1003,3560.9,22.8,Sunny,7.66,1471,86.2,61.8,10.6,15.03,4.21,13.88,0.65,4,28,Fastened,FALSE,LOW,normal,1
03:34:00,3,1,1,night,574,EXC007,Excavator,OP1003,3561,22.8,Sunny,3.35,1773,81.4,61.7,5,14.46,2.63,13.87,0.43,3,27.9,Fastened,FALSE,LOW,normal,1
03:36:00,3,1,1,night,576,EXC007,Excavator,OP1003,3561,22.8,Sunny,7.09,1670,85.1,61.6,11.9,13.14,2.98,11.93,0.79,3,19.4,Fastened,FALSE,LOW,normal,1
03:38:00,3,1,1,night,578,EXC007,Excavator,OP1003,3561,22.8,Sunny,4.9,1271,88.8,61.5,6.5,11.76,3.48,11.22,0.56,1,9.8,Fastened,FALSE,LOW,normal,1
03:40:00,3,1,1,night,580,EXC007,Excavator,OP1003,3561,22.8,Sunny,6.6,1560,90,61.4,5,14.35,2.95,13.78,0.74,4,28.2,Fastened,FALSE,LOW,normal,1
03:42:00,3,1,1,night,582,EXC007,Excavator,OP1003,3561,22.8,Sunny,3.83,1710,83,61.3,6.1,13.03,3.19,12.43,1.11,1,37.9,Fastened,FALSE,LOW,normal,1
03:44:00,3,1,1,night,584,EXC007,Excavator,OP1003,3561,22.8,Sunny,5.66,1406,93.6,61.2,5,10.16,2.02,9.75,0.46,0,6.4,Fastened,FALSE,MEDIUM,normal,1
03:46:00,3,1,1,night,586,EXC007,Excavator,OP1003,3561,22.8,Sunny,8.91,1825,88.8,61.1,5,11.66,3.04,11.23,0.95,0,18.7,Fastened,FALSE,LOW,normal,1
03:48:00,3,1,1,night,588,EXC007,Excavator,OP1003,3561,22.8,Sunny,5.11,1324,85.8,61,12.2,12.95,2.98,11.73,1.24,0,7.5,Fastened,FALSE,MEDIUM,normal,1
03:50:00,3,1,1,night,590,EXC007,Excavator,OP1003,3561,22.8,Sunny,4.09,1637,85.7,60.9,24.6,12.2,2.83,9.89,0.89,3,21.2,Fastened,FALSE,LOW,normal,1
03:52:00,3,1,1,night,592,EXC007,Excavator,OP1003,3561.1,22.8,Sunny,5.98,1353,84.4,60.9,5,8.59,3.58,8.34,0.73,1,15.7,Fastened,FALSE,LOW,normal,1
03:54:00,3,1,1,night,594,EXC007,Excavator,OP1003,3561.1,22.8,Sunny,6.28,1549,82.4,60.8,5,23.63,3.29,23.63,0.36,4,26.3,Unfastened,TRUE,LOW,high_fuel,-1
03:56:00,3,1,1,night,596,EXC007,Excavator,OP1003,3561.1,22.8,Sunny,5.95,1783,87.7,60.7,8.4,19.19,3.17,19.19,0.75,2,5.2,Fastened,FALSE,MEDIUM,high_fuel,-1
03:58:00,3,1,1,night,598,EXC007,Excavator,OP1003,3561.1,22.8,Sunny,4.4,1179,90.4,60.6,5,17,3.06,17,0.66,2,21.1,Fastened,FALSE,LOW,high_fuel,-1
04:00:00,4,1,1,night,600,EXC007,Excavator,OP1003,3561.1,22.8,Sunny,4.48,966,88.8,60.5,5,17.66,3.63,17.66,1.26,3,14.3,Fastened,FALSE,LOW,high_fuel,-1
04:02:00,4,1,1,night,602,EXC007,Excavator,OP1003,3561.1,22.8,Sunny,6.61,1120,90.3,60.4,5.3,19.8,2.51,19.8,0.67,0,39.5,Fastened,FALSE,LOW,high_fuel,-1
04:04:00,4,1,1,night,604,EXC007,Excavator,OP1003,3561.1,22.8,Sunny,5.41,1490,87.2,60.3,5,25.93,2.63,25.93,0.34,3,18.9,Fastened,FALSE,LOW,high_fuel,-1
04:06:00,4,1,1,night,606,EXC007,Excavator,OP1003,3561.1,22.8,Sunny,3.07,1712,85.9,60.1,5,23.68,2,23.68,0.86,3,10.5,Fastened,FALSE,LOW,high_fuel,-1
04:08:00,4,1,1,night,608,EXC007,Excavator,OP1003,3561.1,22.8,Sunny,4.17,2055,89.5,60,5,25.39,1.89,25.39,0.37,0,3.6,Fastened,FALSE,MEDIUM,high_fuel,-1
04:10:00,4,1,1,night,610,EXC007,Excavator,OP1003,3561.1,22.8,Sunny,8.98,1566,87.7,60,5,27.71,2.9,27.71,0.6,4,19,Fastened,FALSE,LOW,high_fuel,-1
04:12:00,4,1,1,night,612,EXC007,Excavator,OP1003,3561.2,22.8,Sunny,5.2,1380,86.2,59.9,5,20.67,3.54,20.67,1.18,3,16.1,Fastened,FALSE,LOW,high_fuel,-1
04:14:00,4,1,1,night,614,EXC007,Excavator,OP1003,3561.2,22.8,Sunny,4.86,1185,89.3,59.8,5,26.47,4.34,26.47,0.76,3,6.1,Fastened,FALSE,MEDIUM,high_fuel,-1
04:16:00,4,1,1,night,616,EXC007,Excavator,OP1003,3561.2,22.8,Sunny,7.15,1436,86.7,59.7,14.7,23.24,2.79,23.24,1.26,3,26,Fastened,FALSE,LOW,high_fuel,-1
04:18:00,4,1,1,night,618,EXC007,Excavator,OP1003,3561.2,22.8,Sunny,6.68,1485,88.7,59.6,5,24.26,2.7,24.26,0.79,4,8.6,Fastened,FALSE,LOW,high_fuel,-1
04:20:00,4,1,1,night,620,EXC007,Excavator,OP1003,3561.2,22.8,Sunny,2.64,1208,84.3,59.5,5,25.99,3.39,25.99,0.63,3,27.3,Fastened,FALSE,LOW,high_fuel,-1
04:22:00,4,1,1,night,622,EXC007,Excavator,OP1003,3561.2,22.8,Sunny,4.94,1181,87.8,59.4,5,11.69,2.22,11.22,0.99,1,9.8,Fastened,FALSE,LOW,normal,1
04:24:00,4,1,1,night,624,EXC007,Excavator,OP1003,3561.2,22.8,Sunny,4.89,1811,86.8,59.3,5,13.86,3.87,13.36,0.85,1,37.3,Fastened,FALSE,LOW,normal,1
04:26:00,4,1,1,night,626,EXC007,Excavator,OP1003,3561.2,22.8,Sunny,5.97,1358,85.8,59.2,7.5,12.62,2.36,11.85,0.66,3,19.5,Fastened,FALSE,LOW,normal,1
04:28:00,4,1,1,night,628,EXC007,Excavator,OP1003,3561.2,22.8,Sunny,9.4,1664,84.8,59.1,5,11.77,3.12,11.34,1.03,3,19.4,Fastened,FALSE,LOW,normal,1
04:30:00,4,1,1,night,630,EXC007,Excavator,OP1003,3561.2,22.8,Sunny,4.23,1910,91.5,59,17.2,9.79,3.42,8.69,0.46,1,3.3,Fastened,FALSE,MEDIUM,normal,1
04:32:00,4,1,1,night,632,EXC007,Excavator,OP1003,3561.3,22.8,Sunny,4.01,1255,90.4,58.9,5,14.3,3.16,13.74,1.24,1,25.8,Unfastened,TRUE,LOW,normal,1
04:34:00,4,1,1,night,634,EXC007,Excavator,OP1003,3561.3,22.8,Sunny,6.12,1545,86.3,58.8,5,14.97,2.66,14.35,0.55,1,19.6,Fastened,FALSE,LOW,normal,1
04:36:00,4,1,1,night,636,EXC007,Excavator,OP1003,3561.3,22.8,Sunny,3.56,1582,88.1,58.7,5,12.75,2.54,12.24,0.79,0,32.2,Fastened,FALSE,LOW,normal,1
04:38:00,4,1,1,night,638,EXC007,Excavator,OP1003,3561.3,22.8,Sunny,5.05,1339,84.7,58.5,5,15.32,3.21,14.71,0.78,4,5.2,Fastened,FALSE,MEDIUM,normal,1
04:40:00,4,1,1,night,640,EXC007,Excavator,OP1003,3561.3,22.8,Sunny,4.27,1389,84.3,58.4,8.9,11.89,2.9,11.09,0.6,2,28.5,Fastened,FALSE,LOW,normal,1
04:42:00,4,1,1,night,642,EXC007,Excavator,OP1003,3561.3,22.8,Sunny,2.82,1472,85.9,58.3,9.5,14.76,4.04,13.74,0.5,3,22.2,Fastened,FALSE,LOW,normal,1
04:44:00,4,1,1,night,644,EXC007,Excavator,OP1003,3561.3,22.8,Sunny,5.85,1424,86.3,58.2,6.3,12.79,3.24,12.19,0.72,1,12.5,Fastened,FALSE,LOW,normal,1
04:46:00,4,1,1,night,646,EXC007,Excavator,OP1003,3561.3,22.8,Sunny,5.81,1922,89.9,58.1,5,15.08,3.53,14.5,0.62,1,14.7,Unfastened,TRUE,LOW,normal,1
04:48:00,4,1,1,night,648,EXC007,Excavator,OP1003,3561.3,22.8,Sunny,6.8,1244,92.4,58,13.6,11.63,2.24,10.35,0.57,2,13.1,Fastened,FALSE,LOW,normal,1
04:50:00,4,1,1,night,650,EXC007,Excavator,OP1003,3561.3,22.8,Sunny,6.37,1387,85.2,57.9,5,13.76,2.47,13.2,0.6,1,17.6,Fastened,FALSE,LOW,normal,1
04:52:00,4,1,1,night,652,EXC007,Excavator,OP1003,3561.4,22.8,Sunny,4.65,1420,87.4,57.8,12,12.11,3.13,11.03,0.38,3,26.2,Fastened,FALSE,LOW,normal,1
04:54:00,4,1,1,night,654,EXC007,Excavator,OP1003,3561.4,22.8,Sunny,5.24,1742,89.3,57.7,5,10.44,2.24,10.03,0.59,3,30.5,Fastened,FALSE,LOW,normal,1
04:56:00,4,1,1,night,656,EXC007,Excavator,OP1003,3561.4,22.8,Sunny,10.07,1453,84.5,57.6,5,14.26,4.33,13.76,1.12,3,12,Fastened,FALSE,LOW,normal,1
04:58:00,4,1,1,night,658,EXC007,Excavator,OP1003,3561.4,22.8,Sunny,4.59,1587,87.5,57.5,5,10.11,3.21,9.77,0.23,3,27.9,Fastened,FALSE,LOW,normal,1
05:00:00,5,1,1,night,660,EXC007,Excavator,OP1003,3561.4,22.8,Sunny,5.31,1640,89,57.5,5,10.28,2.72,9.9,0.56,3,12.4,Fastened,FALSE,LOW,normal,1
05:02:00,5,1,1,night,662,EXC007,Excavator,OP1003,3561.4,22.8,Sunny,3.83,1349,86.1,57.4,5,11.19,2.82,10.77,0.93,0,16.2,Fastened,FALSE,LOW,normal,1
05:04:00,5,1,1,night,664,EXC007,Excavator,OP1003,3561.4,22.8,Sunny,6.44,1027,86.7,57.3,5,12.37,2.87,11.89,0.22,3,27.6,Fastened,FALSE,LOW,normal,1
05:06:00,5,1,1,night,666,EXC007,Excavator,OP1003,3561.4,22.8,Sunny,6.74,1698,84.2,57.2,7.5,12.05,3.58,11.41,0.05,3,6.1,Fastened,FALSE,MEDIUM,normal,1
05:08:00,5,1,1,night,668,EXC007,Excavator,OP1003,3561.4,22.8,Sunny,3.37,1176,85.8,57.1,5,13.26,2.91,12.74,0.64,0,30.3,Fastened,FALSE,LOW,normal,1
05:10:00,5,1,1,night,670,EXC007,Excavator,OP1003,3561.4,22.8,Sunny,2.55,1261,88.7,57,5,12.37,2.7,11.89,0.03,4,11,Fastened,FALSE,LOW,normal,1
05:12:00,5,1,1,night,672,EXC007,Excavator,OP1003,3561.5,22.8,Sunny,5.02,2052,84.4,56.9,5,13.69,2.7,13.14,0.63,0,6.4,Fastened,FALSE,MEDIUM,normal,1
05:14:00,5,1,1,night,674,EXC007,Excavator,OP1003,3561.5,22.8,Sunny,2.63,1297,84.9,56.8,13.3,14.72,3.31,13.2,0.37,2,18.8,Unfastened,TRUE,LOW,normal,1
05:16:00,5,1,1,night,676,EXC007,Excavator,OP1003,3561.5,22.8,Sunny,4.49,1904,89.5,56.7,12.1,8.54,3.33,7.91,1.14,3,23.4,Fastened,FALSE,LOW,normal,1
05:18:00,5,1,1,night,678,EXC007,Excavator,OP1003,3561.5,22.8,Sunny,3.04,1061,86.1,56.6,5,11.32,3.36,10.92,0.28,2,11.5,Fastened,FALSE,LOW,normal,1
05:20:00,5,1,1,night,680,EXC007,Excavator,OP1003,3561.5,22.8,Sunny,3.44,1386,86.2,56.5,10,14.16,3.36,13.08,0.74,0,15.4,Fastened,FALSE,LOW,normal,1
05:22:00,5,1,1,night,682,EXC007,Excavator,OP1003,3561.5,22.8,Sunny,5.99,1813,83.6,56.4,5,12.12,3.53,11.69,1.16,4,17.9,Fastened,FALSE,LOW,normal,1
05:24:00,5,1,1,night,684,EXC007,Excavator,OP1003,3561.5,22.8,Sunny,5.27,1716,83.2,56.3,5,12.85,2.57,12.34,0.65,3,34.3,Fastened,FALSE,LOW,normal,1
05:26:00,5,1,1,night,686,EXC007,Excavator,OP1003,3561.5,22.8,Sunny,6.1,1649,90.2,56.2,11.4,11.8,3.77,10.88,0.69,1,8.5,Fastened,FALSE,LOW,normal,1
05:28:00,5,1,1,night,688,EXC007,Excavator,OP1003,3561.5,22.8,Sunny,7.9,1310,86.7,56.1,5,13.46,1.74,12.87,0.93,4,25.2,Fastened,FALSE,LOW,normal,1
05:30:00,5,1,1,night,690,EXC007,Excavator,OP1003,3561.5,22.8,Sunny,5.8,1323,89.5,56,10.4,8.51,3.34,7.97,1.03,1,21,Unfastened,TRUE,LOW,normal,1
05:32:00,5,1,1,night,692,EXC007,Excavator,OP1003,3561.6,22.8,Sunny,5.68,1237,79,55.9,13.1,13.8,2.97,12.38,0.42,1,16.6,Fastened,FALSE,LOW,normal,1
05:34:00,5,1,1,night,694,EXC007,Excavator,OP1003,3561.6,22.8,Sunny,5.28,1945,88.8,55.8,9.3,13.16,3.32,12.24,0.97,2,12.4,Fastened,FALSE,LOW,normal,1
05:36:00,5,1,1,night,696,EXC007,Excavator,OP1003,3561.6,22.8,Sunny,8.18,1615,85.6,55.7,15.3,10.71,2.98,9.53,0.66,2,0.5,Fastened,TRUE,HIGH,normal,1
05:38:00,5,1,1,night,698,EXC007,Excavator,OP1003,3561.6,22.8,Sunny,3.7,906,83,55.6,8.5,14.2,3.12,13.26,0.35,3,16.7,Fastened,FALSE,LOW,normal,1
05:40:00,5,1,1,night,700,EXC007,Excavator,OP1003,3561.6,22.8,Sunny,4.34,1705,83.4,55.5,10.5,10.79,2.75,9.95,0.19,3,16.8,Fastened,FALSE,LOW,normal,1
05:42:00,5,1,1,night,702,EXC007,Excavator,OP1003,3561.6,22.8,Sunny,6.57,1758,92.6,55.4,11.2,13.47,3.28,12.33,1.68,3,13.4,Fastened,FALSE,LOW,normal,1
05:44:00,5,1,1,night,704,EXC007,Excavator,OP1003,3561.6,22.8,Sunny,5.15,1478,89.7,55.4,5,10.65,3.11,10.27,0.41,1,25.9,Fastened,FALSE,LOW,normal,1
05:46:00,5,1,1,night,706,EXC007,Excavator,OP1003,3561.6,22.8,Sunny,7.96,2079,86.9,55.2,5,13.46,2.81,12.93,0.85,0,30.5,Unfastened,TRUE,LOW,normal,1
05:48:00,5,1,1,night,708,EXC007,Excavator,OP1003,3561.6,22.8,Sunny,2.99,1145,90.1,55.2,5,11.23,2.91,10.81,0,2,9.6,Fastened,FALSE,LOW,normal,1
05:50:00,5,1,1,night,710,EXC007,Excavator,OP1003,3561.6,22.8,Sunny,3.87,1264,93.9,55.1,10.4,11.49,2.12,10.52,0.48,2,14.6,Fastened,FALSE,LOW,normal,1
05:52:00,5,1,1,night,712,EXC007,Excavator,OP1003,3561.7,22.8,Sunny,6.09,1314,89.7,55,9,14.22,3.6,13.26,0.69,3,20.3,Fastened,FALSE,LOW,normal,1
05:54:00,5,1,1,night,714,EXC007,Excavator,OP1003,3561.7,22.8,Sunny,6.16,1069,83.6,54.8,5,14.2,2.52,13.62,0.99,1,24.8,Fastened,FALSE,LOW,normal,1
05:56:00,5,1,1,night,716,EXC007,Excavator,OP1003,3561.7,22.8,Sunny,2.96,1427,84.1,54.7,6.5,12.47,3.86,11.91,0.92,4,10.7,Fastened,FALSE,LOW,normal,1
05:58:00,5,1,1,night,718,EXC007,Excavator,OP1003,3561.7,22.8,Sunny,6.18,1631,90.8,54.7,5,11.78,3.13,11.35,1.22,3,0.5,Fastened,TRUE,HIGH,normal,1
06:00:00,6,2,5,day,0,BCK004,Backhoe,OP1021,1609.7,33.5,Sunny,6.51,1697,33.5,85.8,49,11.36,2.63,7.08,0.93,2,16.9,Fastened,FALSE,LOW,normal,1
06:02:00,6,2,5,day,2,BCK004,Backhoe,OP1021,1609.7,33.5,Sunny,8.11,1364,37.7,85.7,55.3,14.39,2.3,7.7,1,2,8.6,Fastened,FALSE,LOW,normal,1
06:04:00,6,2,5,day,4,BCK004,Backhoe,OP1021,1609.7,33.5,Sunny,6.38,1465,42,85.5,33.2,12.5,3.4,9.48,0.97,0,15,Fastened,FALSE,LOW,normal,1
06:06:00,6,2,5,day,6,BCK004,Backhoe,OP1021,1609.7,33.5,Sunny,5.4,1333,46.3,85.4,35.9,13.97,3.99,10.39,0.32,3,12,Fastened,FALSE,LOW,normal,1
06:08:00,6,2,5,day,8,BCK004,Backhoe,OP1021,1609.7,33.5,Sunny,1.94,1175,50.6,85.3,36.8,13.76,3.17,9.86,0.8,4,21.3,Fastened,FALSE,LOW,normal,1
06:10:00,6,2,5,day,10,BCK004,Backhoe,OP1021,1609.8,33.5,Sunny,4.13,1730,54.9,85.2,54,10.69,3.81,6.97,0.84,0,20.4,Fastened,FALSE,LOW,normal,1
06:12:00,6,2,5,day,12,BCK004,Backhoe,OP1021,1609.8,33.5,Sunny,2.49,1376,59.2,85.1,41.4,8.79,2.93,6.36,0.17,4,18.6,Fastened,FALSE,LOW,normal,1
06:14:00,6,2,5,day,14,BCK004,Backhoe,OP1021,1609.8,33.5,Sunny,6.61,1328,63.4,85,43.2,12.76,2.8,8.46,0.74,2,19.8,Fastened,FALSE,LOW,normal,1
06:16:00,6,2,5,day,16,BCK004,Backhoe,OP1021,1609.8,33.5,Sunny,4.57,1302,67.7,84.9,43.3,13.09,2.9,8.68,1.18,2,12.5,Fastened,FALSE,LOW,normal,1
06:18:00,6,2,5,day,18,BCK004,Backhoe,OP1021,1609.8,33.5,Sunny,3.47,1472,72,84.7,52.3,14.78,4.33,9.31,0.04,3,28.2,Fastened,FALSE,LOW,normal,1
06:20:00,6,2,5,day,20,BCK004,Backhoe,OP1021,1609.8,33.5,Sunny,6.87,1726,76.3,84.6,37.2,12.47,3.3,9.06,0.59,1,4.2,Fastened,FALSE,MEDIUM,normal,1
06:22:00,6,2,5,day,22,BCK004,Backhoe,OP1021,1609.8,33.5,Sunny,2.7,1209,80.6,84.5,43.9,10.56,2.45,7,0.46,4,27.4,Fastened,FALSE,LOW,normal,1
06:24:00,6,2,5,day,24,BCK004,Backhoe,OP1021,1609.8,33.5,Sunny,6.67,1464,84.9,84.4,32.9,14.58,3.09,10.8,0.31,2,3.9,Unfastened,TRUE,MEDIUM,normal,1
06:26:00,6,2,5,day,26,BCK004,Backhoe,OP1021,1609.8,33.5,Sunny,4.89,1126,84.9,84.3,42.8,13.84,2.37,8.93,0.14,2,29,Fastened,FALSE,LOW,normal,1
06:28:00,6,2,5,day,28,BCK004,Backhoe,OP1021,1609.8,33.5,Sunny,7.28,1238,83.2,84.1,29.5,12.98,2.94,10.02,0.44,2,18.6,Fastened,FALSE,LOW,normal,1
06:30:00,6,2,5,day,30,BCK004,Backhoe,OP1021,1609.9,33.5,Sunny,6.05,1262,88.3,84,48.7,11.61,2.77,7.3,0.44,3,2.6,Fastened,TRUE,HIGH,normal,1
06:32:00,6,2,5,day,32,BCK004,Backhoe,OP1021,1609.9,33.5,Sunny,5.56,1197,91.4,83.9,42.5,10.18,3.12,7.18,0.85,1,27.1,Fastened,FALSE,LOW,normal,1
06:34:00,6,2,5,day,34,BCK004,Backhoe,OP1021,1609.9,33.5,Sunny,5.42,1560,92,83.8,47.9,12.82,3.02,8.13,0.38,1,9.7,Fastened,FALSE,LOW,normal,1
06:36:00,6,2,5,day,36,BCK004,Backhoe,OP1021,1609.9,33.5,Sunny,7.19,1013,88.9,83.7,42.4,9.29,2.46,6.39,0.66,4,12.8,Fastened,FALSE,LOW,normal,1
06:38:00,6,2,5,day,38,BCK004,Backhoe,OP1021,1609.9,33.5,Sunny,4.53,1553,82.3,83.6,54.1,12.57,2.65,7.2,0.66,1,29.9,Fastened,FALSE,LOW,normal,1
06:40:00,6,2,5,day,40,BCK004,Backhoe,OP1021,1609.9,33.5,Sunny,6.18,1033,91.4,83.5,40.5,12.2,4.17,8.95,1.21,0,15.5,Fastened,FALSE,LOW,normal,1
06:42:00,6,2,5,day,42,BCK004,Backhoe,OP1021,1609.9,33.5,Sunny,6.1,1310,86.7,83.4,47.4,12.17,2.67,7.67,0.59,4,0.5,Unfastened,TRUE,HIGH,normal,1
06:44:00,6,2,5,day,44,BCK004,Backhoe,OP1021,1609.9,33.5,Sunny,5.84,1163,89.1,83.3,40.6,13.37,3.48,9.35,0.61,2,30.8,Fastened,FALSE,LOW,normal,1
06:46:00,6,2,5,day,46,BCK004,Backhoe,OP1021,1609.9,33.5,Sunny,6.43,1581,91.7,83.2,51.3,11.93,3.62,7.67,0.66,2,24.9,Unfastened,TRUE,LOW,normal,1
06:48:00,6,2,5,day,48,BCK004,Backhoe,OP1021,1609.9,33.5,Sunny,6.73,1398,87.1,83.1,39.8,13.45,3.32,9.42,0.41,2,5.9,Fastened,FALSE,MEDIUM,normal,1
06:50:00,6,2,5,day,50,BCK004,Backhoe,OP1021,1610,33.5,Sunny,3.17,1237,88.3,83,42.5,11.44,2.37,7.59,0.6,0,13.8,Fastened,FALSE,LOW,normal,1
06:52:00,6,2,5,day,52,BCK004,Backhoe,OP1021,1610,33.5,Sunny,5.36,1724,80.4,82.9,45.1,12.83,2.16,8.02,1.02,3,13.8,Fastened,FALSE,LOW,normal,1
06:54:00,6,2,5,day,54,BCK004,Backhoe,OP1021,1610,33.5,Sunny,1.65,1399,82.8,82.8,49.2,9.67,2.65,6.22,0.7,0,20.2,Fastened,FALSE,LOW,normal,1
06:56:00,6,2,5,day,56,BCK004,Backhoe,OP1021,1610,33.5,Sunny,5.29,1849,88.2,82.7,38.3,9.78,2.03,6.81,0,4,10.9,Fastened,FALSE,LOW,normal,1
06:58:00,6,2,5,day,58,BCK004,Backhoe,OP1021,1610,33.5,Sunny,3.57,1562,88.1,82.6,46.3,10.56,3.07,7.09,0.84,0,4.5,Fastened,FALSE,MEDIUM,normal,1
07:00:00,7,2,5,day,60,BCK004,Backhoe,OP1021,1610,33.5,Sunny,10.96,1508,89.5,82.5,55,12.91,2.97,7.44,0.71,3,9.8,Fastened,FALSE,LOW,normal,1
07:02:00,7,2,5,day,62,BCK004,Backhoe,OP1021,1610,33.5,Sunny,4.68,1384,86.9,82.3,33.7,15.76,2.53,11.3,0.97,2,26.3,Fastened,FALSE,LOW,normal,1
07:04:00,7,2,5,day,64,BCK004,Backhoe,OP1021,1610,33.5,Sunny,9.81,1602,82.8,82.2,32.1,14.62,3.14,10.93,0.54,4,31.3,Unfastened,TRUE,LOW,normal,1
07:06:00,7,2,5,day,66,BCK004,Backhoe,OP1021,1610,33.5,Sunny,9.1,1116,84.4,82.1,39.6,10.37,2.95,7.43,0.87,0,13.1,Fastened,FALSE,LOW,normal,1
07:08:00,7,2,5,day,68,BCK004,Backhoe,OP1021,1610,33.5,Sunny,6.91,1832,84.4,82,48.8,12.94,2.84,8.01,1.36,0,18.5,Fastened,FALSE,LOW,normal,1
07:10:00,7,2,5,day,70,BCK004,Backhoe,OP1021,1610.1,33.5,Sunny,4.98,1137,89.7,81.9,40.6,9.87,2.19,6.75,0.72,4,21.5,Fastened,FALSE,LOW,normal,1
07:12:00,7,2,5,day,72,BCK004,Backhoe,OP1021,1610.1,33.5,Sunny,6.27,1720,86.1,81.8,50.2,12.2,2.92,7.54,0.7,4,23.6,Fastened,FALSE,LOW,normal,1
07:14:00,7,2,5,day,74,BCK004,Backhoe,OP1021,1610.1,33.5,Sunny,5.05,1558,86.3,81.7,52.3,9.96,2.31,5.96,0.13,1,5.2,Fastened,FALSE,MEDIUM,normal,1
07:16:00,7,2,5,day,76,BCK004,Backhoe,OP1021,1610.1,33.5,Sunny,3.47,1717,84.5,81.6,38.2,15.24,3.2,10.64,0.84,3,36.8,Fastened,FALSE,LOW,normal,1
07:18:00,7,2,5,day,78,BCK004,Backhoe,OP1021,1610.1,33.5,Sunny,6.6,1764,88.1,81.4,45.9,15.4,2.63,9.54,0.84,0,5,Fastened,FALSE,MEDIUM,normal,1
07:20:00,7,2,5,day,80,BCK004,Backhoe,OP1021,1610.1,33.5,Sunny,4.4,1646,89.9,81.3,42.2,10.4,3.52,7.5,0.62,4,17.2,Fastened,FALSE,LOW,normal,1
07:22:00,7,2,5,day,82,BCK004,Backhoe,OP1021,1610.1,33.5,Sunny,5.69,1491,84.3,81.3,44.3,10.19,3.27,7.12,0.61,2,10.6,Fastened,FALSE,LOW,normal,1
07:24:00,7,2,5,day,84,BCK004,Backhoe,OP1021,1610.1,33.5,Sunny,6.15,1520,82.8,81.1,46.2,11.72,2.85,7.62,0.4,3,9.4,Fastened,FALSE,LOW,normal,1
07:26:00,7,2,5,day,86,BCK004,Backhoe,OP1021,1610.1,33.5,Sunny,6.76,1597,81.6,81,51,13.36,3.38,8.27,0.54,3,23.9,Fastened,FALSE,LOW,normal,1
07:28:00,7,2,5,day,88,BCK004,Backhoe,OP1021,1610.1,33.5,Sunny,7.88,1574,91.9,80.9,34.9,13.32,3.68,9.96,0.43,0,20.1,Fastened,FALSE,LOW,normal,1
07:30:00,7,2,5,day,90,BCK004,Backhoe,OP1021,1610.2,33.5,Sunny,3.42,1466,93.7,80.8,55.2,12.27,3.26,7.3,0.74,3,13.7,Fastened,FALSE,LOW,normal,1
07:32:00,7,2,5,day,92,BCK004,Backhoe,OP1021,1610.2,33.5,Sunny,0.6,1635,81.3,80.7,41.5,12.52,2.27,8.27,0.59,4,27.2,Fastened,FALSE,LOW,normal,1
07:34:00,7,2,5,day,94,BCK004,Backhoe,OP1021,1610.2,33.5,Sunny,8.34,1007,86.7,80.6,39.4,9.39,2.93,6.84,0.77,0,26.2,Fastened,FALSE,LOW,normal,1
07:36:00,7,2,5,day,96,BCK004,Backhoe,OP1021,1610.2,33.5,Sunny,4.48,1294,85.2,80.5,53,11.07,3.16,6.88,0.2,3,3,Fastened,FALSE,MEDIUM,normal,1
07:38:00,7,2,5,day,98,BCK004,Backhoe,OP1021,1610.2,33.5,Sunny,6.89,1726,85.7,80.4,50.5,11.61,3.86,7.7,1.25,4,16,Fastened,FALSE,LOW,normal,1
07:40:00,7,2,5,day,100,BCK004,Backhoe,OP1021,1610.2,33.5,Sunny,1.77,964,83.9,80.3,36.1,13.76,3.38,10.01,0.67,1,32.2,Fastened,FALSE,LOW,normal,1
07:42:00,7,2,5,day,102,BCK004,Backhoe,OP1021,1610.2,33.5,Sunny,5.82,1571,81.8,80.2,52.5,11.66,2.51,6.86,0.6,2,14.8,Fastened,FALSE,LOW,normal,1
07:44:00,7,2,5,day,104,BCK004,Backhoe,OP1021,1610.2,33.5,Sunny,5.11,1303,86.2,80.1,44.4,12.78,3.01,8.44,0.8,0,23.7,Fastened,FALSE,LOW,normal,1
07:46:00,7,2,5,day,106,BCK004,Backhoe,OP1021,1610.2,33.5,Sunny,5.5,1474,85.7,79.9,41.9,16.45,2.77,10.72,0.81,0,18.4,Fastened,FALSE,LOW,normal,1
07:48:00,7,2,5,day,108,BCK004,Backhoe,OP1021,1610.2,33.5,Sunny,6.98,1384,86.7,79.8,40.3,13.64,4.12,9.8,0.26,1,22.4,Fastened,FALSE,LOW,normal,1
07:50:00,7,2,5,day,110,BCK004,Backhoe,OP1021,1610.3,33.5,Sunny,7.17,1379,83.6,79.7,44.7,12.76,3.11,8.45,0.99,3,22.6,Unfastened,TRUE,LOW,normal,1
07:52:00,7,2,5,day,112,BCK004,Backhoe,OP1021,1610.3,33.5,Sunny,5.5,1811,84,79.6,42,13.17,2.93,8.87,0.38,3,31.2,Fastened,FALSE,LOW,normal,1
07:54:00,7,2,5,day,114,BCK004,Backhoe,OP1021,1610.3,33.5,Sunny,5.78,1306,85,79.5,51.4,12.69,2.23,7.31,0.66,0,9.1,Fastened,FALSE,LOW,normal,1
07:56:00,7,2,5,day,116,BCK004,Backhoe,OP1021,1610.3,33.5,Sunny,7.38,1156,92,79.3,42.1,13.62,3.53,9.37,0.53,4,16,Fastened,FALSE,LOW,normal,1
07:58:00,7,2,5,day,118,BCK004,Backhoe,OP1021,1610.3,33.5,Sunny,7.42,1274,82.2,79.3,46,11.02,2.62,7.16,0.77,4,20.3,Fastened,FALSE,LOW,normal,1
08:00:00,8,2,5,day,120,BCK004,Backhoe,OP1021,1610.3,33.5,Sunny,5.84,1858,87.7,79.2,35.9,8,3.64,6.43,1,1,28.7,Fastened,FALSE,LOW,normal,1
08:02:00,8,2,5,day,122,BCK004,Backhoe,OP1021,1610.3,33.5,Sunny,4.93,867,86.9,79.1,58.2,12.97,3.04,7.19,0.65,0,9.5,Fastened,FALSE,LOW,normal,1
08:04:00,8,2,5,day,124,BCK004,Backhoe,OP1021,1610.3,33.5,Sunny,7.33,1911,83.7,79,44.2,12.64,2.83,8.3,0.35,0,9.2,Fastened,FALSE,LOW,normal,1
08:06:00,8,2,5,day,126,BCK004,Backhoe,OP1021,1610.3,33.5,Sunny,2.07,1520,84,78.8,42.9,12.43,2.88,8.33,0.9,3,9.3,Unfastened,TRUE,LOW,normal,1
08:08:00,8,2,5,day,128,BCK004,Backhoe,OP1021,1610.3,33.5,Sunny,8.85,1517,82.9,78.7,47.8,13.21,3.52,8.58,0.72,3,7.3,Fastened,FALSE,MEDIUM,normal,1
08:10:00,8,2,5,day,130,BCK004,Backhoe,OP1021,1610.4,33.5,Sunny,3.13,1464,91.5,78.7,48,8.77,3.05,6.02,0.35,3,21.8,Fastened,FALSE,LOW,normal,1
08:12:00,8,2,5,day,132,BCK004,Backhoe,OP1021,1610.4,33.5,Sunny,10.6,1254,88,78.5,45.1,16.68,3.56,10.76,0.72,2,29.9,Fastened,FALSE,LOW,normal,1
08:14:00,8,2,5,day,134,BCK004,Backhoe,OP1021,1610.4,33.5,Sunny,7.04,1060,88.3,78.4,32.4,11.3,3.09,8.64,0,0,18.2,Fastened,FALSE,LOW,normal,1
08:16:00,8,2,5,day,136,BCK004,Backhoe,OP1021,1610.4,33.5,Sunny,1.78,1421,90.7,78.3,43.1,11,2.46,7.32,0.1,4,19.7,Fastened,FALSE,LOW,normal,1
08:18:00,8,2,5,day,138,BCK004,Backhoe,OP1021,1610.4,33.5,Sunny,5.28,1336,89,78.2,58,12.08,3.06,6.85,0.97,0,27.8,Fastened,FALSE,LOW,normal,1
08:20:00,8,2,5,day,140,BCK004,Backhoe,OP1021,1610.4,33.5,Sunny,6.45,1363,88.4,78.1,34.8,9.9,3.44,7.65,0.86,2,27.9,Fastened,FALSE,LOW,normal,1
08:22:00,8,2,5,day,142,BCK004,Backhoe,OP1021,1610.4,33.5,Sunny,3.73,1046,83.1,78,54.7,14.53,2.35,7.87,0.53,0,9.5,Unfastened,TRUE,LOW,normal,1
08:24:00,8,2,5,day,144,BCK004,Backhoe,OP1021,1610.4,33.5,Sunny,6.4,1734,88,77.9,54.1,11.74,1.87,6.4,1.03,2,18.4,Fastened,FALSE,LOW,normal,1
08:26:00,8,2,5,day,146,BCK004,Backhoe,OP1021,1610.4,33.5,Sunny,4.44,1715,86.3,77.8,37.9,13.08,2.82,9.19,0.71,3,22.5,Fastened,FALSE,LOW,normal,1
08:28:00,8,2,5,day,148,BCK004,Backhoe,OP1021,1610.5,33.5,Sunny,8.13,1872,84.1,77.7,45,12.16,3.31,8.18,0.39,2,28.9,Fastened,FALSE,LOW,normal,1
08:30:00,8,2,5,day,150,BCK004,Backhoe,OP1021,1610.5,33.5,Sunny,6.31,1622,84.8,77.6,47.6,12.06,2.56,7.54,0.32,1,17.5,Fastened,FALSE,LOW,normal,1
08:32:00,8,2,5,day,152,BCK004,Backhoe,OP1021,1610.5,33.5,Sunny,6.45,1725,83.8,77.5,28.4,9.05,2.82,7.28,0.66,3,17.2,Fastened,FALSE,LOW,normal,1
08:34:00,8,2,5,day,154,BCK004,Backhoe,OP1021,1610.5,33.5,Sunny,4.67,1833,82,77.4,41.1,10.71,3.04,7.56,0.87,1,23.8,Fastened,FALSE,LOW,normal,1
08:36:00,8,2,5,day,156,BCK004,Backhoe,OP1021,1610.5,33.5,Sunny,0.22,1717,86,77.3,56.1,11.45,2.58,2.71,0.93,4,17.6,Fastened,FALSE,LOW,excessive_idle,-1
08:38:00,8,2,5,day,158,BCK004,Backhoe,OP1021,1610.5,33.5,Sunny,0.01,1487,83.3,77.2,58.3,10.7,2.96,3.11,0.6,1,15.4,Unfastened,FALSE,LOW,excessive_idle,-1
08:40:00,8,2,5,day,160,BCK004,Backhoe,OP1021,1610.5,33.5,Sunny,0.08,1382,84.4,77.1,44.6,12.73,2.62,2.75,0.58,3,26.5,Fastened,FALSE,LOW,excessive_idle,-1
08:42:00,8,2,5,day,162,BCK004,Backhoe,OP1021,1610.5,33.5,Sunny,0.64,1565,79,77,57.4,9.6,3.63,3.81,0.42,0,22.7,Fastened,FALSE,LOW,excessive_idle,-1
08:44:00,8,2,5,day,164,BCK004,Backhoe,OP1021,1610.5,33.5,Sunny,0,1780,84.9,76.9,51.4,11.77,3.38,3.55,0.89,2,30.1,Fastened,FALSE,LOW,excessive_idle,-1
08:46:00,8,2,5,day,166,BCK004,Backhoe,OP1021,1610.5,33.5,Sunny,0,1722,80.9,76.8,46.3,14.07,3.15,3.31,1.52,1,22,Fastened,FALSE,LOW,excessive_idle,-1
08:48:00,8,2,5,day,168,BCK004,Backhoe,OP1021,1610.6,33.5,Sunny,0.07,1346,85.1,76.7,50.9,13.22,2.63,2.76,0,1,25.8,Fastened,FALSE,LOW,excessive_idle,-1
08:50:00,8,2,5,day,170,BCK004,Backhoe,OP1021,1610.6,33.5,Sunny,0,1205,86.8,76.6,42.9,11.47,3.49,3.66,0.26,4,22.1,Unfastened,FALSE,LOW,excessive_idle,-1
08:52:00,8,2,5,day,172,BCK004,Backhoe,OP1021,1610.6,33.5,Sunny,0,1599,91.5,76.5,53.4,9.72,2.35,2.47,0.8,4,33.4,Fastened,FALSE,LOW,excessive_idle,-1
08:54:00,8,2,5,day,174,BCK004,Backhoe,OP1021,1610.6,33.5,Sunny,0.43,1789,84.9,76.4,61.4,12.26,3.45,3.62,1.28,0,16.3,Fastened,FALSE,LOW,excessive_idle,-1
08:56:00,8,2,5,day,176,BCK004,Backhoe,OP1021,1610.6,33.5,Sunny,0.51,1217,86.5,76.2,53.3,12.45,2.49,2.61,0.89,1,15.4,Fastened,FALSE,LOW,excessive_idle,-1
08:58:00,8,2,5,day,178,BCK004,Backhoe,OP1021,1610.6,33.5,Sunny,0,1188,92.3,76.1,57.1,15.31,3.12,3.28,0.78,1,11.8,Fastened,FALSE,LOW,excessive_idle,-1
09:00:00,9,2,5,day,180,BCK004,Backhoe,OP1021,1610.6,33.5,Sunny,0.42,1264,82.8,76,54.1,11.32,3.23,3.39,0.32,4,7.7,Fastened,FALSE,MEDIUM,excessive_idle,-1
09:02:00,9,2,5,day,182,BCK004,Backhoe,OP1021,1610.6,33.5,Sunny,5.85,1659,84,75.9,49.5,8,3.09,5.57,0.18,2,10.3,Fastened,FALSE,LOW,normal,1
09:04:00,9,2,5,day,184,BCK004,Backhoe,OP1021,1610.6,33.5,Sunny,5.99,1210,82.6,75.8,45.7,13.55,2.1,8.32,1.13,3,11.1,Fastened,FALSE,LOW,normal,1
09:06:00,9,2,5,day,186,BCK004,Backhoe,OP1021,1610.6,33.5,Sunny,8.25,1177,87.8,75.7,34.7,10.39,2.93,7.8,1.01,0,14.6,Fastened,FALSE,LOW,normal,1
09:08:00,9,2,5,day,188,BCK004,Backhoe,OP1021,1610.7,33.5,Sunny,4.72,1299,87.1,75.6,43.8,12.35,2.57,8.07,0.55,3,15.2,Fastened,FALSE,LOW,normal,1
09:10:00,9,2,5,day,190,BCK004,Backhoe,OP1021,1610.7,33.5,Sunny,7.27,948,85.1,75.5,38.6,11.68,2.69,8.21,1.15,0,12.9,Fastened,FALSE,LOW,normal,1
09:12:00,9,2,5,day,192,BCK004,Backhoe,OP1021,1610.7,33.5,Sunny,6.74,1675,91,75.4,54.8,8.97,2.65,5.51,0.59,2,13.3,Fastened,FALSE,LOW,normal,1
09:14:00,9,2,5,day,194,BCK004,Backhoe,OP1021,1610.7,33.5,Sunny,0.96,1426,84.3,75.3,45.5,13.57,3.03,8.77,0.37,0,20.9,Fastened,FALSE,LOW,normal,1
09:16:00,9,2,5,day,196,BCK004,Backhoe,OP1021,1610.7,33.5,Sunny,7.3,1623,83,75.2,32.8,8.34,2.39,6.39,0.82,1,42.9,Fastened,FALSE,LOW,normal,1
09:18:00,9,2,5,day,198,BCK004,Backhoe,OP1021,1610.7,33.5,Sunny,5.72,1882,87.8,75.1,50.5,12.12,3.07,7.55,0.72,1,28,Fastened,FALSE,LOW,normal,1
09:20:00,9,2,5,day,200,BCK004,Backhoe,OP1021,1610.7,33.5,Sunny,8.36,1212,84.7,75.1,38.4,8,1.68,5.57,0.46,1,10.9,Fastened,FALSE,LOW,normal,1
09:22:00,9,2,5,day,202,BCK004,Backhoe,OP1021,1610.7,33.5,Sunny,4.15,1470,87,75,51.3,10.79,3.25,6.92,0.82,2,9.5,Fastened,FALSE,LOW,normal,1
09:24:00,9,2,5,day,204,BCK004,Backhoe,OP1021,1610.7,33.5,Sunny,7.22,1244,88.3,74.8,37.8,11.85,2.67,8.38,0.84,2,20.4,Fastened,FALSE,LOW,normal,1
09:26:00,9,2,5,day,206,BCK004,Backhoe,OP1021,1610.7,33.5,Sunny,5.98,1319,91.1,74.7,51.2,12.32,3.34,7.72,0.74,3,21,Fastened,FALSE,LOW,normal,1
09:28:00,9,2,5,day,208,BCK004,Backhoe,OP1021,1610.8,33.5,Sunny,3.64,1470,89.5,74.6,52.6,12.19,3.49,7.61,0.69,3,18.8,Fastened,FALSE,LOW,normal,1
09:30:00,9,2,5,day,210,BCK004,Backhoe,OP1021,1610.8,33.5,Sunny,5.29,1133,88.7,74.5,39,12.84,3.55,9.22,0.68,4,9.7,Fastened,FALSE,LOW,normal,1
09:32:00,9,2,5,day,212,BCK004,Backhoe,OP1021,1610.8,33.5,Sunny,4.99,1178,82.6,74.4,51.8,10.52,3.21,6.73,0.51,1,25.4,Fastened,FALSE,LOW,normal,1
09:34:00,9,2,5,day,214,BCK004,Backhoe,OP1021,1610.8,33.5,Sunny,5.62,2018,88.4,74.3,40.4,11.41,1.9,7.57,0.61,1,23.5,Fastened,FALSE,LOW,normal,1
09:36:00,9,2,5,day,216,BCK004,Backhoe,OP1021,1610.8,33.5,Sunny,4.3,1587,88.7,74.2,38.8,15.31,3.01,10.54,0.4,2,24.5,Fastened,FALSE,LOW,normal,1
09:38:00,9,2,5,day,218,BCK004,Backhoe,OP1021,1610.8,33.5,Sunny,6.09,1507,86.8,74.1,40,13.14,2.2,8.76,0.97,2,21.1,Fastened,FALSE,LOW,normal,1
09:40:00,9,2,5,day,220,BCK004,Backhoe,OP1021,1610.8,33.5,Sunny,3.32,1553,87.1,73.9,35.1,12.86,3.25,9.49,0.5,2,27,Fastened,FALSE,LOW,normal,1
09:42:00,9,2,5,day,222,BCK004,Backhoe,OP1021,1610.8,33.5,Sunny,8.43,2197,86,73.9,49.4,11.52,2.56,7.09,0.33,1,11.2,Fastened,FALSE,LOW,normal,1
09:44:00,9,2,5,day,224,BCK004,Backhoe,OP1021,1610.8,33.5,Sunny,4.91,1566,83.8,73.7,41.9,11.92,2.08,7.8,0.53,1,15.1,Fastened,FALSE,LOW,normal,1
09:46:00,9,2,5,day,226,BCK004,Backhoe,OP1021,1610.8,33.5,Sunny,8.51,1710,84.9,73.6,43.3,11.89,2.92,8.01,0.24,2,15.1,Fastened,FALSE,LOW,normal,1
09:48:00,9,2,5,day,228,BCK004,Backhoe,OP1021,1610.9,33.5,Sunny,5.63,1283,82.2,73.5,34,11.69,3.72,8.98,1.26,3,14.1,Fastened,FALSE,LOW,normal,1
09:50:00,9,2,5,day,230,BCK004,Backhoe,OP1021,1610.9,33.5,Sunny,5.2,1402,82.9,73.4,26.7,12.75,2.54,10.02,0.93,4,12.1,Fastened,FALSE,LOW,normal,1
09:52:00,9,2,5,day,232,BCK004,Backhoe,OP1021,1610.9,33.5,Sunny,8.14,1556,90,73.3,35.4,13.04,2.54,9.32,0.27,2,23,Unfastened,TRUE,LOW,normal,1
09:54:00,9,2,5,day,234,BCK004,Backhoe,OP1021,1610.9,33.5,Sunny,9.16,1755,94.4,73.1,42.6,13.17,2.15,8.48,0.55,1,18.7,Unfastened,TRUE,LOW,normal,1
09:56:00,9,2,5,day,236,BCK004,Backhoe,OP1021,1610.9,33.5,Sunny,3.48,1894,87.2,73,31.1,10.69,3.2,8.36,0.9,2,12.4,Fastened,FALSE,LOW,normal,1
09:58:00,9,2,5,day,238,BCK004,Backhoe,OP1021,1610.9,33.5,Sunny,3.8,2222,85.7,72.9,47.3,14.14,3.5,9.11,0.52,2,20.7,Unfastened,TRUE,LOW,normal,1
10:00:00,10,2,5,day,240,BCK004,Backhoe,OP1021,1610.9,33.5,Sunny,8.8,1515,91.5,72.8,39.1,12.1,3.02,8.55,1,3,19.4,Fastened,FALSE,LOW,normal,1
10:02:00,10,2,5,day,242,BCK004,Backhoe,OP1021,1610.9,33.5,Sunny,3.37,1897,82.6,72.7,43.6,12.96,3.84,8.98,0.64,4,3.7,Fastened,FALSE,MEDIUM,normal,1
10:04:00,10,2,5,day,244,BCK004,Backhoe,OP1021,1610.9,33.5,Sunny,4.2,819,87.9,72.6,45.8,15.15,3.61,9.86,0.02,2,21.6,Fastened,FALSE,LOW,normal,1
10:06:00,10,2,5,day,246,BCK004,Backhoe,OP1021,1610.9,33.5,Sunny,5.68,1315,86.4,72.5,54.5,12.18,2.66,6.99,0.22,1,29.1,Fastened,FALSE,LOW,normal,1
10:08:00,10,2,5,day,248,BCK004,Backhoe,OP1021,1611,33.5,Sunny,8.01,1145,92.4,72.3,41.6,12.31,2.78,8.35,0.79,2,8.8,Fastened,FALSE,LOW,normal,1
10:10:00,10,2,5,day,250,BCK004,Backhoe,OP1021,1611,33.5,Sunny,3.93,1690,87.4,72.3,54.7,8.03,3.16,5.37,0.79,3,0.5,Unfastened,TRUE,MEDIUM,normal,1
10:12:00,10,2,5,day,252,BCK004,Backhoe,OP1021,1611,33.5,Sunny,15.67,2276,88.1,72.2,48.5,11.49,3.12,7.43,1.75,2,9.8,Fastened,FALSE,LOW,overspeed,-1
10:14:00,10,2,5,day,254,BCK004,Backhoe,OP1021,1611,33.5,Sunny,12.43,2607,86.2,72.1,43.2,11.24,2.95,7.66,3.09,1,4.4,Fastened,FALSE,MEDIUM,overspeed,-1
10:16:00,10,2,5,day,256,BCK004,Backhoe,OP1021,1611,33.5,Sunny,15.81,2558,85.2,72,41.9,13.57,2.79,9.05,2.79,4,18.3,Fastened,FALSE,LOW,overspeed,-1
10:18:00,10,2,5,day,258,BCK004,Backhoe,OP1021,1611,33.5,Sunny,13.38,2641,88.7,71.9,40.1,9.25,2.88,6.7,2.6,3,4.9,Fastened,FALSE,MEDIUM,overspeed,-1
10:20:00,10,2,5,day,260,BCK004,Backhoe,OP1021,1611,33.5,Sunny,14.43,2136,90.6,71.7,41.9,13.32,2.55,8.81,3.28,1,27,Unfastened,TRUE,LOW,overspeed,-1
10:22:00,10,2,5,day,262,BCK004,Backhoe,OP1021,1611,33.5,Sunny,12.83,2853,92,71.6,40.2,11.46,2.81,7.98,3.09,1,29.6,Fastened,FALSE,LOW,overspeed,-1
10:24:00,10,2,5,day,264,BCK004,Backhoe,OP1021,1611,33.5,Sunny,13.1,2623,90.7,71.5,43,11.28,3.5,7.93,3.42,3,22.2,Fastened,FALSE,LOW,overspeed,-1
10:26:00,10,2,5,day,266,BCK004,Backhoe,OP1021,1611,33.5,Sunny,10.08,2798,87.2,71.4,49.6,14.13,2.79,8.51,2.65,4,28.8,Fastened,FALSE,LOW,overspeed,-1
10:28:00,10,2,5,day,268,BCK004,Backhoe,OP1021,1611.1,33.5,Sunny,14.43,2463,82.3,71.3,50.7,13.13,2.98,7.98,3.04,0,14.2,Fastened,FALSE,LOW,overspeed,-1
10:30:00,10,2,5,day,270,BCK004,Backhoe,OP1021,1611.1,33.5,Sunny,13.73,2368,87.5,71.2,38.1,9.59,3.19,7.15,2.76,1,10,Unfastened,TRUE,LOW,overspeed,-1
10:32:00,10,2,5,day,272,BCK004,Backhoe,OP1021,1611.1,33.5,Sunny,15.29,2163,90.1,71.1,51.1,12.4,2.63,7.41,2.41,3,15.1,Fastened,FALSE,LOW,overspeed,-1
10:34:00,10,2,5,day,274,BCK004,Backhoe,OP1021,1611.1,33.5,Sunny,18.12,2161,89.9,71,38.2,13.01,2.5,9,3.41,4,17.8,Fastened,FALSE,LOW,overspeed,-1
10:36:00,10,2,5,day,276,BCK004,Backhoe,OP1021,1611.1,33.5,Sunny,14.41,2484,83.8,70.9,37.2,8,3.4,6.29,3.18,4,10.2,Fastened,FALSE,LOW,overspeed,-1
10:38:00,10,2,5,day,278,BCK004,Backhoe,OP1021,1611.1,33.5,Sunny,14.98,2336,85.1,70.8,32.3,10.15,2.93,7.82,2.32,3,12.7,Fastened,FALSE,LOW,overspeed,-1
10:40:00,10,2,5,day,280,BCK004,Backhoe,OP1021,1611.1,33.5,Sunny,13.14,2538,84.7,70.7,45.6,15,3.57,9.79,2.77,0,22.6,Fastened,FALSE,LOW,overspeed,-1
10:42:00,10,2,5,day,282,BCK004,Backhoe,OP1021,1611.1,33.5,Sunny,14.22,2953,86.6,70.6,45.7,11.39,2.9,7.51,3.04,0,19.7,Unfastened,TRUE,LOW,overspeed,-1
10:44:00,10,2,5,day,284,BCK004,Backhoe,OP1021,1611.1,33.5,Sunny,13.65,2422,84,70.5,48.5,10.69,4.07,7.48,2.47,1,26.1,Fastened,FALSE,LOW,overspeed,-1
10:46:00,10,2,5,day,286,BCK004,Backhoe,OP1021,1611.1,33.5,Sunny,11.48,2620,87.8,70.4,59.1,10.07,4.14,6.57,3.3,4,22.3,Fastened,FALSE,LOW,overspeed,-1
10:48:00,10,2,5,day,288,BCK004,Backhoe,OP1021,1611.2,33.5,Sunny,11.36,2407,82.2,70.3,41.9,14.75,3.38,9.99,2.61,1,21.5,Unfastened,TRUE,LOW,overspeed,-1
10:50:00,10,2,5,day,290,BCK004,Backhoe,OP1021,1611.2,33.5,Sunny,13.53,2334,81.1,70.1,39.7,14.21,2.65,9.62,2.9,3,31.9,Fastened,FALSE,LOW,overspeed,-1
10:52:00,10,2,5,day,292,BCK004,Backhoe,OP1021,1611.2,33.5,Sunny,11.89,2807,91.8,70,36.2,14.33,2.95,10.21,3.29,3,13.5,Unfastened,TRUE,LOW,overspeed,-1
10:54:00,10,2,5,day,294,BCK004,Backhoe,OP1021,1611.2,33.5,Sunny,13.3,2555,89.3,69.9,55,14.33,3.85,8.57,3.36,1,15.8,Fastened,FALSE,LOW,overspeed,-1
10:56:00,10,2,5,day,296,BCK004,Backhoe,OP1021,1611.2,33.5,Sunny,14.22,2461,90.4,69.8,41.8,12.24,3.69,8.67,2.88,0,19,Fastened,FALSE,LOW,overspeed,-1
10:58:00,10,2,5,day,298,BCK004,Backhoe,OP1021,1611.2,33.5,Sunny,11.32,2492,91.3,69.6,49.3,14.92,3.13,9.11,3.5,3,19.5,Fastened,FALSE,LOW,overspeed,-1
11:00:00,11,2,5,day,300,BCK004,Backhoe,OP1021,1611.2,33.5,Sunny,4.71,1764,81.8,69.5,42.2,14.66,2.8,9.66,0.33,0,8.4,Fastened,FALSE,LOW,normal,1
11:02:00,11,2,5,day,302,BCK004,Backhoe,OP1021,1611.2,33.5,Sunny,8.74,1563,82.2,69.4,37.4,11.97,3.34,8.74,1.03,4,29,Fastened,FALSE,LOW,normal,1
11:04:00,11,2,5,day,304,BCK004,Backhoe,OP1021,1611.2,33.5,Sunny,4.38,1256,85.9,69.3,43.2,12.76,3.54,8.78,0.68,2,23.5,Fastened,FALSE,LOW,normal,1
11:06:00,11,2,5,day,306,BCK004,Backhoe,OP1021,1611.3,33.5,Sunny,4.45,1366,85.7,69.2,36.8,12.93,2.84,9.22,0.44,1,13.2,Fastened,FALSE,LOW,normal,1
11:08:00,11,2,5,day,308,BCK004,Backhoe,OP1021,1611.3,33.5,Sunny,5.68,1205,86.8,69.1,43.3,10.86,2.81,7.37,0.79,1,29.7,Fastened,FALSE,LOW,normal,1
11:10:00,11,2,5,day,310,BCK004,Backhoe,OP1021,1611.3,33.5,Sunny,1.31,1314,87,69,35.3,10.81,2.67,7.94,0.43,4,10.5,Fastened,FALSE,LOW,normal,1
11:12:00,11,2,5,day,312,BCK004,Backhoe,OP1021,1611.3,33.5,Sunny,3.92,1402,86.3,68.9,49.5,10.32,2.93,6.66,1.02,0,20.3,Fastened,FALSE,LOW,normal,1
11:14:00,11,2,5,day,314,BCK004,Backhoe,OP1021,1611.3,33.5,Sunny,6.8,1366,83.2,68.8,44.6,11.66,3.61,8.07,0.78,1,10.9,Fastened,FALSE,LOW,normal,1
11:16:00,11,2,5,day,316,BCK004,Backhoe,OP1021,1611.3,33.5,Sunny,3.45,1309,83.3,68.7,51.3,11.51,3.06,7.18,0.91,0,30.6,Fastened,FALSE,LOW,normal,1
11:18:00,11,2,5,day,318,BCK004,Backhoe,OP1021,1611.3,33.5,Sunny,4.47,1250,87.4,68.5,40.2,13.07,2.35,8.76,3.41,11,18.7,Fastened,FALSE,LOW,erratic_accel,-1
11:20:00,11,2,5,day,320,BCK004,Backhoe,OP1021,1611.3,33.5,Sunny,7.22,1453,85.8,68.5,53.2,11.06,2.38,6.44,3.68,22,19,Fastened,FALSE,LOW,erratic_accel,-1
11:22:00,11,2,5,day,322,BCK004,Backhoe,OP1021,1611.3,33.5,Sunny,5.08,1920,84.8,68.3,44.2,14.4,2.71,9.23,3.11,18,14.5,Fastened,FALSE,LOW,erratic_accel,-1
11:24:00,11,2,5,day,324,BCK004,Backhoe,OP1021,1611.3,33.5,Sunny,8.37,1989,85.2,68.2,40.3,12.7,3.55,9.01,3.52,25,21,Fastened,FALSE,LOW,erratic_accel,-1
11:26:00,11,2,5,day,326,BCK004,Backhoe,OP1021,1611.4,33.5,Sunny,6.68,1245,84.6,68.1,41,9.78,3.03,7.01,4.4,21,13.2,Fastened,FALSE,LOW,erratic_accel,-1
11:28:00,11,2,5,day,328,BCK004,Backhoe,OP1021,1611.4,33.5,Sunny,4.57,946,86.9,68,45.8,10.5,1.91,6.57,4.09,10,16.6,Fastened,FALSE,LOW,erratic_accel,-1
11:30:00,11,2,5,day,330,BCK004,Backhoe,OP1021,1611.4,33.5,Sunny,4.8,1372,89.1,67.9,58,11.61,3.24,6.76,4.19,17,25.1,Fastened,FALSE,LOW,erratic_accel,-1
11:32:00,11,2,5,day,332,BCK004,Backhoe,OP1021,1611.4,33.5,Sunny,7.38,1225,85.4,67.8,39.3,15.33,2.43,10.26,4.49,11,25.4,Fastened,FALSE,LOW,erratic_accel,-1
11:34:00,11,2,5,day,334,BCK004,Backhoe,OP1021,1611.4,33.5,Sunny,6.92,918,102.1,67.7,38.9,12.97,2.9,9.05,0.59,0,32.7,Fastened,FALSE,MEDIUM,temp_spike,-1
11:36:00,11,2,5,day,336,BCK004,Backhoe,OP1021,1611.4,33.5,Sunny,7.56,1201,109.8,67.6,48.2,8.78,2.95,5.97,0.91,4,17.1,Fastened,TRUE,MEDIUM,temp_spike,-1
11:38:00,11,2,5,day,338,BCK004,Backhoe,OP1021,1611.4,33.5,Sunny,5.44,1992,110.3,67.5,53.8,13.59,2.89,7.83,0.72,3,4.1,Fastened,TRUE,MEDIUM,temp_spike,-1
11:40:00,11,2,5,day,340,BCK004,Backhoe,OP1021,1611.4,33.5,Sunny,6.12,1084,108.2,67.4,51.9,8.79,2.68,5.62,0.55,2,12,Fastened,TRUE,MEDIUM,temp_spike,-1
11:42:00,11,2,5,day,342,BCK004,Backhoe,OP1021,1611.4,33.5,Sunny,7.72,1549,114.4,67.3,41.4,13.09,3.54,9.14,0.58,3,6,Fastened,TRUE,MEDIUM,temp_spike,-1
11:44:00,11,2,5,day,344,BCK004,Backhoe,OP1021,1611.4,33.5,Sunny,5.02,1618,109.5,67.2,37.1,11.97,2.25,8.36,0.93,2,8.3,Fastened,TRUE,MEDIUM,temp_spike,-1
11:46:00,11,2,5,day,346,BCK004,Backhoe,OP1021,1611.5,33.5,Sunny,5.2,1053,104.1,67.1,43.1,14.45,3.27,9.63,0.29,0,18.3,Fastened,FALSE,MEDIUM,temp_spike,-1
11:48:00,11,2,5,day,348,BCK004,Backhoe,OP1021,1611.5,33.5,Sunny,8.11,1283,88.8,67,45.5,10.94,3.47,7.54,4.03,20,11.9,Unfastened,TRUE,LOW,erratic_accel,-1
11:50:00,11,2,5,day,350,BCK004,Backhoe,OP1021,1611.5,33.5,Sunny,4.98,1024,88.7,66.9,36.1,10.7,3.02,7.93,3.87,13,15.4,Fastened,FALSE,LOW,erratic_accel,-1
11:52:00,11,2,5,day,352,BCK004,Backhoe,OP1021,1611.5,33.5,Sunny,8.09,1778,87.1,66.7,35.2,12.01,3.58,9.04,3.82,13,7.2,Fastened,FALSE,MEDIUM,erratic_accel,-1
11:54:00,11,2,5,day,354,BCK004,Backhoe,OP1021,1611.5,33.5,Sunny,9.16,1212,88.1,66.7,44.7,8.41,2.99,5.99,3.24,16,2.6,Unfastened,TRUE,HIGH,erratic_accel,-1
11:56:00,11,2,5,day,356,BCK004,Backhoe,OP1021,1611.5,33.5,Sunny,7.1,1767,91.6,66.6,52.3,12.21,3.23,7.51,4.64,11,0.5,Fastened,TRUE,HIGH,erratic_accel,-1
11:58:00,11,2,5,day,358,BCK004,Backhoe,OP1021,1611.5,33.5,Sunny,8.18,955,86.9,66.5,42.3,11.1,3.03,7.69,3.88,14,24.9,Fastened,FALSE,LOW,erratic_accel,-1
12:00:00,12,2,5,day,360,BCK004,Backhoe,OP1021,1611.5,33.5,Sunny,3.7,1665,85.3,66.3,43.9,13.39,2.91,8.79,3.47,20,20.5,Fastened,FALSE,LOW,erratic_accel,-1
12:02:00,12,2,5,day,362,BCK004,Backhoe,OP1021,1611.5,33.5,Sunny,3.52,1674,85.5,66.2,46.2,11.73,2.94,7.67,3.12,15,29.4,Fastened,FALSE,LOW,erratic_accel,-1
12:04:00,12,2,5,day,364,BCK004,Backhoe,OP1021,1611.5,33.5,Sunny,5.78,1564,85.9,66.2,46.8,8.11,3.18,5.8,4.81,23,20,Fastened,FALSE,LOW,erratic_accel,-1
12:06:00,12,2,5,day,366,BCK004,Backhoe,OP1021,1611.6,33.5,Sunny,7.16,1656,88,66,38.8,12.9,2.83,8.99,2.56,10,4.8,Fastened,FALSE,MEDIUM,erratic_accel,-1
12:08:00,12,2,5,day,368,BCK004,Backhoe,OP1021,1611.6,33.5,Sunny,1.47,1480,84.5,65.9,39,10.32,3.3,7.58,3.87,15,24.3,Fastened,FALSE,LOW,erratic_accel,-1
12:10:00,12,2,5,day,370,BCK004,Backhoe,OP1021,1611.6,33.5,Sunny,3.71,1251,86.8,65.8,38.3,13.99,1.93,9.37,3.58,21,32.2,Fastened,FALSE,LOW,erratic_accel,-1
12:12:00,12,2,5,day,372,BCK004,Backhoe,OP1021,1611.6,33.5,Sunny,5.4,1882,84.3,65.7,36,12.3,2.95,8.93,4.61,18,13.6,Fastened,FALSE,LOW,erratic_accel,-1
12:14:00,12,2,5,day,374,BCK004,Backhoe,OP1021,1611.6,33.5,Sunny,4.52,1804,83.6,65.6,42.6,12.36,2.61,8.21,4.83,18,32.9,Fastened,FALSE,LOW,erratic_accel,-1
12:16:00,12,2,5,day,376,BCK004,Backhoe,OP1021,1611.6,33.5,Sunny,1.94,1240,87.1,65.5,38.6,12.38,3.25,8.86,3.69,13,10.5,Fastened,FALSE,LOW,erratic_accel,-1
12:18:00,12,2,5,day,378,BCK004,Backhoe,OP1021,1611.6,33.5,Sunny,4.74,1849,86.4,65.4,48.9,14.31,2.48,8.53,4.07,22,33.5,Unfastened,TRUE,LOW,erratic_accel,-1
12:20:00,12,2,5,day,380,BCK004,Backhoe,OP1021,1611.6,33.5,Sunny,5.39,1613,90.4,65.2,41.6,12.45,3.42,8.69,4.37,23,12.3,Fastened,FALSE,LOW,erratic_accel,-1
12:22:00,12,2,5,day,382,BCK004,Backhoe,OP1021,1611.6,33.5,Sunny,3.9,1561,85.2,65.2,56.8,11.12,2.21,6.06,3.99,22,17.7,Fastened,FALSE,LOW,erratic_accel,-1
12:24:00,12,2,5,day,384,BCK004,Backhoe,OP1021,1611.6,33.5,Sunny,6.35,1199,85.9,65.1,31.8,10.07,2.4,7.63,4.21,14,14,Fastened,FALSE,LOW,erratic_accel,-1
12:26:00,12,2,5,day,386,BCK004,Backhoe,OP1021,1611.7,33.5,Sunny,7.3,1635,87.9,64.9,51.9,13.01,3.74,8.2,3.52,10,29.7,Unfastened,TRUE,LOW,erratic_accel,-1
12:28:00,12,2,5,day,388,BCK004,Backhoe,OP1021,1611.7,33.5,Sunny,5.26,1640,84.8,64.8,53.6,14.91,2.46,8.24,4.61,16,12.9,Fastened,FALSE,LOW,erratic_accel,-1
12:30:00,12,2,5,day,390,BCK004,Backhoe,OP1021,1611.7,33.5,Sunny,2.49,1641,84.8,64.7,43,11.69,3.13,8.01,3.09,19,0.5,Fastened,FALSE,MEDIUM,erratic_accel,-1
12:32:00,12,2,5,day,392,BCK004,Backhoe,OP1021,1611.7,33.5,Sunny,1.48,1237,83.8,64.6,40.8,14.32,2.8,9.62,4.06,15,28.8,Unfastened,FALSE,LOW,erratic_accel,-1
12:34:00,12,2,5,day,394,BCK004,Backhoe,OP1021,1611.7,33.5,Sunny,6.43,774,88.6,64.5,45.5,12.19,2.84,7.94,3.5,18,26.6,Unfastened,TRUE,LOW,erratic_accel,-1
12:36:00,12,2,5,day,396,BCK004,Backhoe,OP1021,1611.7,33.5,Sunny,2.77,1545,84.2,64.4,48.8,11.7,3.79,7.84,0.5,4,19.9,Unfastened,TRUE,LOW,normal,1
12:38:00,12,2,5,day,398,BCK004,Backhoe,OP1021,1611.7,33.5,Sunny,5.8,1470,88.6,64.3,37.5,13.76,2.85,9.67,0.57,1,25.6,Fastened,FALSE,LOW,normal,1
12:40:00,12,2,5,day,400,BCK004,Backhoe,OP1021,1611.7,33.5,Sunny,5.31,1108,88.4,64.2,58.9,12.77,3.29,7.19,0.96,3,11.9,Fastened,FALSE,LOW,normal,1
12:42:00,12,2,5,day,402,BCK004,Backhoe,OP1021,1611.7,33.5,Sunny,6.15,811,90.3,64.1,46.5,12.13,2.62,7.71,0.72,1,27,Fastened,FALSE,LOW,normal,1
12:44:00,12,2,5,day,404,BCK004,Backhoe,OP1021,1611.7,33.5,Sunny,3.56,1417,79.1,64,50.2,10.63,3.65,7.13,0.94,3,13.8,Fastened,FALSE,LOW,normal,1
12:46:00,12,2,5,day,406,BCK004,Backhoe,OP1021,1611.8,33.5,Sunny,2.58,1392,84.7,63.9,49.3,11.88,2.4,7.21,0.45,2,10.4,Fastened,FALSE,LOW,normal,1
12:48:00,12,2,5,day,408,BCK004,Backhoe,OP1021,1611.8,33.5,Sunny,3.88,1475,86.4,63.8,52.9,10.82,2.8,6.58,0.59,4,19.3,Fastened,FALSE,LOW,normal,1
12:50:00,12,2,5,day,410,BCK004,Backhoe,OP1021,1611.8,33.5,Sunny,5.3,1696,89.7,63.7,47.3,11.32,2.59,7.19,0.65,4,23.1,Fastened,FALSE,LOW,normal,1
12:52:00,12,2,5,day,412,BCK004,Backhoe,OP1021,1611.8,33.5,Sunny,4.2,1625,90.1,63.6,46.1,12.43,3.31,8.23,0.52,4,7,Fastened,FALSE,MEDIUM,normal,1
12:54:00,12,2,5,day,414,BCK004,Backhoe,OP1021,1611.8,33.5,Sunny,3.8,1399,83.3,63.5,42.7,12.98,2.62,8.56,0.6,1,11,Fastened,FALSE,LOW,normal,1
12:56:00,12,2,5,day,416,BCK004,Backhoe,OP1021,1611.8,33.5,Sunny,7.73,1397,81.5,63.3,36.7,12.39,3.9,9.27,0.56,3,12,Unfastened,TRUE,LOW,normal,1
12:58:00,12,2,5,day,418,BCK004,Backhoe,OP1021,1611.8,33.5,Sunny,4.57,1256,84.1,63.3,38.1,8.11,3.76,6.45,0.61,0,13.5,Fastened,FALSE,LOW,normal,1
13:00:00,13,2,5,day,420,BCK004,Backhoe,OP1021,1611.8,33.5,Sunny,6.84,1246,81.2,63.2,37.9,8.98,3.62,6.95,1.15,0,26.3,Fastened,FALSE,LOW,normal,1
13:02:00,13,2,5,day,422,BCK004,Backhoe,OP1021,1611.8,33.5,Sunny,6.06,1814,92.5,63.1,46,10.88,2.56,7.05,0.42,1,14.1,Fastened,FALSE,LOW,normal,1
13:04:00,13,2,5,day,424,BCK004,Backhoe,OP1021,1611.8,33.5,Sunny,7.43,1321,91.8,62.9,42.1,16.42,2.55,10.58,0.88,3,11,Fastened,FALSE,LOW,normal,1
13:06:00,13,2,5,day,426,BCK004,Backhoe,OP1021,1611.9,33.5,Sunny,6.41,1557,85.7,62.8,59,10.94,2.78,6.13,0.72,1,13.3,Unfastened,TRUE,LOW,normal,1
13:08:00,13,2,5,day,428,BCK004,Backhoe,OP1021,1611.9,33.5,Sunny,5.27,1491,87.2,62.8,49.1,8.85,2.68,5.82,1.28,1,7.8,Fastened,FALSE,MEDIUM,normal,1
13:10:00,13,2,5,day,430,BCK004,Backhoe,OP1021,1611.9,33.5,Sunny,3.97,1674,85.6,62.7,56.4,13.74,3.41,7.91,0.76,2,35.9,Fastened,FALSE,LOW,normal,1
13:12:00,13,2,5,day,432,BCK004,Backhoe,OP1021,1611.9,33.5,Sunny,3.62,1694,87.4,62.6,52.6,9.27,3.51,6.24,0.44,2,28.3,Fastened,FALSE,LOW,normal,1
13:14:00,13,2,5,day,434,BCK004,Backhoe,OP1021,1611.9,33.5,Sunny,4.99,892,93.4,62.5,32.4,8.01,3.05,6.4,0.87,1,32.1,Fastened,FALSE,LOW,normal,1
13:16:00,13,2,5,day,436,BCK004,Backhoe,OP1021,1611.9,33.5,Sunny,5.82,1365,90.8,62.4,52,12.41,3.54,7.8,1.15,0,14.7,Fastened,FALSE,LOW,normal,1
13:18:00,13,2,5,day,438,BCK004,Backhoe,OP1021,1611.9,33.5,Sunny,8.4,1918,88.5,62.3,52.3,13.07,2.22,7.4,0.48,3,22.2,Fastened,FALSE,LOW,normal,1
13:20:00,13,2,5,day,440,BCK004,Backhoe,OP1021,1611.9,33.5,Sunny,6.46,1724,84.6,62.2,40.3,14.12,4.2,10.12,0.42,4,10.8,Fastened,FALSE,LOW,normal,1
13:22:00,13,2,5,day,442,BCK004,Backhoe,OP1021,1611.9,33.5,Sunny,5.62,1627,87.8,62,46.6,13,3.43,8.54,0.38,2,12.7,Fastened,FALSE,LOW,normal,1
13:24:00,13,2,5,day,444,BCK004,Backhoe,OP1021,1612,33.5,Sunny,2.6,1342,81.3,61.9,41,12.78,2.2,8.44,0.75,4,12.4,Fastened,FALSE,LOW,normal,1
13:26:00,13,2,5,day,446,BCK004,Backhoe,OP1021,1612,33.5,Sunny,6.72,1152,85.6,61.8,49.5,9.15,3.34,6.27,0.36,0,13.2,Fastened,FALSE,LOW,normal,1
13:28:00,13,2,5,day,448,BCK004,Backhoe,OP1021,1612,33.5,Sunny,4.21,1253,83.2,61.7,36.3,13.49,1.99,9.32,0.75,2,16.1,Fastened,FALSE,LOW,normal,1
13:30:00,13,2,5,day,450,BCK004,Backhoe,OP1021,1612,33.5,Sunny,4.66,2104,93.6,61.6,41.4,12.57,3.32,8.74,0.72,2,18.4,Fastened,FALSE,LOW,normal,1
13:32:00,13,2,5,day,452,BCK004,Backhoe,OP1021,1612,33.5,Sunny,3.8,1154,88.1,61.5,48,11.09,2.98,7.2,0.48,4,12.2,Fastened,FALSE,LOW,normal,1
13:34:00,13,2,5,day,454,BCK004,Backhoe,OP1021,1612,33.5,Sunny,6.62,1339,88.6,61.4,46.1,12.52,3.2,8.22,0.24,1,9.6,Fastened,FALSE,LOW,normal,1
13:36:00,13,2,5,day,456,BCK004,Backhoe,OP1021,1612,33.5,Sunny,2.1,1948,90.2,61.3,48.7,8,3.34,5.73,0.71,4,19,Fastened,FALSE,LOW,normal,1
13:38:00,13,2,5,day,458,BCK004,Backhoe,OP1021,1612,33.5,Sunny,5.58,1687,83.4,61.2,40.6,11.62,3.29,8.24,1.05,3,13.6,Fastened,FALSE,LOW,normal,1
13:40:00,13,2,5,day,460,BCK004,Backhoe,OP1021,1612,33.5,Sunny,4.76,1450,82.6,61.1,42.2,14.49,2.53,9.44,0.23,4,15.6,Fastened,FALSE,LOW,normal,1
13:42:00,13,2,5,day,462,BCK004,Backhoe,OP1021,1612,33.5,Sunny,8.24,1589,90.1,61,55.5,10.86,2.85,6.41,0.97,4,29.2,Fastened,FALSE,LOW,normal,1
13:44:00,13,2,5,day,464,BCK004,Backhoe,OP1021,1612.1,33.5,Sunny,8.58,1183,81.1,60.9,57.7,9.08,3.44,5.83,0.56,2,20.9,Fastened,FALSE,LOW,normal,1
13:46:00,13,2,5,day,466,BCK004,Backhoe,OP1021,1612.1,33.5,Sunny,5.49,2142,89.4,60.8,43.3,11.6,4.27,8.43,0.24,3,21.9,Fastened,FALSE,LOW,normal,1
13:48:00,13,2,5,day,468,BCK004,Backhoe,OP1021,1612.1,33.5,Sunny,4.42,1696,90,60.7,48.1,9.15,3.68,6.52,0.39,2,14.7,Unfastened,TRUE,LOW,normal,1
13:50:00,13,2,5,day,470,BCK004,Backhoe,OP1021,1612.1,33.5,Sunny,6.68,1508,89.6,60.6,49.6,12.93,3.31,8.16,0.69,0,21.4,Fastened,FALSE,LOW,normal,1
13:52:00,13,2,5,day,472,BCK004,Backhoe,OP1021,1612.1,33.5,Sunny,5.13,1422,88.9,60.5,37.4,12.06,2.06,8.32,0.89,4,14.3,Fastened,FALSE,LOW,normal,1
13:54:00,13,2,5,day,474,BCK004,Backhoe,OP1021,1612.1,33.5,Sunny,4.76,1333,88,60.4,48.4,13.13,3.06,8.26,0.85,2,25.7,Fastened,FALSE,LOW,normal,1
13:56:00,13,2,5,day,476,BCK004,Backhoe,OP1021,1612.1,33.5,Sunny,7.64,1499,83.6,60.3,46,10.88,3.1,7.3,0.52,0,7.1,Fastened,FALSE,MEDIUM,normal,1
13:58:00,13,2,5,day,478,BCK004,Backhoe,OP1021,1612.1,33.5,Sunny,6.2,1135,82.3,60.2,40.9,13.56,3.23,9.34,0.32,2,36.4,Fastened,FALSE,LOW,normal,1
14:00:00,14,2,5,day,480,BCK004,Backhoe,OP1021,1612.1,33.5,Sunny,5.69,1685,92.7,60,49.4,15.52,3.47,9.57,0.93,0,14.6,Fastened,FALSE,LOW,normal,1
14:02:00,14,2,5,day,482,BCK004,Backhoe,OP1021,1612.1,33.5,Sunny,4.66,1079,89.5,59.9,46,15.38,2.83,9.61,0.93,0,28.4,Fastened,FALSE,LOW,normal,1
14:04:00,14,2,5,day,484,BCK004,Backhoe,OP1021,1612.2,33.5,Sunny,2.72,1090,89.2,59.8,43.4,9.69,2.65,6.63,0.73,3,18.5,Fastened,FALSE,LOW,normal,1
14:06:00,14,2,5,day,486,BCK004,Backhoe,OP1021,1612.2,33.5,Sunny,4.28,1366,89,59.7,38.2,10.93,2.67,7.77,1.01,3,22.9,Fastened,FALSE,LOW,normal,1
14:08:00,14,2,5,day,488,BCK004,Backhoe,OP1021,1612.2,33.5,Sunny,6.03,1695,85.1,59.6,44.5,14.64,2.79,9.37,1.37,4,21,Fastened,FALSE,LOW,normal,1
14:10:00,14,2,5,day,490,BCK004,Backhoe,OP1021,1612.2,33.5,Sunny,7.55,991,89.8,59.5,36.7,13.1,2.52,9.22,0.88,0,23.3,Fastened,FALSE,LOW,normal,1
14:12:00,14,2,5,day,492,BCK004,Backhoe,OP1021,1612.2,33.5,Sunny,4.77,1215,81.6,59.4,48.4,13.38,4.42,9.04,0.96,0,16.9,Fastened,FALSE,LOW,normal,1
14:14:00,14,2,5,day,494,BCK004,Backhoe,OP1021,1612.2,33.5,Sunny,5.05,1292,82.5,59.3,39.4,11.23,3.52,8.19,0.67,0,19.4,Fastened,FALSE,LOW,normal,1
14:16:00,14,2,5,day,496,BCK004,Backhoe,OP1021,1612.2,33.5,Sunny,2.35,995,86,59.1,36.4,10.82,2.76,7.89,0.09,1,12.9,Fastened,FALSE,LOW,normal,1
14:18:00,14,2,5,day,498,BCK004,Backhoe,OP1021,1612.2,33.5,Sunny,3.4,1605,85.7,59,40.9,13.89,2.11,9.07,0.5,4,5.6,Fastened,FALSE,MEDIUM,normal,1
14:20:00,14,2,5,day,500,BCK004,Backhoe,OP1021,1612.2,33.5,Sunny,3.99,1633,84.6,58.9,44.9,11.98,2.71,7.82,0.49,0,22.4,Fastened,FALSE,LOW,normal,1
14:22:00,14,2,5,day,502,BCK004,Backhoe,OP1021,1612.2,33.5,Sunny,4.03,1083,89.9,58.8,39,13.12,2.88,9.13,0.7,3,13,Fastened,FALSE,LOW,normal,1
14:24:00,14,2,5,day,504,BCK004,Backhoe,OP1021,1612.3,33.5,Sunny,6.6,1416,85.7,58.7,53.5,13.52,3.39,8.1,0.09,4,17.1,Fastened,FALSE,LOW,normal,1
14:26:00,14,2,5,day,506,BCK004,Backhoe,OP1021,1612.3,33.5,Sunny,8.59,1440,84.4,58.6,51.8,12.2,3.77,7.83,0.56,1,16.9,Unfastened,TRUE,LOW,normal,1
14:28:00,14,2,5,day,508,BCK004,Backhoe,OP1021,1612.3,33.5,Sunny,4.29,1725,83,58.5,46.4,12.72,2.59,8.02,0.63,1,12.9,Unfastened,TRUE,LOW,normal,1
14:30:00,14,2,5,day,510,BCK004,Backhoe,OP1021,1612.3,33.5,Sunny,3.2,1487,84.2,58.4,45.2,8.64,2.75,5.98,1.23,2,13.4,Fastened,FALSE,LOW,normal,1
14:32:00,14,2,5,day,512,BCK004,Backhoe,OP1021,1612.3,33.5,Sunny,5.4,1744,79.1,58.3,37.9,12.65,2.6,8.84,1.23,0,18.9,Fastened,FALSE,LOW,normal,1
14:34:00,14,2,5,day,514,BCK004,Backhoe,OP1021,1612.3,33.5,Sunny,7.77,846,90.5,58.2,44.3,13.16,2.99,8.65,0.92,2,8.2,Fastened,FALSE,LOW,normal,1
14:36:00,14,2,5,day,516,BCK004,Backhoe,OP1021,1612.3,33.5,Sunny,8.24,1735,86.2,58.1,52.5,11.23,2.48,6.64,0.41,4,24.1,Fastened,FALSE,LOW,normal,1
14:38:00,14,2,5,day,518,BCK004,Backhoe,OP1021,1612.3,33.5,Sunny,9.06,1440,89,58,45.4,12.19,3.07,8.05,0.59,1,13,Fastened,FALSE,LOW,normal,1
14:40:00,14,2,5,day,520,BCK004,Backhoe,OP1021,1612.3,33.5,Sunny,4.72,1572,86.6,57.9,48.2,9.56,2.76,6.28,0.57,4,8.1,Fastened,FALSE,LOW,normal,1
14:42:00,14,2,5,day,522,BCK004,Backhoe,OP1021,1612.3,33.5,Sunny,3.4,1530,88.7,57.8,28.5,10.37,2.71,8.19,0.59,2,27.5,Fastened,FALSE,LOW,normal,1
14:44:00,14,2,5,day,524,BCK004,Backhoe,OP1021,1612.4,33.5,Sunny,1.38,1331,83.8,57.7,51.5,11.13,2.64,6.76,0.16,1,33.2,Fastened,FALSE,LOW,normal,1
14:46:00,14,2,5,day,526,BCK004,Backhoe,OP1021,1612.4,33.5,Sunny,5.51,1453,87.7,57.6,41.1,11.47,3.41,8.16,0.81,2,30.6,Fastened,FALSE,LOW,normal,1
14:48:00,14,2,5,day,528,BCK004,Backhoe,OP1021,1612.4,33.5,Sunny,3.78,1044,91.3,57.5,41.2,10.68,3.16,7.58,0.22,3,19.5,Fastened,FALSE,LOW,normal,1
14:50:00,14,2,5,day,530,BCK004,Backhoe,OP1021,1612.4,33.5,Sunny,3.15,1229,89.5,57.4,47.3,11.26,4.09,7.87,0.27,4,15.3,Fastened,FALSE,LOW,normal,1
14:52:00,14,2,5,day,532,BCK004,Backhoe,OP1021,1612.4,33.5,Sunny,8.58,929,86.8,57.2,38.9,14.47,2.4,9.77,0.52,0,11.6,Fastened,FALSE,LOW,normal,1
14:54:00,14,2,5,day,534,BCK004,Backhoe,OP1021,1612.4,33.5,Sunny,7.02,1036,91.6,57.1,49.6,11.78,2.73,7.29,0.92,1,11.2,Fastened,FALSE,LOW,normal,1
14:56:00,14,2,5,day,536,BCK004,Backhoe,OP1021,1612.4,33.5,Sunny,4.52,1617,88.1,57,45.9,10.61,3.1,7.16,1.41,4,25.2,Fastened,FALSE,LOW,normal,1
14:58:00,14,2,5,day,538,BCK004,Backhoe,OP1021,1612.4,33.5,Sunny,3.1,1607,88.2,57,40.7,10.69,2.68,7.43,0.56,1,36.4,Fastened,FALSE,LOW,normal,1
15:00:00,15,2,5,day,540,BCK004,Backhoe,OP1021,1612.4,33.5,Sunny,1.69,1562,84.1,56.8,46.1,14.81,2.83,9.29,0.41,3,29.8,Fastened,FALSE,LOW,normal,1
15:02:00,15,2,5,day,542,BCK004,Backhoe,OP1021,1612.4,33.5,Sunny,6.03,1829,90.5,56.7,44.8,11.36,3.8,7.97,0.29,4,21.6,Fastened,FALSE,LOW,normal,1
15:04:00,15,2,5,day,544,BCK004,Backhoe,OP1021,1612.5,33.5,Sunny,1.92,1217,84.9,56.6,31.8,12.8,2.78,9.61,0.63,0,7.5,Fastened,FALSE,MEDIUM,normal,1
15:06:00,15,2,5,day,546,BCK004,Backhoe,OP1021,1612.5,33.5,Sunny,7.91,1481,90.5,56.5,41.3,10.25,2.21,6.93,0.96,1,28.5,Fastened,FALSE,LOW,normal,1
15:08:00,15,2,5,day,548,BCK004,Backhoe,OP1021,1612.5,33.5,Sunny,5.28,1511,86,56.4,34.1,13.13,3.41,9.82,0.59,2,31.8,Fastened,FALSE,LOW,normal,1
15:10:00,15,2,5,day,550,BCK004,Backhoe,OP1021,1612.5,33.5,Sunny,4.56,1329,93.9,56.2,40.3,13.39,3.37,9.35,1.02,2,5.2,Fastened,FALSE,MEDIUM,normal,1
15:12:00,15,2,5,day,552,BCK004,Backhoe,OP1021,1612.5,33.5,Sunny,4.96,1479,80.6,56.1,41.2,11.38,3.75,8.24,0.36,3,29.8,Fastened,FALSE,LOW,normal,1
15:14:00,15,2,5,day,554,BCK004,Backhoe,OP1021,1612.5,33.5,Sunny,7.42,2024,87.8,56,44.5,13.91,3.8,9.41,1.62,3,24.3,Fastened,FALSE,LOW,normal,1
15:16:00,15,2,5,day,556,BCK004,Backhoe,OP1021,1612.5,33.5,Sunny,3.9,1561,86.8,55.9,60,12.22,1.57,5.83,0.75,2,17.5,Fastened,FALSE,LOW,normal,1
15:18:00,15,2,5,day,558,BCK004,Backhoe,OP1021,1612.5,33.5,Sunny,4.24,1076,86.1,55.8,33.3,12.15,3.01,9.11,0.69,0,30.4,Fastened,FALSE,LOW,normal,1
15:20:00,15,2,5,day,560,BCK004,Backhoe,OP1021,1612.5,33.5,Sunny,2.27,923,85.9,55.7,49.9,11.89,2.89,7.4,0.72,4,23,Fastened,FALSE,LOW,normal,1
15:22:00,15,2,5,day,562,BCK004,Backhoe,OP1021,1612.5,33.5,Sunny,5.92,1481,91.9,55.6,41.9,11.93,2.52,7.99,0.64,1,10.8,Fastened,FALSE,LOW,normal,1
15:24:00,15,2,5,day,564,BCK004,Backhoe,OP1021,1612.6,33.5,Sunny,6.87,1316,84.7,55.5,42.5,13.66,3.06,9.15,0.75,1,25.2,Fastened,FALSE,LOW,normal,1
15:26:00,15,2,5,day,566,BCK004,Backhoe,OP1021,1612.6,33.5,Sunny,4.51,1428,80.6,55.4,44.1,12.19,3.41,8.32,1.05,2,7.3,Fastened,FALSE,MEDIUM,normal,1
15:28:00,15,2,5,day,568,BCK004,Backhoe,OP1021,1612.6,33.5,Sunny,4.44,1513,86.6,55.3,48.7,11.43,3.46,7.55,0.69,2,8.1,Fastened,FALSE,LOW,normal,1
15:30:00,15,2,5,day,570,BCK004,Backhoe,OP1021,1612.6,33.5,Sunny,2.77,942,87.2,55.2,48.1,9.7,3.04,6.5,0.55,3,26.8,Fastened,FALSE,LOW,normal,1
15:32:00,15,2,5,day,572,BCK004,Backhoe,OP1021,1612.6,33.5,Sunny,4.75,1568,89,55.1,50.4,8,3.11,5.54,0.33,4,25.4,Fastened,FALSE,LOW,normal,1
15:34:00,15,2,5,day,574,BCK004,Backhoe,OP1021,1612.6,33.5,Sunny,2.15,1815,88.4,55,47.4,13.75,1.56,7.97,1.06,3,15.2,Fastened,FALSE,LOW,normal,1
15:36:00,15,2,5,day,576,BCK004,Backhoe,OP1021,1612.6,33.5,Sunny,5.51,1246,89.5,54.9,45.7,12.02,2.6,7.72,0.63,1,15.5,Unfastened,TRUE,LOW,normal,1
15:38:00,15,2,5,day,578,BCK004,Backhoe,OP1021,1612.6,33.5,Sunny,4.39,1599,89.7,54.8,41.9,11.15,2.27,7.43,0.86,1,24.9,Fastened,FALSE,LOW,normal,1
15:40:00,15,2,5,day,580,BCK004,Backhoe,OP1021,1612.6,33.5,Sunny,5.78,1458,91.3,54.7,60,9.14,3.25,5.61,1.06,4,36,Fastened,FALSE,LOW,normal,1
15:42:00,15,2,5,day,582,BCK004,Backhoe,OP1021,1612.7,33.5,Sunny,6.14,1383,88.2,54.6,41,9.52,3.19,6.92,0.71,4,17,Fastened,FALSE,LOW,normal,1
15:44:00,15,2,5,day,584,BCK004,Backhoe,OP1021,1612.7,33.5,Sunny,7.87,1356,87.6,54.5,39.6,12.36,3.28,8.76,0.43,2,14.3,Fastened,FALSE,LOW,normal,1
15:46:00,15,2,5,day,586,BCK004,Backhoe,OP1021,1612.7,33.5,Sunny,6.58,1558,83.1,54.4,51.5,10.51,3.28,6.79,0.84,3,15.5,Fastened,FALSE,LOW,normal,1
15:48:00,15,2,5,day,588,BCK004,Backhoe,OP1021,1612.7,33.5,Sunny,6.07,1606,89.3,54.3,54.5,10.88,2.22,6.16,1.16,0,27.3,Fastened,FALSE,LOW,normal,1
15:50:00,15,2,5,day,590,BCK004,Backhoe,OP1021,1612.7,33.5,Sunny,7.34,1283,86.9,54.2,40,13.5,2.83,9.23,0,0,32.6,Fastened,FALSE,LOW,normal,1
15:52:00,15,2,5,day,592,BCK004,Backhoe,OP1021,1612.7,33.5,Sunny,6.94,1025,84.6,54.1,43.9,12.46,2.26,7.98,0.2,0,4.9,Unfastened,TRUE,MEDIUM,normal,1
15:54:00,15,2,5,day,594,BCK004,Backhoe,OP1021,1612.7,33.5,Sunny,2.84,1444,90.4,54,42.7,14.74,2.66,9.58,0.85,4,10.7,Fastened,FALSE,LOW,normal,1
15:56:00,15,2,5,day,596,BCK004,Backhoe,OP1021,1612.7,33.5,Sunny,3.83,1523,87.3,53.9,46.3,11.26,2.69,7.29,1.15,1,6.4,Fastened,FALSE,MEDIUM,normal,1
15:58:00,15,2,5,day,598,BCK004,Backhoe,OP1021,1612.7,33.5,Sunny,2.54,1272,78.5,53.8,41.7,13.76,3.15,9.34,0.49,1,16.4,Fastened,FALSE,LOW,normal,1
16:00:00,16,2,5,day,600,BCK004,Backhoe,OP1021,1612.7,33.5,Sunny,3.4,1529,92,53.7,52,10.75,2.99,6.71,0.41,2,10.3,Fastened,FALSE,LOW,normal,1
16:02:00,16,2,5,day,602,BCK004,Backhoe,OP1021,1612.8,33.5,Sunny,2.42,911,90.4,53.6,43.5,10.74,2.56,7.18,0.97,4,20.5,Fastened,FALSE,LOW,normal,1
16:04:00,16,2,5,day,604,BCK004,Backhoe,OP1021,1612.8,33.5,Sunny,4.87,1476,90.5,53.5,33.3,11.8,2.83,8.81,0.51,1,27,Unfastened,TRUE,LOW,normal,1
16:06:00,16,2,5,day,606,BCK004,Backhoe,OP1021,1612.8,33.5,Sunny,4.13,1550,88.9,53.3,41.1,13.53,2.22,8.88,0.84,0,21.6,Fastened,FALSE,LOW,normal,1
16:08:00,16,2,5,day,608,BCK004,Backhoe,OP1021,1612.8,33.5,Sunny,2.62,1665,84.4,53.2,39.2,12.62,2.38,8.61,0,4,33.2,Fastened,FALSE,LOW,normal,1
16:10:00,16,2,5,day,610,BCK004,Backhoe,OP1021,1612.8,33.5,Sunny,4.21,1402,80.9,53.1,41.8,9.98,3.64,7.33,0.94,2,28.7,Fastened,FALSE,LOW,normal,1
16:12:00,16,2,5,day,612,BCK004,Backhoe,OP1021,1612.8,33.5,Sunny,5.27,1278,83.4,53,39.9,11.41,2.94,8.03,0.79,0,32,Unfastened,TRUE,LOW,normal,1
16:14:00,16,2,5,day,614,BCK004,Backhoe,OP1021,1612.8,33.5,Sunny,6.26,1695,87.6,52.9,45.9,11.66,2.6,7.5,0.32,4,16.5,Fastened,FALSE,LOW,normal,1
16:16:00,16,2,5,day,616,BCK004,Backhoe,OP1021,1612.8,33.5,Sunny,7.21,1358,88.2,52.8,46.9,9.91,3.18,6.75,0.59,2,16.7,Fastened,FALSE,LOW,normal,1
16:18:00,16,2,5,day,618,BCK004,Backhoe,OP1021,1612.8,33.5,Sunny,8.16,1264,88.6,52.7,60,13.34,3.21,7.26,0.37,0,7.4,Fastened,FALSE,MEDIUM,normal,1
16:20:00,16,2,5,day,620,BCK004,Backhoe,OP1021,1612.8,33.5,Sunny,2.74,1568,90.2,52.6,41.1,11.94,2.86,8.21,0.83,3,14.4,Fastened,FALSE,LOW,normal,1
16:22:00,16,2,5,day,622,BCK004,Backhoe,OP1021,1612.9,33.5,Sunny,6.8,1334,85.4,52.5,39.6,10.81,2.93,7.69,1.08,0,32.5,Fastened,FALSE,LOW,normal,1
16:24:00,16,2,5,day,624,BCK004,Backhoe,OP1021,1612.9,33.5,Sunny,2.57,1482,94.9,52.4,44.6,11.85,1.94,7.43,0.66,1,25.4,Fastened,FALSE,LOW,normal,1
16:26:00,16,2,5,day,626,BCK004,Backhoe,OP1021,1612.9,33.5,Sunny,8.43,1742,80.2,52.3,48.4,14.09,2.38,8.42,0.7,0,14.7,Fastened,FALSE,LOW,normal,1
16:28:00,16,2,5,day,628,BCK004,Backhoe,OP1021,1612.9,33.5,Sunny,6.84,994,82.8,52.2,37.4,14.19,2.6,9.86,1.13,0,11.3,Fastened,FALSE,LOW,normal,1
16:30:00,16,2,5,day,630,BCK004,Backhoe,OP1021,1612.9,33.5,Sunny,6.1,1268,93,52.1,56.1,11.74,3.33,7.02,0.49,0,37.2,Fastened,FALSE,LOW,normal,1
16:32:00,16,2,5,day,632,BCK004,Backhoe,OP1021,1612.9,33.5,Sunny,3.3,1552,89.3,52,44,11.73,3.02,7.9,1.3,1,21.9,Fastened,FALSE,LOW,normal,1
16:34:00,16,2,5,day,634,BCK004,Backhoe,OP1021,1612.9,33.5,Sunny,4.84,1229,85.4,51.9,27.9,12.16,3.1,9.63,1.19,0,27.4,Fastened,FALSE,LOW,normal,1
16:36:00,16,2,5,day,636,BCK004,Backhoe,OP1021,1612.9,33.5,Sunny,4.98,1178,85.7,51.8,58,11.36,3.77,6.96,0.24,1,8.5,Fastened,FALSE,LOW,normal,1
16:38:00,16,2,5,day,638,BCK004,Backhoe,OP1021,1612.9,33.5,Sunny,4.13,1964,86.8,51.7,43.6,12.28,3.51,8.46,0.88,0,28.5,Unfastened,TRUE,LOW,normal,1
